player_id,player_name,bucket,matches_played,first_match_date,last_match_date,teams_played_for,competitions_played,innings_batted,runs,balls_faced,dismissals,not_outs,batting_average,batting_strike_rate,highest_score,hundreds,fifties,thirties,ducks,fours,sixes,boundary_percentage,batting_dot_ball_pct,pp_runs,pp_balls_faced,pp_strike_rate,middle_runs,middle_balls_faced,middle_strike_rate,death_runs,death_balls_faced,death_strike_rate,recent_runs,recent_average,recent_strike_rate,innings_bowled,balls_bowled,runs_conceded,wickets,bowling_average,economy,bowling_strike_rate,best_bowling,four_wicket_hauls,five_wicket_hauls,dot_ball_pct,fours_conceded,sixes_conceded,boundary_pct_conceded,pp_wickets,pp_balls_bowled,pp_economy,middle_wickets,middle_balls_bowled,middle_economy,death_wickets,death_balls_bowled,death_economy,recent_wickets,recent_economy,recent_bowling_average,catches,run_outs,stumpings
18e6906e,A Choudhary,IPL,5,2017-04-05,2017-05-07,Royal Challengers Bangalore,IPL,3,25,20,1,2,25.0,125.0,15,0,0,0,0,1,1,40.0,20.0,0,0,,0,0,,25,20,125.0,25,25.0,125.0,5,101,144,5,28.8,8.55,20.2,2/17,0,0,41.58,13,6,18.81,3,36,7.67,1,41,8.49,1,24,10.0,5,8.55,28.8,0,0,0
96fd40ae,A Nehra,IPL,88,2008-04-20,2017-05-06,"Chennai Super Kings, Delhi Daredevils, Mumbai Indians, Pune Warriors, Sunrisers Hyderabad",IPL,17,41,62,7,10,5.86,66.13,22,0,0,0,5,3,1,43.9,58.06,0,0,,0,0,,41,62,66.13,12,2.4,50.0,88,1908,2495,106,23.54,7.85,18.0,4/10,1,0,41.82,279,76,18.61,40,1093,7.5,12,288,7.31,54,527,8.86,15,8.79,19.93,19,2,0
2e81a32d,B Kumar,IPL,206,2011-05-08,2026-05-31,"Pune Warriors, Royal Challengers Bengaluru, Sunrisers Hyderabad",IPL,75,354,377,38,37,9.32,93.9,27,0,0,0,6,34,4,45.2,45.89,0,0,,38,51,74.51,316,326,96.93,48,16.0,94.12,206,4600,5913,226,26.16,7.71,20.35,5/19,3,2,41.24,607,186,17.24,97,2543,6.55,11,452,8.58,118,1605,9.3,18,7.72,16.72,39,9,0
2e11c706,BCJ Cutting,IPL,21,2014-05-15,2019-04-20,"Mumbai Indians, Rajasthan Royals, Sunrisers Hyderabad",IPL,17,238,141,11,6,21.64,168.79,39,0,0,2,1,15,19,73.11,37.59,0,0,,22,20,110.0,216,121,178.51,129,18.43,151.76,17,281,429,10,42.9,9.16,28.1,2/20,0,0,27.4,44,15,21.0,0,42,9.71,8,163,7.91,2,76,11.53,4,10.16,63.5,10,2,0
c18496e1,Bipul Sharma,IPL,33,2010-03-16,2017-05-17,"Kings XI Punjab, Sunrisers Hyderabad",IPL,17,187,123,8,9,23.38,152.03,35,0,0,1,0,11,9,52.41,26.83,0,0,,15,14,107.14,172,109,157.8,102,17.0,152.24,28,426,572,17,33.65,8.06,25.06,2/13,0,0,30.75,28,31,13.85,5,74,6.16,11,318,7.77,1,34,14.82,5,7.84,36.6,7,3,0
db584dad,CH Gayle,IPL,141,2009-04-19,2021-09-28,"Kings XI Punjab, Kolkata Knight Riders, Punjab Kings, Royal Challengers Bangalore",IPL,145,4997,3346,126,19,39.66,149.34,175,6,31,24,8,408,359,75.77,43.81,2405,1774,135.57,2011,1288,156.13,581,284,204.58,193,21.44,125.32,38,554,729,18,40.5,7.9,30.78,3/21,0,0,32.49,49,27,13.72,3,120,8.1,6,282,7.28,9,152,8.88,5,7.31,24.6,30,0,0
ffe699c0,CJ Jordan,IPL,36,2016-05-07,2023-05-26,"Chennai Super Kings, Kings XI Punjab, Mumbai Indians, Punjab Kings, Royal Challengers Bangalore, Sunrisers Hyderabad",IPL,12,81,77,10,2,8.1,105.19,30,0,0,1,1,3,3,37.04,44.16,0,0,,1,6,16.67,80,71,112.68,78,9.75,108.33,35,674,1081,30,36.03,9.62,22.47,4/11,1,0,30.56,96,46,21.07,3,150,9.4,12,246,7.73,15,278,11.42,5,10.68,74.4,14,1,0
dcce6f09,DA Warner,IPL,185,2009-04-23,2024-05-12,"Delhi Capitals, Delhi Daredevils, Sunrisers Hyderabad",IPL,187,6567,4702,164,23,40.04,139.66,126,4,62,30,13,663,236,61.95,36.71,3318,2403,138.08,2621,1944,134.83,628,355,176.9,300,30.0,140.19,1,1,2,0,,12.0,,0/2,0,0,0.0,0,0,0.0,0,0,,0,1,12.0,0,0,,0,12.0,,86,8,0
73ad96ed,DJ Hooda,IPL,127,2015-04-10,2025-05-25,"Chennai Super Kings, Kings XI Punjab, Lucknow Super Giants, Punjab Kings, Rajasthan Royals, Sunrisers Hyderabad",IPL,102,1497,1173,85,17,17.61,127.62,64,0,8,6,5,98,62,51.04,33.08,164,164,100.0,867,689,125.83,466,320,145.62,115,11.5,110.58,34,379,546,10,54.6,8.64,37.9,2/16,0,0,26.91,40,23,16.62,2,72,8.0,7,264,8.07,1,43,13.26,2,10.56,84.5,55,4,0
99d63244,KM Jadhav,IPL,95,2010-03-25,2023-05-09,"Chennai Super Kings, Delhi Daredevils, Kochi Tuskers Kerala, Royal Challengers Bangalore, Sunrisers Hyderabad",IPL,81,1208,981,54,27,22.37,123.14,69,0,4,7,6,102,40,53.64,35.07,67,81,82.72,576,493,116.84,565,407,138.82,107,17.83,95.54,0,0,0,0,,,,,0,0,,0,0,,0,0,,0,0,,0,0,,0,,,31,7,7
32198ae0,MC Henriques,IPL,64,2009-04-19,2021-10-07,"Delhi Daredevils, Kolkata Knight Riders, Punjab Kings, Royal Challengers Bangalore, Sunrisers Hyderabad",IPL,54,1000,788,36,18,27.78,126.9,74,0,5,7,2,87,28,51.6,34.39,161,140,115.0,504,445,113.26,335,203,165.02,170,34.0,133.86,60,950,1289,42,30.69,8.14,22.62,3/12,0,0,32.21,123,38,16.95,9,203,8.13,28,649,7.92,5,98,9.61,4,7.7,38.5,28,1,0
c3a96caf,Mandeep Singh,IPL,111,2010-03-22,2023-04-20,"Delhi Capitals, Kings XI Punjab, Kolkata Knight Riders, Punjab Kings, Royal Challengers Bangalore",IPL,98,1706,1388,82,16,20.8,122.91,77,0,6,12,15,176,38,54.63,37.82,633,554,114.26,663,560,118.39,410,274,149.64,127,14.11,101.6,2,12,26,0,,13.0,,0/8,0,0,8.33,1,2,25.0,0,0,,0,12,13.0,0,0,,0,13.0,,38,2,0
890946a0,NV Ojha,IPL,113,2009-05-02,2018-05-05,"Delhi Daredevils, Rajasthan Royals, Sunrisers Hyderabad",IPL,94,1554,1313,75,19,20.72,118.35,94,0,6,5,8,121,79,61.65,45.77,494,482,102.49,649,537,120.86,411,294,139.8,119,13.22,103.48,0,0,0,0,,,,,0,0,,0,0,,0,0,,0,0,,0,0,,0,,,65,25,10
5f547c8b,Rashid Khan,IPL,153,2017-04-05,2026-05-31,"Gujarat Titans, Sunrisers Hyderabad",IPL,72,635,406,46,26,13.8,156.4,79,0,1,5,16,45,43,68.98,39.66,0,0,,101,84,120.24,534,322,165.84,68,11.33,117.24,156,3543,4297,179,24.01,7.28,19.79,4/24,3,0,35.48,272,197,13.24,15,361,7.6,121,2552,6.87,43,630,8.75,13,9.78,21.69,53,6,0
957532de,S Aravind,IPL,38,2011-04-14,2017-05-07,Royal Challengers Bangalore,IPL,11,59,57,4,7,14.75,103.51,14,0,0,0,2,7,0,47.46,42.11,0,0,,10,12,83.33,49,45,108.89,57,14.25,105.56,38,760,1039,45,23.09,8.2,16.89,4/14,2,0,38.16,105,38,18.82,20,426,7.55,10,186,8.55,15,148,9.65,5,9.02,55.0,8,1,0
0a476045,S Dhawan,IPL,223,2008-04-19,2024-04-09,"Deccan Chargers, Delhi Capitals, Delhi Daredevils, Mumbai Indians, Punjab Kings, Sunrisers Hyderabad",IPL,222,6769,5326,193,29,35.07,127.09,106,2,51,42,12,768,153,58.95,37.16,3415,2782,122.75,2686,2123,126.52,668,421,158.67,263,26.3,127.67,6,48,66,4,16.5,8.25,12.0,1/7,0,0,35.42,7,3,20.83,1,18,8.67,3,30,8.0,0,0,,4,8.25,16.5,99,2,0
4329fbb5,SR Watson,IPL,145,2008-04-19,2020-10-29,"Chennai Super Kings, Rajasthan Royals, Royal Challengers Bangalore",IPL,143,3880,2813,126,17,30.79,137.93,117,4,21,27,8,377,190,68.25,41.56,1421,1261,112.69,2006,1307,153.48,453,245,184.9,295,32.78,121.9,105,2029,2682,92,29.15,7.93,22.05,4/29,1,0,39.58,293,74,18.09,34,834,7.09,16,618,7.24,42,577,9.88,4,9.25,55.5,40,9,0
bd17b45f,STR Binny,IPL,95,2010-04-19,2019-05-04,"Mumbai Indians, Rajasthan Royals, Royal Challengers Bangalore",IPL,66,880,683,46,20,19.13,128.84,48,0,0,10,7,66,35,53.86,36.75,18,25,72.0,465,395,117.72,397,263,150.95,114,14.25,144.3,63,594,758,22,34.45,7.66,27.0,2/14,0,0,33.5,76,14,15.15,5,156,7.42,14,378,7.43,3,60,9.7,5,8.47,25.4,19,5,0
dc9dd038,Sachin Baby,IPL,20,2013-04-27,2025-05-05,"Rajasthan Royals, Royal Challengers Bangalore, Sunrisers Hyderabad",IPL,11,144,118,9,2,16.0,122.03,33,0,0,1,1,11,5,51.39,38.14,0,3,0.0,49,55,89.09,95,60,158.33,141,17.62,127.03,2,10,8,2,4.0,4.8,5.0,2/4,0,0,50.0,1,0,10.0,0,0,,0,6,4.0,2,4,6.0,2,4.8,4.0,5,3,0
12b610c2,TM Head,IPL,53,2016-04-20,2026-05-27,"Royal Challengers Bangalore, Sunrisers Hyderabad",IPL,52,1556,915,48,4,32.42,170.05,102,1,10,11,6,172,78,74.29,34.86,1010,568,177.82,446,291,153.26,100,56,178.57,290,29.0,179.01,7,64,120,3,40.0,11.25,21.33,2/30,0,0,15.62,7,8,23.44,0,0,,0,40,12.9,3,24,8.5,3,11.25,40.0,6,0,0
245c97cb,TS Mills,IPL,10,2017-04-05,2022-04-16,"Mumbai Indians, Royal Challengers Bangalore",IPL,5,8,14,4,1,2.0,57.14,6,0,0,0,2,0,1,75.0,78.57,0,0,,2,5,40.0,6,9,66.67,8,2.0,57.14,10,209,343,11,31.18,9.85,19.0,3/35,0,0,33.01,37,14,24.4,6,72,8.58,1,72,10.92,4,65,10.06,11,9.85,31.18,1,0,0
57ee1fde,YS Chahal,IPL,189,2013-04-24,2026-05-23,"Mumbai Indians, Punjab Kings, Rajasthan Royals, Royal Challengers Bangalore",IPL,17,37,86,7,10,5.29,43.02,8,0,0,0,1,0,0,0.0,62.79,0,0,,4,23,17.39,33,63,52.38,26,6.5,41.94,184,4037,5417,233,23.25,8.05,17.33,5/40,8,1,32.67,317,271,14.57,18,404,7.87,149,2960,7.75,66,673,9.49,9,9.88,37.33,35,5,0
1c914163,Yuvraj Singh,IPL,132,2008-04-19,2019-04-03,"Delhi Daredevils, Kings XI Punjab, Mumbai Indians, Pune Warriors, Royal Challengers Bangalore, Sunrisers Hyderabad",IPL,127,2754,2122,111,16,24.81,129.78,83,0,13,23,4,218,149,64.12,42.04,193,186,103.76,1655,1435,115.33,906,501,180.84,163,16.3,110.14,73,869,1077,36,29.92,7.44,24.14,4/29,2,0,29.69,59,41,11.51,0,0,,30,756,7.34,6,113,8.07,1,9.11,120.0,31,10,0
14f96089,A Zampa,IPL,22,2016-05-07,2025-03-27,"Rajasthan Royals, Rising Pune Supergiant, Rising Pune Supergiants, Royal Challengers Bangalore, Sunrisers Hyderabad",IPL,5,15,24,5,0,3.0,62.5,7,0,0,0,1,1,0,26.67,50.0,0,0,,9,14,64.29,6,10,60.0,15,3.0,62.5,22,467,652,31,21.03,8.38,15.06,6/19,0,1,29.76,36,35,15.2,2,42,6.71,16,336,7.84,13,89,11.19,11,8.68,29.18,1,0,0
66b30f71,AB Dinda,IPL,78,2008-04-18,2017-04-11,"Delhi Daredevils, Kolkata Knight Riders, Pune Warriors, Rising Pune Supergiant, Rising Pune Supergiants, Royal Challengers Bangalore",IPL,16,26,48,10,6,2.6,54.17,7,0,0,0,6,2,0,30.77,60.42,0,0,,6,8,75.0,20,40,50.0,22,4.4,62.86,75,1516,2073,69,30.04,8.2,21.97,4/18,1,0,41.36,232,58,19.13,33,810,7.34,10,294,6.55,26,412,11.08,7,8.83,41.0,7,5,0
29e95537,AM Rahane,IPL,214,2008-04-25,2026-05-24,"Chennai Super Kings, Delhi Capitals, Kolkata Knight Riders, Mumbai Indians, Rajasthan Royals, Rising Pune Supergiant, Rising Pune Supergiants",IPL,197,5367,4273,178,19,30.15,125.6,105,2,35,38,15,540,141,56.01,36.41,2759,2240,123.17,2099,1710,122.75,509,323,157.59,211,21.1,125.6,1,6,5,1,5.0,5.0,6.0,1/5,0,0,33.33,0,0,0.0,0,0,,1,6,5.0,0,0,,1,5.0,5.0,83,9,0
70d205c9,AT Rayudu,IPL,204,2010-03-13,2023-05-29,"Chennai Super Kings, Mumbai Indians",IPL,187,4348,3409,155,32,28.05,127.54,100,1,22,37,15,359,173,56.9,35.0,777,732,106.15,2392,1979,120.87,1179,698,168.91,119,13.22,136.78,0,0,0,0,,,,,0,0,,0,0,,0,0,,0,0,,0,0,,0,,,64,14,2
e087956b,BA Stokes,IPL,45,2017-04-06,2023-04-03,"Chennai Super Kings, Rajasthan Royals, Rising Pune Supergiant",IPL,43,935,698,38,5,24.61,133.95,107,2,2,7,3,81,32,55.19,33.38,240,181,132.6,488,389,125.45,207,128,161.72,295,32.78,139.81,38,689,992,28,35.43,8.64,24.61,3/15,0,0,33.09,99,33,19.16,8,186,9.19,6,299,7.61,14,204,9.65,4,10.85,56.5,23,2,0
23eeb873,DL Chahar,IPL,103,2016-05-17,2026-05-24,"Chennai Super Kings, Mumbai Indians, Rising Pune Supergiant, Rising Pune Supergiants",IPL,20,142,103,10,10,14.2,137.86,39,0,0,1,4,8,9,60.56,39.81,0,0,,61,39,156.41,81,64,126.56,64,21.33,136.17,103,2068,2862,96,29.81,8.3,21.54,4/13,2,0,42.12,325,92,20.16,72,1605,8.06,8,258,8.44,16,205,10.01,9,10.0,35.0,16,1,0
dbe50b21,HH Pandya,IPL,163,2015-04-19,2026-05-24,"Gujarat Titans, Mumbai Indians",IPL,153,2964,2025,107,46,27.7,146.37,91,0,10,25,6,228,157,62.55,33.23,183,182,100.55,1271,948,134.07,1510,895,168.72,206,22.89,138.26,116,1764,2751,82,33.55,9.36,21.51,5/36,0,1,33.11,247,127,21.2,13,432,9.64,37,1012,8.4,32,320,12.0,5,11.27,55.6,74,7,0
acee4cc4,Imran Tahir,IPL,59,2014-05-10,2021-04-25,"Chennai Super Kings, Delhi Daredevils, Rising Pune Supergiant",IPL,8,33,37,4,4,8.25,89.19,13,0,0,0,0,5,0,60.61,56.76,0,0,,4,6,66.67,29,31,93.55,33,8.25,89.19,59,1316,1703,82,20.77,7.76,16.05,4/12,3,0,33.21,97,83,13.68,3,54,9.44,54,941,7.21,25,321,9.1,13,6.99,20.08,13,0,0
99b75528,JC Buttler,IPL,138,2016-04-09,2026-05-31,"Gujarat Titans, Mumbai Indians, Rajasthan Royals",IPL,137,4647,3105,118,19,39.38,149.66,124,7,28,23,8,459,211,66.75,36.23,1855,1308,141.82,1988,1380,144.06,804,417,192.81,295,42.14,149.75,0,0,0,0,,,,,0,0,,0,0,,0,0,,0,0,,0,0,,0,,,88,8,4
462411b3,JJ Bumrah,IPL,158,2013-04-04,2026-05-20,Mumbai Indians,IPL,30,75,86,8,22,9.38,87.21,16,0,0,0,5,6,1,40.0,45.35,0,0,,10,7,142.86,65,79,82.28,19,9.5,73.08,162,3653,4469,190,23.52,7.34,19.23,5/10,3,2,39.91,405,136,14.81,43,1288,6.95,45,942,6.58,102,1423,8.19,4,8.47,80.5,19,4,0
a757b0d8,KA Pollard,IPL,189,2010-03-17,2022-05-09,Mumbai Indians,IPL,172,3437,2329,121,51,28.4,147.57,87,0,16,20,5,221,224,64.82,36.45,53,49,108.16,1352,1086,124.49,2032,1194,170.18,141,15.67,110.16,107,1488,2180,69,31.59,8.79,21.57,4/44,1,0,27.22,169,78,16.6,1,36,9.83,42,1115,8.15,26,337,10.81,6,8.3,27.67,103,13,0
5b8c830e,KH Pandya,IPL,158,2016-04-16,2026-05-31,"Lucknow Super Giants, Mumbai Indians, Royal Challengers Bengaluru",IPL,123,1982,1481,87,36,22.78,133.83,86,0,3,21,7,173,76,57.92,36.46,86,80,107.5,1096,897,122.19,800,504,158.73,230,32.86,143.75,147,2701,3410,107,31.87,7.57,25.24,4/45,1,0,31.28,227,127,13.11,17,558,7.88,72,1926,7.36,18,217,8.65,7,8.03,38.43,54,2,0
00ea847a,MA Agarwal,IPL,131,2011-04-09,2025-06-03,"Delhi Daredevils, Kings XI Punjab, Punjab Kings, Rising Pune Supergiant, Royal Challengers Bangalore, Royal Challengers Bengaluru, Sunrisers Hyderabad",IPL,126,2764,2066,120,6,23.03,133.79,106,1,13,19,7,275,100,61.51,37.37,1418,1158,122.45,1094,786,139.19,252,122,206.56,260,28.89,146.07,0,0,0,0,,,,,0,0,,0,0,,0,0,,0,0,,0,0,,0,,,58,2,0
51a3c5ef,MJ McClenaghan,IPL,56,2015-04-19,2019-05-12,Mumbai Indians,IPL,21,85,70,13,8,6.54,121.43,20,0,0,0,6,5,7,72.94,51.43,0,1,0.0,29,19,152.63,56,50,112.0,36,6.0,94.74,56,1274,1803,71,25.39,8.49,17.94,4/21,1,0,39.8,181,72,19.86,31,654,7.8,8,252,8.74,32,368,9.55,8,7.89,36.5,1,1,0
26e5cabf,MK Tiwary,IPL,99,2008-04-19,2018-05-20,"Delhi Daredevils, Kings XI Punjab, Kolkata Knight Riders, Rising Pune Supergiant",IPL,83,1695,1449,59,24,28.73,116.98,75,0,7,18,8,156,40,50.97,36.65,224,230,97.39,874,807,108.3,597,412,144.9,189,21.0,117.39,6,42,83,1,83.0,11.86,42.0,1/11,0,0,21.43,2,7,21.43,0,0,,0,30,11.0,1,12,14.0,1,11.86,83.0,46,3,0
4a8a2e3b,MS Dhoni,IPL,277,2008-04-19,2025-05-25,"Chennai Super Kings, Rising Pune Supergiant, Rising Pune Supergiants",IPL,241,5439,3957,142,99,38.3,137.45,84,0,24,44,6,375,264,56.7,33.79,59,72,81.94,1912,1903,100.47,3468,1982,174.97,150,21.43,129.31,0,0,0,0,,,,,0,0,,0,0,,0,0,,0,0,,0,0,,0,,,158,53,47
fb2d1dda,N Rana,IPL,127,2016-05-11,2026-05-08,"Delhi Capitals, Kolkata Knight Riders, Mumbai Indians, Rajasthan Royals",IPL,121,3078,2235,112,9,27.48,137.72,91,0,22,18,8,288,151,66.86,39.37,805,664,121.23,1827,1328,137.58,446,243,183.54,234,23.4,146.25,27,216,325,10,32.5,9.03,21.6,2/11,0,0,30.09,31,13,20.37,0,37,10.22,8,156,9.04,2,23,7.04,3,9.92,52.33,29,2,0
b5da6c24,PA Patel,IPL,139,2008-04-19,2019-05-04,"Chennai Super Kings, Deccan Chargers, Kochi Tuskers Kerala, Mumbai Indians, Royal Challengers Bangalore, Sunrisers Hyderabad",IPL,136,2848,2358,126,10,22.6,120.78,81,0,13,24,13,365,49,61.59,42.28,1904,1565,121.66,849,722,117.59,95,71,133.8,235,23.5,145.06,0,0,0,0,,,,,0,0,,0,0,,0,0,,0,0,,0,0,,0,,,69,26,16
33a364a6,R Bhatia,IPL,95,2008-04-19,2017-04-11,"Delhi Daredevils, Kolkata Knight Riders, Rajasthan Royals, Rising Pune Supergiant, Rising Pune Supergiants",IPL,47,342,284,30,17,11.4,120.42,26,0,0,0,3,24,13,50.88,36.62,0,0,,91,112,81.25,251,172,145.93,67,13.4,124.07,91,1636,2020,71,28.45,7.41,23.04,4/15,1,0,26.65,120,68,11.49,0,12,12.5,52,1393,7.16,19,231,8.65,7,7.65,33.86,25,8,0
740742ef,RG Sharma,IPL,281,2008-04-20,2026-05-24,"Deccan Chargers, Mumbai Indians",IPL,277,7331,5517,246,31,29.8,132.88,109,2,49,50,19,661,324,62.58,37.83,2566,2031,126.34,3238,2643,122.51,1527,843,181.14,291,29.1,155.61,32,339,453,15,30.2,8.02,22.6,4/6,1,0,25.96,29,14,12.68,2,50,8.04,6,240,7.88,7,49,8.69,1,10.86,114.0,102,11,0
30a45b23,SPD Smith,IPL,105,2012-04-06,2021-10-13,"Delhi Capitals, Pune Warriors, Rajasthan Royals, Rising Pune Supergiant, Rising Pune Supergiants",IPL,95,2495,1945,72,23,34.65,128.28,101,1,11,24,1,226,60,50.66,31.16,510,416,122.6,1279,1095,116.8,706,434,162.67,198,24.75,118.56,1,2,5,0,,15.0,,0/5,0,0,0.0,1,0,50.0,0,0,,0,0,,0,2,15.0,0,15.0,,53,9,0
13c35c9e,TG Southee,IPL,54,2011-04-08,2023-04-06,"Chennai Super Kings, Kolkata Knight Riders, Mumbai Indians, Rajasthan Royals, Royal Challengers Bangalore",IPL,19,120,107,13,6,9.23,112.15,36,0,0,1,3,8,4,46.67,42.99,0,0,,14,27,51.85,106,80,132.5,65,10.83,92.86,54,1206,1742,47,37.06,8.67,25.66,3/20,0,0,37.06,175,62,19.65,18,636,8.01,11,222,7.68,18,348,10.5,13,9.03,25.69,23,2,0
b8d490fd,AJ Finch,IPL,92,2010-04-17,2022-05-07,"Delhi Daredevils, Gujarat Lions, Kings XI Punjab, Kolkata Knight Riders, Mumbai Indians, Pune Warriors, Rajasthan Royals, Royal Challengers Bangalore, Sunrisers Hyderabad",IPL,91,2092,1635,84,7,24.9,127.95,88,0,15,12,8,214,78,63.29,42.08,911,797,114.3,899,659,136.42,282,179,157.54,183,18.3,120.39,5,43,67,1,67.0,9.35,43.0,1/11,0,0,30.23,4,4,18.6,0,6,3.0,1,30,11.6,0,7,5.14,1,9.35,67.0,29,3,0
b8a55852,BB McCullum,IPL,110,2008-04-18,2018-05-05,"Chennai Super Kings, Gujarat Lions, Kochi Tuskers Kerala, Kolkata Knight Riders, Royal Challengers Bangalore",IPL,111,2882,2190,104,7,27.71,131.6,158,2,13,29,6,293,130,67.73,43.2,1557,1224,127.21,1144,869,131.65,181,97,186.6,180,20.0,144.0,0,0,0,0,,,,,0,0,,0,0,,0,0,,0,0,,0,0,,0,,,37,14,6
45eda7c8,CA Lynn,IPL,42,2012-05-18,2021-04-09,"Deccan Chargers, Kolkata Knight Riders, Mumbai Indians",IPL,42,1329,945,39,3,34.08,140.63,93,0,10,10,3,132,66,69.53,40.95,779,540,144.26,514,371,138.54,36,34,105.88,374,37.4,146.67,0,0,0,0,,,,,0,0,,0,0,,0,0,,0,0,,0,0,,0,,,12,0,0
4c5d73db,CR Woakes,IPL,21,2017-04-07,2021-04-18,"Delhi Capitals, Kolkata Knight Riders, Royal Challengers Bangalore",IPL,12,78,77,6,6,13.0,101.3,18,0,0,0,0,7,2,51.28,42.86,0,0,,15,21,71.43,63,56,112.5,68,13.6,100.0,21,440,658,30,21.93,8.97,14.67,3/6,0,0,36.59,68,28,21.82,6,162,8.96,8,120,6.65,16,158,10.75,16,8.87,20.69,7,0,0
35205dfc,DR Smith,IPL,91,2008-05-21,2017-05-13,"Chennai Super Kings, Deccan Chargers, Gujarat Lions, Mumbai Indians",IPL,88,2385,1764,84,4,28.39,135.2,87,0,17,18,8,245,117,70.52,44.95,1213,976,124.28,1004,677,148.3,168,111,151.35,202,20.2,156.59,46,539,810,26,31.15,9.02,20.73,4/8,1,0,31.17,75,33,20.04,5,66,11.0,15,402,7.97,6,71,13.1,3,11.8,59.0,41,3,0
d2a989fc,DS Kulkarni,IPL,92,2008-04-20,2021-05-01,"Gujarat Lions, Mumbai Indians, Rajasthan Royals",IPL,20,104,108,9,11,11.56,96.3,28,0,0,0,0,7,2,38.46,41.67,0,0,,5,10,50.0,99,98,101.02,42,10.5,140.0,92,1787,2474,86,28.77,8.31,20.78,4/14,1,0,41.52,272,81,19.75,44,1018,7.49,20,425,8.67,22,344,10.27,5,9.57,67.0,22,2,0
bb345e0b,G Gambhir,IPL,154,2008-04-19,2018-04-23,"Delhi Daredevils, Kolkata Knight Riders",IPL,152,4217,3404,136,16,31.01,123.88,93,0,36,22,12,492,59,55.06,36.34,2277,1868,121.9,1670,1350,123.7,270,186,145.16,172,19.11,100.0,0,0,0,0,,,,,0,0,,0,0,,0,0,,0,0,,0,0,,0,,,28,8,0
d1c36f5c,JJ Roy,IPL,21,2017-04-07,2023-05-20,"Delhi Daredevils, Gujarat Lions, Kolkata Knight Riders, Sunrisers Hyderabad",IPL,21,614,443,19,2,32.32,138.6,91,0,4,6,0,75,21,69.38,40.63,380,290,131.03,193,130,148.46,41,23,178.26,363,36.3,146.96,0,0,0,0,,,,,0,0,,0,0,,0,0,,0,0,,0,0,,0,,,10,0,0
c03f1114,KD Karthik,IPL,257,2008-04-19,2024-05-22,"Delhi Daredevils, Gujarat Lions, Kings XI Punjab, Kolkata Knight Riders, Mumbai Indians, Royal Challengers Bangalore, Royal Challengers Bengaluru",IPL,235,4843,3580,184,51,26.32,135.28,97,0,22,42,18,466,161,58.43,34.13,397,405,98.02,2542,2077,122.39,1904,1098,173.41,240,30.0,184.62,0,0,0,0,,,,,0,0,,0,0,,0,0,,0,0,,0,0,,0,,,145,46,37
8d2c70ad,Kuldeep Yadav,IPL,111,2016-04-13,2026-05-24,"Delhi Capitals, Kolkata Knight Riders",IPL,42,210,253,18,24,11.67,83.0,35,0,0,1,5,18,3,42.86,49.8,0,0,,23,44,52.27,187,209,89.47,33,4.71,70.21,107,2286,3159,112,28.21,8.29,20.41,4/14,4,0,29.92,161,176,14.74,0,60,8.7,82,1856,8.19,30,370,8.74,8,10.61,43.75,22,3,0
93b4fc78,MK Pandey,IPL,182,2008-04-29,2026-05-24,"Delhi Capitals, Kolkata Knight Riders, Lucknow Super Giants, Mumbai Indians, Pune Warriors, Royal Challengers Bangalore, Sunrisers Hyderabad",IPL,165,4021,3297,137,28,29.35,121.96,114,1,22,32,14,348,118,52.23,35.7,1162,1012,114.82,2146,1814,118.3,713,471,151.38,233,25.89,126.63,0,0,0,0,,,,,0,0,,0,0,,0,0,,0,0,,0,0,,0,,,86,13,0
ae78bc32,MS Gony,IPL,44,2008-04-19,2017-04-07,"Chennai Super Kings, Deccan Chargers, Gujarat Lions, Kings XI Punjab",IPL,16,99,71,10,6,9.9,139.44,42,0,0,1,3,6,8,72.73,47.89,0,0,,11,17,64.71,88,54,162.96,58,7.25,126.09,44,888,1287,37,34.78,8.7,24.0,3/31,0,0,39.19,135,53,21.17,18,486,8.78,12,282,7.83,7,120,10.4,7,9.59,46.57,6,2,0
e938e1bc,P Kumar,IPL,119,2008-04-18,2017-05-13,"Gujarat Lions, Kings XI Punjab, Mumbai Indians, Royal Challengers Bangalore, Sunrisers Hyderabad",IPL,57,340,314,38,19,8.95,108.28,34,0,0,1,9,22,17,55.88,47.45,6,8,75.0,40,45,88.89,294,261,112.64,48,6.86,84.21,119,2524,3251,90,36.12,7.73,28.04,3/18,0,0,42.59,338,104,17.51,40,1572,6.69,14,360,7.75,36,592,10.46,8,8.61,31.38,14,7,0
98ae73b1,PP Chawla,IPL,192,2008-04-19,2024-05-17,"Chennai Super Kings, Kings XI Punjab, Kolkata Knight Riders, Mumbai Indians",IPL,88,624,563,56,32,11.14,110.83,24,0,0,0,16,56,20,55.13,43.69,15,13,115.38,156,177,88.14,453,373,121.45,40,6.67,108.11,191,3850,5108,192,26.6,7.96,20.05,4/17,2,0,34.42,374,222,15.48,21,437,7.84,132,2969,7.87,39,444,8.66,12,8.78,23.42,44,10,0
1c17e270,RV Uthappa,IPL,205,2008-04-20,2022-05-12,"Chennai Super Kings, Kolkata Knight Riders, Mumbai Indians, Pune Warriors, Rajasthan Royals, Royal Challengers Bangalore",IPL,198,4954,3801,180,18,27.52,130.33,88,0,27,45,8,481,182,60.88,38.73,2037,1638,124.36,2350,1837,127.93,567,326,173.93,202,20.2,134.67,0,0,0,0,,,,,0,0,,0,0,,0,0,,0,0,,0,0,,0,,,92,45,32
1da489ff,S Kaushik,IPL,10,2016-04-29,2017-04-18,Gujarat Lions,IPL,1,0,1,1,0,0.0,0.0,0,0,0,0,1,0,0,,100.0,0,0,,0,0,,0,1,0.0,0,0.0,0.0,10,204,297,6,49.5,8.74,34.0,3/20,0,0,33.33,25,14,19.12,0,18,12.33,6,162,7.52,0,24,14.25,6,8.74,49.5,0,0,0
271f83cd,SA Yadav,IPL,179,2012-04-06,2026-05-24,"Kolkata Knight Riders, Mumbai Indians",IPL,165,4581,3084,137,28,33.44,148.54,103,2,31,33,13,482,178,65.4,33.82,1017,722,140.86,2730,1894,144.14,834,468,178.21,197,19.7,144.85,1,6,8,0,,8.0,,0/8,0,0,33.33,1,0,16.67,0,6,8.0,0,0,,0,0,,0,8.0,,77,2,0
c8179c68,SB Jakati,IPL,59,2009-04-30,2017-04-14,"Chennai Super Kings, Gujarat Lions, Royal Challengers Bangalore",IPL,5,28,29,1,4,28.0,96.55,13,0,0,0,0,3,0,42.86,37.93,0,0,,0,0,,28,29,96.55,28,28.0,96.55,57,1085,1451,47,30.87,8.02,23.09,4/22,2,0,31.06,97,60,14.47,0,96,8.62,37,858,7.76,10,131,9.34,2,9.46,154.5,21,4,0
1dc12ab9,SK Raina,IPL,204,2008-04-19,2021-10-02,"Chennai Super Kings, Gujarat Lions",IPL,201,5536,4046,171,30,32.37,136.83,100,1,39,37,8,506,204,58.67,33.24,1560,1171,133.22,3077,2348,131.05,899,527,170.59,106,13.25,115.22,69,908,1118,25,44.72,7.39,36.32,2/0,0,0,30.84,71,44,12.67,2,66,7.45,17,713,7.14,6,129,8.7,1,8.29,174.0,109,13,0
9d430b40,SP Narine,IPL,201,2012-04-08,2026-05-24,Kolkata Knight Riders,IPL,124,1820,1101,104,20,17.5,165.3,109,1,7,11,18,191,120,81.54,45.5,1174,690,170.14,486,279,174.19,160,132,121.21,156,19.5,147.17,202,4660,5273,209,25.23,6.79,22.3,5/19,7,1,38.33,340,206,11.72,31,999,6.94,94,2556,6.53,84,1105,7.25,14,6.49,16.93,39,6,0
a818c1be,TA Boult,IPL,124,2015-04-11,2026-05-02,"Delhi Capitals, Delhi Daredevils, Kolkata Knight Riders, Mumbai Indians, Rajasthan Royals, Sunrisers Hyderabad",IPL,26,93,85,10,16,9.3,109.41,17,0,0,0,3,5,4,47.31,42.35,0,0,,8,9,88.89,85,76,111.84,40,8.0,111.11,125,2784,3950,145,27.24,8.51,19.2,4/18,2,0,40.77,441,139,20.83,72,1660,7.45,16,378,9.08,57,746,10.6,8,10.35,46.12,36,3,0
3c6ffae8,YK Pathan,IPL,174,2008-04-19,2019-05-04,"Kolkata Knight Riders, Rajasthan Royals, Sunrisers Hyderabad",IPL,154,3222,2245,110,44,29.29,143.52,100,1,13,24,9,263,161,62.63,34.88,361,245,147.35,1735,1299,133.56,1126,701,160.63,112,22.4,105.66,82,1147,1415,42,33.69,7.4,27.31,3/20,0,0,34.26,99,57,13.6,14,354,6.69,25,714,7.53,3,79,9.42,3,7.38,32.0,43,10,0
2e171977,AR Patel,IPL,179,2013-05-26,2026-05-24,"Delhi Capitals, Kings XI Punjab",IPL,134,2089,1562,97,37,21.54,133.74,66,0,4,18,9,146,100,56.68,32.91,79,72,109.72,998,834,119.66,1012,656,154.27,173,19.22,132.06,174,3585,4437,139,31.92,7.43,25.79,4/21,1,0,32.55,281,190,13.14,21,696,7.88,96,2507,7.13,22,382,8.54,9,8.5,32.11,84,5,0
d67d5f00,DA Miller,IPL,156,2012-04-20,2026-05-24,"Delhi Capitals, Gujarat Titans, Kings XI Punjab, Lucknow Super Giants, Rajasthan Royals",IPL,145,3288,2358,93,52,35.35,139.44,101,1,14,26,6,235,152,56.33,31.26,102,118,86.44,1677,1374,122.05,1509,866,174.25,211,35.17,154.01,0,0,0,0,,,,,0,0,,0,0,,0,0,,0,0,,0,0,,0,,,87,8,0
2a2e6343,DT Christian,IPL,51,2011-04-09,2021-10-11,"Deccan Chargers, Delhi Daredevils, Rising Pune Supergiant, Royal Challengers Bangalore",IPL,41,460,398,31,10,14.84,115.58,39,0,0,2,2,23,19,44.78,33.92,3,8,37.5,148,167,88.62,309,223,138.57,40,5.0,70.18,49,883,1192,38,31.37,8.1,23.24,2/10,0,0,33.52,103,39,16.08,8,180,8.47,18,492,7.01,12,211,10.32,4,9.37,48.0,28,4,0
b681e71e,GJ Maxwell,IPL,141,2012-04-05,2025-04-26,"Delhi Daredevils, Kings XI Punjab, Mumbai Indians, Punjab Kings, Royal Challengers Bangalore, Royal Challengers Bengaluru",IPL,135,2820,1818,118,17,23.9,155.12,95,0,18,20,19,238,161,68.01,35.97,433,309,140.13,1780,1169,152.27,607,340,178.53,68,6.8,109.68,85,1022,1413,41,34.46,8.3,24.93,2/15,0,0,32.09,79,80,15.56,11,258,8.74,27,702,8.06,3,62,9.1,8,8.12,25.38,52,7,0
e798611a,HM Amla,IPL,16,2016-05-07,2017-05-07,Kings XI Punjab,IPL,16,577,407,13,3,44.38,141.77,104,2,3,1,2,60,21,63.43,34.15,261,199,131.16,194,156,124.36,122,52,234.62,420,60.0,145.83,0,0,0,0,,,,,0,0,,0,0,,0,0,,0,0,,0,0,,0,,,0,0,0
c03e2850,M Vohra,IPL,56,2013-04-07,2023-05-03,"Kings XI Punjab, Lucknow Super Giants, Rajasthan Royals, Royal Challengers Bangalore",IPL,51,1083,829,49,2,22.1,130.64,95,0,3,12,3,104,43,62.23,43.31,691,540,127.96,330,261,126.44,62,28,221.43,126,12.6,116.67,0,0,0,0,,,,,0,0,,0,0,,0,0,,0,0,,0,0,,0,,,13,1,0
759ac88f,MM Sharma,IPL,120,2013-04-13,2025-05-24,"Chennai Super Kings, Delhi Capitals, Gujarat Titans, Kings XI Punjab",IPL,31,125,136,18,13,6.94,91.91,21,0,0,0,5,9,4,48.0,49.26,0,0,,36,47,76.6,89,89,100.0,13,3.25,38.24,119,2403,3513,134,26.22,8.77,17.93,5/10,3,1,33.83,342,131,19.68,36,858,8.13,35,738,7.89,63,807,10.27,5,10.32,64.0,29,6,0
d9273ee7,MP Stoinis,IPL,123,2016-04-11,2026-05-23,"Delhi Capitals, Kings XI Punjab, Lucknow Super Giants, Punjab Kings, Royal Challengers Bangalore",IPL,108,2242,1520,78,30,28.74,147.5,124,1,10,15,10,181,117,63.6,33.82,318,250,127.2,944,728,129.67,980,542,180.81,222,31.71,181.97,75,935,1547,46,33.63,9.93,20.33,4/15,1,0,26.63,122,80,21.6,9,159,9.43,22,601,9.08,15,175,13.27,3,12.79,59.67,26,4,0
2ed569a0,RD Chahar,IPL,81,2017-04-08,2026-04-03,"Chennai Super Kings, Mumbai Indians, Punjab Kings, Rising Pune Supergiant, Sunrisers Hyderabad",IPL,23,129,124,16,7,8.06,104.03,25,0,0,0,8,13,5,63.57,54.03,0,0,,4,16,25.0,125,108,115.74,86,12.29,104.88,79,1694,2196,75,29.28,7.78,22.59,4/27,1,0,34.24,143,101,14.4,3,72,7.75,58,1452,7.72,14,170,8.29,9,9.41,33.44,24,0,0
ce820073,Sandeep Sharma,IPL,142,2013-05-11,2026-05-19,"Kings XI Punjab, Punjab Kings, Rajasthan Royals, Sunrisers Hyderabad",IPL,26,60,75,6,20,10.0,80.0,9,0,0,0,4,4,0,26.67,40.0,0,0,,12,15,80.0,48,60,80.0,28,9.33,84.85,143,3163,4307,151,28.52,8.17,20.95,5/18,2,1,38.1,412,156,17.96,64,1744,7.12,24,630,8.08,63,789,10.56,9,10.93,43.33,25,5,0
983f2f61,Swapnil Singh,IPL,14,2016-05-04,2024-05-22,"Kings XI Punjab, Lucknow Super Giants, Royal Challengers Bengaluru",IPL,9,51,45,5,4,10.2,113.33,15,0,0,0,2,3,3,58.82,44.44,0,0,,25,26,96.15,26,19,136.84,51,10.2,113.33,14,162,241,7,34.43,8.93,23.14,2/28,0,0,24.07,14,12,16.05,5,42,8.86,2,120,8.95,0,0,,6,8.72,26.17,3,1,0
ce794613,T Natarajan,IPL,74,2017-04-08,2026-05-05,"Delhi Capitals, Kings XI Punjab, Sunrisers Hyderabad",IPL,3,4,7,0,3,,57.14,3,0,0,0,0,0,0,0.0,42.86,0,0,,0,0,,4,7,57.14,4,,57.14,73,1553,2378,73,32.58,9.19,21.27,4/19,1,0,29.94,213,97,19.96,15,390,8.38,11,532,8.62,47,631,10.16,5,11.18,71.2,11,4,0
fe11caa6,WP Saha,IPL,170,2008-04-18,2024-05-04,"Chennai Super Kings, Gujarat Titans, Kings XI Punjab, Kolkata Knight Riders, Sunrisers Hyderabad",IPL,143,2934,2300,121,22,24.25,127.57,115,1,13,19,7,296,87,58.15,37.7,1389,1047,132.66,988,900,109.78,557,353,157.79,190,19.0,123.38,0,0,0,0,,,,,0,0,,0,0,,0,0,,0,0,,0,0,,0,,,92,20,26
6b19d823,A Mishra,IPL,162,2008-05-11,2024-04-27,"Deccan Chargers, Delhi Capitals, Delhi Daredevils, Lucknow Super Giants, Sunrisers Hyderabad",IPL,57,381,419,32,25,11.91,90.93,31,0,0,2,10,31,5,40.42,42.48,1,5,20.0,120,164,73.17,260,250,104.0,78,19.5,91.76,162,3371,4145,174,23.82,7.38,19.37,5/17,4,1,35.15,239,184,12.55,6,138,7.48,126,2712,6.97,42,521,9.48,10,8.11,22.7,23,10,0
855a210c,AP Tare,IPL,36,2010-03-13,2018-04-17,"Delhi Daredevils, Mumbai Indians, Sunrisers Hyderabad",IPL,27,339,273,24,3,14.12,124.18,59,0,1,1,5,40,11,66.67,47.62,226,202,111.88,73,45,162.22,40,26,153.85,60,6.67,92.31,0,0,0,0,,,,,0,0,,0,0,,0,0,,0,0,,0,0,,0,,,3,0,5
6834d1f2,B Stanlake,IPL,6,2017-04-08,2018-04-22,"Royal Challengers Bangalore, Sunrisers Hyderabad",IPL,1,5,2,0,1,,250.0,5,0,0,0,0,1,0,80.0,0.0,0,0,,0,0,,5,2,250.0,5,,250.0,6,144,200,7,28.57,8.33,20.57,2/21,0,0,44.44,19,9,19.44,2,84,7.93,5,54,8.67,0,6,11.0,7,8.33,28.57,1,0,0
fb66ce1f,CH Morris,IPL,81,2013-04-10,2021-10-07,"Chennai Super Kings, Delhi Capitals, Delhi Daredevils, Rajasthan Royals, Royal Challengers Bangalore",IPL,49,618,398,28,21,22.07,155.28,82,0,2,4,9,41,35,60.52,29.9,17,7,242.86,102,93,109.68,499,298,167.45,74,9.25,129.82,82,1726,2309,96,24.05,8.03,17.98,4/23,4,0,38.7,222,79,17.44,22,684,7.6,16,396,7.73,58,646,8.67,13,9.05,25.77,38,4,0
e342e5fb,CR Brathwaite,IPL,17,2016-04-10,2019-04-25,"Delhi Daredevils, Kolkata Knight Riders, Sunrisers Hyderabad",IPL,14,181,111,13,1,13.92,163.06,43,0,0,2,0,10,16,75.14,39.64,0,0,,24,32,75.0,157,79,198.73,109,12.11,132.93,16,254,379,13,29.15,8.95,19.54,3/47,0,0,29.13,37,12,19.29,0,24,7.5,7,174,8.79,6,56,10.07,9,8.92,26.11,5,1,0
85aae393,Iqbal Abdulla,IPL,49,2008-05-13,2017-04-10,"Kolkata Knight Riders, Rajasthan Royals, Royal Challengers Bangalore",IPL,13,88,84,2,11,44.0,104.76,33,0,0,1,1,9,1,47.73,40.48,0,0,,18,25,72.0,70,59,118.64,84,42.0,107.69,48,920,1109,40,27.73,7.23,23.0,3/24,0,0,35.98,88,37,13.59,14,276,6.33,20,525,7.38,6,119,8.67,8,8.93,33.5,14,5,0
944533a5,KK Nair,IPL,91,2013-04-04,2026-05-05,"Delhi Capitals, Delhi Daredevils, Kings XI Punjab, Rajasthan Royals, Royal Challengers Bangalore",IPL,78,1712,1304,73,5,23.45,131.29,89,0,11,12,5,188,49,61.1,38.42,619,484,127.89,818,665,123.01,275,155,177.42,216,21.6,162.41,0,0,0,0,,,,,0,0,,0,0,,0,0,,0,0,,0,0,,0,,,25,8,0
f62772e5,P Negi,IPL,51,2012-04-21,2020-09-28,"Chennai Super Kings, Delhi Daredevils, Royal Challengers Bangalore",IPL,35,365,289,26,9,14.04,126.3,36,0,0,3,3,27,16,55.89,38.75,4,6,66.67,104,101,102.97,257,182,141.21,86,9.56,121.13,42,716,939,34,27.62,7.87,21.06,4/18,1,0,33.1,57,47,14.53,2,42,9.14,24,594,7.33,8,80,11.18,12,8.05,18.33,15,5,0
ded9240e,PJ Cummins,IPL,80,2014-05-20,2026-05-27,"Delhi Daredevils, Kolkata Knight Riders, Sunrisers Hyderabad",IPL,51,642,421,33,18,19.45,152.49,66,0,3,4,4,40,44,66.04,38.48,0,1,0.0,181,141,128.37,461,279,165.23,109,18.17,151.39,80,1809,2680,87,30.8,8.89,20.79,4/34,1,0,35.66,253,114,20.29,31,786,8.85,29,534,7.75,27,489,10.2,11,9.47,32.73,22,2,0
919a3be2,RR Pant,IPL,139,2016-04-27,2026-05-23,"Delhi Capitals, Delhi Daredevils, Lucknow Super Giants",IPL,140,3879,2644,115,25,33.73,146.71,128,2,20,35,7,351,181,64.19,34.0,490,414,118.36,2294,1690,135.74,1095,540,202.78,210,26.25,141.89,0,0,0,0,,,,,0,0,,0,0,,0,0,,0,0,,0,0,,0,,,90,7,24
9d80c5e1,S Nadeem,IPL,72,2011-04-12,2021-04-14,"Delhi Daredevils, Sunrisers Hyderabad",IPL,20,39,87,14,6,2.79,44.83,6,0,0,0,6,2,0,20.51,65.52,0,0,,9,21,42.86,30,66,45.45,21,3.5,46.67,70,1415,1784,48,37.17,7.56,29.48,3/16,0,0,32.01,114,73,13.22,8,300,8.22,34,1001,7.14,6,114,9.53,7,8.38,38.29,16,4,0
a4cc73aa,SV Samson,IPL,190,2013-04-14,2026-05-21,"Chennai Super Kings, Delhi Daredevils, Rajasthan Royals",IPL,186,5181,3671,164,22,31.59,141.13,119,5,27,37,12,432,243,61.49,34.51,1619,1271,127.38,2710,1954,138.69,852,446,191.03,340,42.5,159.62,0,0,0,0,,,,,0,0,,0,0,,0,0,,0,0,,0,0,,0,,,90,28,19
c16d4035,SW Billings,IPL,30,2016-04-30,2022-05-18,"Chennai Super Kings, Delhi Daredevils, Kolkata Knight Riders",IPL,27,503,388,26,1,19.35,129.64,56,0,3,2,3,40,20,55.67,36.34,125,97,128.87,260,221,117.65,118,70,168.57,169,18.78,118.18,0,0,0,0,,,,,0,0,,0,0,,0,0,,0,0,,0,0,,0,,,19,1,1
0494fa6e,Vishnu Vinod,IPL,8,2017-04-08,2026-05-14,"Mumbai Indians, Punjab Kings, Royal Challengers Bangalore",IPL,7,71,65,6,1,11.83,109.23,30,0,0,1,0,4,4,56.34,43.08,10,21,47.62,34,25,136.0,27,19,142.11,71,11.83,109.23,0,0,0,0,,,,,0,0,,0,0,,0,0,,0,0,,0,0,,0,,,0,0,2
91a4a398,Z Khan,IPL,99,2008-04-18,2017-05-14,"Delhi Daredevils, Mumbai Indians, Royal Challengers Bangalore",IPL,27,117,141,14,13,8.36,82.98,23,0,0,0,5,11,2,47.86,52.48,0,3,0.0,9,29,31.03,108,109,99.08,19,3.8,47.5,99,2200,2782,102,27.27,7.59,21.57,4/17,1,0,39.68,312,64,17.09,52,1292,6.74,13,301,8.25,37,607,9.05,8,7.8,35.25,21,6,0
871e9faf,Basil Thampi,IPL,25,2017-04-09,2022-04-13,"Gujarat Lions, Mumbai Indians, Sunrisers Hyderabad",IPL,7,32,35,1,6,32.0,91.43,13,0,0,0,0,1,1,31.25,40.0,0,0,,3,5,60.0,29,30,96.67,32,32.0,91.43,25,521,846,22,38.45,9.74,23.68,3/29,0,0,29.17,75,41,22.26,2,162,9.37,7,186,8.52,13,173,11.41,6,10.5,63.0,5,1,0
c28e9f12,Tejas Baroka,IPL,1,2017-04-09,2017-04-09,Gujarat Lions,IPL,0,0,0,0,0,,,0,0,0,0,0,0,0,,,0,0,,0,0,,0,0,,0,,,1,21,33,0,,9.43,,0/33,0,0,28.57,2,2,19.05,0,6,8.0,0,12,8.0,0,3,18.0,0,9.43,,0,0,0
0994d0ae,V Shankar,IPL,84,2014-05-13,2025-04-20,"Chennai Super Kings, Delhi Daredevils, Gujarat Titans, Sunrisers Hyderabad",IPL,63,1233,950,47,16,26.23,129.79,69,0,7,4,2,88,48,51.91,32.0,127,130,97.69,591,510,115.88,515,310,166.13,183,26.14,125.34,22,238,344,9,38.22,8.67,26.44,2/19,0,0,33.61,29,12,17.23,0,8,10.5,7,185,8.56,2,45,8.8,6,7.55,26.83,31,3,0
db31895a,AS Rajpoot,IPL,29,2013-04-06,2020-10-25,"Chennai Super Kings, Kings XI Punjab, Kolkata Knight Riders, Rajasthan Royals",IPL,7,26,41,5,2,5.2,63.41,8,0,0,0,0,2,1,53.85,65.85,0,0,,1,5,20.0,25,36,69.44,26,5.2,63.41,29,529,814,24,33.92,9.23,22.04,5/14,0,1,36.29,89,31,22.68,9,270,8.89,6,157,8.18,9,102,11.76,5,10.64,70.2,4,1,0
8b5b6769,Harbhajan Singh,IPL,163,2008-04-20,2021-04-18,"Chennai Super Kings, Kolkata Knight Riders, Mumbai Indians",IPL,89,833,604,55,34,15.15,137.91,64,0,1,5,13,79,42,68.19,41.89,62,51,121.57,147,141,104.26,624,412,151.46,44,8.8,83.02,160,3416,4030,150,26.87,7.08,22.77,5/18,1,1,36.97,296,145,12.91,30,773,7.1,94,2370,6.93,26,273,8.31,9,8.37,32.56,49,10,0
26a85969,R Dhawan,IPL,42,2013-04-09,2024-05-19,"Kings XI Punjab, Mumbai Indians, Punjab Kings",IPL,22,210,187,11,11,19.09,112.3,25,0,0,0,1,18,7,54.29,44.92,0,0,,42,55,76.36,168,132,127.27,97,24.25,122.78,36,662,891,25,35.64,8.08,26.48,2/14,0,0,30.97,71,27,14.8,5,156,7.85,16,414,7.64,4,92,10.43,5,8.48,42.4,9,3,0
a12e1d51,SL Malinga,IPL,122,2009-04-18,2019-05-12,Mumbai Indians,IPL,22,88,99,16,6,5.5,88.89,17,0,0,0,6,6,5,61.36,55.56,0,0,,2,3,66.67,86,96,89.58,24,4.8,68.57,122,2827,3371,170,19.83,7.15,16.63,5/13,6,1,40.47,314,86,14.15,37,1110,6.3,25,600,7.41,108,1117,7.86,16,9.7,22.94,21,6,0
c4487b84,AB de Villiers,IPL,184,2008-05-02,2021-10-11,"Delhi Daredevils, Royal Challengers Bangalore",IPL,172,5181,3411,130,42,39.85,151.89,133,3,40,23,10,414,253,61.26,30.46,741,614,120.68,2572,1959,131.29,1868,838,222.91,184,26.29,135.29,0,0,0,0,,,,,0,0,,0,0,,0,0,,0,0,,0,0,,0,,,118,20,8
0a3d54b9,VR Aaron,IPL,52,2011-04-23,2022-04-02,"Delhi Daredevils, Gujarat Titans, Kings XI Punjab, Rajasthan Royals, Royal Challengers Bangalore",IPL,12,50,72,5,7,10.0,69.44,17,0,0,0,1,2,2,40.0,58.33,0,0,,0,1,0.0,50,71,70.42,49,12.25,74.24,50,994,1481,44,33.66,8.94,22.59,3/16,0,0,38.93,159,52,21.23,14,384,8.67,15,402,7.99,15,208,11.28,6,10.48,43.67,3,2,0
8abdf100,CJ Anderson,IPL,30,2014-04-16,2018-04-25,"Delhi Daredevils, Mumbai Indians, Royal Challengers Bangalore",IPL,29,538,423,22,7,24.45,127.19,95,0,3,4,2,40,31,64.31,44.21,52,61,85.25,311,257,121.01,175,105,166.67,116,14.5,104.5,22,297,518,11,47.09,10.46,27.0,2/18,0,0,26.6,52,23,25.25,2,71,10.14,4,138,8.65,5,88,13.57,6,10.98,48.5,11,0,0
3355b542,F du Plessis,IPL,155,2011-05-01,2025-05-24,"Chennai Super Kings, Delhi Capitals, Rising Pune Supergiant, Rising Pune Supergiants, Royal Challengers Bangalore, Royal Challengers Bengaluru",IPL,147,4773,3515,136,11,35.1,135.79,96,0,39,29,7,440,174,58.75,34.11,2281,1673,136.34,1924,1526,126.08,568,316,179.75,219,21.9,123.73,1,6,16,0,,16.0,,0/16,0,0,0.0,0,2,33.33,0,0,,0,0,,0,6,16.0,0,16.0,,85,5,0
77255a9e,RA Tripathi,IPL,100,2017-04-11,2025-04-14,"Chennai Super Kings, Kolkata Knight Riders, Rajasthan Royals, Rising Pune Supergiant, Sunrisers Hyderabad",IPL,98,2291,1662,88,10,26.03,137.85,93,0,12,20,4,229,85,62.24,36.34,1013,726,139.53,1059,785,134.9,219,151,145.03,200,20.0,131.58,1,6,12,0,,12.0,,0/12,0,0,0.0,2,0,33.33,0,0,,0,6,12.0,0,0,,0,12.0,,34,1,0
0a8fce53,Mustafizur Rahman,IPL,60,2016-04-12,2025-05-24,"Chennai Super Kings, Delhi Capitals, Mumbai Indians, Rajasthan Royals, Sunrisers Hyderabad",IPL,7,13,24,2,5,6.5,54.17,8,0,0,0,1,0,1,46.15,66.67,0,0,,0,0,,13,24,54.17,13,6.5,54.17,60,1364,1849,65,28.45,8.13,20.98,4/29,1,0,35.7,171,61,17.01,14,462,7.13,16,326,7.8,35,576,9.12,12,9.27,28.83,7,0,0
94d7f855,C de Grandhomme,IPL,25,2017-04-13,2019-05-04,"Kolkata Knight Riders, Royal Challengers Bangalore",IPL,21,303,225,16,5,18.94,134.67,40,0,0,5,3,18,18,59.41,36.44,1,2,50.0,142,110,129.09,160,113,141.59,155,22.14,129.17,19,216,319,6,53.17,8.86,36.0,3/4,0,0,26.85,22,13,16.2,0,12,6.5,6,190,8.75,0,14,12.43,2,9.2,92.0,6,1,0
5bb1a1c4,I Sharma,IPL,117,2008-04-18,2025-05-02,"Deccan Chargers, Delhi Capitals, Gujarat Titans, Kings XI Punjab, Kolkata Knight Riders, Rising Pune Supergiants, Sunrisers Hyderabad",IPL,21,57,69,6,15,9.5,82.61,10,0,0,0,1,4,2,49.12,53.62,0,0,,12,14,85.71,45,55,81.82,23,11.5,85.19,117,2419,3377,96,35.18,8.38,25.2,5/12,0,1,41.3,391,102,20.38,57,1521,7.44,17,432,8.93,22,466,10.93,8,10.73,38.0,20,3,0
cc1e8c68,UT Yadav,IPL,148,2010-03-19,2024-05-10,"Delhi Daredevils, Gujarat Titans, Kolkata Knight Riders, Royal Challengers Bangalore",IPL,48,208,201,21,27,9.9,103.48,24,0,0,0,8,16,9,56.73,47.76,0,0,,3,13,23.08,205,188,109.04,46,11.5,92.0,148,3056,4332,144,30.08,8.51,21.22,4/23,3,0,38.81,473,151,20.42,58,1452,7.72,34,872,8.11,52,732,10.53,8,10.38,33.75,38,4,0
76388dc8,S Badree,IPL,12,2013-04-06,2017-05-07,"Chennai Super Kings, Rajasthan Royals, Royal Challengers Bangalore",IPL,5,13,23,5,0,2.6,56.52,8,0,0,0,2,0,0,0.0,52.17,0,0,,5,9,55.56,8,14,57.14,13,2.6,56.52,12,258,319,11,29.0,7.42,23.45,4/9,1,0,42.25,28,14,16.28,7,156,7.46,4,96,7.56,0,6,4.0,10,7.17,25.1,2,0,0
ba607b88,V Kohli,IPL,282,2008-04-18,2026-05-31,"Royal Challengers Bangalore, Royal Challengers Bengaluru",IPL,277,9346,6930,231,46,40.46,134.86,113,9,68,58,12,847,317,56.6,32.58,3487,2688,129.72,4286,3407,125.8,1573,835,188.38,428,61.14,171.2,26,251,368,4,92.0,8.8,62.75,2/25,0,0,20.72,25,11,14.34,0,0,,3,225,8.32,1,26,12.92,1,10.34,143.0,126,20,0
7c7d63a2,AJ Tye,IPL,30,2017-04-14,2022-04-07,"Gujarat Lions, Kings XI Punjab, Lucknow Super Giants, Rajasthan Royals",IPL,13,91,76,9,4,10.11,119.74,25,0,0,0,2,6,5,59.34,47.37,0,0,,21,16,131.25,70,60,116.67,38,5.43,82.61,30,684,979,42,23.31,8.59,16.29,5/17,3,1,30.41,90,33,17.98,11,192,7.91,7,204,8.09,24,288,9.4,6,10.54,65.0,8,0,0
24d94623,Ankit Sharma,IPL,22,2012-04-07,2018-05-11,"Deccan Chargers, Rajasthan Royals, Rising Pune Supergiant, Rising Pune Supergiants, Sunrisers Hyderabad",IPL,10,87,67,7,3,12.43,129.85,30,0,0,1,1,7,4,59.77,40.3,27,23,117.39,12,10,120.0,48,34,141.18,87,12.43,129.85,21,367,450,12,37.5,7.36,30.58,2/20,0,0,37.33,28,18,12.53,6,144,6.33,6,198,7.55,0,25,11.76,6,8.0,41.33,4,0,0
752f7486,Ishan Kishan,IPL,134,2016-04-11,2026-05-27,"Gujarat Lions, Mumbai Indians, Sunrisers Hyderabad",IPL,127,3600,2508,118,9,30.51,143.54,106,1,23,26,11,348,166,66.33,36.48,1524,1103,138.17,1660,1185,140.08,416,220,189.09,389,38.9,178.44,1,1,4,0,,24.0,,0/4,0,0,0.0,1,0,100.0,0,0,,0,0,,0,1,24.0,0,24.0,,68,15,6
2f9d0389,LH Ferguson,IPL,52,2017-04-14,2026-05-17,"Gujarat Titans, Kolkata Knight Riders, Punjab Kings, Rising Pune Supergiant, Royal Challengers Bengaluru",IPL,8,72,47,3,5,24.0,153.19,24,0,0,0,1,7,2,55.56,25.53,0,0,,0,0,,72,47,153.19,72,24.0,153.19,53,1092,1673,54,30.98,9.19,20.22,4/28,1,0,36.26,158,78,21.61,19,299,9.27,18,456,7.92,17,337,10.84,10,10.32,34.4,9,4,0
fe93fd9d,RA Jadeja,IPL,268,2008-04-19,2026-05-29,"Chennai Super Kings, Gujarat Lions, Kochi Tuskers Kerala, Rajasthan Royals",IPL,205,3526,2699,121,84,29.14,130.64,77,0,5,27,9,264,122,50.71,31.38,157,109,144.04,1447,1310,110.46,1922,1280,150.16,259,64.75,136.32,237,4254,5465,180,30.36,7.71,23.63,5/16,3,1,31.55,327,237,13.26,6,144,8.25,144,3582,7.53,30,528,8.77,8,8.36,29.25,110,25,0
1abb78f8,SN Thakur,IPL,114,2015-05-01,2026-05-24,"Chennai Super Kings, Delhi Capitals, Kings XI Punjab, Kolkata Knight Riders, Lucknow Super Giants, Mumbai Indians, Rising Pune Supergiant",IPL,44,349,263,30,14,11.63,132.7,68,0,1,0,8,32,13,59.03,36.12,0,4,0.0,116,90,128.89,233,169,137.87,46,9.2,95.83,109,2202,3514,119,29.53,9.57,18.5,4/34,3,0,33.38,339,142,21.84,29,724,9.46,35,729,8.5,55,749,10.73,14,11.97,26.5,36,4,0
d2a6c0e6,EJG Morgan,IPL,83,2010-03-14,2021-10-15,"Kings XI Punjab, Kolkata Knight Riders, Royal Challengers Bangalore, Sunrisers Hyderabad",IPL,76,1406,1148,62,14,22.68,122.47,68,0,5,14,6,112,64,59.17,41.72,176,192,91.67,714,642,111.21,516,314,164.33,41,5.86,69.49,0,0,0,0,,,,,0,0,,0,0,,0,0,,0,0,,0,0,,0,,,36,6,0
edb3d4f8,KC Cariappa,IPL,11,2015-04-11,2019-04-21,"Kings XI Punjab, Kolkata Knight Riders",IPL,5,24,21,3,2,8.0,114.29,12,0,0,0,0,0,2,50.0,38.1,0,0,,12,8,150.0,12,13,92.31,24,8.0,114.29,11,216,348,8,43.5,9.67,27.0,2/16,0,0,28.24,23,19,19.44,0,36,10.83,6,162,9.63,2,18,7.67,7,9.41,45.71,3,0,0
85ec8e33,SS Iyer,IPL,147,2015-04-09,2026-05-23,"Delhi Capitals, Delhi Daredevils, Kolkata Knight Riders, Punjab Kings",IPL,145,4233,3095,119,26,35.57,136.77,101,1,32,28,7,354,182,59.25,33.44,1036,912,113.6,2377,1740,136.61,820,443,185.1,361,51.57,162.61,1,6,7,0,,7.0,,0/7,0,0,66.67,0,1,16.67,0,0,,0,0,,0,6,7.0,0,7.0,,64,9,0
f0f628c7,MM Patel,IPL,63,2008-04-19,2017-05-13,"Gujarat Lions, Mumbai Indians, Rajasthan Royals",IPL,12,39,41,6,6,6.5,95.12,23,0,0,0,5,5,0,51.28,43.9,0,0,,0,3,0.0,39,38,102.63,39,7.8,102.63,63,1355,1698,74,22.95,7.52,18.31,5/21,2,1,43.54,188,53,17.79,29,654,6.99,22,396,6.02,23,305,10.6,7,9.03,49.0,15,2,0
350bb1b1,AF Milne,IPL,11,2016-04-12,2026-05-17,"Chennai Super Kings, Mumbai Indians, Rajasthan Royals, Royal Challengers Bangalore",IPL,7,25,31,4,3,6.25,80.65,15,0,0,0,1,0,1,24.0,45.16,0,0,,6,9,66.67,19,22,86.36,25,6.25,80.65,11,227,368,7,52.57,9.73,32.43,2/21,0,0,31.28,37,15,22.91,2,108,9.72,1,54,9.44,4,65,9.97,6,9.61,54.17,7,0,0
1e66c162,JD Unadkat,IPL,116,2010-04-04,2026-04-11,"Delhi Daredevils, Kolkata Knight Riders, Lucknow Super Giants, Mumbai Indians, Rajasthan Royals, Rising Pune Supergiant, Royal Challengers Bangalore, Sunrisers Hyderabad",IPL,28,201,169,16,12,12.56,118.93,26,0,0,0,2,16,7,52.74,39.64,0,0,,23,28,82.14,178,141,126.24,71,11.83,136.54,115,2351,3504,114,30.74,8.94,20.62,5/25,0,2,32.2,295,158,19.27,28,852,7.88,30,834,8.42,56,665,10.95,15,8.62,19.93,30,7,0
896d78ad,AD Mathews,IPL,49,2009-05-12,2017-05-02,"Delhi Daredevils, Kolkata Knight Riders, Pune Warriors",IPL,42,724,575,31,11,23.35,125.91,65,0,1,7,3,44,29,48.34,31.83,10,17,58.82,289,282,102.48,425,276,153.99,143,15.89,126.55,44,791,1079,27,39.96,8.18,29.3,4/19,1,0,28.32,98,29,16.06,6,126,8.71,12,510,7.92,9,155,8.63,5,8.46,47.4,19,3,0
8cf9814c,Mohammed Shami,IPL,132,2013-04-08,2026-05-23,"Delhi Daredevils, Gujarat Titans, Kings XI Punjab, Kolkata Knight Riders, Lucknow Super Giants, Punjab Kings, Sunrisers Hyderabad",IPL,34,115,111,19,15,6.05,103.6,21,0,0,0,6,9,5,57.39,48.65,0,0,,16,15,106.67,99,96,103.12,40,8.0,137.93,134,2920,4216,145,29.08,8.66,20.14,4/11,2,0,39.93,445,165,20.89,60,1658,7.74,17,534,8.6,68,728,10.82,9,10.13,43.89,24,10,0
56ab442f,NM Coulter-Nile,IPL,39,2013-05-18,2022-03-29,"Delhi Daredevils, Kolkata Knight Riders, Mumbai Indians, Rajasthan Royals",IPL,16,82,72,11,5,7.45,113.89,24,0,0,0,0,7,4,63.41,50.0,0,0,,9,16,56.25,73,56,130.36,53,8.83,110.42,38,857,1100,48,22.92,7.7,17.85,4/14,2,0,42.94,123,34,18.32,15,360,7.13,11,249,6.72,22,248,9.51,10,7.35,27.2,12,2,0
d8b2f218,BB Sran,IPL,24,2015-05-16,2019-05-02,"Kings XI Punjab, Mumbai Indians, Rajasthan Royals, Sunrisers Hyderabad",IPL,7,10,14,1,6,10.0,71.43,3,0,0,0,0,0,0,0.0,35.71,0,0,,0,0,,10,14,71.43,10,10.0,71.43,24,483,757,18,42.06,9.4,26.83,3/28,0,0,34.78,73,29,21.12,5,228,9.21,6,168,9.54,7,87,9.66,5,11.29,70.0,4,2,0
62af8546,Mohammad Nabi,IPL,24,2017-04-17,2024-04-30,"Mumbai Indians, Sunrisers Hyderabad",IPL,20,221,152,17,3,13.0,145.39,31,0,0,1,1,18,12,65.16,36.18,26,15,173.33,66,50,132.0,129,87,148.28,100,12.5,138.89,23,417,517,15,34.47,7.44,27.8,4/11,1,0,35.01,33,26,14.15,7,168,6.18,6,228,8.13,2,21,10.0,4,8.96,54.5,18,2,0
dcf81436,S Kaul,IPL,55,2013-04-12,2022-05-19,"Delhi Daredevils, Royal Challengers Bangalore, Sunrisers Hyderabad",IPL,9,20,36,4,5,5.0,55.56,7,0,0,0,2,1,0,20.0,63.89,0,0,,0,0,,20,36,55.56,20,5.0,55.56,55,1209,1739,58,29.98,8.63,20.84,4/29,1,0,32.01,166,65,19.11,12,348,8.93,16,444,8.31,30,417,8.72,9,9.32,39.33,8,0,0
81049310,J Yadav,IPL,22,2015-04-23,2023-04-22,"Delhi Daredevils, Gujarat Titans, Mumbai Indians",IPL,4,40,36,4,0,10.0,111.11,23,0,0,0,0,2,1,35.0,33.33,0,0,,9,9,100.0,31,27,114.81,40,10.0,111.11,20,390,445,8,55.62,6.85,48.75,1/8,0,0,39.23,31,15,11.79,3,162,7.59,4,210,6.23,1,18,7.33,4,7.11,62.25,7,0,0
d027ba9f,KS Williamson,IPL,79,2015-04-11,2024-04-07,"Gujarat Titans, Sunrisers Hyderabad",IPL,78,2132,1697,60,18,35.53,125.63,89,0,18,10,2,187,64,53.1,34.47,483,480,100.62,1189,940,126.49,460,277,166.06,119,14.88,89.47,2,18,31,0,,10.33,,0/7,0,0,11.11,1,2,16.67,0,6,7.0,0,12,12.0,0,0,,0,10.33,,40,1,0
2f49c897,Mohammed Siraj,IPL,125,2017-04-19,2026-05-31,"Gujarat Titans, Royal Challengers Bangalore, Royal Challengers Bengaluru, Sunrisers Hyderabad",IPL,24,117,139,12,12,9.75,84.17,14,0,0,0,3,11,4,58.12,58.27,0,0,,5,10,50.0,112,129,86.82,37,5.29,71.15,125,2672,3911,128,30.55,8.78,20.88,4/17,3,0,41.58,400,173,21.44,60,1464,8.25,21,468,7.82,47,740,10.44,12,9.59,29.58,38,2,0
6eb146d2,Gurkeerat Singh,IPL,41,2012-05-05,2020-10-31,"Kings XI Punjab, Royal Challengers Bangalore",IPL,32,511,422,24,8,21.29,121.09,65,0,2,1,4,55,11,55.97,36.97,35,37,94.59,225,223,100.9,251,162,154.94,238,47.6,120.2,6,78,97,5,19.4,7.46,15.6,2/15,0,0,33.33,6,3,11.54,0,12,9.5,5,66,7.09,0,0,,5,7.46,19.4,20,1,1
508a1ea7,SE Marsh,IPL,71,2008-05-01,2017-05-14,Kings XI Punjab,IPL,70,2489,1871,63,7,39.51,133.03,115,1,20,16,1,269,78,62.03,37.09,779,735,105.99,1448,972,148.97,262,164,159.76,310,31.0,134.2,0,0,0,0,,,,,0,0,,0,0,,0,0,,0,0,,0,0,,0,,,26,3,0
808f425a,JP Faulkner,IPL,60,2011-05-21,2017-05-13,"Gujarat Lions, Kings XI Punjab, Pune Warriors, Rajasthan Royals",IPL,46,527,390,26,20,20.27,135.13,46,0,0,6,1,36,23,53.51,33.08,14,20,70.0,74,86,86.05,439,284,154.58,124,20.67,114.81,62,1238,1799,61,29.49,8.72,20.3,5/16,0,2,32.23,160,67,18.34,16,371,7.8,13,400,8.09,32,467,10.0,8,9.87,34.75,16,8,0
7dc35884,Shakib Al Hasan,IPL,72,2011-04-15,2021-10-15,"Kolkata Knight Riders, Sunrisers Hyderabad",IPL,53,795,639,41,12,19.39,124.41,66,0,2,4,4,73,21,52.58,33.33,37,38,97.37,429,366,117.21,329,235,140.0,119,13.22,111.21,70,1484,1839,63,29.19,7.44,23.56,3/17,0,0,33.96,120,78,13.34,18,450,7.48,32,840,6.94,13,194,9.49,5,7.24,48.0,14,7,0
e62dd25d,K Rabada,IPL,101,2017-04-22,2026-05-31,"Delhi Capitals, Delhi Daredevils, Gujarat Titans, Punjab Kings",IPL,35,262,239,20,15,13.1,109.62,44,0,0,1,4,21,11,57.25,45.19,1,3,33.33,74,80,92.5,187,156,119.87,76,15.2,124.59,103,2299,3367,151,22.3,8.79,15.23,4/21,6,0,39.41,317,158,20.66,54,1089,8.69,28,526,7.64,69,684,9.82,19,9.48,18.79,37,3,0
f5180fe6,MG Johnson,IPL,54,2013-04-04,2018-05-06,"Kings XI Punjab, Kolkata Knight Riders, Mumbai Indians",IPL,28,167,164,13,15,12.85,101.83,16,0,0,0,2,10,7,49.1,46.34,0,0,,10,20,50.0,157,144,109.03,55,13.75,94.83,55,1235,1708,62,27.55,8.3,19.92,3/26,0,0,43.32,196,55,20.32,26,621,7.89,7,312,7.98,29,302,9.46,9,9.03,37.11,15,4,0
f19ccfad,Washington Sundar,IPL,83,2017-04-22,2026-05-31,"Gujarat Titans, Rising Pune Supergiant, Royal Challengers Bangalore, Sunrisers Hyderabad",IPL,59,888,656,43,16,20.65,135.37,55,0,3,7,3,82,28,55.86,31.86,60,47,127.66,348,301,115.61,480,308,155.84,240,48.0,151.9,68,1174,1520,40,38.0,7.77,29.35,3/16,0,0,32.79,100,71,14.57,13,384,8.45,22,702,7.12,5,88,9.95,3,9.75,65.0,21,1,0
f10e94c4,AD Nath,IPL,14,2016-04-14,2019-04-24,"Gujarat Lions, Kings XI Punjab, Royal Challengers Bangalore",IPL,10,90,98,10,0,9.0,91.84,24,0,0,0,1,7,2,44.44,44.9,11,11,100.0,57,62,91.94,22,25,88.0,90,9.0,91.84,0,0,0,0,,,,,0,0,,0,0,,0,0,,0,0,,0,0,,0,,,2,0,0
b822e99c,NB Singh,IPL,2,2017-04-23,2017-04-27,Gujarat Lions,IPL,0,0,0,0,0,,,0,0,0,0,0,0,0,,,0,0,,0,0,,0,0,,0,,,2,24,15,1,15.0,3.75,24.0,1/7,0,0,54.17,2,0,8.33,1,24,3.75,0,0,,0,0,,1,3.75,15.0,0,0,0
b51f72a5,SS Agarwal,IPL,1,2017-04-23,2017-04-23,Gujarat Lions,IPL,0,0,0,0,0,,,0,0,0,0,0,0,0,,,0,0,,0,0,,0,0,,0,,,1,24,42,1,42.0,10.5,24.0,1/42,0,0,29.17,3,3,25.0,0,6,11.0,1,18,10.33,0,0,,1,10.5,42.0,1,0,0
119678fd,KV Sharma,IPL,90,2009-04-22,2025-05-21,"Chennai Super Kings, Mumbai Indians, Royal Challengers Bangalore, Royal Challengers Bengaluru, Sunrisers Hyderabad",IPL,40,352,295,26,14,13.54,119.32,39,0,0,2,1,20,17,51.7,38.31,7,9,77.78,97,105,92.38,248,181,137.02,64,7.11,145.45,87,1585,2215,83,26.69,8.38,19.1,4/16,2,0,31.99,125,132,16.21,6,156,7.19,67,1308,8.31,10,121,10.76,11,9.92,23.45,23,2,0
14b14cd8,DM Bravo,IPL,1,2017-04-26,2017-04-26,Kolkata Knight Riders,IPL,1,6,5,0,1,,120.0,6,0,0,0,0,1,0,66.67,40.0,0,0,,0,0,,6,5,120.0,6,,120.0,0,0,0,0,,,,,0,0,,0,0,,0,0,,0,0,,0,0,,0,,,0,0,0
f18ba07f,Ankit Soni,IPL,7,2017-04-27,2017-05-13,Gujarat Lions,IPL,3,7,9,2,1,3.5,77.78,7,0,0,0,2,0,1,85.71,77.78,0,0,,0,0,,7,9,77.78,7,3.5,77.78,6,109,144,2,72.0,7.93,54.5,1/16,0,0,33.94,8,7,13.76,0,6,3.0,2,102,8.06,0,1,24.0,2,7.93,72.0,1,0,0
afe3355a,AR Bawne,IPL,1,2017-04-28,2017-04-28,Delhi Daredevils,IPL,1,12,12,0,1,,100.0,12,0,0,0,0,1,0,33.33,33.33,0,0,,0,0,,12,12,100.0,12,,100.0,0,0,0,0,,,,,0,0,,0,0,,0,0,,0,0,,0,0,,0,,,0,0,0
acc1aeda,SP Jackson,IPL,9,2017-04-28,2022-05-09,Kolkata Knight Riders,IPL,8,61,57,6,2,10.17,107.02,16,0,0,0,1,5,1,42.62,35.09,10,9,111.11,17,18,94.44,34,30,113.33,61,10.17,107.02,0,0,0,0,,,,,0,0,,0,0,,0,0,,0,0,,0,0,,0,,,7,2,2
69be866a,Anureet Singh,IPL,23,2009-04-23,2018-05-15,"Kings XI Punjab, Kolkata Knight Riders, Rajasthan Royals",IPL,8,36,47,4,4,9.0,76.6,15,0,0,0,2,2,1,38.89,46.81,0,0,,4,9,44.44,32,38,84.21,36,9.0,76.6,22,412,623,18,34.61,9.07,22.89,3/23,0,0,33.74,65,22,21.12,7,162,7.07,2,120,9.6,9,130,11.08,5,10.34,51.0,5,1,0
2be41edb,MJ Guptill,IPL,13,2016-04-18,2019-05-08,"Kings XI Punjab, Mumbai Indians, Sunrisers Hyderabad",IPL,14,271,197,12,2,22.58,137.56,50,0,1,4,1,24,15,68.63,44.67,219,157,139.49,52,40,130.0,0,0,,191,23.88,145.8,0,0,0,0,,,,,0,0,,0,0,,0,0,,0,0,,0,0,,0,,,7,0,0
5fa06777,IK Pathan,IPL,103,2008-04-19,2017-04-29,"Delhi Daredevils, Gujarat Lions, Kings XI Punjab, Rising Pune Supergiants, Sunrisers Hyderabad",IPL,83,1150,950,53,30,21.7,121.05,60,0,1,8,3,88,38,50.43,35.58,92,69,133.33,395,437,90.39,663,444,149.32,68,11.33,97.14,101,2043,2649,80,33.11,7.78,25.54,3/24,0,0,40.87,293,82,18.36,28,918,7.07,24,636,7.73,28,489,9.18,1,8.84,221.0,31,8,0
9fc0ef64,PJ Sangwan,IPL,43,2008-05-02,2022-05-06,"Delhi Daredevils, Gujarat Lions, Gujarat Titans, Kolkata Knight Riders, Mumbai Indians",IPL,14,26,44,8,6,3.25,59.09,6,0,0,0,4,1,0,15.38,54.55,0,0,,4,9,44.44,22,35,62.86,23,4.6,65.71,42,856,1240,38,32.63,8.69,22.53,3/18,0,0,37.27,127,43,19.86,13,354,8.63,19,366,8.39,6,136,9.66,8,9.45,36.62,7,3,0
650d5e49,R Powell,IPL,41,2017-05-03,2026-05-24,"Delhi Capitals, Kolkata Knight Riders, Rajasthan Royals",IPL,30,555,390,25,5,22.2,142.31,67,0,1,7,2,38,38,68.47,40.51,15,13,115.38,234,215,108.84,306,162,188.89,217,31.0,130.72,2,18,35,1,35.0,11.67,18.0,1/18,0,0,22.22,2,2,22.22,0,0,,1,12,10.5,0,6,14.0,1,11.67,35.0,24,0,0
f846de6a,MN Samuels,IPL,15,2012-04-06,2017-05-14,"Delhi Daredevils, Pune Warriors",IPL,14,161,172,13,1,12.38,93.6,46,0,0,2,1,9,7,48.45,48.84,9,25,36.0,127,130,97.69,25,17,147.06,101,11.22,99.02,11,214,284,9,31.56,7.96,23.78,3/39,0,0,36.92,23,12,16.36,2,78,6.23,2,84,8.29,5,52,10.04,8,8.31,32.88,2,0,0
89f64c19,LMP Simmons,IPL,29,2014-05-10,2017-05-21,Mumbai Indians,IPL,29,1079,852,27,2,39.96,126.64,100,1,11,5,2,109,44,64.87,44.13,542,460,117.83,481,356,135.11,56,36,155.56,278,27.8,128.7,1,18,34,1,34.0,11.33,18.0,1/34,0,0,11.11,2,2,22.22,0,0,,0,6,10.0,1,12,12.0,1,11.33,34.0,10,1,0
e84ac20c,MJ Henry,IPL,9,2017-05-09,2026-04-05,"Chennai Super Kings, Kings XI Punjab, Lucknow Super Giants",IPL,2,7,10,2,0,3.5,70.0,5,0,0,0,0,1,0,57.14,60.0,0,0,,5,5,100.0,2,5,40.0,7,3.5,70.0,9,162,311,4,77.75,11.52,40.5,2/54,0,0,24.69,26,18,27.16,2,114,10.79,0,24,12.25,2,24,14.25,4,11.52,77.75,1,0,0
39a2dfa8,R Tewatia,IPL,126,2014-05-05,2026-05-31,"Delhi Capitals, Delhi Daredevils, Gujarat Titans, Kings XI Punjab, Rajasthan Royals",IPL,92,1302,943,55,37,23.67,138.07,68,0,2,11,4,110,62,62.37,35.95,6,9,66.67,391,388,100.77,905,546,165.75,149,24.83,147.52,52,843,1111,32,34.72,7.91,26.34,3/18,0,0,31.32,54,61,13.64,0,12,7.5,28,786,7.95,4,45,7.33,4,10.14,41.0,44,2,0
4125d931,J Suchith,IPL,28,2015-04-12,2022-05-22,"Delhi Capitals, Mumbai Indians, Sunrisers Hyderabad",IPL,9,70,61,4,5,17.5,114.75,34,0,0,1,1,6,3,60.0,47.54,0,0,,14,30,46.67,56,31,180.65,70,17.5,114.75,21,420,602,19,31.68,8.6,22.11,2/12,0,0,33.33,47,26,17.38,3,72,8.67,15,336,8.41,1,12,13.5,10,8.58,28.3,10,2,0
41eb4a4f,R Vinay Kumar,IPL,105,2008-04-20,2018-04-10,"Kochi Tuskers Kerala, Kolkata Knight Riders, Mumbai Indians, Royal Challengers Bangalore",IPL,43,310,274,28,15,11.07,113.14,26,0,0,0,4,21,9,44.52,37.59,0,0,,48,48,100.0,262,226,115.93,85,21.25,137.1,105,2127,2986,105,28.44,8.42,20.26,4/40,1,0,35.87,296,100,18.62,30,756,7.19,28,714,7.76,47,657,10.56,11,9.35,25.36,35,13,0
709b0bac,SS Tiwary,IPL,92,2008-04-25,2021-10-05,"Delhi Daredevils, Mumbai Indians, Rising Pune Supergiants, Royal Challengers Bangalore",IPL,73,1494,1244,52,21,28.73,120.1,61,0,8,12,1,111,50,49.8,34.73,169,161,104.97,871,768,113.41,454,315,144.13,270,33.75,122.73,0,0,0,0,,,,,0,0,,0,0,,0,0,,0,0,,0,0,,0,,,25,5,0
eef2536f,Avesh Khan,IPL,82,2017-05-14,2026-05-10,"Delhi Capitals, Delhi Daredevils, Lucknow Super Giants, Rajasthan Royals, Royal Challengers Bangalore",IPL,16,68,43,4,12,17.0,158.14,19,0,0,0,1,7,4,76.47,44.19,0,0,,12,4,300.0,56,39,143.59,37,18.5,154.17,82,1767,2734,93,29.4,9.28,19.0,4/24,1,0,34.52,269,119,21.96,22,605,9.57,27,510,8.41,44,652,9.7,9,11.04,42.33,15,2,0
f986ca1a,HV Patel,IPL,123,2012-04-07,2026-05-22,"Delhi Capitals, Delhi Daredevils, Punjab Kings, Royal Challengers Bangalore, Sunrisers Hyderabad",IPL,45,280,238,32,13,8.75,117.65,36,0,0,2,10,18,15,57.86,42.02,0,0,,67,76,88.16,213,162,131.48,43,5.38,86.0,121,2506,3727,151,24.68,8.92,16.6,5/27,4,1,32.2,322,149,18.79,14,390,9.32,56,1260,8.03,81,856,10.06,3,10.95,111.33,28,9,0
dded65e7,IR Jaggi,IPL,7,2011-04-09,2017-05-19,"Deccan Chargers, Kolkata Knight Riders",IPL,7,76,97,5,2,15.2,78.35,28,0,0,0,0,6,0,31.58,49.48,25,37,67.57,38,46,82.61,13,14,92.86,76,15.2,78.35,0,0,0,0,,,,,0,0,,0,0,,0,0,,0,0,,0,0,,0,,,2,0,0
87e562a9,DJ Bravo,IPL,160,2008-04-23,2022-05-12,"Chennai Super Kings, Gujarat Lions, Mumbai Indians",IPL,110,1560,1204,69,41,22.61,129.57,70,0,5,10,5,120,66,56.15,37.79,123,110,111.82,528,572,92.31,909,522,174.14,70,17.5,162.79,158,3120,4360,183,23.83,8.38,17.05,4/22,2,0,31.99,349,155,16.15,10,228,7.87,58,1507,7.56,115,1385,9.36,16,8.71,18.69,80,14,0
0ebfb1ad,E Lewis,IPL,27,2018-04-07,2022-05-25,"Lucknow Super Giants, Mumbai Indians, Rajasthan Royals",IPL,26,654,477,24,2,27.25,137.11,65,0,4,6,2,62,36,70.95,44.44,420,286,146.85,202,170,118.82,32,21,152.38,224,28.0,150.34,0,0,0,0,,,,,0,0,,0,0,,0,0,,0,0,,0,0,,0,,,9,0,0
a9fd84fb,M Markande,IPL,40,2018-04-07,2026-04-12,"Mumbai Indians, Rajasthan Royals, Sunrisers Hyderabad",IPL,10,48,42,3,7,16.0,114.29,18,0,0,0,0,5,1,54.17,42.86,0,0,,0,1,0.0,48,41,117.07,48,16.0,114.29,40,750,1145,37,30.95,9.16,20.27,4/15,2,0,28.67,78,66,19.2,0,0,,34,654,8.88,3,96,11.06,8,12.41,41.88,9,0,0
8d92a2c3,MA Wood,IPL,5,2018-04-07,2023-04-15,"Chennai Super Kings, Lucknow Super Giants",IPL,3,12,8,2,1,6.0,150.0,10,0,0,0,0,1,1,83.33,50.0,0,0,,0,0,,12,8,150.0,12,6.0,150.0,5,120,179,11,16.27,8.95,10.91,5/14,0,1,39.17,13,12,20.83,2,24,8.75,2,42,4.57,7,54,12.44,11,8.95,16.27,3,0,0
af2c687b,C Munro,IPL,13,2016-04-10,2019-05-10,"Delhi Capitals, Delhi Daredevils, Kolkata Knight Riders",IPL,12,177,141,12,0,14.75,125.53,40,0,0,2,2,19,8,70.06,46.1,131,91,143.96,42,45,93.33,4,5,80.0,163,16.3,127.34,2,12,15,0,,7.5,,0/7,0,0,41.67,1,1,16.67,0,0,,0,12,7.5,0,0,,0,7.5,,4,0,0
b17e2f24,KL Rahul,IPL,160,2013-04-11,2026-05-24,"Delhi Capitals, Kings XI Punjab, Lucknow Super Giants, Punjab Kings, Royal Challengers Bangalore, Sunrisers Hyderabad",IPL,153,5828,4188,128,25,45.53,139.16,152,6,45,23,5,509,239,59.54,32.93,2437,1892,128.81,2484,1789,138.85,907,507,178.9,482,53.56,175.91,0,0,0,0,,,,,0,0,,0,0,,0,0,,0,0,,0,0,,0,,,83,11,8
7d92277a,Mujeeb Ur Rahman,IPL,20,2018-04-08,2025-03-29,"Kings XI Punjab, Mumbai Indians, Sunrisers Hyderabad",IPL,6,12,15,3,3,4.0,80.0,10,0,0,0,2,2,0,66.67,60.0,0,0,,1,3,33.33,11,12,91.67,12,4.0,80.0,20,446,620,20,31.0,8.34,22.3,3/27,0,0,33.86,42,26,15.25,5,140,7.63,10,234,7.69,5,72,11.83,6,10.16,59.83,2,0,0
495d42a5,R Ashwin,IPL,219,2009-04-18,2025-05-20,"Chennai Super Kings, Delhi Capitals, Kings XI Punjab, Rajasthan Royals, Rising Pune Supergiants",IPL,94,833,705,64,30,13.02,118.16,50,0,1,4,12,64,29,51.62,36.45,78,73,106.85,279,276,101.09,476,356,133.71,74,9.25,107.25,217,4710,5652,187,30.22,7.2,25.19,4/34,1,0,34.1,334,221,11.78,50,1252,7.09,101,2857,7.03,36,601,8.24,7,9.31,46.57,51,9,0
bbd41817,AD Russell,IPL,139,2012-05-10,2025-05-25,"Delhi Daredevils, Kolkata Knight Riders",IPL,115,2655,1525,95,20,27.95,174.1,88,0,12,27,6,187,223,78.57,39.74,41,17,241.18,1182,777,152.12,1432,731,195.9,167,18.56,163.73,121,1806,2863,123,23.28,9.51,14.68,5/15,2,1,33.89,274,130,22.37,23,407,8.45,49,813,9.15,51,586,10.75,11,11.42,21.45,41,4,0
fa2f1dde,K Khejroliya,IPL,9,2018-04-08,2026-05-26,"Gujarat Titans, Kolkata Knight Riders, Royal Challengers Bangalore",IPL,0,0,0,0,0,,,0,0,0,0,0,0,0,,,0,0,,0,0,,0,0,,0,,,9,151,277,6,46.17,11.01,25.17,2/33,0,0,25.83,21,16,24.5,0,30,12.4,3,90,9.87,3,31,12.97,6,11.01,46.17,1,0,0
372455c4,Q de Kock,IPL,118,2013-04-17,2026-04-23,"Delhi Daredevils, Kolkata Knight Riders, Lucknow Super Giants, Mumbai Indians, Royal Challengers Bangalore, Sunrisers Hyderabad",IPL,119,3444,2553,111,8,31.03,134.9,140,3,24,16,4,334,143,63.7,38.58,1966,1512,130.03,1238,924,133.98,240,117,205.13,280,35.0,145.08,0,0,0,0,,,,,0,0,,0,0,,0,0,,0,0,,0,0,,0,,,75,12,17
0a509d6b,RK Singh,IPL,75,2018-04-08,2026-05-24,Kolkata Knight Riders,IPL,63,1398,956,41,22,34.1,146.23,83,0,6,13,1,115,67,61.66,32.43,40,28,142.86,567,511,110.96,791,417,189.69,231,57.75,150.98,0,0,0,0,,,,,0,0,,0,0,,0,0,,0,0,,0,0,,0,,,49,3,0
f088b960,SN Khan,IPL,60,2015-04-22,2026-05-10,"Chennai Super Kings, Delhi Capitals, Kings XI Punjab, Punjab Kings, Royal Challengers Bangalore",IPL,43,746,543,33,10,22.61,137.38,67,0,2,9,4,86,20,62.2,34.99,172,113,152.21,267,249,107.23,307,181,169.61,210,21.0,141.89,1,2,6,0,,18.0,,0/6,0,0,0.0,1,0,50.0,0,0,,0,0,,0,2,18.0,0,18.0,,14,3,0
b2a79f17,B Laughlin,IPL,9,2013-04-06,2018-05-23,"Chennai Super Kings, Rajasthan Royals",IPL,4,5,13,2,2,2.5,38.46,4,0,0,0,2,0,0,0.0,61.54,0,0,,3,7,42.86,2,6,33.33,5,2.5,38.46,9,168,282,10,28.2,10.07,16.8,2/15,0,0,25.0,26,10,21.43,3,36,10.0,2,61,8.07,5,71,11.83,10,10.07,28.2,1,0,0
1a156c88,DJM Short,IPL,7,2018-04-09,2018-05-13,Rajasthan Royals,IPL,7,115,99,7,0,16.43,116.16,44,0,0,2,0,11,5,64.35,45.45,50,60,83.33,65,39,166.67,0,0,,115,16.43,116.16,2,18,19,1,19.0,6.33,18.0,1/10,0,0,38.89,1,1,11.11,0,0,,1,18,6.33,0,0,,1,6.33,19.0,2,0,0
90de905a,K Gowtham,IPL,41,2018-04-09,2024-05-08,"Kings XI Punjab, Lucknow Super Giants, Rajasthan Royals",IPL,27,247,148,18,9,13.72,166.89,33,0,0,1,2,15,17,65.59,34.46,8,5,160.0,75,55,136.36,164,88,186.36,103,17.17,158.46,35,588,808,21,38.48,8.24,28.0,2/12,0,0,35.03,68,37,17.86,10,270,8.58,11,294,7.59,0,24,12.5,7,8.58,31.86,17,0,0
7a8bd078,S Gopal,IPL,52,2014-05-19,2024-04-18,"Mumbai Indians, Rajasthan Royals, Sunrisers Hyderabad",IPL,22,180,169,14,8,12.86,106.51,24,0,0,0,4,19,2,48.89,39.64,0,4,0.0,45,61,73.77,135,104,129.81,83,11.86,106.41,51,991,1349,52,25.94,8.17,19.06,4/16,1,0,31.99,77,74,15.24,8,114,7.89,38,822,8.3,6,55,6.76,7,10.76,38.43,12,0,0
c38d3503,Shivam Mavi,IPL,34,2018-04-10,2023-05-15,Kolkata Knight Riders,IPL,11,51,56,9,2,5.67,91.07,20,0,0,0,3,4,2,54.9,53.57,0,0,,3,5,60.0,48,51,94.12,44,5.5,91.67,32,649,942,30,31.4,8.71,21.63,4/21,1,0,39.14,92,38,20.03,9,300,8.14,9,162,6.85,12,187,11.23,11,9.23,31.18,16,1,0
e86754b2,TK Curran,IPL,13,2018-04-10,2021-10-10,"Delhi Capitals, Kolkata Knight Riders, Rajasthan Royals",IPL,10,127,107,5,5,25.4,118.69,54,0,1,0,0,10,3,45.67,33.64,0,0,,58,57,101.75,69,50,138.0,127,25.4,118.69,13,238,430,13,33.08,10.84,18.31,3/29,0,0,23.95,33,23,23.53,1,42,9.29,5,85,9.32,7,111,12.59,8,10.74,43.88,2,0,0
5b16a806,A Dananjaya,IPL,1,2018-04-14,2018-04-14,Mumbai Indians,IPL,1,4,5,0,1,,80.0,4,0,0,0,0,0,0,0.0,40.0,0,0,,0,0,,4,5,80.0,4,,80.0,1,24,47,0,,11.75,,0/47,0,0,25.0,2,4,25.0,0,6,12.0,0,18,11.67,0,0,,0,11.75,,0,0,0
b4b99816,Shubman Gill,IPL,134,2018-04-14,2026-05-31,"Gujarat Titans, Kolkata Knight Riders",IPL,130,4598,3236,114,16,40.33,142.09,129,5,32,31,4,446,152,58.63,31.24,2044,1519,134.56,2080,1413,147.2,474,304,155.92,435,43.5,174.0,0,0,0,0,,,,,0,0,,0,0,,0,0,,0,0,,0,0,,0,,,57,2,0
4b57e452,M Vijay,IPL,106,2009-05-02,2020-09-25,"Chennai Super Kings, Delhi Daredevils, Kings XI Punjab",IPL,106,2619,2149,101,5,25.93,121.87,127,2,13,21,5,247,91,58.57,43.18,1574,1375,114.47,920,703,130.87,125,71,176.06,243,27.0,107.05,4,36,49,0,,8.17,,0/8,0,0,22.22,6,0,16.67,0,6,8.0,0,30,8.2,0,0,,0,8.17,,48,1,0
2e8994e7,JP Duminy,IPL,85,2009-04-18,2018-05-13,"Deccan Chargers, Delhi Daredevils, Mumbai Indians",IPL,75,2029,1636,51,24,39.78,124.02,78,0,14,13,1,126,79,48.2,31.66,235,239,98.33,912,877,103.99,882,520,169.62,227,37.83,115.82,49,678,834,23,36.26,7.38,29.48,4/17,1,0,34.51,53,33,12.68,3,162,7.37,17,462,7.12,3,54,9.67,3,8.12,46.0,30,3,0
235c2bb6,H Klaasen,IPL,65,2018-04-20,2026-05-27,"Rajasthan Royals, Royal Challengers Bangalore, Sunrisers Hyderabad",IPL,60,2104,1262,50,10,42.08,166.72,105,2,13,18,1,146,120,61.98,24.8,110,84,130.95,1256,795,157.99,738,383,192.69,400,50.0,171.67,0,0,0,0,,,,,0,0,,0,0,,0,0,,0,0,,0,0,,0,,,34,8,7
b63e358a,RK Bhui,IPL,4,2018-04-22,2024-03-28,"Delhi Capitals, Sunrisers Hyderabad",IPL,4,10,26,4,0,2.5,38.46,7,0,0,0,2,0,0,0.0,69.23,0,7,0.0,10,18,55.56,0,1,0.0,10,2.5,38.46,0,0,0,0,,,,,0,0,,0,0,,0,0,,0,0,,0,0,,0,,,0,0,0
5574750c,JC Archer,IPL,68,2018-04-22,2026-05-29,"Mumbai Indians, Rajasthan Royals",IPL,40,326,225,25,15,13.04,144.89,32,0,0,2,5,18,22,62.58,36.44,0,4,0.0,60,53,113.21,266,168,158.33,64,10.67,136.17,68,1578,2161,84,25.73,8.22,18.79,3/15,0,0,42.9,212,93,19.33,37,750,7.38,15,270,7.16,32,558,9.86,17,9.74,22.35,19,2,0
9a963804,LE Plunkett,IPL,7,2018-04-23,2018-05-20,Delhi Daredevils,IPL,2,1,3,1,1,1.0,33.33,1,0,0,0,1,0,0,0.0,66.67,0,0,,0,0,,1,3,33.33,1,1.0,33.33,7,150,225,4,56.25,9.0,37.5,3/17,0,0,26.0,15,12,18.0,1,42,10.14,1,60,8.5,2,48,8.62,4,9.0,56.25,2,0,0
8b3e9c7c,PP Shaw,IPL,79,2018-04-23,2024-04-29,"Delhi Capitals, Delhi Daredevils",IPL,79,1892,1283,79,0,23.95,147.47,99,0,14,11,7,238,61,69.66,37.72,1347,919,146.57,515,343,150.15,30,21,142.86,257,25.7,154.82,0,0,0,0,,,,,0,0,,0,0,,0,0,,0,0,,0,0,,0,,,18,0,0
92aeac25,AD Hales,IPL,6,2018-04-29,2018-05-17,Sunrisers Hyderabad,IPL,6,148,118,6,0,24.67,125.42,45,0,0,3,0,13,6,59.46,39.83,114,81,140.74,34,37,91.89,0,0,,148,24.67,125.42,0,0,0,0,,,,,0,0,,0,0,,0,0,,0,0,,0,0,,0,,,2,0,0
641ac5ff,IS Sodhi,IPL,8,2018-04-29,2019-05-04,Rajasthan Royals,IPL,2,7,17,2,0,3.5,41.18,6,0,0,0,0,0,0,0.0,58.82,0,0,,2,7,28.57,5,10,50.0,7,3.5,41.18,8,181,202,9,22.44,6.7,20.11,3/26,0,0,35.36,9,8,9.39,2,12,8.5,7,162,6.56,0,7,6.86,9,6.7,22.44,0,0,0
da934ee8,MK Lomror,IPL,42,2018-04-29,2025-04-19,"Rajasthan Royals, Royal Challengers Bangalore, Royal Challengers Bengaluru",IPL,35,527,373,29,6,18.17,141.29,54,0,1,6,3,33,30,59.2,32.17,31,38,81.58,266,193,137.82,230,142,161.97,125,15.62,183.82,11,90,127,1,127.0,8.47,90.0,1/22,0,0,24.44,8,5,14.44,1,12,5.5,0,78,8.92,0,0,,1,8.5,119.0,10,0,0
e2db2409,M Ashwin,IPL,44,2016-04-09,2023-05-07,"Kings XI Punjab, Mumbai Indians, Punjab Kings, Rajasthan Royals, Rising Pune Supergiants, Royal Challengers Bangalore",IPL,12,35,50,9,3,3.89,70.0,9,0,0,0,2,2,1,40.0,54.0,0,0,,5,13,38.46,30,37,81.08,34,4.86,72.34,44,870,1162,35,33.2,8.01,24.86,3/21,0,0,32.53,82,50,15.17,2,90,9.27,26,654,7.65,7,126,9.0,9,8.52,31.22,8,0,0
798cc28e,KM Asif,IPL,7,2018-04-30,2023-05-14,"Chennai Super Kings, Rajasthan Royals",IPL,1,0,2,1,0,0.0,0.0,0,0,0,0,1,0,0,,100.0,0,0,,0,2,0.0,0,0,,0,0.0,0.0,7,133,231,7,33.0,10.42,19.0,2/42,0,0,34.59,16,14,22.56,3,42,10.14,4,66,8.73,0,25,15.36,7,10.42,33.0,1,0,0
f834dcfc,L Ngidi,IPL,28,2018-04-30,2026-05-24,"Chennai Super Kings, Delhi Capitals, Royal Challengers Bengaluru",IPL,4,4,9,2,2,2.0,44.44,3,0,0,0,1,0,0,0.0,66.67,0,0,,0,0,,4,9,44.44,4,2.0,44.44,27,620,869,42,20.69,8.41,14.76,4/10,1,0,38.39,76,42,19.03,13,246,7.83,7,126,8.05,22,248,9.17,10,8.31,31.3,2,1,0
7f048519,DJ Willey,IPL,11,2018-05-05,2023-04-26,"Chennai Super Kings, Royal Challengers Bangalore",IPL,5,53,62,2,3,26.5,85.48,20,0,0,0,1,7,0,52.83,54.84,6,11,54.55,23,29,79.31,24,22,109.09,53,26.5,85.48,11,216,272,6,45.33,7.56,36.0,2/16,0,0,36.57,28,8,16.67,3,138,6.61,2,42,8.14,1,36,10.5,5,7.75,49.6,4,0,0
faa7365d,DR Shorey,IPL,8,2018-05-05,2019-05-05,Chennai Super Kings,IPL,2,13,17,2,0,6.5,76.47,8,0,0,0,0,0,1,46.15,52.94,0,0,,13,17,76.47,0,0,,13,6.5,76.47,0,0,0,0,,,,,0,0,,0,0,,0,0,,0,0,,0,0,,0,,,0,0,0
85e0cf10,M Prasidh Krishna,IPL,78,2018-05-06,2026-05-31,"Gujarat Titans, Kolkata Knight Riders, Rajasthan Royals",IPL,8,15,31,3,5,5.0,48.39,6,0,0,0,2,1,0,26.67,61.29,0,0,,0,0,,15,31,48.39,15,5.0,48.39,79,1739,2608,91,28.66,9.0,19.11,4/28,3,0,39.56,277,102,21.79,18,624,8.2,31,555,8.24,42,560,10.64,12,10.81,27.92,19,2,0
bb351c23,MM Ali,IPL,73,2018-05-07,2025-05-07,"Chennai Super Kings, Kolkata Knight Riders, Royal Challengers Bangalore",IPL,59,1167,835,53,6,22.02,139.76,93,0,6,9,6,95,67,67.01,39.16,233,192,121.35,655,484,135.33,279,159,175.47,150,16.67,115.38,57,854,1029,41,25.1,7.23,20.83,4/26,1,0,34.54,43,57,11.71,5,96,5.5,34,701,7.44,2,57,7.58,8,8.5,29.75,24,2,0
541f85c9,SP Goswami,IPL,32,2008-05-19,2020-11-08,"Kolkata Knight Riders, Rajasthan Royals, Royal Challengers Bangalore, Sunrisers Hyderabad",IPL,21,293,295,20,1,14.65,99.32,52,0,1,2,4,32,3,49.83,44.75,163,167,97.6,104,106,98.11,26,22,118.18,98,10.89,105.38,0,0,0,0,,,,,0,0,,0,0,,0,0,,0,0,,0,0,,0,,,17,8,7
8ac93ca2,P Chopra,IPL,3,2018-05-11,2019-04-07,Rajasthan Royals,IPL,1,8,6,1,0,8.0,133.33,8,0,0,0,0,2,0,100.0,66.67,0,0,,8,6,133.33,0,0,,8,8.0,133.33,0,0,0,0,,,,,0,0,,0,0,,0,0,,0,0,,0,0,,0,,,0,0,0
99ed60f8,JPR Scantlebury-Searles,IPL,4,2018-05-12,2018-05-23,Kolkata Knight Riders,IPL,2,8,6,1,1,8.0,133.33,6,0,0,0,0,0,1,75.0,50.0,0,0,,0,0,,8,6,133.33,8,8.0,133.33,3,42,89,2,44.5,12.71,21.0,1/24,0,0,16.67,4,7,26.19,0,6,13.0,1,30,11.2,1,6,20.0,2,12.71,44.5,4,0,0
f29185a1,Abhishek Sharma,IPL,92,2018-05-12,2026-05-27,"Delhi Daredevils, Sunrisers Hyderabad",IPL,89,2379,1389,81,8,29.37,171.27,141,2,13,22,6,224,144,73.98,35.06,1387,807,171.87,796,455,174.95,196,127,154.33,434,48.22,201.86,36,365,550,11,50.0,9.04,33.18,2/4,0,0,26.58,40,27,18.36,0,84,9.14,10,258,8.42,1,23,15.65,0,10.17,,35,1,0
1cb14aa4,CJ Dala,IPL,1,2018-05-12,2018-05-12,Delhi Daredevils,IPL,0,0,0,0,0,,,0,0,0,0,0,0,0,,,0,0,,0,0,,0,0,,0,,,1,18,34,0,,11.33,,0/34,0,0,38.89,3,2,27.78,0,6,17.0,0,12,8.5,0,0,,0,11.33,,0,0,0
b410bd3d,S Lamichhane,IPL,9,2018-05-12,2019-04-28,"Delhi Capitals, Delhi Daredevils",IPL,1,0,1,1,0,0.0,0.0,0,0,0,0,1,0,0,,100.0,0,0,,0,0,,0,1,0.0,0,0.0,0.0,9,210,292,13,22.46,8.34,16.15,3/36,0,0,35.71,21,17,18.1,5,72,8.33,7,108,7.78,1,30,10.4,13,8.34,22.46,2,0,0
a2f46292,KK Ahmed,IPL,76,2018-05-25,2026-04-14,"Chennai Super Kings, Delhi Capitals, Sunrisers Hyderabad",IPL,6,2,9,5,1,0.4,22.22,1,0,0,0,4,0,0,0.0,77.78,0,0,,0,0,,2,9,22.22,2,0.4,22.22,76,1657,2474,91,27.19,8.96,18.21,3/21,0,0,41.22,255,113,22.21,38,978,8.27,16,264,8.41,37,415,10.93,5,9.68,61.0,5,2,0
21d4e29b,Navdeep Saini,IPL,34,2019-03-23,2026-04-09,"Kolkata Knight Riders, Rajasthan Royals, Royal Challengers Bangalore",IPL,7,33,37,4,3,8.25,89.19,12,0,0,0,0,3,0,36.36,43.24,0,1,0.0,5,9,55.56,28,27,103.7,33,8.25,89.19,34,682,1017,24,42.38,8.95,28.42,3/40,0,0,40.91,111,41,22.29,9,288,8.5,4,210,8.86,11,184,9.75,7,11.39,45.0,8,0,0
a4e37e47,S Dube,IPL,92,2019-03-23,2026-05-21,"Chennai Super Kings, Rajasthan Royals, Royal Challengers Bangalore",IPL,87,2129,1464,68,19,31.31,145.42,95,0,10,17,3,132,137,63.41,34.36,37,46,80.43,1328,963,137.9,764,455,167.91,219,36.5,157.55,19,154,277,6,46.17,10.79,25.67,2/15,0,0,19.48,24,12,23.38,0,0,,3,114,10.58,3,40,11.4,2,13.15,85.5,27,0,0
48a1d7b7,SO Hetmyer,IPL,94,2019-03-23,2026-05-09,"Delhi Capitals, Rajasthan Royals, Royal Challengers Bangalore",IPL,86,1566,1049,57,29,27.47,149.29,75,0,5,13,4,99,96,62.07,33.65,74,71,104.23,536,422,127.01,956,556,171.94,130,16.25,119.27,0,0,0,0,,,,,0,0,,0,0,,0,0,,0,0,,0,0,,0,,,50,5,0
abb83e27,JM Bairstow,IPL,52,2019-03-24,2025-06-01,"Mumbai Indians, Punjab Kings, Sunrisers Hyderabad",IPL,52,1674,1146,48,4,34.88,146.07,114,2,9,13,3,173,74,67.86,38.74,944,625,151.04,655,466,140.56,75,55,136.36,324,36.0,159.61,0,0,0,0,,,,,0,0,,0,0,,0,0,,0,0,,0,0,,0,,,29,3,4
c995d726,CA Ingram,IPL,15,2011-05-07,2019-05-04,"Delhi Capitals, Delhi Daredevils",IPL,15,205,180,12,3,17.08,113.89,47,0,0,2,0,22,5,57.56,41.67,14,18,77.78,128,120,106.67,63,42,150.0,135,16.88,112.5,0,0,0,0,,,,,0,0,,0,0,,0,0,,0,0,,0,0,,0,,,1,0,0
75224f22,KMA Paul,IPL,9,2019-03-24,2020-11-08,Delhi Capitals,IPL,6,18,24,5,1,3.6,75.0,7,0,0,0,2,1,1,55.56,62.5,0,0,,0,0,,18,24,75.0,18,3.6,75.0,8,163,237,9,26.33,8.72,18.11,3/17,0,0,31.9,18,8,15.95,0,6,16.0,5,108,8.0,4,49,9.43,9,8.72,26.33,5,0,0
b8527c3d,Rasikh Salam,IPL,25,2019-03-24,2026-05-31,"Delhi Capitals, Kolkata Knight Riders, Mumbai Indians, Royal Challengers Bengaluru",IPL,7,43,42,5,2,8.6,102.38,10,0,0,0,0,5,0,46.51,45.24,0,0,,11,15,73.33,32,27,118.52,43,8.6,102.38,25,488,814,29,28.07,10.01,16.83,4/24,1,0,30.94,81,35,23.77,5,156,9.19,11,186,10.32,13,146,10.48,14,9.94,25.57,6,0,0
3241e3fd,N Pooran,IPL,104,2019-03-25,2026-05-23,"Kings XI Punjab, Lucknow Super Giants, Punjab Kings, Sunrisers Hyderabad",IPL,104,2527,1543,83,21,30.45,163.77,87,0,15,25,12,169,186,70.91,35.32,228,153,149.02,1420,895,158.66,879,495,177.58,192,21.33,148.84,0,0,0,0,,,,,0,0,,0,0,,0,0,,0,0,,0,0,,0,,,45,6,4
e94915e6,SM Curran,IPL,64,2019-03-25,2025-05-03,"Chennai Super Kings, Kings XI Punjab, Punjab Kings",IPL,53,997,731,40,13,24.93,136.39,88,0,6,3,4,85,41,58.78,34.61,147,130,113.08,394,350,112.57,456,251,181.67,252,31.5,131.94,63,1253,2033,59,34.46,9.74,21.24,4/11,1,0,31.44,197,89,22.83,11,570,8.23,14,294,10.49,34,389,11.37,6,11.66,56.33,25,1,0
5b7ab5a9,CV Varun,IPL,94,2019-03-27,2026-05-24,"Kings XI Punjab, Kolkata Knight Riders",IPL,13,31,53,6,7,5.17,58.49,10,0,0,0,2,3,0,38.71,60.38,0,0,,0,3,0.0,31,50,62.0,21,5.25,55.26,94,2134,2745,111,24.73,7.72,19.23,5/20,1,1,36.22,193,128,15.04,15,384,7.91,77,1422,7.44,19,328,8.71,11,8.43,28.36,18,4,0
a316d663,GC Viljoen,IPL,6,2019-03-27,2019-04-24,Kings XI Punjab,IPL,3,3,7,2,1,1.5,42.86,2,0,0,0,1,0,0,0.0,71.43,0,0,,0,0,,3,7,42.86,3,1.5,42.86,6,138,222,7,31.71,9.65,19.71,2/39,0,0,31.16,25,6,22.46,2,36,9.17,3,60,7.6,2,42,13.0,7,9.65,31.71,0,0,0
94253925,GH Vihari,IPL,24,2013-04-05,2019-04-01,"Delhi Capitals, Sunrisers Hyderabad",IPL,23,284,321,20,3,14.2,88.47,46,0,0,3,0,23,1,34.51,42.37,59,90,65.56,145,161,90.06,80,70,114.29,110,11.0,85.27,6,42,47,1,47.0,6.71,42.0,1/5,0,0,40.48,5,1,14.29,1,24,8.25,0,18,4.67,0,0,,1,6.71,47.0,6,2,0
aedc3b7c,NS Naik,IPL,4,2016-04-23,2020-09-23,"Kings XI Punjab, Kolkata Knight Riders",IPL,4,31,50,4,0,7.75,62.0,22,0,0,0,0,2,0,25.81,56.0,7,16,43.75,11,12,91.67,13,22,59.09,31,7.75,62.0,0,0,0,0,,,,,0,0,,0,0,,0,0,,0,0,,0,0,,0,,,3,1,0
441c72ae,P Ray Barman,IPL,1,2019-03-31,2019-03-31,Royal Challengers Bangalore,IPL,1,19,24,1,0,19.0,79.17,19,0,0,0,0,2,0,42.11,45.83,0,0,,19,23,82.61,0,1,0.0,19,19.0,79.17,1,24,56,0,,14.0,,0/56,0,0,8.33,3,4,29.17,0,0,,0,18,12.0,0,6,20.0,0,14.0,,0,0,0
e4a0deae,MJ Santner,IPL,36,2019-03-31,2026-04-23,"Chennai Super Kings, Mumbai Indians",IPL,21,136,123,8,13,17.0,110.57,22,0,0,0,1,9,6,52.94,40.65,20,24,83.33,22,30,73.33,94,69,136.23,66,33.0,126.92,35,687,860,30,28.67,7.51,22.9,3/11,0,0,35.08,74,28,14.85,3,156,8.58,22,480,6.95,5,51,9.53,12,7.34,19.58,16,3,0
4933f499,JP Behrendorff,IPL,17,2019-04-03,2023-05-26,Mumbai Indians,IPL,2,6,9,0,2,,66.67,3,0,0,0,0,0,0,0.0,33.33,0,0,,0,0,,6,9,66.67,6,,66.67,17,366,552,19,29.05,9.05,19.26,3/23,0,0,37.98,55,26,22.13,11,240,8.2,3,66,8.91,5,60,12.6,13,9.06,25.08,2,0,0
fef92afc,SC Kuggeleijn,IPL,2,2019-04-06,2019-04-09,Chennai Super Kings,IPL,0,0,0,0,0,,,0,0,0,0,0,0,0,,,0,0,,0,0,,0,0,,0,,,2,48,71,2,35.5,8.88,24.0,2/37,0,0,35.42,6,3,18.75,0,6,11.0,0,18,9.0,2,24,8.25,2,8.88,35.5,0,0,0
b0946605,AS Joseph,IPL,22,2019-04-06,2024-03-29,"Gujarat Titans, Mumbai Indians, Royal Challengers Bengaluru",IPL,5,27,32,1,4,27.0,84.38,15,0,0,0,1,3,0,44.44,50.0,0,0,,3,3,100.0,24,29,82.76,27,27.0,84.38,22,434,691,21,32.9,9.55,20.67,6/12,0,1,37.33,53,43,22.12,2,108,10.06,7,198,9.3,12,128,9.52,8,10.1,42.5,4,2,0
e412cb64,HF Gurney,IPL,8,2019-04-07,2019-05-05,Kolkata Knight Riders,IPL,1,1,5,0,1,,20.0,1,0,0,0,0,0,0,0.0,80.0,0,0,,0,0,,1,5,20.0,1,,20.0,8,162,238,7,34.0,8.81,23.14,2/25,0,0,30.86,23,7,18.52,2,66,6.0,1,42,8.86,4,54,12.22,7,8.81,34.0,0,0,0
ade90de7,S Midhun,IPL,1,2019-04-07,2019-04-07,Rajasthan Royals,IPL,0,0,0,0,0,,,0,0,0,0,0,0,0,,,0,0,,0,0,,0,0,,0,,,1,12,27,0,,13.5,,0/27,0,0,25.0,2,2,33.33,0,0,,0,12,13.5,0,0,,0,13.5,,1,0,0
9601c534,SD Lad,IPL,1,2019-04-10,2019-04-10,Mumbai Indians,IPL,1,15,13,1,0,15.0,115.38,15,0,0,0,0,1,1,66.67,61.54,15,13,115.38,0,0,,0,0,,15,15.0,115.38,0,0,0,0,,,,,0,0,,0,0,,0,0,,0,0,,0,0,,0,,,0,0,0
04a418e8,R Parag,IPL,97,2019-04-11,2026-05-29,Rajasthan Royals,IPL,87,1879,1302,74,13,25.39,144.32,95,0,9,13,3,136,108,63.44,34.79,191,138,138.41,1117,808,138.24,571,356,160.39,264,26.4,159.04,34,319,515,9,57.22,9.69,35.44,1/5,0,0,21.94,32,25,17.87,1,12,8.0,8,294,9.55,0,13,14.31,5,9.28,33.4,49,3,0
bdadf7da,JL Denly,IPL,1,2019-04-12,2019-04-12,Kolkata Knight Riders,IPL,1,0,1,1,0,0.0,0.0,0,0,0,0,1,0,0,,100.0,0,1,0.0,0,0,,0,0,,0,0.0,0.0,0,0,0,0,,,,,0,0,,0,0,,0,0,,0,0,,0,0,,0,,,0,0,0
50c6bc2b,LS Livingstone,IPL,52,2019-04-13,2026-04-21,"Punjab Kings, Rajasthan Royals, Royal Challengers Bengaluru, Sunrisers Hyderabad",IPL,49,1066,687,42,7,25.38,155.17,94,0,7,5,3,70,76,69.04,35.52,179,135,132.59,542,393,137.91,345,159,216.98,127,14.11,116.51,27,312,469,13,36.08,9.02,24.0,3/27,0,0,25.96,38,19,18.27,1,18,5.67,11,270,9.42,1,24,7.0,5,8.13,37.4,26,0,0
b4296080,Milind Kumar,IPL,1,2019-04-15,2019-04-15,,IPL,0,0,0,0,0,,,0,0,0,0,0,0,0,,,0,0,,0,0,,0,0,,0,,,0,0,0,0,,,,,0,0,,0,0,,0,0,,0,0,,0,0,,0,,,0,0,0
ff1e12a0,AJ Turner,IPL,6,2019-04-16,2024-05-05,"Lucknow Super Giants, Rajasthan Royals",IPL,6,24,28,5,1,4.8,85.71,16,0,0,0,3,0,2,50.0,50.0,0,0,,17,10,170.0,7,18,38.89,24,4.8,85.71,0,0,0,0,,,,,0,0,,0,0,,0,0,,0,0,,0,0,,0,,,0,0,0
244048f6,Arshdeep Singh,IPL,97,2019-04-16,2026-05-23,"Kings XI Punjab, Punjab Kings",IPL,14,32,47,6,8,5.33,68.09,10,0,0,0,3,4,0,50.0,65.96,0,0,,4,3,133.33,28,44,63.64,30,7.5,75.0,95,2032,3111,111,28.03,9.19,18.31,5/32,2,1,35.14,339,100,21.6,43,996,8.73,15,360,9.08,53,676,9.91,12,10.05,32.67,20,4,0
8fd1a8f5,DW Steyn,IPL,95,2008-04-28,2020-10-28,"Deccan Chargers, Gujarat Lions, Royal Challengers Bangalore, Sunrisers Hyderabad",IPL,33,167,160,22,11,7.59,104.38,19,0,0,0,5,14,3,44.31,43.12,0,0,,4,9,44.44,163,151,107.95,48,8.0,104.35,96,2182,2523,97,26.01,6.94,22.49,3/8,0,0,46.7,284,55,15.54,34,1140,6.31,13,408,6.57,50,634,8.3,7,10.04,48.29,24,4,0
c05edf8e,Harpreet Brar,IPL,51,2019-04-20,2026-05-17,"Kings XI Punjab, Punjab Kings",IPL,27,249,206,12,15,20.75,120.87,29,0,0,0,1,20,10,56.22,40.29,0,0,,40,54,74.07,209,152,137.5,91,30.33,130.0,48,859,1145,37,30.95,8.0,23.22,4/30,1,0,33.18,80,50,15.13,3,156,9.77,31,648,7.34,3,55,10.69,13,8.67,22.0,15,0,0
d014d5ac,SE Rutherford,IPL,31,2019-04-20,2026-05-14,"Delhi Capitals, Gujarat Titans, Mumbai Indians, Royal Challengers Bangalore",IPL,27,520,364,21,6,24.76,142.86,71,0,1,5,2,30,38,66.92,38.46,4,16,25.0,250,183,136.61,266,165,161.21,185,23.12,159.48,6,41,59,1,59.0,8.63,41.0,1/6,0,0,17.07,4,1,12.2,0,0,,1,36,9.5,0,5,2.4,1,8.63,59.0,7,0,0
cfa4bd2b,Y Prithvi Raj,IPL,2,2019-04-21,2019-04-25,Kolkata Knight Riders,IPL,1,0,1,0,1,,0.0,0,0,0,0,0,0,0,,100.0,0,0,,0,0,,0,1,0.0,0,,0.0,2,30,57,1,57.0,11.4,30.0,1/29,0,0,26.67,6,2,26.67,0,12,16.5,1,18,8.0,0,0,,1,11.4,57.0,0,0,0
c6097d68,O Thomas,IPL,4,2019-04-25,2019-05-04,Rajasthan Royals,IPL,0,0,0,0,0,,,0,0,0,0,0,0,0,,,0,0,,0,0,,0,0,,0,,,4,60,79,5,15.8,7.9,12.0,2/6,0,0,28.33,9,1,16.67,2,36,8.83,1,12,4.0,2,12,9.0,5,7.9,15.8,1,0,0
e4cdf230,AS Roy,IPL,32,2019-04-26,2026-05-24,"Kolkata Knight Riders, Mumbai Indians",IPL,14,78,64,8,6,9.75,121.88,29,0,0,0,5,6,2,46.15,35.94,4,5,80.0,15,20,75.0,59,39,151.28,61,12.2,124.49,22,323,479,15,31.93,8.9,21.53,2/19,0,0,32.82,36,23,18.27,2,114,9.63,10,174,8.31,3,35,9.43,8,9.58,28.75,12,1,0
cdc6bdba,S Sandeep Warrier,IPL,10,2019-04-28,2024-05-10,"Gujarat Titans, Kolkata Knight Riders",IPL,0,0,0,0,0,,,0,0,0,0,0,0,0,,,0,0,,0,0,,0,0,,0,,,10,168,253,8,31.62,9.04,21.0,3/15,0,0,42.86,25,14,23.21,8,138,9.04,0,30,9.0,0,0,,8,9.04,31.62,1,0,0
9418198b,P Simran Singh,IPL,66,2019-04-29,2026-05-23,"Kings XI Punjab, Punjab Kings",IPL,65,1865,1189,63,2,29.6,156.85,103,1,14,10,5,196,94,72.28,37.59,1152,753,152.99,634,392,161.73,79,44,179.55,379,42.11,173.06,0,0,0,0,,,,,0,0,,0,0,,0,0,,0,0,,0,0,,0,,,13,1,2
1399b39c,Anmolpreet Singh,IPL,10,2019-05-07,2024-05-02,"Mumbai Indians, Sunrisers Hyderabad",IPL,9,139,115,9,0,15.44,120.87,36,0,0,3,1,19,3,67.63,46.09,116,91,127.47,23,24,95.83,0,0,,139,15.44,120.87,0,0,0,0,,,,,0,0,,0,0,,0,0,,0,0,,0,0,,0,,,1,0,0
f752db61,JL Pattinson,IPL,10,2020-09-19,2020-11-03,Mumbai Indians,IPL,2,15,13,1,1,15.0,115.38,11,0,0,0,0,2,0,53.33,30.77,0,0,,0,0,,15,13,115.38,15,15.0,115.38,10,213,320,11,29.09,9.01,19.36,2/19,0,0,36.15,34,10,20.66,4,102,8.76,3,72,9.25,4,39,9.23,11,9.01,29.09,2,0,0
acdc62f5,A Nortje,IPL,49,2020-09-20,2026-04-01,"Delhi Capitals, Kolkata Knight Riders, Lucknow Super Giants",IPL,14,49,50,7,7,7.0,98.0,23,0,0,0,3,6,0,48.98,48.0,0,0,,0,0,,49,50,98.0,41,6.83,107.89,49,1120,1696,61,27.8,9.09,18.36,3/33,0,0,37.68,164,78,21.61,22,444,8.24,12,236,8.69,27,440,10.15,9,12.41,51.0,11,1,0
df064e1a,Ravi Bishnoi,IPL,87,2020-09-20,2026-05-01,"Kings XI Punjab, Lucknow Super Giants, Punjab Kings, Rajasthan Royals",IPL,18,45,69,12,6,3.75,65.22,13,0,0,0,4,2,2,44.44,63.77,0,0,,9,18,50.0,36,51,70.59,26,2.89,68.42,85,1789,2494,83,30.05,8.36,21.55,4/41,1,0,33.48,183,116,16.71,6,138,8.61,56,1386,8.17,21,265,9.24,11,10.48,25.73,29,4,0
a1d053dd,SS Cottrell,IPL,6,2020-09-20,2020-10-08,Kings XI Punjab,IPL,1,0,2,1,0,0.0,0.0,0,0,0,0,1,0,0,,100.0,0,0,,0,0,,0,2,0.0,0,0.0,0.0,6,120,176,6,29.33,8.8,20.0,2/17,0,0,48.33,19,8,22.5,4,84,7.71,0,18,6.67,2,18,16.0,6,8.8,29.33,0,0,0
2c25d4f5,D Padikkal,IPL,91,2020-09-21,2026-05-31,"Lucknow Super Giants, Rajasthan Royals, Royal Challengers Bangalore, Royal Challengers Bengaluru",IPL,89,2270,1705,85,4,26.71,133.14,101,1,14,20,6,241,80,63.61,38.24,1074,804,133.58,1058,804,131.59,138,97,142.27,311,34.56,164.55,0,0,0,0,,,,,0,0,,0,0,,0,0,,0,0,,0,0,,0,,,41,3,0
ac5ae4af,I Udana,IPL,10,2020-09-28,2020-11-02,Royal Challengers Bangalore,IPL,4,15,11,3,1,5.0,136.36,10,0,0,0,1,1,1,66.67,36.36,0,0,,0,0,,15,11,136.36,15,5.0,136.36,10,174,282,8,35.25,9.72,21.75,2/41,0,0,25.86,26,11,21.26,2,54,11.44,3,60,8.7,3,60,9.2,8,9.72,35.25,3,0,0
25f7b7d6,T Banton,IPL,2,2020-10-12,2020-10-21,Kolkata Knight Riders,IPL,2,18,20,2,0,9.0,90.0,10,0,0,0,0,1,1,55.56,55.0,18,20,90.0,0,0,,0,0,,18,9.0,90.0,0,0,0,0,,,,,0,0,,0,0,,0,0,,0,0,,0,0,,0,,,0,0,0
8e514b4c,Abdul Samad,IPL,71,2020-09-29,2026-05-23,"Lucknow Super Giants, Sunrisers Hyderabad",IPL,59,859,578,45,14,19.09,148.62,45,0,0,8,4,55,55,64.03,34.43,2,2,100.0,305,251,121.51,552,325,169.85,165,20.62,138.66,7,57,125,2,62.5,13.16,28.5,1/9,0,0,21.05,6,10,28.07,0,0,,2,48,11.62,0,9,21.33,2,13.16,62.5,33,0,0
0f721006,JO Holder,IPL,57,2013-04-22,2026-05-31,"Chennai Super Kings, Gujarat Titans, Kolkata Knight Riders, Lucknow Super Giants, Rajasthan Royals, Sunrisers Hyderabad",IPL,34,324,263,26,8,12.46,123.19,47,0,0,1,3,16,21,58.64,41.83,12,21,57.14,85,69,123.19,227,173,131.21,77,11.0,122.22,57,1225,1751,70,25.01,8.58,17.5,4/24,2,0,33.71,158,65,18.2,9,360,8.8,28,531,7.81,33,334,9.56,16,7.39,15.94,22,3,0
bb965e9a,PK Garg,IPL,24,2020-09-21,2023-05-02,"Delhi Capitals, Sunrisers Hyderabad",IPL,19,273,241,18,1,15.17,113.28,51,0,1,1,2,16,9,43.22,36.51,51,51,100.0,157,150,104.67,65,40,162.5,157,15.7,110.56,0,0,0,0,,,,,0,0,,0,0,,0,0,,0,0,,0,0,,0,,,9,0,0
45a43fe2,RD Gaikwad,IPL,85,2020-09-22,2026-05-21,Chennai Super Kings,IPL,84,2839,2093,74,10,38.36,135.64,108,2,22,17,7,260,107,59.25,34.88,1394,1088,128.12,1149,836,137.44,296,169,175.15,281,35.12,128.31,0,0,0,0,,,,,0,0,,0,0,,0,0,,0,0,,0,0,,0,,,44,3,0
6c19c6e5,YBK Jaiswal,IPL,82,2020-09-22,2026-05-29,Rajasthan Royals,IPL,83,2593,1697,78,5,33.24,152.8,124,2,18,18,5,311,110,73.43,39.3,1680,1057,158.94,825,598,137.96,88,42,209.52,204,20.4,152.24,1,1,6,0,,36.0,,0/6,0,0,0.0,0,1,100.0,0,0,,0,0,,0,1,36.0,0,36.0,,32,3,0
b4f5c2d9,KL Nagarkoti,IPL,16,2020-09-26,2022-05-11,"Delhi Capitals, Kolkata Knight Riders",IPL,7,22,33,4,3,5.5,66.67,8,0,0,0,2,1,0,18.18,48.48,0,0,,6,13,46.15,16,20,80.0,22,5.5,66.67,11,180,285,5,57.0,9.5,36.0,2/13,0,0,27.78,21,14,19.44,0,30,9.0,4,120,9.1,1,30,11.6,5,9.57,53.6,4,0,0
46a9bea1,TU Deshpande,IPL,53,2020-10-14,2026-05-29,"Chennai Super Kings, Delhi Capitals, Rajasthan Royals",IPL,10,54,36,4,6,13.5,150.0,25,0,0,0,0,2,4,59.26,36.11,0,0,,0,1,0.0,54,35,154.29,54,13.5,150.0,53,1103,1858,55,33.78,10.11,20.05,4/27,1,0,34.18,189,82,24.57,17,522,8.76,9,222,10.62,29,359,11.75,7,11.55,54.43,10,1,0
39086549,JR Philippe,IPL,5,2020-09-21,2020-11-02,Royal Challengers Bangalore,IPL,5,78,77,4,1,19.5,101.3,33,0,0,2,1,9,1,53.85,45.45,51,55,92.73,26,20,130.0,1,2,50.0,78,19.5,101.3,0,0,0,0,,,,,0,0,,0,0,,0,0,,0,0,,0,0,,0,,,0,0,0
5d2eea49,Kartik Tyagi,IPL,34,2020-10-06,2026-05-24,"Gujarat Titans, Kolkata Knight Riders, Rajasthan Royals, Sunrisers Hyderabad",IPL,9,24,26,7,2,3.43,92.31,7,0,0,0,2,2,1,58.33,53.85,0,0,,4,2,200.0,20,24,83.33,24,3.43,92.31,33,728,1211,33,36.7,9.98,22.06,3/22,0,0,35.03,119,57,24.18,9,216,11.08,8,270,8.49,16,242,10.66,15,9.4,25.07,7,1,0
9219eff0,JDS Neesham,IPL,14,2014-04-17,2022-05-15,"Delhi Daredevils, Kings XI Punjab, Mumbai Indians, Rajasthan Royals",IPL,10,92,93,9,1,10.22,98.92,22,0,0,0,2,6,2,39.13,43.01,0,0,,50,46,108.7,42,47,89.36,92,10.22,98.92,13,216,334,8,41.75,9.28,27.0,3/12,0,0,29.17,32,14,21.3,1,36,10.5,7,168,8.25,0,12,20.0,7,9.18,36.71,2,0,0
caf69bf7,DR Sams,IPL,17,2020-10-20,2023-04-28,"Delhi Capitals, Mumbai Indians, Royal Challengers Bangalore",IPL,13,44,44,9,4,4.89,100.0,15,0,0,0,3,1,3,50.0,50.0,1,6,16.67,16,14,114.29,27,24,112.5,38,5.43,105.56,16,360,523,14,37.36,8.72,25.71,4/30,1,0,39.44,41,25,18.33,8,180,6.97,5,114,8.58,1,66,13.73,13,8.24,24.08,10,0,0
f9e6e7ef,Shahbaz Ahmed,IPL,63,2020-10-17,2026-05-19,"Lucknow Super Giants, Royal Challengers Bangalore, Sunrisers Hyderabad",IPL,40,603,489,29,11,20.79,123.31,59,0,1,5,1,33,28,49.75,34.56,21,26,80.77,267,249,107.23,315,214,147.2,153,21.86,113.33,50,655,1069,27,39.59,9.79,24.26,3/7,0,0,25.65,76,59,20.61,2,150,9.64,18,453,9.77,7,52,10.38,10,10.59,27.7,21,2,0
bd54eef5,N Jagadeesan,IPL,13,2020-10-10,2023-04-29,"Chennai Super Kings, Kolkata Knight Riders",IPL,10,162,147,9,1,18.0,110.2,39,0,0,3,2,21,2,59.26,44.22,64,61,104.92,87,73,119.18,11,13,84.62,162,18.0,110.2,0,0,0,0,,,,,0,0,,0,0,,0,0,,0,0,,0,0,,0,,,1,0,0
69d03465,AT Carey,IPL,3,2020-10-11,2020-10-17,Delhi Capitals,IPL,3,32,29,2,1,16.0,110.34,14,0,0,0,0,0,1,18.75,27.59,0,0,,0,0,,32,29,110.34,32,16.0,110.34,0,0,0,0,,,,,0,0,,0,0,,0,0,,0,0,,0,0,,0,,,2,0,0
03806cf8,JR Hazlewood,IPL,52,2020-09-25,2026-05-31,"Chennai Super Kings, Royal Challengers Bangalore, Royal Challengers Bengaluru",IPL,8,19,30,1,7,19.0,63.33,7,0,0,0,1,1,0,21.05,50.0,0,0,,2,11,18.18,17,19,89.47,19,19.0,63.33,52,1176,1690,72,23.47,8.62,16.33,4/12,3,0,42.01,172,81,21.51,31,642,8.01,14,205,8.11,27,329,10.14,12,9.92,32.67,11,0,0
19b9f399,CJ Green,IPL,2,2020-10-10,2020-10-16,Kolkata Knight Riders,IPL,0,0,0,0,0,,,0,0,0,0,0,0,0,,,0,0,,0,0,,0,0,,0,,,1,17,24,0,,8.47,,0/24,0,0,35.29,4,0,23.53,0,12,8.0,0,0,,0,5,9.6,0,8.47,,0,0,0
3d8feaf8,MR Marsh,IPL,68,2010-04-08,2026-05-19,"Deccan Chargers, Delhi Capitals, Lucknow Super Giants, Pune Warriors, Rising Pune Supergiants, Sunrisers Hyderabad",IPL,62,1855,1249,60,2,30.92,148.52,117,2,12,11,7,155,111,69.33,37.63,839,537,156.24,776,555,139.82,240,157,152.87,499,49.9,169.73,34,560,795,37,21.49,8.52,15.14,4/25,2,0,32.32,72,28,17.86,6,106,8.66,19,333,7.59,12,121,10.96,12,9.96,20.75,15,1,0
ed5a5510,P Dubey,IPL,8,2020-10-31,2026-05-23,"Delhi Capitals, Punjab Kings",IPL,2,23,33,1,1,23.0,69.7,16,0,0,0,0,2,0,34.78,51.52,0,0,,13,16,81.25,10,17,58.82,23,23.0,69.7,5,78,111,2,55.5,8.54,39.0,1/19,0,0,29.49,10,5,19.23,0,0,,2,72,8.33,0,6,11.0,2,8.54,55.5,1,0,0
ad427b5c,Lalit Yadav,IPL,29,2020-10-14,2024-04-20,Delhi Capitals,IPL,21,305,290,16,5,19.06,105.17,48,0,0,3,1,27,7,49.18,40.69,25,32,78.12,186,178,104.49,94,80,117.5,103,11.44,107.29,19,288,425,10,42.5,8.85,28.8,2/11,0,0,28.47,26,24,17.36,2,96,9.56,7,168,8.07,1,24,11.5,2,10.76,134.5,16,2,0
fb24e76c,Monu Kumar,IPL,1,2020-10-25,2020-10-25,Chennai Super Kings,IPL,0,0,0,0,0,,,0,0,0,0,0,0,0,,,0,0,,0,0,,0,0,,0,,,1,12,20,0,,10.0,,0/20,0,0,33.33,2,0,16.67,0,6,7.0,0,0,,0,6,13.0,0,10.0,,0,0,0
68c56d09,KA Jamieson,IPL,15,2021-04-09,2026-05-01,"Delhi Capitals, Punjab Kings, Royal Challengers Bangalore",IPL,10,77,73,5,5,15.4,105.48,16,0,0,0,0,6,4,62.34,53.42,0,0,,24,35,68.57,53,38,139.47,77,15.4,105.48,15,300,506,16,31.62,10.12,18.75,3/41,0,0,38.0,50,28,26.0,8,186,9.55,5,54,8.0,3,60,13.8,10,10.58,34.9,2,0,0
81c36ee9,M Jansen,IPL,49,2021-04-09,2026-05-23,"Mumbai Indians, Punjab Kings, Sunrisers Hyderabad",IPL,25,192,174,15,10,12.8,110.34,34,0,0,1,3,9,9,46.88,37.93,0,0,,36,38,94.74,156,136,114.71,84,12.0,107.69,47,1017,1632,45,36.27,9.63,22.6,3/17,0,0,35.5,150,82,22.81,19,510,9.01,13,336,9.59,13,171,11.54,7,10.68,60.0,28,0,0
c740ea83,RM Patidar,IPL,57,2021-04-09,2026-05-31,"Royal Challengers Bangalore, Royal Challengers Bengaluru",IPL,52,1612,980,48,4,33.58,164.49,112,1,14,8,1,106,110,67.25,29.8,243,215,113.02,1102,641,171.92,267,124,215.32,306,34.0,181.07,0,0,0,0,,,,,0,0,,0,0,,0,0,,0,0,,0,0,,0,,,20,0,0
2cdce1be,C Sakariya,IPL,20,2021-04-12,2025-04-26,"Delhi Capitals, Kolkata Knight Riders, Rajasthan Royals",IPL,7,20,31,6,1,3.33,64.52,7,0,0,0,1,3,0,60.0,67.74,0,0,,1,4,25.0,19,27,70.37,20,3.33,64.52,20,444,638,20,31.9,8.62,22.2,3/31,0,0,32.88,53,23,17.12,6,198,6.79,6,120,8.95,8,126,11.19,9,8.89,35.56,6,0,0
1ee08e9a,JA Richardson,IPL,4,2021-04-12,2024-04-07,"Delhi Capitals, Punjab Kings",IPL,3,17,26,3,0,5.67,65.38,15,0,0,0,1,2,0,47.06,61.54,0,0,,15,22,68.18,2,4,50.0,17,5.67,65.38,4,90,157,3,52.33,10.47,30.0,2/41,0,0,33.33,12,10,24.44,0,30,9.8,2,42,9.86,1,18,13.0,3,10.47,52.33,1,0,0
7dcb9bc9,M Shahrukh Khan,IPL,64,2021-04-12,2026-04-30,"Gujarat Titans, Punjab Kings",IPL,53,775,524,38,15,20.39,147.9,58,0,2,4,3,49,52,65.55,35.31,23,21,109.52,354,263,134.6,398,240,165.83,144,18.0,156.52,3,18,28,1,28.0,9.33,18.0,1/13,0,0,22.22,1,2,16.67,0,0,,1,12,10.5,0,6,7.0,1,9.33,28.0,28,1,0
64775749,RP Meredith,IPL,18,2021-04-12,2023-04-30,"Mumbai Indians, Punjab Kings",IPL,2,0,3,0,2,,0.0,0,0,0,0,0,0,0,,100.0,0,0,,0,0,,0,3,0.0,0,,0.0,18,388,612,19,32.21,9.46,20.42,2/24,0,0,37.89,63,26,22.94,2,108,8.72,5,150,8.56,12,130,11.12,10,9.93,35.4,2,0,0
26d76ad9,Virat Singh,IPL,3,2021-04-17,2021-04-25,Sunrisers Hyderabad,IPL,2,15,26,2,0,7.5,57.69,11,0,0,0,0,1,0,26.67,53.85,0,2,0.0,15,24,62.5,0,0,,15,7.5,57.69,0,0,0,0,,,,,0,0,,0,0,,0,0,,0,0,,0,0,,0,,,2,0,0
249abedf,Jalaj S Saxena,IPL,1,2021-04-18,2021-04-18,Punjab Kings,IPL,0,0,0,0,0,,,0,0,0,0,0,0,0,,,0,0,,0,0,,0,0,,0,,,1,18,27,0,,9.0,,0/27,0,0,27.78,4,0,22.22,0,6,10.0,0,12,8.5,0,0,,0,9.0,,0,0,0
d3611425,LI Meriwala,IPL,1,2021-04-18,2021-04-18,Delhi Capitals,IPL,0,0,0,0,0,,,0,0,0,0,0,0,0,,,0,0,,0,0,,0,0,,0,,,1,18,32,1,32.0,10.67,18.0,1/32,0,0,33.33,4,1,27.78,0,12,14.0,1,6,4.0,0,0,,1,10.67,32.0,0,0,0
60500956,RV Patel,IPL,10,2021-04-18,2023-05-10,Delhi Capitals,IPL,7,80,73,5,2,16.0,109.59,23,0,0,0,0,6,2,45.0,35.62,0,0,,28,31,90.32,52,42,123.81,80,16.0,109.59,1,18,22,0,,7.33,,0/22,0,0,27.78,2,0,11.11,0,0,,0,12,5.5,0,6,11.0,0,7.33,,2,0,0
b52ffbbd,FA Allen,IPL,5,2021-04-21,2022-04-16,"Mumbai Indians, Punjab Kings",IPL,3,14,19,2,1,7.0,73.68,8,0,0,0,0,1,0,28.57,47.37,0,0,,3,6,50.0,11,13,84.62,14,7.0,73.68,4,90,136,2,68.0,9.07,45.0,1/22,0,0,28.89,11,7,20.0,1,18,10.67,1,72,8.67,0,0,,2,9.07,68.0,2,0,0
dfc4d8b5,KW Richardson,IPL,15,2013-04-28,2021-04-22,"Pune Warriors, Rajasthan Royals, Royal Challengers Bangalore",IPL,4,36,39,3,1,12.0,92.31,26,0,0,0,0,2,1,38.89,43.59,0,0,,19,18,105.56,17,21,80.95,36,12.0,92.31,15,335,472,19,24.84,8.45,17.63,3/13,0,0,38.51,40,23,18.81,9,168,7.0,1,54,8.56,9,113,10.57,14,8.68,22.93,6,1,0
c8f5f961,Anuj Rawat,IPL,26,2021-05-02,2024-04-15,"Rajasthan Royals, Royal Challengers Bangalore, Royal Challengers Bengaluru",IPL,21,318,267,16,5,19.88,119.1,66,0,1,1,4,26,14,59.12,42.7,83,88,94.32,93,98,94.9,142,81,175.31,173,28.83,142.98,0,0,0,0,,,,,0,0,,0,0,,0,0,,0,0,,0,0,,0,,,16,2,0
ad9c32a2,DJ Malan,IPL,1,2021-05-02,2021-05-02,Punjab Kings,IPL,1,26,26,1,0,26.0,100.0,26,0,0,0,0,1,1,38.46,38.46,1,2,50.0,25,24,104.17,0,0,,26,26.0,100.0,0,0,0,0,,,,,0,0,,0,0,,0,0,,0,0,,0,0,,0,,,1,0,0
44a89551,KS Bharat,IPL,11,2021-09-20,2023-04-09,"Delhi Capitals, Royal Challengers Bangalore",IPL,8,199,163,7,1,28.43,122.09,78,0,1,2,1,12,8,48.24,34.97,65,59,110.17,102,85,120.0,32,19,168.42,199,28.43,122.09,0,0,0,0,,,,,0,0,,0,0,,0,0,,0,0,,0,0,,0,,,4,0,1
a97c8ec2,PWH de Silva,IPL,37,2021-09-20,2025-05-20,"Rajasthan Royals, Royal Challengers Bangalore",IPL,19,81,88,15,4,5.4,92.05,18,0,0,0,5,7,1,41.98,46.59,0,0,,25,35,71.43,56,53,105.66,42,6.0,97.67,37,798,1119,46,24.33,8.41,17.35,5/18,2,1,33.08,65,70,16.92,4,60,9.9,30,618,8.3,12,120,8.25,10,8.87,33.7,5,3,0
a24be938,VR Iyer,IPL,68,2021-09-20,2026-05-31,"Kolkata Knight Riders, Royal Challengers Bengaluru",IPL,62,1677,1181,53,9,31.64,142.0,104,1,13,10,2,157,78,65.35,37.93,691,499,138.48,769,547,140.59,217,135,160.74,282,35.25,166.86,9,81,143,3,47.67,10.59,27.0,2/29,0,0,18.52,12,7,23.46,0,0,,1,48,11.0,2,33,10.0,3,10.59,47.67,23,3,0
81c08fa3,Umran Malik,IPL,26,2021-10-03,2024-03-27,Sunrisers Hyderabad,IPL,6,23,16,2,4,11.5,143.75,19,0,0,0,2,1,2,69.57,50.0,0,0,,0,0,,23,16,143.75,23,11.5,143.75,26,493,772,29,26.62,9.4,17.0,5/25,1,1,41.58,93,29,24.75,0,30,19.0,23,390,8.48,6,73,10.36,6,11.05,42.67,6,2,0
b483905d,Akash Singh,IPL,12,2021-10-02,2026-05-19,"Chennai Super Kings, Lucknow Super Giants, Rajasthan Royals",IPL,0,0,0,0,0,,,0,0,0,0,0,0,0,,,0,0,,0,0,,0,0,,0,,,12,247,406,13,31.23,9.86,19.0,3/26,0,0,36.84,49,16,26.32,8,169,9.3,4,66,10.64,1,12,13.5,11,9.86,29.73,2,0,0
9a46c4e5,GD Phillips,IPL,15,2021-10-02,2026-04-20,"Gujarat Titans, Rajasthan Royals, Sunrisers Hyderabad",IPL,13,132,109,11,2,12.0,121.1,25,0,0,0,1,7,8,57.58,42.2,4,12,33.33,52,51,101.96,76,46,165.22,106,11.78,139.47,4,30,40,2,20.0,8.0,15.0,1/10,0,0,33.33,4,1,16.67,1,6,4.0,1,24,9.0,0,0,,2,8.0,20.0,10,0,0
6a26221c,AK Markram,IPL,69,2021-09-21,2026-05-15,"Lucknow Super Giants, Punjab Kings, Sunrisers Hyderabad",IPL,67,1671,1234,56,11,29.84,135.41,68,0,10,16,4,131,68,55.77,30.63,486,375,129.6,889,695,127.91,296,164,180.49,175,21.88,131.58,24,223,357,6,59.5,9.61,37.17,2/30,0,0,24.66,18,23,18.39,1,42,8.43,5,168,9.57,0,13,13.85,4,10.88,46.25,40,0,0
be869ccf,GHS Garton,IPL,5,2021-09-29,2021-10-11,Royal Challengers Bangalore,IPL,2,2,4,1,1,2.0,50.0,2,0,0,0,1,0,0,0.0,50.0,0,0,,0,0,,2,4,50.0,2,2.0,50.0,5,90,135,3,45.0,9.0,30.0,1/27,0,0,34.44,11,6,18.89,1,60,10.7,1,12,5.5,1,18,5.67,3,9.0,45.0,1,0,0
030f3089,K Yadav,IPL,3,2021-10-05,2023-05-07,Rajasthan Royals,IPL,1,0,4,0,1,,0.0,0,0,0,0,0,0,0,,100.0,0,0,,0,0,,0,4,0.0,0,,0.0,3,54,84,2,42.0,9.33,27.0,1/18,0,0,24.07,6,4,18.52,0,18,8.67,0,24,7.5,2,12,14.0,2,9.33,42.0,0,0,0
a03bba42,T Shamsi,IPL,5,2016-04-22,2021-09-25,"Rajasthan Royals, Royal Challengers Bangalore",IPL,1,2,4,0,1,,50.0,2,0,0,0,0,0,0,0.0,50.0,0,0,,0,0,,2,4,50.0,2,,50.0,5,120,181,3,60.33,9.05,40.0,1/21,0,0,23.33,14,8,18.33,0,0,,2,102,8.18,1,18,14.0,3,9.05,60.33,1,0,0
9eb1455b,NT Ellis,IPL,18,2021-09-25,2025-03-23,"Chennai Super Kings, Punjab Kings",IPL,5,19,25,4,1,4.75,76.0,12,0,0,0,2,0,1,31.58,52.0,0,0,,0,7,0.0,19,18,105.56,19,4.75,76.0,17,378,546,19,28.74,8.67,19.89,4/30,1,0,30.95,46,21,17.72,4,102,7.06,6,138,7.87,9,138,10.65,10,8.82,34.4,2,0,0
4663bd23,TL Seifert,IPL,6,2021-10-01,2026-04-26,"Delhi Capitals, Kolkata Knight Riders",IPL,6,45,41,6,0,7.5,109.76,21,0,0,0,2,6,1,66.67,53.66,43,37,116.22,0,0,,2,4,50.0,45,7.5,109.76,0,0,0,0,,,,,0,0,,0,0,,0,0,,0,0,,0,0,,0,,,3,1,1
249d60c9,AU Rashid,IPL,3,2021-09-21,2023-04-07,"Punjab Kings, Sunrisers Hyderabad",IPL,2,22,16,2,0,11.0,137.5,18,0,0,0,0,2,1,63.64,43.75,0,0,,18,13,138.46,4,3,133.33,22,11.0,137.5,3,60,91,2,45.5,9.1,30.0,2/23,0,0,33.33,4,7,18.33,0,0,,2,54,9.0,0,6,10.0,2,9.1,45.5,0,0,0
fdf7491e,IC Porel,IPL,1,2021-09-21,2021-09-21,Punjab Kings,IPL,0,0,0,0,0,,,0,0,0,0,0,0,0,,,0,0,,0,0,,0,0,,0,,,1,24,39,1,39.0,9.75,24.0,1/39,0,0,29.17,6,1,29.17,0,12,12.5,1,12,7.0,0,0,,1,9.75,39.0,0,0,0
f1f99156,TH David,IPL,66,2021-09-24,2026-05-31,"Mumbai Indians, Royal Challengers Bangalore, Royal Challengers Bengaluru",IPL,59,1151,650,35,24,32.89,177.08,70,0,2,14,4,76,83,69.68,29.69,0,0,,308,218,141.28,843,432,195.14,158,19.75,168.09,1,6,18,0,,18.0,,0/18,0,0,16.67,1,2,50.0,0,0,,0,6,18.0,0,0,,0,18.0,,32,4,0
df5a6881,DP Conway,IPL,29,2022-03-26,2025-05-25,Chennai Super Kings,IPL,28,1080,773,25,3,43.2,139.72,92,0,11,5,3,117,34,62.22,34.54,463,368,125.82,521,342,152.34,96,63,152.38,360,36.0,139.53,0,0,0,0,,,,,0,0,,0,0,,0,0,,0,0,,0,0,,0,,,10,1,0
b0482a1d,Tilak Varma,IPL,68,2022-03-27,2026-05-24,Mumbai Indians,IPL,65,1858,1284,52,13,35.73,144.7,101,1,10,18,2,143,91,60.17,31.39,192,164,117.07,1123,846,132.74,543,274,198.18,324,40.5,149.31,4,22,28,0,,7.64,,0/6,0,0,36.36,4,0,18.18,0,6,7.0,0,12,6.5,0,4,12.0,0,7.64,,44,4,0
0a67aec0,Akash Deep,IPL,14,2022-03-27,2025-05-22,"Lucknow Super Giants, Royal Challengers Bangalore, Royal Challengers Bengaluru",IPL,5,25,14,3,2,8.33,178.57,17,0,0,0,2,2,2,80.0,35.71,0,0,,5,2,250.0,20,12,166.67,25,8.33,178.57,14,278,548,10,54.8,11.83,27.8,3/45,0,0,32.01,48,33,29.14,5,120,10.95,3,114,11.16,2,44,15.95,5,12.73,80.2,3,0,0
23cca426,OF Smith,IPL,6,2022-03-27,2022-04-17,Punjab Kings,IPL,6,51,44,3,3,17.0,115.91,25,0,0,0,1,1,5,66.67,52.27,0,0,,3,9,33.33,48,35,137.14,51,17.0,115.91,6,90,178,6,29.67,11.87,15.0,4/30,1,0,38.89,12,16,31.11,1,18,7.0,2,54,12.44,3,18,15.0,6,11.87,29.67,2,1,0
6c882e9a,PBB Rajapaksa,IPL,13,2022-03-27,2023-05-08,Punjab Kings,IPL,13,277,191,13,0,21.31,145.03,50,0,1,4,1,22,15,64.26,36.65,77,48,160.42,194,135,143.7,6,8,75.0,194,19.4,125.16,0,0,0,0,,,,,0,0,,0,0,,0,0,,0,0,,0,0,,0,,,4,0,0
ba6b2f91,RA Bawa,IPL,12,2022-03-27,2026-05-14,"Mumbai Indians, Punjab Kings",IPL,4,35,32,3,1,11.67,109.38,16,0,0,0,1,2,0,22.86,40.62,0,1,0.0,11,13,84.62,24,18,133.33,35,11.67,109.38,2,24,50,2,25.0,12.5,12.0,1/11,0,0,29.17,2,3,20.83,0,0,,1,18,11.67,1,6,15.0,2,12.5,25.0,3,0,0
872b03f7,A Badoni,IPL,66,2022-03-28,2026-05-23,Lucknow Super Giants,IPL,56,1178,836,46,10,25.61,140.91,74,0,7,9,5,96,47,56.54,31.82,124,99,125.25,516,410,125.85,538,327,164.53,215,21.5,152.48,8,41,63,4,15.75,9.22,10.25,2/4,0,0,19.51,2,4,14.63,0,1,0.0,2,24,11.0,2,16,7.12,4,9.22,15.75,19,2,0
0890552f,A Manohar,IPL,28,2022-03-28,2025-05-25,"Gujarat Titans, Sunrisers Hyderabad",IPL,20,292,235,19,1,15.37,124.26,43,0,0,4,2,23,14,60.27,38.72,12,18,66.67,132,123,107.32,148,94,157.45,140,14.0,104.48,0,0,0,0,,,,,0,0,,0,0,,0,0,,0,0,,0,0,,0,,,16,2,0
afa7e784,MS Wade,IPL,15,2011-04-17,2024-05-10,"Delhi Daredevils, Gujarat Titans",IPL,14,183,177,14,0,13.07,103.39,35,0,0,2,0,23,2,56.83,48.02,113,98,115.31,70,79,88.61,0,0,,131,13.1,113.91,0,0,0,0,,,,,0,0,,0,0,,0,0,,0,0,,0,0,,0,,,8,1,1
c33d8116,Mohsin Khan,IPL,31,2022-03-28,2026-05-23,Lucknow Super Giants,IPL,7,25,28,5,2,5.0,89.29,13,0,0,0,3,2,1,56.0,57.14,0,0,,1,3,33.33,24,25,96.0,25,5.0,89.29,30,654,917,38,24.13,8.41,17.21,5/23,1,1,41.59,80,47,19.42,15,318,7.91,11,168,7.93,12,168,9.86,12,8.68,27.5,4,0,0
327b58d3,PVD Chameera,IPL,21,2022-03-28,2026-04-27,"Delhi Capitals, Kolkata Knight Riders, Lucknow Super Giants",IPL,11,53,45,4,7,13.25,117.78,17,0,0,0,2,3,3,56.6,42.22,0,0,,1,1,100.0,52,44,118.18,52,13.0,118.18,20,396,648,13,49.85,9.82,30.46,2/17,0,0,38.13,67,31,24.75,7,204,9.53,1,90,8.47,5,102,11.59,4,12.17,88.25,3,1,0
c5aef772,R Shepherd,IPL,33,2022-03-29,2026-05-31,"Lucknow Super Giants, Mumbai Indians, Royal Challengers Bengaluru, Sunrisers Hyderabad",IPL,19,268,153,11,8,24.36,175.16,53,0,1,1,2,18,22,76.12,37.25,0,0,,73,52,140.38,195,101,193.07,153,25.5,170.0,28,360,706,17,41.53,11.77,21.18,3/54,0,0,27.22,51,50,28.06,2,24,9.25,9,252,11.29,6,84,13.93,4,11.5,51.75,7,1,0
11614d87,D Pretorius,IPL,7,2022-03-31,2023-04-08,Chennai Super Kings,IPL,5,44,28,4,1,11.0,157.14,22,0,0,0,1,3,3,68.18,35.71,0,0,,0,0,,44,28,157.14,44,11.0,157.14,7,150,238,6,39.67,9.52,25.0,2/30,0,0,28.0,14,11,16.67,0,0,,4,78,7.08,2,72,12.17,6,9.52,39.67,3,1,0
765a4731,Mukesh Choudhary,IPL,24,2022-03-31,2026-05-21,Chennai Super Kings,IPL,3,8,8,1,2,8.0,100.0,4,0,0,0,0,1,0,50.0,50.0,0,0,,6,6,100.0,2,2,100.0,8,8.0,100.0,24,483,771,25,30.84,9.58,19.32,4/46,1,0,40.99,84,35,24.64,17,330,9.02,4,72,8.83,4,81,12.52,9,9.41,35.56,6,1,0
800d2d97,JM Sharma,IPL,71,2022-04-03,2026-05-31,"Punjab Kings, Royal Challengers Bengaluru",IPL,59,1107,726,48,11,23.06,152.48,85,0,1,10,3,86,68,67.93,36.78,13,23,56.52,615,440,139.77,479,263,182.13,111,15.86,129.07,0,0,0,0,,,,,0,0,,0,0,,0,0,,0,0,,0,0,,0,,,59,9,7
7c3b3b78,VG Arora,IPL,43,2022-04-03,2026-05-13,"Kolkata Knight Riders, Punjab Kings",IPL,11,10,27,4,7,2.5,37.04,2,0,0,0,3,0,0,0.0,66.67,0,0,,0,7,0.0,10,20,50.0,9,2.25,36.0,42,866,1406,47,29.91,9.74,18.43,3/27,0,0,35.33,156,55,24.36,22,540,9.06,6,102,11.65,19,224,10.53,11,10.26,35.45,11,3,0
844e79d1,D Brevis,IPL,28,2022-04-06,2026-05-21,"Chennai Super Kings, Mumbai Indians",IPL,24,606,415,24,0,25.25,146.02,57,0,2,9,3,38,43,67.66,37.83,87,76,114.47,431,298,144.63,88,41,214.63,250,25.0,150.6,1,3,8,1,8.0,16.0,3.0,1/8,0,0,33.33,2,0,66.67,0,0,,0,0,,1,3,16.0,1,16.0,8.0,21,1,0
d5130a30,B Sai Sudharsan,IPL,57,2022-04-08,2026-05-31,Gujarat Titans,IPL,57,2515,1686,52,5,48.37,149.17,108,3,20,15,1,258,83,60.83,29.18,1021,737,138.53,1186,800,148.25,308,149,206.71,487,54.11,159.15,0,0,0,0,,,,,0,0,,0,0,,0,0,,0,0,,0,0,,0,,,14,2,0
cd8d2859,DG Nalkande,IPL,6,2022-04-08,2024-04-07,Gujarat Titans,IPL,2,12,12,2,0,6.0,100.0,12,0,0,0,1,0,1,50.0,41.67,0,0,,12,11,109.09,0,1,0.0,12,6.0,100.0,6,84,148,6,24.67,10.57,14.0,2/21,0,0,26.19,10,8,21.43,0,12,11.0,5,54,10.67,1,18,10.0,6,10.57,24.67,2,0,0
f24c6701,M Theekshana,IPL,38,2022-04-09,2025-05-04,"Chennai Super Kings, Rajasthan Royals",IPL,6,17,34,3,3,5.67,50.0,7,0,0,0,1,0,1,35.29,64.71,0,0,,2,12,16.67,15,22,68.18,17,5.67,50.0,38,876,1207,36,33.53,8.27,24.33,4/33,1,0,29.68,93,45,15.75,10,312,8.54,14,408,7.75,12,156,9.08,9,9.42,39.78,4,2,0
26989d80,Shashank Singh,IPL,54,2022-04-09,2026-05-23,"Punjab Kings, Sunrisers Hyderabad",IPL,42,905,560,25,17,36.2,161.61,68,0,6,6,3,67,51,63.43,27.68,34,25,136.0,359,273,131.5,512,262,195.42,193,32.17,193.0,8,90,140,5,28.0,9.33,18.0,2/20,0,0,23.33,12,5,18.89,0,0,,4,72,8.08,1,18,14.33,5,9.33,28.0,18,1,0
be24ead0,Ramandeep Singh,IPL,42,2022-04-09,2026-05-16,"Kolkata Knight Riders, Mumbai Indians",IPL,26,299,205,16,10,18.69,145.85,35,0,0,2,1,17,19,60.87,33.66,2,3,66.67,125,112,111.61,172,90,191.11,100,12.5,125.0,6,56,94,7,13.43,10.07,8.0,3/20,0,0,23.21,6,4,17.86,0,0,,2,24,9.25,5,32,10.69,7,10.07,13.43,18,2,0
9948e262,HE van der Dussen,IPL,3,2022-04-10,2022-05-11,Rajasthan Royals,IPL,3,22,24,2,1,11.0,91.67,12,0,0,0,0,2,0,36.36,45.83,0,0,,10,14,71.43,12,10,120.0,22,11.0,91.67,0,0,0,0,,,,,0,0,,0,0,,0,0,,0,0,,0,0,,0,,,0,1,0
2e78f685,KR Sen,IPL,12,2022-04-10,2024-04-16,Rajasthan Royals,IPL,1,0,3,0,1,,0.0,0,0,0,0,0,0,0,,100.0,0,0,,0,0,,0,3,0.0,0,,0.0,12,241,387,14,27.64,9.63,17.21,4/20,1,0,34.44,41,16,23.65,2,42,8.71,8,138,8.26,4,61,13.38,12,9.36,25.08,4,0,0
9385de2e,SS Prabhudessai,IPL,13,2022-04-12,2024-04-21,"Royal Challengers Bangalore, Royal Challengers Bengaluru",IPL,10,126,106,10,0,12.6,118.87,34,0,0,1,1,11,4,53.97,46.23,8,12,66.67,94,74,127.03,24,20,120.0,126,12.6,118.87,0,0,0,0,,,,,0,0,,0,0,,0,0,,0,0,,0,0,,0,,,5,3,0
7210d461,Yash Dayal,IPL,43,2022-04-14,2025-06-03,"Gujarat Titans, Royal Challengers Bengaluru",IPL,4,4,9,3,1,1.33,44.44,3,0,0,0,2,0,0,0.0,66.67,0,0,,0,1,0.0,4,8,50.0,4,1.33,44.44,43,871,1390,41,33.9,9.58,21.24,3/20,0,0,35.25,139,58,22.62,16,438,9.42,9,205,8.4,16,228,10.92,7,9.82,45.14,8,2,0
378daa89,Aman Hakim Khan,IPL,12,2022-04-15,2023-05-20,"Delhi Capitals, Kolkata Knight Riders",IPL,10,115,104,9,1,12.78,110.58,51,0,1,0,1,8,6,59.13,48.08,4,5,80.0,52,58,89.66,59,41,143.9,115,12.78,110.58,1,6,13,0,,13.0,,0/13,0,0,16.67,1,1,33.33,0,0,,0,6,13.0,0,0,,0,13.0,,9,0,0
529eb9e0,OC McCoy,IPL,8,2022-04-18,2023-05-07,Rajasthan Royals,IPL,1,8,5,1,0,8.0,160.0,8,0,0,0,0,0,1,75.0,40.0,0,0,,0,0,,8,5,160.0,8,8.0,160.0,8,161,250,11,22.73,9.32,14.64,3/23,0,0,30.43,20,9,18.01,0,12,7.0,3,84,9.93,8,65,8.95,11,9.32,22.73,1,0,0
0c9652b0,HR Shokeen,IPL,13,2022-04-21,2023-05-24,Mumbai Indians,IPL,5,66,65,3,2,22.0,101.54,25,0,0,0,0,9,0,54.55,47.69,1,5,20.0,42,43,97.67,23,17,135.29,66,22.0,101.54,13,204,314,5,62.8,9.24,40.8,2/34,0,0,38.24,20,20,19.61,2,54,7.44,2,144,9.29,1,6,24.0,3,9.32,77.67,5,1,0
eade4650,DJ Mitchell,IPL,15,2022-04-26,2024-05-18,"Chennai Super Kings, Rajasthan Royals",IPL,15,351,267,13,2,27.0,131.46,63,0,2,2,0,28,10,49.0,28.09,97,78,124.36,208,151,137.75,46,38,121.05,238,26.44,149.69,4,48,97,1,97.0,12.12,48.0,1/18,0,0,10.42,9,4,27.08,0,0,,1,48,12.12,0,0,,1,12.12,97.0,11,0,0
ff1e68fa,B Indrajith,IPL,3,2022-04-28,2022-05-07,Kolkata Knight Riders,IPL,3,21,30,3,0,7.0,70.0,15,0,0,0,1,2,0,38.1,56.67,19,27,70.37,2,3,66.67,0,0,,21,7.0,70.0,0,0,0,0,,,,,0,0,,0,0,,0,0,,0,0,,0,0,,0,,,1,1,0
77b1aa15,Harshit Rana,IPL,33,2022-04-28,2025-05-25,Kolkata Knight Riders,IPL,10,59,56,6,4,9.83,105.36,34,0,0,1,1,5,3,64.41,57.14,0,0,,29,22,131.82,30,34,88.24,59,9.83,105.36,32,649,1029,40,25.73,9.51,16.23,3/24,0,0,38.06,99,56,23.88,16,294,9.55,10,198,9.3,14,157,9.71,13,10.06,27.08,12,0,0
f6d8a7ab,K Kartikeya,IPL,16,2022-04-30,2025-05-01,"Mumbai Indians, Rajasthan Royals",IPL,4,12,17,4,0,3.0,70.59,6,0,0,0,0,1,0,33.33,52.94,0,0,,2,4,50.0,10,13,76.92,12,3.0,70.59,16,282,407,12,33.92,8.66,23.5,2/22,0,0,30.14,25,23,17.02,1,6,16.0,11,252,8.14,0,24,12.25,5,9.31,48.4,1,0,0
30df8c66,Simarjeet Singh,IPL,14,2022-05-01,2025-04-06,"Chennai Super Kings, Sunrisers Hyderabad",IPL,6,10,15,3,3,3.33,66.67,3,0,0,0,2,0,0,0.0,46.67,0,0,,2,3,66.67,8,12,66.67,10,3.33,66.67,14,240,400,11,36.36,10.0,21.82,3/26,0,0,42.5,36,25,25.42,5,126,9.76,5,78,10.08,1,36,10.67,8,10.93,38.25,3,1,0
1a2676c5,SA Abbott,IPL,3,2015-04-11,2022-05-05,"Royal Challengers Bangalore, Sunrisers Hyderabad",IPL,3,22,18,3,0,7.33,122.22,14,0,0,0,0,1,2,72.73,55.56,0,0,,0,3,0.0,22,15,146.67,22,7.33,122.22,3,54,104,1,104.0,11.56,54.0,1/47,0,0,24.07,13,3,29.63,1,30,11.0,0,18,10.33,0,6,18.0,1,11.56,104.0,1,0,0
e9c7f0d0,Fazalhaq Farooqi,IPL,12,2022-05-08,2025-05-18,"Rajasthan Royals, Sunrisers Hyderabad",IPL,3,5,15,0,3,,33.33,2,0,0,0,0,0,0,0.0,66.67,0,0,,0,0,,5,15,33.33,5,,33.33,12,254,437,6,72.83,10.32,42.33,2/32,0,0,31.5,55,12,26.38,3,132,8.91,2,72,9.83,1,50,14.76,6,10.46,59.83,1,0,0
39ed0d2f,KS Sharma,IPL,3,2022-05-10,2023-05-20,Lucknow Super Giants,IPL,3,16,25,3,0,5.33,64.0,9,0,0,0,0,1,0,25.0,48.0,10,15,66.67,6,10,60.0,0,0,,16,5.33,64.0,0,0,0,0,,,,,0,0,,0,0,,0,0,,0,0,,0,0,,0,,,0,0,0
c7a995d3,R Sai Kishore,IPL,28,2022-05-10,2026-05-29,Gujarat Titans,IPL,4,18,16,4,0,4.5,112.5,13,0,0,0,0,0,2,66.67,50.0,0,0,,0,0,,18,16,112.5,18,4.5,112.5,27,465,697,33,21.12,8.99,14.09,4/33,1,0,29.25,37,44,17.42,1,18,11.0,23,366,8.54,9,81,10.59,9,10.21,29.11,10,0,0
85b3fab2,T Stubbs,IPL,47,2022-05-12,2026-05-24,"Delhi Capitals, Mumbai Indians",IPL,44,986,649,25,19,39.44,151.93,71,0,5,11,2,69,47,56.59,24.81,46,41,112.2,394,333,118.32,546,275,198.55,226,32.29,129.89,5,36,69,4,17.25,11.5,9.0,2/11,0,0,33.33,4,6,27.78,0,0,,4,30,12.8,0,6,5.0,4,11.5,17.25,24,1,1
64839cb3,M Pathirana,IPL,33,2022-05-15,2026-05-16,"Chennai Super Kings, Kolkata Knight Riders",IPL,0,0,0,0,0,,,0,0,0,0,0,0,0,,,0,0,,0,0,,0,0,,0,,,33,710,1025,47,21.81,8.66,15.11,4/28,1,0,33.8,73,39,15.77,0,8,6.75,14,300,8.04,33,402,9.16,8,10.84,42.25,9,0,0
c695b423,PH Solanki,IPL,2,2022-05-15,2022-05-20,Chennai Super Kings,IPL,0,0,0,0,0,,,0,0,0,0,0,0,0,,,0,0,,0,0,,0,0,,0,,,2,36,38,2,19.0,6.33,18.0,2/20,0,0,30.56,1,2,8.33,0,0,,1,24,5.75,1,12,7.5,2,6.33,19.0,0,0,0
33ffc3dd,R Sanjay Yadav,IPL,1,2022-05-17,2022-05-17,Mumbai Indians,IPL,1,0,2,1,0,0.0,0.0,0,0,0,0,1,0,0,,100.0,0,0,,0,0,,0,2,0.0,0,0.0,0.0,1,12,23,0,,11.5,,0/23,0,0,50.0,3,1,33.33,0,6,8.0,0,6,15.0,0,0,,0,11.5,,0,0,0
aa5d8c9e,A Tomar,IPL,1,2022-05-18,2022-05-18,Kolkata Knight Riders,IPL,1,4,8,1,0,4.0,50.0,4,0,0,0,0,1,0,100.0,87.5,4,8,50.0,0,0,,0,0,,4,4.0,50.0,0,0,0,0,,,,,0,0,,0,0,,0,0,,0,0,,0,0,,0,,,0,0,0
663b5e34,PN Mankad,IPL,9,2022-05-22,2023-05-24,"Lucknow Super Giants, Punjab Kings",IPL,5,97,73,3,2,32.33,132.88,64,0,1,0,1,13,2,65.98,41.1,45,38,118.42,34,24,141.67,18,11,163.64,97,32.33,132.88,0,0,0,0,,,,,0,0,,0,0,,0,0,,0,0,,0,0,,0,,,3,0,0
9061a703,J Little,IPL,11,2023-03-31,2024-05-04,Gujarat Titans,IPL,0,0,0,0,0,,,0,0,0,0,0,0,0,,,0,0,,0,0,,0,0,,0,,,11,228,339,11,30.82,8.92,20.73,4/45,1,0,35.96,30,16,20.18,3,78,9.31,8,96,8.06,0,54,9.89,10,8.76,29.8,5,0,0
c3c92b42,RS Hangargekar,IPL,2,2023-03-31,2023-04-03,Chennai Super Kings,IPL,0,0,0,0,0,,,0,0,0,0,0,0,0,,,0,0,,0,0,,0,0,,0,,,2,36,60,3,20.0,10.0,12.0,3/36,0,0,38.89,6,2,22.22,1,6,12.0,1,18,10.67,1,12,8.0,3,10.0,20.0,0,0,0
0bacade8,Rahmanullah Gurbaz,IPL,18,2023-04-01,2025-05-07,Kolkata Knight Riders,IPL,18,363,269,17,1,21.35,134.94,81,0,2,2,2,34,22,73.83,49.07,252,195,129.23,111,73,152.05,0,1,0.0,165,18.33,126.92,0,0,0,0,,,,,0,0,,0,0,,0,0,,0,0,,0,0,,0,,,17,1,0
26d041c4,Sikandar Raza,IPL,9,2023-04-01,2024-04-09,Punjab Kings,IPL,9,182,136,7,2,26.0,133.82,57,0,1,1,0,12,8,52.75,38.24,8,9,88.89,127,93,136.56,47,34,138.24,182,26.0,133.82,7,84,141,3,47.0,10.07,28.0,1/19,0,0,25.0,15,4,22.62,0,12,14.0,3,72,9.42,0,0,,3,10.07,47.0,5,0,0
73c18486,KR Mayers,IPL,13,2023-04-01,2023-05-24,Lucknow Super Giants,IPL,13,379,263,13,0,29.15,144.11,73,0,4,1,2,38,22,74.93,48.67,282,205,137.56,97,58,167.24,0,0,,240,24.0,126.98,6,42,59,0,,8.43,,0/4,0,0,33.33,8,0,19.05,0,36,7.17,0,6,16.0,0,0,,0,8.43,,2,0,0
2cffab74,Mukesh Kumar,IPL,42,2023-04-01,2026-05-17,Delhi Capitals,IPL,5,10,18,1,4,10.0,55.56,6,0,0,0,0,0,0,0.0,44.44,0,0,,0,0,,10,18,55.56,10,10.0,55.56,42,824,1455,42,34.64,10.59,19.62,4/33,1,0,32.77,149,72,26.82,11,366,9.56,12,176,9.65,19,282,12.53,6,11.27,58.83,12,4,0
cad00a4d,RR Rossouw,IPL,23,2014-05-04,2024-05-19,"Delhi Capitals, Punjab Kings, Royal Challengers Bangalore",IPL,22,473,308,20,2,23.65,153.57,82,0,2,5,4,45,25,69.77,37.66,139,99,140.4,252,170,148.24,82,39,210.26,293,32.56,190.26,0,0,0,0,,,,,0,0,,0,0,,0,0,,0,0,,0,0,,0,,,9,0,0
4ae1755b,HC Brook,IPL,11,2023-04-02,2023-05-21,Sunrisers Hyderabad,IPL,11,190,154,9,2,21.11,123.38,100,1,0,0,3,23,4,61.05,42.21,96,84,114.29,58,45,128.89,36,25,144.0,177,22.12,133.08,0,0,0,0,,,,,0,0,,0,0,,0,0,,0,0,,0,0,,0,,,3,0,0
12314277,Arshad Khan,IPL,27,2023-04-02,2026-05-31,"Gujarat Titans, Lucknow Super Giants, Mumbai Indians",IPL,13,147,99,7,6,21.0,148.48,58,0,1,0,1,7,11,63.95,37.37,0,0,,54,36,150.0,93,63,147.62,129,25.8,153.57,25,376,693,18,38.5,11.06,20.89,3/22,0,0,36.44,77,34,29.52,7,186,10.39,5,96,10.38,6,94,13.09,9,10.06,30.56,9,0,0
eaa76d3c,C Green,IPL,43,2023-04-02,2026-05-24,"Kolkata Knight Riders, Mumbai Indians, Royal Challengers Bengaluru",IPL,42,1029,681,27,15,38.11,151.1,100,1,4,13,1,84,49,61.22,29.52,257,171,150.29,507,365,138.9,265,145,182.76,266,38.0,145.36,39,571,898,23,39.04,9.44,24.83,2/12,0,0,33.63,79,45,21.72,5,156,9.88,13,306,8.35,5,109,11.83,7,10.64,33.43,18,3,0
e38bce7a,MG Bracewell,IPL,5,2023-04-02,2023-05-21,Royal Challengers Bangalore,IPL,4,58,47,2,2,29.0,123.4,26,0,0,0,0,6,1,51.72,31.91,2,2,100.0,43,32,134.38,13,13,100.0,58,29.0,123.4,5,66,95,6,15.83,8.64,11.0,2/13,0,0,39.39,7,6,19.7,3,12,6.5,3,54,9.11,0,0,,6,8.64,15.83,1,0,0
d1a60072,N Wadhera,IPL,45,2023-04-02,2026-05-03,"Mumbai Indians, Punjab Kings",IPL,37,784,560,33,4,23.76,140.0,70,0,4,6,2,64,43,65.56,37.68,53,50,106.0,577,420,137.38,154,90,171.11,138,15.33,118.97,2,17,22,0,,7.76,,0/9,0,0,17.65,1,1,11.76,0,0,,0,12,6.5,0,5,10.8,0,7.76,,14,1,0
8db7f47f,RJW Topley,IPL,6,2023-04-02,2025-06-01,"Mumbai Indians, Royal Challengers Bangalore, Royal Challengers Bengaluru",IPL,1,3,6,0,1,,50.0,3,0,0,0,0,0,0,0.0,50.0,0,0,,0,0,,3,6,50.0,3,,50.0,6,120,222,5,44.4,11.1,24.0,2/27,0,0,36.67,23,13,30.0,2,60,9.1,1,30,12.4,2,30,13.8,5,11.1,44.4,2,0,0
4b31f3a3,Yash Thakur,IPL,22,2023-04-03,2026-05-11,"Lucknow Super Giants, Punjab Kings",IPL,0,0,0,0,0,,,0,0,0,0,0,0,0,,,0,0,,0,0,,0,0,,0,,,22,467,825,27,30.56,10.6,17.3,5/30,1,1,31.26,69,46,24.63,8,120,10.25,5,160,9.56,14,187,11.71,8,12.09,53.12,2,1,0
ad3b6e95,Abishek Porel,IPL,36,2023-04-04,2026-05-24,Delhi Capitals,IPL,33,769,529,30,3,25.63,145.37,65,0,4,10,2,80,28,63.46,33.46,382,259,147.49,325,234,138.89,62,36,172.22,235,23.5,134.29,0,0,0,0,,,,,0,0,,0,0,,0,0,,0,0,,0,0,,0,,,9,3,0
bcf325d2,Dhruv Jurel,IPL,57,2023-04-05,2026-05-29,Rajasthan Royals,IPL,51,1195,775,38,13,31.45,154.19,81,0,10,9,5,98,62,63.93,30.32,151,93,162.37,559,403,138.71,485,279,173.84,334,37.11,147.14,0,0,0,0,,,,,0,0,,0,0,,0,0,,0,0,,0,0,,0,,,37,5,1
a90e53ec,MW Short,IPL,10,2023-04-05,2026-05-21,"Chennai Super Kings, Punjab Kings",IPL,9,177,143,9,0,19.67,123.78,36,0,0,3,0,21,5,64.41,44.76,138,103,133.98,39,39,100.0,0,1,0.0,177,19.67,123.78,5,43,64,0,,8.93,,0/1,0,0,37.21,5,4,20.93,0,30,10.4,0,13,5.54,0,0,,0,8.93,,5,0,0
9440ef41,Suyash Sharma,IPL,39,2023-04-06,2026-05-22,"Kolkata Knight Riders, Royal Challengers Bengaluru",IPL,0,0,0,0,0,,,0,0,0,0,0,0,0,,,0,0,,0,0,,0,0,,0,,,39,803,1190,27,44.07,8.89,29.74,3/17,0,0,31.01,94,60,19.18,3,18,7.33,20,690,8.89,4,95,9.22,7,9.67,46.71,2,1,0
8361e524,SSB Magala,IPL,2,2023-04-08,2023-04-12,Chennai Super Kings,IPL,0,0,0,0,0,,,0,0,0,0,0,0,0,,,0,0,,0,0,,0,0,,0,,,2,36,51,1,51.0,8.5,36.0,1/37,0,0,13.89,5,0,13.89,0,12,14.0,0,12,7.0,1,12,4.5,1,8.5,51.0,1,0,0
9a5f2863,Mohit Rathee,IPL,1,2023-04-09,2023-04-09,Punjab Kings,IPL,1,1,2,0,1,,50.0,1,0,0,0,0,0,0,0.0,50.0,0,0,,0,0,,1,2,50.0,1,,50.0,1,12,29,0,,14.5,,0/29,0,0,25.0,3,2,41.67,0,0,,0,12,14.5,0,0,,0,14.5,,0,0,0
3a60e0b5,WD Parnell,IPL,34,2011-04-10,2023-05-21,"Delhi Daredevils, Pune Warriors, Royal Challengers Bangalore",IPL,13,65,80,10,3,6.5,81.25,16,0,0,0,0,4,1,33.85,46.25,11,14,78.57,5,8,62.5,49,58,84.48,45,5.62,77.59,33,723,937,35,26.77,7.78,20.66,3/10,0,0,40.94,102,24,17.43,16,372,7.48,3,120,6.9,16,231,8.7,12,8.94,27.08,9,1,0
dd7e9b3b,YV Dhull,IPL,5,2023-04-11,2023-05-20,Delhi Capitals,IPL,3,16,23,3,0,5.33,69.57,13,0,0,0,0,1,0,25.0,43.48,2,9,22.22,14,14,100.0,0,0,,16,5.33,69.57,0,0,0,0,,,,,0,0,,0,0,,0,0,,0,0,,0,0,,0,,,2,0,0
54e52590,Vijaykumar Vyshak,IPL,26,2023-04-15,2026-05-23,"Punjab Kings, Royal Challengers Bangalore, Royal Challengers Bengaluru",IPL,6,16,16,2,4,8.0,100.0,13,0,0,0,2,0,1,37.5,37.5,0,0,,0,0,,16,16,100.0,16,8.0,100.0,25,519,906,26,34.85,10.47,19.96,3/20,0,0,27.36,69,49,22.74,2,78,11.31,13,318,9.53,11,123,12.39,10,10.29,36.0,6,2,0
1ac746c8,Atharva Taide,IPL,10,2023-04-15,2025-05-19,"Punjab Kings, Sunrisers Hyderabad",IPL,10,260,177,10,0,26.0,146.89,66,0,2,1,1,30,8,64.62,35.59,157,103,152.43,103,74,139.19,0,0,,260,26.0,146.89,1,1,4,0,,24.0,,0/4,0,0,0.0,1,0,100.0,0,0,,0,0,,0,1,24.0,0,24.0,,5,0,0
28c78fb3,Harpreet Singh,IPL,9,2010-03-22,2024-04-21,"Kolkata Knight Riders, Pune Warriors, Punjab Kings",IPL,8,123,119,7,1,17.57,103.36,41,0,0,1,0,10,3,47.15,41.18,30,29,103.45,43,52,82.69,50,38,131.58,123,17.57,103.36,0,0,0,0,,,,,0,0,,0,0,,0,0,,0,0,,0,0,,0,,,3,0,0
4885bbe6,Yudhvir Singh,IPL,9,2023-04-15,2025-05-20,"Lucknow Super Giants, Rajasthan Royals",IPL,4,22,16,4,0,5.5,137.5,14,0,0,0,1,1,2,72.73,50.0,0,0,,2,4,50.0,20,12,166.67,22,5.5,137.5,9,138,253,8,31.62,11.0,17.25,3/47,0,0,39.13,28,13,29.71,6,84,10.29,1,36,12.17,1,18,12.0,8,11.0,31.62,0,0,0
44aac2f0,Arjun Tendulkar,IPL,6,2023-04-16,2026-05-23,"Lucknow Super Giants, Mumbai Indians",IPL,2,18,14,1,1,18.0,128.57,13,0,0,0,0,0,1,33.33,21.43,0,0,,0,0,,18,14,128.57,18,18.0,128.57,6,97,150,4,37.5,9.28,24.25,1/9,0,0,37.11,14,6,20.62,1,54,6.11,2,26,12.69,1,17,14.12,4,9.28,37.5,1,0,0
8dc152d1,D Jansen,IPL,1,2023-04-16,2023-04-16,Mumbai Indians,IPL,0,0,0,0,0,,,0,0,0,0,0,0,0,,,0,0,,0,0,,0,0,,0,,,1,24,53,1,53.0,13.25,24.0,1/53,0,0,25.0,3,4,29.17,0,6,16.0,0,6,13.0,1,12,12.0,1,13.25,53.0,2,0,0
efc04be7,Noor Ahmad,IPL,51,2023-04-16,2026-05-21,"Chennai Super Kings, Gujarat Titans",IPL,15,31,58,11,4,2.82,53.45,8,0,0,0,2,2,1,45.16,68.97,0,0,,3,17,17.65,28,41,68.29,18,2.57,45.0,51,1098,1495,61,24.51,8.17,18.0,4/18,2,0,32.6,102,67,15.39,2,60,9.2,46,887,8.08,13,151,8.26,12,7.39,23.42,13,1,0
c0c411cb,Naveen-ul-Haq,IPL,18,2023-04-19,2024-05-17,Lucknow Super Giants,IPL,4,18,25,1,3,18.0,72.0,13,0,0,0,0,2,0,44.44,60.0,0,0,,1,5,20.0,17,20,85.0,18,18.0,72.0,17,387,591,25,23.64,9.16,15.48,4/38,1,0,34.37,54,24,20.16,5,144,9.67,8,84,7.36,12,159,9.66,14,10.19,26.57,6,1,0
aa8d28ae,D Wiese,IPL,19,2015-04-19,2023-04-29,"Kolkata Knight Riders, Royal Challengers Bangalore",IPL,11,148,101,5,6,29.6,146.53,47,0,0,1,0,12,7,60.81,29.7,0,0,,23,24,95.83,125,77,162.34,101,20.2,132.89,15,296,440,16,27.5,8.92,18.5,4/33,1,0,27.7,47,11,19.59,6,72,7.08,3,162,9.26,7,62,10.16,8,9.25,37.0,8,0,0
0404d43c,Liton Das,IPL,1,2023-04-20,2023-04-20,Kolkata Knight Riders,IPL,1,4,4,1,0,4.0,100.0,4,0,0,0,0,1,0,100.0,75.0,4,4,100.0,0,0,,0,0,,4,4.0,100.0,0,0,0,0,,,,,0,0,,0,0,,0,0,,0,0,,0,0,,0,,,0,0,0
3d284ca3,PD Salt,IPL,40,2023-04-20,2026-04-18,"Delhi Capitals, Kolkata Knight Riders, Royal Challengers Bengaluru",IPL,40,1258,721,37,3,34.0,174.48,89,0,12,7,4,138,67,75.83,35.78,840,488,172.13,383,214,178.97,35,19,184.21,366,40.67,176.81,0,0,0,0,,,,,0,0,,0,0,,0,0,,0,0,,0,0,,0,,,32,6,0
a457cfb5,Mayank Dagar,IPL,8,2023-04-21,2024-04-06,"Royal Challengers Bengaluru, Sunrisers Hyderabad",IPL,1,0,1,1,0,0.0,0.0,0,0,0,0,1,0,0,,100.0,0,0,,0,0,,0,1,0.0,0,0.0,0.0,8,137,203,2,101.5,8.89,68.5,1/23,0,0,31.39,14,11,18.25,0,12,14.5,2,108,8.44,0,17,7.76,2,8.89,101.5,3,0,0
cc777ffa,Abdul Basith,IPL,1,2023-04-23,2023-04-23,Rajasthan Royals,IPL,1,1,1,0,1,,100.0,1,0,0,0,0,0,0,0.0,0.0,0,0,,0,0,,1,1,100.0,1,,100.0,0,0,0,0,,,,,0,0,,0,0,,0,0,,0,0,,0,0,,0,,,0,0,0
99258814,Gurnoor Brar,IPL,1,2023-04-28,2023-04-28,Punjab Kings,IPL,0,0,0,0,0,,,0,0,0,0,0,0,0,,,0,0,,0,0,,0,0,,0,,,1,18,42,0,,14.0,,0/42,0,0,38.89,4,3,38.89,0,12,9.0,0,6,24.0,0,0,,0,14.0,,0,0,0
4d7f517e,AJ Hosein,IPL,8,2023-04-29,2026-05-18,"Chennai Super Kings, Sunrisers Hyderabad",IPL,3,21,13,0,3,,161.54,16,0,0,0,0,1,1,47.62,23.08,0,0,,0,0,,21,13,161.54,21,,161.54,8,172,238,9,26.44,8.3,19.11,4/17,1,0,36.63,18,13,18.02,3,84,8.79,5,78,7.77,1,10,8.4,9,8.3,26.44,2,0,0
cbf58a86,SK Rasheed,IPL,6,2023-04-30,2025-05-03,Chennai Super Kings,IPL,5,71,63,5,0,14.2,112.7,27,0,0,0,1,9,2,67.61,53.97,69,60,115.0,2,3,66.67,0,0,,71,14.2,112.7,0,0,0,0,,,,,0,0,,0,0,,0,0,,0,0,,0,0,,0,,,1,0,0
6ab96cc2,Sonu Yadav,IPL,1,2023-05-01,2023-05-01,,IPL,0,0,0,0,0,,,0,0,0,0,0,0,0,,,0,0,,0,0,,0,0,,0,,,0,0,0,0,,,,,0,0,,0,0,,0,0,,0,0,,0,0,,0,,,0,0,0
4bd09374,Akash Madhwal,IPL,17,2023-05-03,2025-05-20,"Mumbai Indians, Rajasthan Royals",IPL,2,8,14,0,2,,57.14,4,0,0,0,0,0,0,0.0,50.0,0,0,,2,5,40.0,6,9,66.67,8,,57.14,17,352,590,23,25.65,10.06,15.3,5/5,1,1,29.83,55,25,22.73,5,78,8.08,9,138,10.0,9,136,11.25,10,11.38,42.3,1,1,0
266849c1,R Goyal,IPL,1,2023-05-06,2023-05-06,Mumbai Indians,IPL,0,0,0,0,0,,,0,0,0,0,0,0,0,,,0,0,,0,0,,0,0,,0,,,1,24,33,0,,8.25,,0/33,0,0,25.0,1,2,12.5,0,0,,0,24,8.25,0,0,,0,8.25,,1,0,0
a343262c,JE Root,IPL,3,2023-05-07,2023-05-14,Rajasthan Royals,IPL,1,10,15,1,0,10.0,66.67,10,0,0,0,0,1,0,40.0,53.33,10,15,66.67,0,0,,0,0,,10,10.0,66.67,1,12,14,0,,7.0,,0/14,0,0,8.33,1,0,8.33,0,0,,0,12,7.0,0,0,,0,7.0,,2,0,0
1b7b0fa7,Vivrant Sharma,IPL,3,2023-05-07,2023-05-21,Sunrisers Hyderabad,IPL,1,69,47,1,0,69.0,146.81,69,0,1,0,0,9,2,69.57,34.04,27,24,112.5,42,23,182.61,0,0,,69,69.0,146.81,2,18,37,0,,12.33,,0/18,0,0,27.78,1,3,22.22,0,0,,0,18,12.33,0,0,,0,12.33,,0,0,0
a3ecf01f,RS Sodhi,IPL,5,2010-04-09,2023-05-12,Kings XI Punjab,IPL,1,4,2,0,1,,200.0,4,0,0,0,0,1,0,100.0,50.0,0,0,,0,0,,4,2,200.0,4,,200.0,0,0,0,0,,,,,0,0,,0,0,,0,0,,0,0,,0,0,,0,,,2,0,0
3ff033bb,MD Shanaka,IPL,10,2023-05-15,2026-05-29,"Gujarat Titans, Rajasthan Royals",IPL,8,89,72,7,1,12.71,123.61,29,0,0,0,1,5,5,56.18,41.67,0,1,0.0,57,45,126.67,32,26,123.08,89,12.71,123.61,3,36,60,1,60.0,10.0,36.0,1/29,0,0,19.44,5,2,19.44,0,0,,1,30,10.8,0,6,6.0,1,10.0,60.0,4,0,0
b0f2baf4,Sanvir Singh,IPL,6,2023-05-15,2024-05-21,Sunrisers Hyderabad,IPL,5,25,21,2,3,12.5,119.05,8,0,0,0,1,2,1,56.0,38.1,7,5,140.0,0,2,0.0,18,14,128.57,25,12.5,119.05,0,0,0,0,,,,,0,0,,0,0,,0,0,,0,0,,0,0,,0,,,3,0,0
aad0c365,Nithish Kumar Reddy,IPL,42,2023-05-18,2026-05-27,Sunrisers Hyderabad,IPL,35,787,541,27,8,29.15,145.47,76,0,3,8,1,50,46,60.48,31.79,75,84,89.29,476,337,141.25,236,120,196.67,206,29.43,182.3,26,325,577,13,44.38,10.65,25.0,2/17,0,0,28.31,48,31,24.31,3,84,10.0,6,198,10.36,4,43,13.26,6,10.54,42.17,23,2,0
f0af99a7,D Ferreira,IPL,20,2023-05-19,2026-05-29,"Delhi Capitals, Rajasthan Royals",IPL,16,326,191,12,4,27.17,170.68,69,0,2,3,1,26,23,74.23,37.17,14,11,127.27,120,86,139.53,192,94,204.26,240,40.0,195.12,3,18,41,1,41.0,13.67,18.0,1/14,0,0,11.11,3,3,33.33,0,0,,1,12,12.5,0,6,16.0,1,13.67,41.0,14,0,0
52294a79,H Sharma,IPL,2,2023-05-21,2024-04-06,"Royal Challengers Bangalore, Royal Challengers Bengaluru",IPL,0,0,0,0,0,,,0,0,0,0,0,0,0,,,0,0,,0,0,,0,0,,0,,,2,30,57,0,,11.4,,0/28,0,0,6.67,6,2,26.67,0,0,,0,30,11.4,0,0,,0,11.4,,0,0,0
0edcb652,Subhransu Senapati,IPL,1,2023-05-23,2023-05-23,,IPL,0,0,0,0,0,,,0,0,0,0,0,0,0,,,0,0,,0,0,,0,0,,0,,,0,0,0,0,,,,,0,0,,0,0,,0,0,,0,0,,0,0,,0,,,0,0,0
ba5e1069,R Ravindra,IPL,18,2024-03-22,2025-04-20,Chennai Super Kings,IPL,18,413,287,17,1,24.29,143.9,65,0,2,5,2,40,16,61.99,33.45,275,200,137.5,114,78,146.15,24,9,266.67,279,31.0,136.76,2,12,7,0,,3.5,,0/3,0,0,41.67,0,0,0.0,0,0,,0,12,3.5,0,0,,0,3.5,,10,1,0
f89d3b11,Sameer Rizvi,IPL,28,2024-03-22,2026-05-24,"Chennai Super Kings, Delhi Capitals",IPL,18,424,293,14,4,30.29,144.71,90,0,3,3,3,30,26,65.09,36.86,18,32,56.25,275,196,140.31,131,65,201.54,310,44.29,158.16,0,0,0,0,,,,,0,0,,0,0,,0,0,,0,0,,0,0,,0,,,6,0,0
1fc6ef83,SD Hope,IPL,9,2024-03-23,2024-05-14,Delhi Capitals,IPL,9,183,122,8,1,22.88,150.0,41,0,0,3,0,12,12,65.57,36.89,78,60,130.0,94,52,180.77,11,10,110.0,183,22.88,150.0,0,0,0,0,,,,,0,0,,0,0,,0,0,,0,0,,0,0,,0,,,6,1,0
8998a68f,Sumit Kumar,IPL,5,2024-03-23,2024-04-27,Delhi Capitals,IPL,3,18,24,2,1,9.0,75.0,9,0,0,0,0,2,1,77.78,70.83,0,2,0.0,16,12,133.33,2,10,20.0,18,9.0,75.0,2,20,38,0,,11.4,,0/19,0,0,20.0,3,2,25.0,0,0,,0,18,10.0,0,2,24.0,0,11.4,,1,1,0
f1809c03,Tanay Thyagarajan,IPL,2,2024-03-23,2024-03-30,,IPL,0,0,0,0,0,,,0,0,0,0,0,0,0,,,0,0,,0,0,,0,0,,0,,,0,0,0,0,,,,,0,0,,0,0,,0,0,,0,0,,0,0,,0,,,0,0,0
3fb19989,MA Starc,IPL,58,2014-04-17,2026-05-24,"Delhi Capitals, Kolkata Knight Riders, Royal Challengers Bangalore",IPL,22,111,121,12,10,9.25,91.74,29,0,0,0,4,11,0,39.64,42.98,0,0,,37,35,105.71,74,86,86.05,9,1.8,45.0,57,1196,1761,76,23.17,8.83,15.74,5/35,3,1,39.3,198,56,21.24,26,677,8.94,13,162,7.89,37,357,9.06,15,9.89,23.07,33,4,0
465aa633,N Burger,IPL,18,2024-03-24,2026-05-29,Rajasthan Royals,IPL,3,14,9,1,2,14.0,155.56,10,0,0,0,0,0,1,42.86,22.22,0,0,,0,0,,14,9,155.56,14,14.0,155.56,18,363,585,21,27.86,9.67,17.29,2/21,0,0,40.22,55,32,23.97,11,216,10.0,4,84,10.14,6,63,7.9,9,10.55,40.44,6,0,0
8f6dd463,Azmatullah Omarzai,IPL,20,2024-03-24,2026-05-23,"Gujarat Titans, Punjab Kings",IPL,11,151,101,10,1,15.1,149.5,38,0,0,1,0,11,10,68.87,36.63,0,0,,82,63,130.16,69,38,181.58,134,14.89,148.89,18,354,568,15,37.87,9.63,23.6,2/27,0,0,33.33,59,24,23.45,4,192,9.75,7,96,8.75,4,66,10.55,11,9.81,32.09,1,0,0
3204c99f,G Coetzee,IPL,14,2024-03-24,2025-05-30,"Gujarat Titans, Mumbai Indians",IPL,7,31,33,6,1,5.17,93.94,12,0,0,0,1,2,2,64.52,54.55,0,0,,8,9,88.89,23,24,95.83,31,5.17,93.94,14,273,472,15,31.47,10.37,18.2,4/34,1,0,32.97,41,26,24.54,3,66,10.82,5,108,9.83,7,99,10.67,8,10.26,39.75,4,0,0
65b6943c,L Wood,IPL,2,2024-03-24,2024-04-27,Mumbai Indians,IPL,1,9,3,0,1,,300.0,9,0,0,0,0,0,1,66.67,0.0,0,0,,0,0,,9,3,300.0,9,,300.0,2,36,93,1,93.0,15.5,36.0,1/68,0,0,22.22,12,5,47.22,0,12,12.5,1,12,11.5,0,12,22.5,1,15.5,93.0,0,0,0
fffa744b,Naman Dhir,IPL,38,2024-03-24,2026-05-24,Mumbai Indians,IPL,33,710,433,26,7,27.31,163.97,62,0,3,6,5,68,36,68.73,30.72,165,116,142.24,249,164,151.83,296,153,193.46,259,28.78,145.51,5,52,76,0,,8.77,,0/9,0,0,21.15,6,2,15.38,0,6,6.0,0,34,10.94,0,12,4.0,0,8.77,,24,0,0
83c3e8e3,SH Johnson,IPL,12,2024-03-24,2026-05-21,"Chennai Super Kings, Gujarat Titans, Kolkata Knight Riders",IPL,6,8,12,1,5,8.0,66.67,5,0,0,0,1,1,0,50.0,58.33,0,0,,1,3,33.33,7,9,77.78,8,8.0,66.67,12,230,396,7,56.57,10.33,32.86,2/25,0,0,36.96,44,19,27.39,1,126,10.29,3,54,10.89,3,50,9.84,4,10.39,84.0,4,0,0
9d704f6f,SZ Mulani,IPL,2,2024-03-24,2024-03-27,Mumbai Indians,IPL,1,1,1,0,1,,100.0,1,0,0,0,0,0,0,0.0,0.0,0,0,,0,0,,1,1,100.0,1,,100.0,2,30,57,0,,11.4,,0/24,0,0,23.33,2,4,20.0,0,6,12.0,0,18,8.0,0,6,21.0,0,11.4,,0,0,0
107c26fb,KT Maphaka,IPL,4,2024-03-27,2025-05-20,"Mumbai Indians, Rajasthan Royals",IPL,1,8,2,0,1,,400.0,8,0,0,0,0,2,0,100.0,0.0,0,0,,0,0,,8,2,400.0,8,,400.0,4,66,143,2,71.5,13.0,33.0,1/23,0,0,33.33,18,8,39.39,2,42,11.14,0,12,15.5,0,12,17.0,2,13.0,71.5,2,0,0
d7017798,A Raghuvanshi,IPL,35,2024-03-29,2026-05-20,Kolkata Knight Riders,IPL,30,885,608,26,4,34.04,145.56,82,0,7,7,0,86,35,62.6,31.58,283,194,145.88,465,330,140.91,137,84,163.1,319,39.88,138.7,0,0,0,0,,,,,0,0,,0,0,,0,0,,0,0,,0,0,,0,,,11,1,1
cf0ccafa,M Siddharth,IPL,9,2024-03-30,2026-05-04,Lucknow Super Giants,IPL,0,0,0,0,0,,,0,0,0,0,0,0,0,,,0,0,,0,0,,0,0,,0,,,9,186,283,9,31.44,9.13,20.67,2/35,0,0,31.72,18,16,18.28,2,72,7.92,4,90,9.67,3,24,10.75,9,9.13,31.44,3,0,0
b1ad996b,MP Yadav,IPL,10,2024-03-30,2026-05-19,Lucknow Super Giants,IPL,1,5,5,1,0,5.0,100.0,5,0,0,0,0,1,0,80.0,60.0,0,0,,0,0,,5,5,100.0,5,5.0,100.0,10,217,367,9,40.78,10.15,24.11,3/14,0,0,42.4,30,25,25.35,2,54,10.22,4,126,10.43,3,37,9.08,9,10.15,40.78,3,0,0
6b2ff18f,SB Dubey,IPL,20,2024-04-01,2026-05-24,Rajasthan Royals,IPL,17,220,143,10,7,22.0,153.85,34,0,0,2,1,17,13,66.36,32.87,14,6,233.33,55,49,112.24,151,88,171.59,140,23.33,147.37,0,0,0,0,,,,,0,0,,0,0,,0,0,,0,0,,0,0,,0,,,1,1,0
84d9c311,Ashutosh Sharma,IPL,32,2024-04-04,2026-05-24,"Delhi Capitals, Punjab Kings",IPL,26,564,334,19,7,29.68,168.86,66,0,2,6,0,39,40,70.21,32.34,0,0,,147,117,125.64,417,217,192.17,230,32.86,169.12,0,0,0,0,,,,,0,0,,0,0,,0,0,,0,0,,0,0,,0,,,6,0,0
9e7225b0,Saurav Chauhan,IPL,3,2024-04-06,2024-04-15,Royal Challengers Bengaluru,IPL,3,18,15,3,0,6.0,120.0,9,0,0,0,1,1,1,55.56,40.0,0,0,,1,2,50.0,17,13,130.77,18,6.0,120.0,0,0,0,0,,,,,0,0,,0,0,,0,0,,0,0,,0,0,,0,,,0,0,0
9b6e1b3f,J Fraser-McGurk,IPL,16,2024-04-07,2025-04-16,Delhi Capitals,IPL,15,385,193,15,0,25.67,199.48,84,0,4,1,3,39,30,87.27,43.01,298,144,206.94,87,49,177.55,0,0,,138,13.8,155.06,0,0,0,0,,,,,0,0,,0,0,,0,0,,0,0,,0,0,,0,,,6,2,0
57ca01b3,Kumar Kushagra,IPL,5,2024-04-07,2026-04-04,"Delhi Capitals, Gujarat Titans",IPL,4,21,21,4,0,5.25,100.0,18,0,0,0,1,3,0,57.14,52.38,19,15,126.67,2,5,40.0,0,1,0.0,21,5.25,100.0,0,0,0,0,,,,,0,0,,0,0,,0,0,,0,0,,0,0,,0,,,2,0,0
c2dd89ea,BR Sharath,IPL,1,2024-04-07,2024-04-07,Gujarat Titans,IPL,1,2,5,1,0,2.0,40.0,2,0,0,0,0,0,0,0.0,60.0,0,0,,2,5,40.0,0,0,,2,2.0,40.0,0,0,0,0,,,,,0,0,,0,0,,0,0,,0,0,,0,0,,0,,,1,0,0
0b60eb09,KA Maharaj,IPL,2,2024-04-10,2024-04-13,Rajasthan Royals,IPL,1,1,2,1,0,1.0,50.0,1,0,0,0,0,0,0,0.0,50.0,0,0,,0,0,,1,2,50.0,1,1.0,50.0,2,36,39,2,19.5,6.5,18.0,2/23,0,0,30.56,2,1,8.33,0,6,8.0,2,30,6.2,0,0,,2,6.5,19.5,1,0,0
9caf69a1,WG Jacks,IPL,28,2024-04-11,2026-05-24,"Mumbai Indians, Royal Challengers Bengaluru",IPL,26,602,379,22,4,27.36,158.84,100,1,2,4,0,50,38,71.1,34.83,238,155,153.55,291,199,146.23,73,25,292.0,230,28.75,174.24,19,191,314,10,31.4,9.86,19.1,2/14,0,0,32.46,25,17,21.99,3,60,11.1,7,120,9.25,0,11,9.82,5,11.13,30.8,11,1,0
5724e517,Tanush Kotian,IPL,1,2024-04-13,2024-04-13,Rajasthan Royals,IPL,1,24,31,1,0,24.0,77.42,24,0,0,0,0,3,0,50.0,54.84,18,20,90.0,6,11,54.55,0,0,,24,24.0,77.42,0,0,0,0,,,,,0,0,,0,0,,0,0,,0,0,,0,0,,0,,,0,1,0
97290faf,S Joseph,IPL,1,2024-04-14,2024-04-14,Lucknow Super Giants,IPL,0,0,0,0,0,,,0,0,0,0,0,0,0,,,0,0,,0,0,,0,0,,0,,,1,24,47,0,,11.75,,0/47,0,0,37.5,4,2,25.0,0,12,12.5,0,12,11.0,0,0,,0,11.75,,0,0,0
ee1b6c27,N Thushara,IPL,8,2024-04-22,2025-05-27,"Mumbai Indians, Royal Challengers Bengaluru",IPL,0,0,0,0,0,,,0,0,0,0,0,0,0,,,0,0,,0,0,,0,0,,0,,,8,180,283,9,31.44,9.43,20.0,3/28,0,0,32.22,28,10,21.11,7,96,8.94,0,18,11.0,2,66,9.73,9,9.43,31.44,1,1,0
a1d95bd8,LB Williams,IPL,2,2024-04-27,2024-04-29,Delhi Capitals,IPL,1,1,2,0,1,,50.0,1,0,0,0,0,0,0,0.0,50.0,0,0,,0,0,,1,2,50.0,1,,50.0,2,36,72,1,72.0,12.0,36.0,1/38,0,0,33.33,7,3,27.78,0,24,13.5,1,6,4.0,0,6,14.0,1,12.0,72.0,1,0,0
2d140b79,AA Kulkarni,IPL,4,2024-04-30,2026-05-23,Lucknow Super Giants,IPL,4,26,33,4,0,6.5,78.79,17,0,0,0,2,3,0,46.15,57.58,17,21,80.95,9,12,75.0,0,0,,26,6.5,78.79,0,0,0,0,,,,,0,0,,0,0,,0,0,,0,0,,0,0,,0,,,0,0,0
402f8494,RJ Gleeson,IPL,3,2024-05-01,2025-05-30,"Chennai Super Kings, Mumbai Indians",IPL,1,2,2,0,1,,100.0,2,0,0,0,0,0,0,0.0,50.0,0,0,,0,0,,2,2,100.0,2,,100.0,3,68,110,2,55.0,9.71,34.0,1/30,0,0,35.29,14,3,25.0,1,24,10.0,0,18,7.0,1,26,11.31,2,9.71,55.0,0,0,0
025c4400,MJ Suthar,IPL,5,2024-05-04,2026-05-03,Gujarat Titans,IPL,1,1,2,1,0,1.0,50.0,1,0,0,0,0,0,0,0.0,50.0,0,0,,0,0,,1,2,50.0,1,1.0,50.0,4,48,94,2,47.0,11.75,24.0,1/19,0,0,35.42,8,7,31.25,0,12,13.0,1,18,11.33,1,18,11.33,2,11.75,47.0,2,0,0
fcc21ace,A Kamboj,IPL,25,2024-05-06,2026-05-21,"Chennai Super Kings, Mumbai Indians",IPL,10,74,52,3,7,24.67,142.31,19,0,0,0,1,5,4,59.46,30.77,0,0,,19,8,237.5,55,44,125.0,74,24.67,142.31,25,491,816,31,26.32,9.97,15.84,3/13,0,0,37.88,76,48,25.25,13,282,9.53,4,78,10.0,14,131,10.9,13,10.46,28.69,6,1,0
9f77963a,Gulbadin Naib,IPL,2,2024-05-07,2024-05-14,Delhi Capitals,IPL,1,19,15,1,0,19.0,126.67,19,0,0,0,0,1,1,52.63,26.67,0,0,,4,5,80.0,15,10,150.0,19,19.0,126.67,1,6,12,0,,12.0,,0/12,0,0,16.67,2,0,33.33,0,0,,0,6,12.0,0,0,,0,12.0,,1,0,0
03a83c50,V Viyaskanth,IPL,3,2024-05-08,2024-05-21,Sunrisers Hyderabad,IPL,1,7,5,0,1,,140.0,7,0,0,0,0,0,0,0.0,0.0,0,0,,0,0,,7,5,140.0,7,,140.0,3,60,86,1,86.0,8.6,60.0,1/37,0,0,26.67,4,6,16.67,0,0,,1,60,8.6,0,0,,1,8.6,86.0,2,0,0
d4d929b0,V Kaverappa,IPL,1,2024-05-09,2024-05-09,Punjab Kings,IPL,0,0,0,0,0,,,0,0,0,0,0,0,0,,,0,0,,0,0,,0,0,,0,,,1,24,36,2,18.0,9.0,12.0,2/36,0,0,45.83,2,3,20.83,2,18,6.67,0,6,16.0,0,0,,2,9.0,18.0,0,0,0
f836b33d,T Kohler-Cadmore,IPL,3,2024-05-15,2024-05-24,Rajasthan Royals,IPL,3,48,54,3,0,16.0,88.89,20,0,0,0,0,7,1,70.83,61.11,47,51,92.16,1,3,33.33,0,0,,48,16.0,88.89,0,0,0,0,,,,,0,0,,0,0,,0,0,,0,0,,0,0,,0,,,1,0,0
e1d9ae9c,Shivam Singh,IPL,1,2024-05-19,2024-05-19,Punjab Kings,IPL,1,2,3,0,1,,66.67,2,0,0,0,0,0,0,0.0,33.33,0,0,,0,0,,2,3,66.67,2,,66.67,0,0,0,0,,,,,0,0,,0,0,,0,0,,0,0,,0,0,,0,,,2,0,0
a76d10ba,TM Srivastava,IPL,25,2008-04-27,2026-05-23,Kings XI Punjab,IPL,3,8,11,1,2,8.0,72.73,7,0,0,0,0,0,0,0.0,45.45,0,0,,2,4,50.0,6,7,85.71,8,8.0,72.73,0,0,0,0,,,,,0,0,,0,0,,0,0,,0,0,,0,0,,0,,,2,2,0
a3b0600d,Aniket Verma,IPL,24,2025-03-23,2026-05-03,Sunrisers Hyderabad,IPL,20,315,196,15,5,21.0,160.71,74,0,1,2,0,18,25,70.48,36.73,17,16,106.25,155,103,150.49,143,77,185.71,117,16.71,169.57,0,0,0,0,,,,,0,0,,0,0,,0,0,,0,0,,0,0,,0,,,11,1,0
c27b5a0e,PVSN Raju,IPL,2,2025-03-23,2025-03-29,Mumbai Indians,IPL,1,1,1,0,1,,100.0,1,0,0,0,0,0,0,0.0,0.0,0,0,,0,0,,1,1,100.0,1,,100.0,2,24,53,1,53.0,13.25,24.0,1/40,0,0,12.5,4,3,29.17,0,6,13.0,0,6,12.0,1,12,14.0,1,13.25,53.0,1,0,0
bafd0398,R Minz,IPL,4,2025-03-23,2026-05-02,Mumbai Indians,IPL,4,12,19,3,1,4.0,63.16,5,0,0,0,0,1,0,33.33,57.89,0,0,,6,15,40.0,6,4,150.0,12,4.0,63.16,0,0,0,0,,,,,0,0,,0,0,,0,0,,0,0,,0,0,,0,,,0,0,0
e66732f8,RD Rickelton,IPL,26,2025-03-23,2026-05-24,Mumbai Indians,IPL,26,836,497,24,2,34.83,168.21,123,1,5,5,0,78,55,76.79,38.43,554,343,161.52,258,141,182.98,24,13,184.62,358,39.78,192.47,0,0,0,0,,,,,0,0,,0,0,,0,0,,0,0,,0,0,,0,,,20,4,5
1e030637,V Puthur,IPL,5,2025-03-23,2025-04-23,Mumbai Indians,IPL,0,0,0,0,0,,,0,0,0,0,0,0,0,,,0,0,,0,0,,0,0,,0,,,5,72,109,6,18.17,9.08,12.0,3/32,0,0,33.33,4,9,18.06,0,0,,6,60,8.5,0,12,12.0,6,9.08,18.17,2,0,0
13fc5c6d,DS Rathi,IPL,23,2025-03-24,2026-05-23,Lucknow Super Giants,IPL,3,3,8,1,2,3.0,37.5,2,0,0,0,0,0,0,0.0,62.5,0,0,,0,0,,3,8,37.5,3,3.0,37.5,23,546,826,19,43.47,9.08,28.74,2/30,0,0,27.29,66,35,18.5,4,138,9.26,10,324,8.63,5,84,10.5,5,10.18,79.4,7,0,0
80b2fb19,Prince Yadav,IPL,20,2025-03-24,2026-05-23,Lucknow Super Giants,IPL,3,5,11,0,3,,45.45,4,0,0,0,0,0,0,0.0,54.55,0,0,,0,0,,5,11,45.45,5,,45.45,21,450,688,19,36.21,9.17,23.68,3/32,0,0,34.67,64,30,20.89,6,139,8.72,9,174,8.28,4,137,10.77,7,8.75,42.71,6,2,0
51ec3919,T Vijay,IPL,2,2025-03-24,2026-05-17,Delhi Capitals,IPL,0,0,0,0,0,,,0,0,0,0,0,0,0,,,0,0,,0,0,,0,0,,0,,,1,12,29,0,,14.5,,0/29,0,0,16.67,3,2,41.67,0,6,18.0,0,6,11.0,0,0,,0,14.5,,1,0,0
5ffc0565,V Nigam,IPL,19,2025-03-24,2026-05-08,Delhi Capitals,IPL,10,157,89,8,2,19.62,176.4,39,0,0,2,1,18,8,76.43,32.58,20,8,250.0,53,33,160.61,84,48,175.0,157,19.62,176.4,18,288,469,13,36.08,9.77,22.15,2/18,0,0,29.51,31,29,20.83,4,54,9.22,7,198,10.58,2,36,6.17,6,10.23,44.33,3,2,0
b5797845,Priyansh Arya,IPL,31,2025-03-25,2026-05-23,Punjab Kings,IPL,31,909,471,31,0,29.32,192.99,103,1,6,4,3,87,63,79.87,35.03,678,355,190.99,231,116,199.14,0,0,,261,26.1,196.24,0,0,0,0,,,,,0,0,,0,0,,0,0,,0,0,,0,0,,0,,,10,0,0
970ddd24,Suryansh Shedge,IPL,12,2025-03-25,2026-05-23,Punjab Kings,IPL,10,165,101,7,3,23.57,163.37,57,0,1,1,0,9,12,65.45,29.7,16,9,177.78,106,63,168.25,43,29,148.28,165,23.57,163.37,1,18,40,0,,13.33,,0/40,0,0,5.56,3,2,27.78,0,0,,0,12,7.0,0,6,26.0,0,13.33,,4,0,0
e96801ea,MS Bhandage,IPL,3,2025-03-28,2025-06-03,Royal Challengers Bengaluru,IPL,1,1,4,1,0,1.0,25.0,1,0,0,0,0,0,0,0.0,75.0,0,0,,1,4,25.0,0,0,,1,1.0,25.0,0,0,0,0,,,,,0,0,,0,0,,0,0,,0,0,,0,0,,0,,,0,0,0
c96f6ac5,PWA Mulder,IPL,1,2025-03-30,2025-03-30,Sunrisers Hyderabad,IPL,1,9,11,1,0,9.0,81.82,9,0,0,0,0,1,0,44.44,45.45,0,0,,0,2,0.0,9,9,100.0,9,9.0,81.82,1,6,16,0,,16.0,,0/16,0,0,16.67,2,1,50.0,0,0,,0,0,,0,6,16.0,0,16.0,,1,0,0
36619795,Zeeshan Ansari,IPL,10,2025-03-30,2025-05-19,Sunrisers Hyderabad,IPL,0,0,0,0,0,,,0,0,0,0,0,0,0,,,0,0,,0,0,,0,0,,0,,,10,203,333,6,55.5,9.84,33.83,3/42,0,0,23.15,24,17,20.2,0,0,,6,180,9.43,0,23,13.04,6,9.84,55.5,4,1,0
59559bc2,J Overton,IPL,13,2025-03-30,2026-05-10,Chennai Super Kings,IPL,8,151,93,5,3,30.2,162.37,43,0,0,2,0,14,7,64.9,30.11,0,0,,47,30,156.67,104,63,165.08,151,30.2,162.37,13,204,332,14,23.71,9.76,14.57,4/18,1,0,31.37,21,20,20.1,0,30,15.2,9,108,8.06,5,66,10.09,14,8.89,17.79,1,0,0
d45c29b1,Ashwani Kumar,IPL,10,2025-03-31,2026-04-29,Mumbai Indians,IPL,1,1,6,0,1,,16.67,1,0,0,0,0,0,0,0.0,83.33,0,0,,0,0,,1,6,16.67,1,,16.67,10,183,334,17,19.65,10.95,10.76,4/24,2,0,31.15,33,18,27.87,4,36,11.17,8,102,9.24,5,45,14.67,17,10.95,19.65,2,0,0
08548b13,PHKD Mendis,IPL,5,2025-04-03,2025-05-19,Sunrisers Hyderabad,IPL,5,92,69,4,1,23.0,133.33,32,0,0,2,1,7,2,43.48,31.88,5,9,55.56,61,35,174.29,26,25,104.0,92,23.0,133.33,4,42,60,2,30.0,8.57,21.0,1/4,0,0,26.19,4,3,16.67,0,0,,2,42,8.57,0,0,,2,8.57,30.0,1,0,0
172dff15,C Bosch,IPL,10,2025-04-04,2026-05-24,Mumbai Indians,IPL,6,97,63,3,3,32.33,153.97,32,0,0,1,0,8,5,63.92,34.92,0,0,,2,5,40.0,95,58,163.79,97,32.33,153.97,8,163,250,13,19.23,9.2,12.54,4/26,1,0,41.1,15,19,20.86,2,18,10.0,6,96,8.56,5,49,10.16,13,9.2,19.23,5,1,0
ebcfef83,Himmat Singh,IPL,10,2025-04-12,2026-05-10,Lucknow Super Giants,IPL,5,92,69,3,2,30.67,133.33,40,0,0,1,0,5,5,54.35,33.33,0,0,,27,30,90.0,65,39,166.67,92,30.67,133.33,0,0,0,0,,,,,0,0,,0,0,,0,0,,0,0,,0,0,,0,,,1,0,0
5750bcb4,E Malinga,IPL,22,2025-04-12,2026-05-27,Sunrisers Hyderabad,IPL,3,7,17,1,2,7.0,41.18,5,0,0,0,0,0,0,0.0,58.82,0,0,,1,4,25.0,6,13,46.15,7,7.0,41.18,22,486,745,33,22.58,9.2,14.73,4/32,1,0,34.36,67,34,20.78,5,144,9.75,13,186,8.1,15,156,10.0,15,8.92,23.4,8,4,0
989889ff,JP Inglis,IPL,17,2025-04-15,2026-05-23,"Lucknow Super Giants, Punjab Kings",IPL,16,544,314,14,2,38.86,173.25,85,0,4,5,0,58,28,73.53,33.44,307,155,198.06,206,137,150.36,31,22,140.91,452,45.2,182.26,0,0,0,0,,,,,0,0,,0,0,,0,0,,0,0,,0,0,,0,,,10,0,1
3b53243a,XC Bartlett,IPL,13,2025-04-15,2026-05-14,Punjab Kings,IPL,4,40,28,2,2,20.0,142.86,18,0,0,0,1,3,2,60.0,35.71,0,0,,10,14,71.43,30,14,214.29,40,20.0,142.86,13,261,484,7,69.14,11.13,37.29,2/9,0,0,31.42,52,23,28.74,5,136,11.16,0,54,11.67,2,71,10.65,5,11.59,80.0,15,0,0
470f446b,V Suryavanshi,IPL,23,2025-04-19,2026-05-29,Rajasthan Royals,IPL,23,1028,449,23,0,44.7,228.95,103,2,6,8,2,81,96,87.55,34.3,665,293,226.96,334,146,228.77,29,10,290.0,530,53.0,237.67,0,0,0,0,,,,,0,0,,0,0,,0,0,,0,0,,0,0,,0,,,2,0,0
b2b4f545,A Mhatre,IPL,13,2025-04-20,2026-04-18,Chennai Super Kings,IPL,13,441,240,13,0,33.92,183.75,94,0,3,6,2,51,23,77.55,32.92,275,145,189.66,157,85,184.71,9,10,90.0,372,37.2,186.0,0,0,0,0,,,,,0,0,,0,0,,0,0,,0,0,,0,0,,0,,,4,0,0
3c55c703,JG Bethell,IPL,10,2025-04-27,2026-05-17,Royal Challengers Bengaluru,IPL,9,163,116,9,0,18.11,140.52,55,0,1,0,0,21,6,73.62,40.52,137,90,152.22,26,26,100.0,0,0,,163,18.11,140.52,0,0,0,0,,,,,0,0,,0,0,,0,0,,0,0,,0,0,,0,,,4,0,0
62175638,Karim Janat,IPL,1,2025-04-28,2025-04-28,Gujarat Titans,IPL,0,0,0,0,0,,,0,0,0,0,0,0,0,,,0,0,,0,0,,0,0,,0,,,1,6,30,0,,30.0,,0/30,0,0,0.0,3,3,100.0,0,0,,0,6,30.0,0,0,,0,30.0,,0,0,0
50c09020,Ashok Sharma,IPL,7,2025-05-04,2026-04-20,Gujarat Titans,IPL,2,1,4,0,2,,25.0,1,0,0,0,0,0,0,0.0,75.0,0,0,,1,3,33.33,0,1,0.0,1,,25.0,6,126,228,6,38.0,10.86,21.0,2/32,0,0,38.1,21,14,27.78,0,24,15.0,1,54,8.33,5,48,11.62,6,10.86,38.0,1,0,0
e3851766,KS Rathore,IPL,1,2025-05-04,2025-05-04,Rajasthan Royals,IPL,1,0,5,1,0,0.0,0.0,0,0,0,0,1,0,0,,100.0,0,5,0.0,0,0,,0,0,,0,0.0,0.0,0,0,0,0,,,,,0,0,,0,0,,0,0,,0,0,,0,0,,0,,,0,0,0
cf59b3f0,Urvil Patel,IPL,10,2025-05-07,2026-05-21,Chennai Super Kings,IPL,10,197,96,10,0,19.7,205.21,65,0,1,2,2,11,20,83.25,39.58,144,68,211.76,53,28,189.29,0,0,,197,19.7,205.21,0,0,0,0,,,,,0,0,,0,0,,0,0,,0,0,,0,0,,0,,,8,0,0
fb5f69e4,M Tiwari,IPL,5,2025-05-08,2026-05-24,Delhi Capitals,IPL,2,21,12,1,1,21.0,175.0,18,0,0,0,0,2,1,66.67,25.0,0,0,,1,2,50.0,20,10,200.0,21,21.0,175.0,4,66,101,4,25.25,9.18,16.5,2/27,0,0,28.79,9,3,18.18,0,0,,2,54,8.78,2,12,11.0,4,9.18,25.25,3,0,0
f2c936d7,MJ Owen,IPL,1,2025-05-18,2025-05-18,Punjab Kings,IPL,1,0,2,1,0,0.0,0.0,0,0,0,0,1,0,0,,100.0,0,2,0.0,0,0,,0,0,,0,0.0,0.0,0,0,0,0,,,,,0,0,,0,0,,0,0,,0,0,,0,0,,0,,,2,0,0
25228673,Harsh Dubey,IPL,11,2025-05-19,2026-05-06,Sunrisers Hyderabad,IPL,4,13,9,2,2,6.5,144.44,9,0,0,0,1,2,0,61.54,33.33,0,0,,0,0,,13,9,144.44,13,6.5,144.44,11,192,326,13,25.08,10.19,14.77,3/12,0,0,28.12,20,22,21.88,1,54,10.56,7,108,10.5,5,30,8.4,12,10.07,23.5,4,0,0
cb9b8664,W O'Rourke,IPL,3,2025-05-19,2025-05-27,Lucknow Super Giants,IPL,0,0,0,0,0,,,0,0,0,0,0,0,0,,,0,0,,0,0,,0,0,,0,,,3,62,132,6,22.0,12.77,10.33,3/27,0,0,24.19,16,6,35.48,2,24,13.0,2,24,12.5,2,14,12.86,6,12.77,22.0,1,0,0
35f173a0,MP Breetzke,IPL,1,2025-05-27,2025-05-27,Lucknow Super Giants,IPL,1,14,12,1,0,14.0,116.67,14,0,0,0,0,1,1,71.43,58.33,14,12,116.67,0,0,,0,0,,14,14.0,116.67,0,0,0,0,,,,,0,0,,0,0,,0,0,,0,0,,0,0,,0,,,0,0,0
d621b427,Musheer Khan,IPL,1,2025-05-29,2025-05-29,Punjab Kings,IPL,1,0,3,1,0,0.0,0.0,0,0,0,0,1,0,0,,100.0,0,0,,0,3,0.0,0,0,,0,0.0,0.0,1,12,27,1,27.0,13.5,12.0,1/27,0,0,8.33,2,2,33.33,0,0,,1,12,13.5,0,0,,1,13.5,27.0,0,0,0
5d1e7582,BKG Mendis,IPL,1,2025-05-30,2025-05-30,Gujarat Titans,IPL,1,20,10,1,0,20.0,200.0,20,0,0,0,0,1,2,80.0,40.0,20,9,222.22,0,1,0.0,0,0,,20,20.0,200.0,0,0,0,0,,,,,0,0,,0,0,,0,0,,0,0,,0,0,,0,,,1,0,0
3c28853f,Sediqullah Atal,IPL,1,2025-05-24,2025-05-24,Delhi Capitals,IPL,1,22,16,1,0,22.0,137.5,22,0,0,0,0,0,2,54.55,37.5,0,0,,22,16,137.5,0,0,,22,22.0,137.5,0,0,0,0,,,,,0,0,,0,0,,0,0,,0,0,,0,0,,0,,,0,0,0
82c10dac,Abhinandan Singh,IPL,3,2026-03-28,2026-04-10,Royal Challengers Bengaluru,IPL,0,0,0,0,0,,,0,0,0,0,0,0,0,,,0,0,,0,0,,0,0,,0,,,3,58,122,3,40.67,12.62,19.33,2/30,0,0,25.86,13,7,34.48,0,24,17.25,1,24,9.25,2,10,9.6,3,12.62,40.67,2,0,0
6c79c098,DA Payne,IPL,2,2026-03-28,2026-04-02,Sunrisers Hyderabad,IPL,1,6,5,0,1,,120.0,6,0,0,0,0,0,0,0.0,20.0,0,0,,0,0,,6,5,120.0,6,,120.0,2,30,70,2,35.0,14.0,15.0,2/35,0,0,16.67,6,5,36.67,0,12,21.5,2,18,9.0,0,0,,2,14.0,35.0,0,0,0
dadbdb68,JA Duffy,IPL,6,2026-03-28,2026-05-31,Royal Challengers Bengaluru,IPL,0,0,0,0,0,,,0,0,0,0,0,0,0,,,0,0,,0,0,,0,0,,0,,,6,144,263,9,29.22,10.96,16.0,3/22,0,0,37.5,23,18,28.47,6,78,12.15,3,54,7.78,0,12,17.5,9,10.96,29.22,1,0,0
d7423da1,Salil Arora,IPL,14,2026-03-28,2026-05-27,Sunrisers Hyderabad,IPL,11,156,98,7,4,22.29,159.18,35,0,0,2,1,11,11,70.51,34.69,2,1,200.0,66,49,134.69,88,48,183.33,147,24.5,159.78,0,0,0,0,,,,,0,0,,0,0,,0,0,,0,0,,0,0,,0,,,3,0,0
9ca68676,AM Ghazanfar,IPL,11,2026-03-29,2026-05-24,Mumbai Indians,IPL,1,2,3,0,1,,66.67,2,0,0,0,0,0,0,0.0,33.33,0,0,,0,0,,2,3,66.67,2,,66.67,11,233,389,15,25.93,10.02,15.53,2/17,0,0,29.61,29,24,22.75,7,60,10.8,4,138,9.0,4,35,12.69,15,9.7,22.53,1,0,0
449f4e3c,B Muzarabani,IPL,2,2026-03-29,2026-04-02,Kolkata Knight Riders,IPL,0,0,0,0,0,,,0,0,0,0,0,0,0,,,0,0,,0,0,,0,0,,0,,,2,42,75,4,18.75,10.71,10.5,4/41,1,0,28.57,9,3,28.57,0,18,13.33,2,12,5.0,2,12,12.5,4,10.71,18.75,0,0,0
bf74b130,FH Allen,IPL,11,2026-03-29,2026-05-24,Kolkata Knight Riders,IPL,11,349,163,10,1,34.9,214.11,100,1,1,1,0,33,28,85.96,35.58,207,113,183.19,142,50,284.0,0,0,,312,34.67,213.7,0,0,0,0,,,,,0,0,,0,0,,0,0,,0,0,,0,0,,0,,,1,0,0
133bbd61,Brijesh Sharma,IPL,13,2026-03-30,2026-05-29,Rajasthan Royals,IPL,2,2,4,0,2,,50.0,1,0,0,0,0,0,0,0.0,50.0,0,0,,0,0,,2,4,50.0,2,,50.0,13,273,450,14,32.14,9.89,19.5,2/18,0,0,30.77,51,13,23.44,1,72,10.92,5,108,8.61,8,93,10.58,11,10.18,34.09,1,0,0
7b679de5,Kartik Sharma,IPL,11,2026-03-30,2026-05-21,Chennai Super Kings,IPL,11,295,216,9,2,32.78,136.57,71,0,2,2,0,24,16,65.08,38.89,31,23,134.78,187,149,125.5,77,44,175.0,277,34.62,137.81,0,0,0,0,,,,,0,0,,0,0,,0,0,,0,0,,0,0,,0,,,1,0,0
fe366f34,C Connolly,IPL,14,2026-03-31,2026-05-23,Punjab Kings,IPL,13,491,301,11,2,44.64,163.12,107,1,2,4,1,43,32,74.13,36.54,137,103,133.01,260,161,161.49,94,37,254.05,372,41.33,166.82,0,0,0,0,,,,,0,0,,0,0,,0,0,,0,0,,0,0,,0,,,4,1,0
1c84109e,MD Choudhary,IPL,10,2026-04-01,2026-05-23,Lucknow Super Giants,IPL,10,170,120,6,4,28.33,141.67,54,0,1,1,0,11,12,68.24,40.0,0,0,,55,43,127.91,115,77,149.35,170,28.33,141.67,0,0,0,0,,,,,0,0,,0,0,,0,0,,0,0,,0,0,,0,,,3,0,0
8ee36b18,P Nissanka,IPL,10,2026-04-01,2026-05-08,Delhi Capitals,IPL,10,278,175,10,0,27.8,158.86,62,0,2,3,0,33,12,73.38,37.71,235,139,169.06,43,36,119.44,0,0,,278,27.8,158.86,0,0,0,0,,,,,0,0,,0,0,,0,0,,0,0,,0,0,,0,,,2,0,0
7b44eb3e,Shivang Kumar,IPL,13,2026-04-02,2026-05-27,Sunrisers Hyderabad,IPL,6,53,46,6,0,8.83,115.22,27,0,0,0,0,6,1,56.6,41.3,0,0,,12,17,70.59,41,29,141.38,53,8.83,115.22,13,234,375,9,41.67,9.62,26.0,3/33,0,0,26.5,30,19,20.94,0,6,23.0,7,216,9.08,2,12,12.5,5,10.04,54.2,0,2,0
e148e6bd,PR Veer,IPL,6,2026-04-03,2026-05-18,Chennai Super Kings,IPL,5,90,67,2,3,45.0,134.33,43,0,0,1,0,10,3,64.44,37.31,0,0,,43,28,153.57,47,39,120.51,90,45.0,134.33,1,12,25,0,,12.5,,0/25,0,0,41.67,1,3,33.33,0,6,18.0,0,6,7.0,0,0,,0,12.5,,0,0,0
7c3c0337,Auqib Nabi,IPL,5,2026-04-11,2026-05-24,Delhi Capitals,IPL,2,14,4,1,1,14.0,350.0,10,0,0,0,0,2,1,100.0,25.0,0,0,,4,1,400.0,10,3,333.33,14,14.0,350.0,5,78,149,0,,11.46,,0/17,0,0,30.77,11,10,26.92,0,72,11.58,0,6,10.0,0,0,,0,11.46,,1,0,0
cc61ee8f,Gurjapneet Singh,IPL,8,2026-04-11,2026-05-21,Chennai Super Kings,IPL,0,0,0,0,0,,,0,0,0,0,0,0,0,,,0,0,,0,0,,0,0,,0,,,8,151,233,4,58.25,9.26,37.75,1/7,0,0,30.46,15,13,18.54,0,12,7.0,2,96,9.19,2,43,10.05,4,9.26,58.25,5,0,0
e5437608,GF Linde,IPL,3,2026-04-12,2026-04-26,Lucknow Super Giants,IPL,3,31,21,3,0,10.33,147.62,16,0,0,0,0,6,0,77.42,47.62,0,0,,0,0,,31,21,147.62,31,10.33,147.62,3,37,55,1,55.0,8.92,37.0,1/18,0,0,27.03,6,2,21.62,0,0,,1,36,8.5,0,1,24.0,1,8.92,55.0,0,0,0
60aa2db3,LG Pretorius,IPL,2,2026-04-13,2026-05-19,Rajasthan Royals,IPL,2,7,8,2,0,3.5,87.5,7,0,0,0,1,0,0,0.0,37.5,0,2,0.0,2,2,100.0,5,4,125.0,7,3.5,87.5,0,0,0,0,,,,,0,0,,0,0,,0,0,,0,0,,0,0,,0,,,0,0,0
ece7b6b3,PP Hinge,IPL,7,2026-04-13,2026-05-27,Sunrisers Hyderabad,IPL,2,3,9,1,1,3.0,33.33,3,0,0,0,0,0,0,0.0,77.78,0,0,,3,8,37.5,0,1,0.0,3,3.0,33.33,7,156,305,14,21.79,11.73,11.14,4/34,1,0,38.46,31,19,32.05,6,66,11.45,3,36,14.0,5,54,10.56,14,11.73,21.79,3,0,0
280fff14,Sakib Hussain,IPL,11,2026-04-13,2026-05-27,Sunrisers Hyderabad,IPL,1,5,7,0,1,,71.43,5,0,0,0,0,1,0,80.0,71.43,0,0,,0,0,,5,7,71.43,5,,71.43,11,252,397,15,26.47,9.45,16.8,4/24,1,0,34.13,32,18,19.84,3,60,11.0,5,114,9.0,7,78,8.92,11,9.82,33.91,1,0,0
2b801189,Mayank Rawat,IPL,1,2026-04-16,2026-04-16,Mumbai Indians,IPL,0,0,0,0,0,,,0,0,0,0,0,0,0,,,0,0,,0,0,,0,0,,0,,,0,0,0,0,,,,,0,0,,0,0,,0,0,,0,0,,0,0,,0,,,0,0,0
02dfebbe,Yash Raj Punja,IPL,8,2026-04-19,2026-05-29,Rajasthan Royals,IPL,0,0,0,0,0,,,0,0,0,0,0,0,0,,,0,0,,0,0,,0,0,,0,,,8,180,279,9,31.0,9.3,20.0,2/35,0,0,26.11,14,18,17.78,0,6,12.0,8,156,9.54,1,18,6.33,9,9.3,31.0,0,0,0
9e6032fa,DV Malewar,IPL,2,2026-04-20,2026-04-23,Mumbai Indians,IPL,2,2,5,2,0,1.0,40.0,2,0,0,0,1,0,0,0.0,60.0,2,5,40.0,0,0,,0,0,,2,1.0,40.0,0,0,0,0,,,,,0,0,,0,0,,0,0,,0,0,,0,0,,0,,,0,0,0
e48a4814,Krish Bhagat,IPL,3,2026-04-20,2026-05-02,Mumbai Indians,IPL,2,10,21,1,1,10.0,47.62,7,0,0,0,0,0,0,0.0,57.14,0,0,,4,8,50.0,6,13,46.15,10,10.0,47.62,3,36,63,0,,10.5,,0/10,0,0,41.67,5,5,27.78,0,18,9.33,0,0,,0,18,11.67,0,10.5,,1,0,0
de7d833e,D Madushanka,IPL,1,2026-04-21,2026-04-21,Sunrisers Hyderabad,IPL,0,0,0,0,0,,,0,0,0,0,0,0,0,,,0,0,,0,0,,0,0,,0,,,1,24,36,1,36.0,9.0,24.0,1/36,0,0,33.33,3,1,16.67,1,12,8.0,0,12,10.0,0,0,,1,9.0,36.0,2,0,0
548516a6,Ravi Singh,IPL,2,2026-04-22,2026-05-17,Rajasthan Royals,IPL,1,4,2,1,0,4.0,200.0,4,0,0,0,0,1,0,100.0,50.0,0,0,,4,2,200.0,0,0,,4,4.0,200.0,0,0,0,0,,,,,0,0,,0,0,,0,0,,0,0,,0,0,,0,,,0,0,0
926c7443,SU Parakh,IPL,4,2026-04-27,2026-05-24,Delhi Capitals,IPL,4,46,33,4,0,11.5,139.39,24,0,0,0,1,5,2,69.57,42.42,24,14,171.43,22,19,115.79,0,0,,46,11.5,139.39,0,0,0,0,,,,,0,0,,0,0,,0,0,,0,0,,0,0,,0,,,1,0,0
dee07622,RS Ghosh,IPL,1,2026-05-02,2026-05-02,Chennai Super Kings,IPL,0,0,0,0,0,,,0,0,0,0,0,0,0,,,0,0,,0,0,,0,0,,0,,,1,18,24,1,24.0,8.0,18.0,1/24,0,0,33.33,4,0,22.22,0,0,,1,18,8.0,0,0,,1,8.0,24.0,1,0,0
5b615e7c,Raghu Sharma,IPL,6,2026-05-02,2026-05-24,Mumbai Indians,IPL,0,0,0,0,0,,,0,0,0,0,0,0,0,,,0,0,,0,0,,0,0,,0,,,5,90,130,1,130.0,8.67,90.0,1/36,0,0,25.56,5,8,14.44,0,0,,1,84,8.29,0,6,14.0,1,8.67,130.0,1,0,0
c1e53c3f,R Smaran,IPL,6,2026-05-03,2026-05-27,Sunrisers Hyderabad,IPL,4,19,25,3,1,6.33,76.0,9,0,0,0,0,3,0,63.16,60.0,10,19,52.63,4,4,100.0,5,2,250.0,19,6.33,76.0,0,0,0,0,,,,,0,0,,0,0,,0,0,,0,0,,0,0,,0,,,4,0,0
3cea23da,N Sindhu,IPL,8,2026-05-03,2026-05-31,Gujarat Titans,IPL,5,63,50,5,0,12.6,126.0,22,0,0,0,0,7,2,63.49,44.0,29,23,126.09,34,27,125.93,0,0,,63,12.6,126.0,0,0,0,0,,,,,0,0,,0,0,,0,0,,0,0,,0,0,,0,,,3,0,0
d8d67045,Akshat Raghuwanshi,IPL,3,2026-05-04,2026-05-10,Lucknow Super Giants,IPL,2,29,25,2,0,14.5,116.0,18,0,0,0,0,1,1,34.48,28.0,0,0,,29,25,116.0,0,0,,29,14.5,116.0,0,0,0,0,,,,,0,0,,0,0,,0,0,,0,0,,0,0,,0,,,1,0,0
e1b9f3a9,BJ Dwarshuis,IPL,1,2026-05-11,2026-05-11,Punjab Kings,IPL,0,0,0,0,0,,,0,0,0,0,0,0,0,,,0,0,,0,0,,0,0,,0,,,1,24,51,1,51.0,12.75,24.0,1/51,0,0,25.0,4,3,29.17,0,0,,0,18,11.33,1,6,17.0,1,12.75,51.0,1,0,0
11061889,SR Dubey,IPL,4,2026-05-13,2026-05-24,Kolkata Knight Riders,IPL,1,4,2,0,1,,200.0,4,0,0,0,0,1,0,100.0,50.0,0,0,,0,0,,4,2,200.0,4,,200.0,4,77,106,5,21.2,8.26,15.4,2/28,0,0,48.05,10,5,19.48,3,52,7.15,0,0,,2,25,10.56,5,8.26,21.2,0,0,0
92500ad5,SS Mishra,IPL,2,2026-05-19,2026-05-27,Rajasthan Royals,IPL,1,1,3,0,1,,33.33,1,0,0,0,0,0,0,0.0,66.67,0,0,,0,0,,1,3,33.33,1,,33.33,2,38,67,2,33.5,10.58,19.0,2/21,0,0,39.47,6,3,23.68,0,6,13.0,1,24,10.5,1,8,9.0,2,10.58,33.5,0,0,0
f12fe2a1,T Dahiya,IPL,2,2026-05-20,2026-05-24,Kolkata Knight Riders,IPL,2,12,15,2,0,6.0,80.0,11,0,0,0,0,2,0,66.67,60.0,0,0,,1,3,33.33,11,12,91.67,12,6.0,80.0,0,0,0,0,,,,,0,0,,0,0,,0,0,,0,0,,0,0,,0,,,1,0,0
ff154ecd,JM Cox,IPL,1,2026-05-22,2026-05-22,,IPL,0,0,0,0,0,,,0,0,0,0,0,0,0,,,0,0,,0,0,,0,0,,0,,,0,0,0,0,,,,,0,0,,0,0,,0,0,,0,0,,0,0,,0,,,0,0,0
b69e69ed,AA Noffke,IPL,1,2008-04-18,2008-04-18,Royal Challengers Bangalore,IPL,1,9,10,1,0,9.0,90.0,9,0,0,0,0,1,0,44.44,40.0,0,0,,9,10,90.0,0,0,,9,9.0,90.0,1,24,40,1,40.0,10.0,24.0,1/40,0,0,25.0,2,2,16.67,0,6,22.0,0,6,7.0,1,12,5.5,1,10.0,40.0,0,0,0
fa463154,AB Agarkar,IPL,42,2008-04-18,2013-05-07,"Delhi Daredevils, Kolkata Knight Riders",IPL,19,179,154,10,9,17.9,116.23,39,0,0,1,1,13,5,45.81,35.06,20,13,153.85,34,47,72.34,125,94,132.98,111,27.75,114.43,42,782,1151,29,39.69,8.83,26.97,3/25,0,0,32.48,113,41,19.69,6,180,9.5,16,420,8.0,7,182,10.09,4,9.46,76.5,5,3,0
af7dadf7,B Akhil,IPL,15,2008-04-18,2011-04-30,"Kochi Tuskers Kerala, Royal Challengers Bangalore",IPL,11,76,55,6,5,12.67,138.18,27,0,0,0,2,5,5,65.79,43.64,0,0,,27,21,128.57,49,34,144.12,76,15.2,143.4,13,188,242,6,40.33,7.72,31.33,2/17,0,0,31.91,18,9,14.36,0,6,12.0,4,132,6.27,2,50,11.04,4,8.1,42.5,3,1,0
d0513f63,CL White,IPL,47,2008-04-18,2013-05-22,"Deccan Chargers, Royal Challengers Bangalore, Sunrisers Hyderabad",IPL,46,971,760,36,10,26.97,127.76,78,0,6,9,4,76,38,54.79,34.21,107,116,92.24,501,451,111.09,363,193,188.08,142,15.78,109.23,6,42,86,1,86.0,12.29,42.0,1/14,0,0,19.05,5,6,26.19,0,0,,1,42,12.29,0,0,,1,12.29,86.0,22,4,0
fd835ab3,DJ Hussey,IPL,64,2008-04-18,2014-05-30,"Chennai Super Kings, Kings XI Punjab, Kolkata Knight Riders",IPL,61,1322,1075,49,12,26.98,122.98,71,0,5,14,4,90,60,54.46,37.12,134,115,116.52,778,727,107.02,410,233,175.97,227,28.38,122.04,26,317,474,8,59.25,8.97,39.62,2/2,0,0,27.13,30,25,17.35,0,36,9.5,6,228,7.97,2,53,12.91,5,8.24,36.0,25,5,0
86dc8f2e,JH Kallis,IPL,98,2008-04-18,2014-05-11,"Kolkata Knight Riders, Royal Challengers Bangalore",IPL,96,2427,2222,85,11,28.55,109.23,89,0,17,17,9,255,44,52.9,41.09,1036,982,105.5,997,1012,98.52,394,228,172.81,217,24.11,103.33,89,1742,2293,65,35.28,7.9,26.8,3/13,0,0,34.5,236,58,16.88,18,516,7.35,23,866,7.32,24,360,10.07,5,9.15,49.4,31,6,0
b1451597,LR Shukla,IPL,49,2008-04-18,2014-05-10,"Delhi Daredevils, Kolkata Knight Riders",IPL,33,405,350,27,6,15.0,115.71,48,0,0,3,3,33,16,56.3,41.14,2,5,40.0,184,181,101.66,219,164,133.54,75,8.33,91.46,27,314,447,15,29.8,8.54,20.93,3/6,0,0,34.71,39,16,17.52,0,26,11.54,6,210,7.86,9,78,9.38,4,8.02,36.75,14,6,0
abfeb126,M Kartik,IPL,56,2008-04-18,2014-05-07,"Kings XI Punjab, Kolkata Knight Riders, Pune Warriors, Royal Challengers Bangalore",IPL,14,113,108,7,7,16.14,104.63,21,0,0,0,1,7,1,30.09,28.7,0,0,,35,32,109.38,78,76,102.63,73,18.25,102.82,55,1149,1388,31,44.77,7.25,37.06,3/17,0,0,33.25,97,41,12.01,7,179,6.97,18,816,7.16,6,154,8.03,8,8.42,37.88,20,3,0
f3cb53a1,MV Boucher,IPL,31,2008-04-18,2011-05-14,"Kolkata Knight Riders, Royal Challengers Bangalore",IPL,23,394,309,14,9,28.14,127.51,50,0,1,5,0,32,13,52.28,34.63,22,24,91.67,137,138,99.28,235,147,159.86,106,21.2,121.84,0,0,0,0,,,,,0,0,,0,0,,0,0,,0,0,,0,0,,0,,,14,7,3
9ab63e7b,Mohammad Hafeez,IPL,8,2008-04-18,2008-05-20,Kolkata Knight Riders,IPL,8,64,83,7,1,9.14,77.11,16,0,0,0,0,7,2,62.5,60.24,28,36,77.78,26,38,68.42,10,9,111.11,64,9.14,77.11,4,60,68,2,34.0,6.8,30.0,1/8,0,0,36.67,5,2,11.67,0,0,,2,60,6.8,0,0,,2,6.8,34.0,1,1,0
0184dc35,R Dravid,IPL,89,2008-04-18,2013-05-24,"Rajasthan Royals, Royal Challengers Bangalore",IPL,82,2174,1882,77,5,28.23,115.52,75,0,11,21,3,269,28,57.22,41.6,905,832,108.77,1069,931,114.82,200,119,168.07,249,27.67,113.7,0,0,0,0,,,,,0,0,,0,0,,0,0,,0,0,,0,0,,0,,,18,8,0
7d415ea5,RT Ponting,IPL,10,2008-04-18,2013-04-21,"Kolkata Knight Riders, Mumbai Indians",IPL,9,91,128,9,0,10.11,71.09,28,0,0,0,3,5,2,35.16,53.12,45,75,60.0,46,53,86.79,0,0,,91,10.11,71.09,0,0,0,0,,,,,0,0,,0,0,,0,0,,0,0,,0,0,,0,,,4,0,0
670709ec,SB Joshi,IPL,4,2008-04-18,2008-04-30,Royal Challengers Bangalore,IPL,2,6,14,2,0,3.0,42.86,3,0,0,0,0,0,0,0.0,57.14,0,0,,6,13,46.15,0,1,0.0,6,3.0,42.86,4,55,82,1,82.0,8.95,55.0,1/27,0,0,32.73,6,5,20.0,0,0,,0,48,8.62,1,7,11.14,1,8.95,82.0,0,0,0
725529bc,SC Ganguly,IPL,59,2008-04-18,2012-05-19,"Kolkata Knight Riders, Pune Warriors",IPL,56,1349,1263,53,3,25.45,106.81,91,0,7,14,4,137,42,59.3,47.43,529,518,102.12,630,642,98.13,190,103,184.47,207,20.7,96.73,20,276,363,10,36.3,7.89,27.6,2/21,0,0,27.17,25,14,14.13,0,18,10.67,10,246,7.29,0,12,16.0,2,10.0,90.0,22,1,0
619aa81f,W Jaffer,IPL,8,2008-04-18,2009-05-07,Royal Challengers Bangalore,IPL,8,130,121,8,0,16.25,107.44,50,0,1,1,1,14,3,56.92,46.28,77,89,86.52,53,32,165.62,0,0,,130,16.25,107.44,0,0,0,0,,,,,0,0,,0,0,,0,0,,0,0,,0,0,,0,,,4,1,0
dd09ff8e,B Lee,IPL,38,2008-04-19,2013-05-01,"Kings XI Punjab, Kolkata Knight Riders",IPL,19,124,97,10,9,12.4,127.84,25,0,0,0,1,8,8,64.52,42.27,0,0,,12,10,120.0,112,87,128.74,69,11.5,164.29,38,875,1095,25,43.8,7.51,35.0,3/15,0,0,42.74,123,25,16.91,11,486,6.91,4,78,6.08,10,311,8.8,9,8.0,35.56,10,6,0
3eac9d95,JDP Oram,IPL,18,2008-04-19,2013-04-04,"Chennai Super Kings, Mumbai Indians, Rajasthan Royals",IPL,11,106,108,8,3,13.25,98.15,41,0,0,1,1,6,5,50.94,44.44,0,0,,44,58,75.86,62,50,124.0,93,13.29,94.9,14,237,349,9,38.78,8.84,26.33,3/32,0,0,33.33,34,14,20.25,3,108,9.5,1,54,8.67,5,75,8.0,6,8.51,33.33,8,2,0
2498e163,JR Hopes,IPL,21,2008-04-19,2011-05-21,"Delhi Daredevils, Kings XI Punjab",IPL,19,417,306,16,3,26.06,136.27,71,0,4,0,1,49,11,62.83,36.6,167,133,125.56,187,128,146.09,63,45,140.0,249,35.57,125.76,20,360,548,14,39.14,9.13,25.71,2/2,0,0,29.17,44,28,20.0,1,18,8.33,7,234,7.97,6,108,11.78,7,8.59,41.71,6,0,0
9f961c14,Joginder Sharma,IPL,16,2008-04-19,2011-04-22,Chennai Super Kings,IPL,5,36,30,4,1,9.0,120.0,16,0,0,0,2,1,2,44.44,33.33,0,0,,0,2,0.0,36,28,128.57,36,9.0,120.0,15,256,419,12,34.92,9.82,21.33,2/27,0,0,27.73,38,17,21.48,0,24,12.0,10,180,8.87,2,52,12.12,5,10.38,49.8,5,2,0
a1f1829d,K Goel,IPL,22,2008-04-19,2010-04-18,Kings XI Punjab,IPL,17,218,231,15,2,14.53,94.37,38,0,0,1,2,17,9,55.96,52.81,160,161,99.38,28,42,66.67,30,28,107.14,104,13.0,78.79,6,66,93,0,,8.45,,0/7,0,0,28.79,9,2,16.67,0,0,,0,66,8.45,0,0,,0,8.45,,9,1,0
6b71e6cf,KC Sangakkara,IPL,71,2008-04-19,2013-05-08,"Deccan Chargers, Kings XI Punjab, Sunrisers Hyderabad",IPL,68,1687,1392,65,3,25.95,121.19,94,0,10,13,4,195,27,55.84,37.36,522,450,116.0,963,812,118.6,202,130,155.38,135,13.5,85.44,0,0,0,0,,,,,0,0,,0,0,,0,0,,0,0,,0,0,,0,,,45,11,9
4ba44e19,M Muralitharan,IPL,66,2008-04-19,2014-05-22,"Chennai Super Kings, Kochi Tuskers Kerala, Royal Challengers Bangalore",IPL,9,20,30,6,3,3.33,66.67,6,0,0,0,2,1,0,20.0,56.67,0,0,,0,0,,20,30,66.67,20,3.33,66.67,67,1528,1706,64,26.66,6.7,23.88,3/11,0,0,39.27,105,67,11.26,3,148,6.45,39,1105,6.37,22,275,8.14,6,7.74,45.17,15,3,0
48fd7349,MEK Hussey,IPL,59,2008-04-19,2015-05-24,"Chennai Super Kings, Mumbai Indians",IPL,58,1977,1612,51,7,38.76,122.64,116,1,15,12,1,198,52,55.84,37.66,828,767,107.95,888,709,125.25,261,136,191.91,266,26.6,122.58,0,0,0,0,,,,,0,0,,0,0,,0,0,,0,0,,0,0,,0,,,26,1,0
d8699ab7,ML Hayden,IPL,32,2008-04-19,2010-04-25,Chennai Super Kings,IPL,33,1107,806,31,2,35.71,137.34,93,0,8,9,2,121,44,67.57,41.44,599,462,129.65,412,294,140.14,96,50,192.0,150,15.0,98.04,0,0,0,0,,,,,0,0,,0,0,,0,0,,0,0,,0,0,,0,,,11,3,0
6ad3a659,P Amarnath,IPL,6,2008-04-19,2008-05-10,Chennai Super Kings,IPL,0,0,0,0,0,,,0,0,0,0,0,0,0,,,0,0,,0,0,,0,0,,0,,,6,132,236,7,33.71,10.73,18.86,2/29,0,0,21.97,29,7,27.27,0,6,12.0,6,108,10.28,1,18,13.0,7,10.73,33.71,2,0,0
3576e47e,S Badrinath,IPL,94,2008-04-19,2013-05-26,Chennai Super Kings,IPL,65,1441,1212,47,18,30.66,118.89,71,0,11,12,6,154,28,54.41,37.95,182,237,76.79,837,697,120.09,422,278,151.8,173,21.62,106.79,0,0,0,0,,,,,0,0,,0,0,,0,0,,0,0,,0,0,,0,,,16,5,0
6b8eb6e5,S Sreesanth,IPL,44,2008-04-19,2013-05-09,"Kings XI Punjab, Kochi Tuskers Kerala, Rajasthan Royals",IPL,12,34,55,4,8,8.5,61.82,15,0,0,0,3,6,0,70.59,74.55,0,0,,0,0,,34,55,61.82,34,11.33,65.38,44,880,1194,40,29.85,8.14,22.0,3/29,0,0,45.34,130,39,19.2,27,570,7.67,5,174,7.62,8,136,10.76,8,7.38,30.0,3,0,0
fdedb37c,SM Katich,IPL,11,2008-04-19,2009-05-20,Kings XI Punjab,IPL,11,241,186,10,1,24.1,129.57,75,0,2,1,1,26,8,63.07,43.01,145,108,134.26,76,62,122.58,20,16,125.0,220,22.0,130.18,0,0,0,0,,,,,0,0,,0,0,,0,0,,0,0,,0,0,,0,,,2,2,0
3dba85c2,WA Mota,IPL,12,2008-04-19,2009-05-20,Kings XI Punjab,IPL,8,56,75,6,2,9.33,74.67,25,0,0,0,0,2,0,14.29,38.67,0,0,,33,48,68.75,23,27,85.19,56,9.33,74.67,7,72,97,4,24.25,8.08,18.0,1/6,0,0,33.33,4,5,12.5,0,0,,3,48,6.25,1,24,11.75,4,8.08,24.25,5,1,0
50758325,B Geeves,IPL,2,2008-04-19,2008-05-24,Delhi Daredevils,IPL,0,0,0,0,0,,,0,0,0,0,0,0,0,,,0,0,,0,0,,0,0,,0,,,2,48,91,1,91.0,11.38,48.0,1/50,0,0,31.25,17,1,37.5,0,24,12.5,1,18,10.33,0,6,10.0,1,11.38,91.0,3,0,0
0264c10e,D Salunkhe,IPL,6,2008-04-19,2008-05-28,Rajasthan Royals,IPL,3,33,24,2,1,16.5,137.5,26,0,0,0,0,5,0,60.61,33.33,0,0,,8,7,114.29,25,17,147.06,33,16.5,137.5,5,47,78,1,78.0,9.96,47.0,1/21,0,0,27.66,6,3,19.15,0,0,,1,41,10.39,0,6,7.0,1,9.96,78.0,2,0,0
d7c6af50,DL Vettori,IPL,34,2008-04-19,2012-05-02,"Delhi Daredevils, Royal Challengers Bangalore",IPL,16,121,113,8,8,15.12,107.08,29,0,0,0,1,11,2,46.28,36.28,0,0,,47,54,87.04,74,59,125.42,54,10.8,100.0,34,777,879,28,31.39,6.79,27.75,3/15,0,0,34.75,67,24,11.71,2,90,6.47,19,522,6.45,7,165,8.04,5,6.92,54.0,11,4,0
53fe6ee4,DS Lehmann,IPL,2,2008-04-19,2008-04-21,Rajasthan Royals,IPL,2,18,18,2,0,9.0,100.0,17,0,0,0,0,3,0,66.67,50.0,4,3,133.33,14,15,93.33,0,0,,18,9.0,100.0,0,0,0,0,,,,,0,0,,0,0,,0,0,,0,0,,0,0,,0,,,0,0,0
ee7d0c82,GD McGrath,IPL,14,2008-04-19,2008-05-30,Delhi Daredevils,IPL,2,4,5,1,1,4.0,80.0,4,0,0,0,1,1,0,100.0,80.0,0,0,,0,0,,4,5,80.0,4,4.0,80.0,14,324,357,12,29.75,6.61,27.0,4/29,1,0,47.22,41,10,15.74,8,222,5.7,1,24,7.0,3,78,9.08,6,6.74,42.67,2,0,0
d84378a4,M Kaif,IPL,30,2008-04-19,2012-04-15,"Kings XI Punjab, Rajasthan Royals, Royal Challengers Bangalore",IPL,22,259,250,18,4,14.39,103.6,34,0,0,2,0,22,6,47.88,44.8,22,38,57.89,183,167,109.58,54,45,120.0,107,11.89,108.08,0,0,0,0,,,,,0,0,,0,0,,0,0,,0,0,,0,0,,0,,,15,1,0
c42aaf71,M Manhas,IPL,55,2008-04-19,2014-05-24,"Chennai Super Kings, Delhi Daredevils, Pune Warriors",IPL,38,514,470,23,15,22.35,109.36,42,0,0,5,6,43,10,45.14,38.51,46,53,86.79,224,232,96.55,244,185,131.89,102,25.5,118.6,3,42,42,0,,6.0,,0/9,0,0,35.71,2,1,7.14,0,0,,0,36,5.67,0,6,8.0,0,6.0,,20,2,0
de8d3876,M Rawat,IPL,18,2008-04-19,2013-05-09,"Pune Warriors, Rajasthan Royals",IPL,11,55,69,5,6,11.0,79.71,23,0,0,0,1,4,1,40.0,47.83,0,2,0.0,15,22,68.18,40,45,88.89,53,13.25,81.54,0,0,0,0,,,,,0,0,,0,0,,0,0,,0,0,,0,0,,0,,,16,9,2
ab89348d,MF Maharoof,IPL,20,2008-04-19,2010-04-11,Delhi Daredevils,IPL,14,177,123,10,4,17.7,143.9,39,0,0,1,2,12,9,57.63,34.96,0,0,,42,34,123.53,135,89,151.69,91,15.17,126.39,20,420,520,27,19.26,7.43,15.56,3/34,0,0,39.29,46,16,14.76,8,168,7.43,9,150,6.36,10,102,9.0,12,7.97,22.58,4,2,0
3d7e087f,SK Trivedi,IPL,76,2008-04-19,2013-05-24,Rajasthan Royals,IPL,14,42,59,7,7,6.0,71.19,9,0,0,0,1,3,1,42.86,59.32,0,0,,0,1,0.0,42,58,72.41,35,7.0,79.55,75,1506,1904,65,29.29,7.59,23.17,4/25,1,0,32.67,154,51,13.61,6,126,9.38,39,1074,6.98,20,306,8.96,6,6.82,37.5,14,4,0
bb18be76,SK Warne,IPL,55,2008-04-19,2011-05-20,Rajasthan Royals,IPL,29,198,214,20,9,9.9,92.52,34,0,0,1,7,14,6,46.46,46.73,0,0,,61,82,74.39,137,132,103.79,19,2.71,50.0,54,1194,1447,57,25.39,7.27,20.95,4/21,1,0,35.68,91,56,12.31,1,36,9.67,38,942,6.78,18,216,9.0,9,6.64,28.78,16,3,0
40caa465,T Kohli,IPL,8,2008-04-19,2009-04-29,"Kings XI Punjab, Rajasthan Royals",IPL,3,11,19,3,0,3.67,57.89,7,0,0,0,0,0,1,54.55,68.42,7,12,58.33,0,0,,4,7,57.14,11,3.67,57.89,0,0,0,0,,,,,0,0,,0,0,,0,0,,0,0,,0,0,,0,,,1,0,0
8ba8195d,V Sehwag,IPL,104,2008-04-19,2015-05-03,"Delhi Daredevils, Kings XI Punjab",IPL,104,2728,1755,99,5,27.56,155.44,122,2,16,17,7,334,106,72.29,37.55,1593,1105,144.16,1062,615,172.68,73,35,208.57,228,22.8,150.0,15,136,235,6,39.17,10.37,22.67,2/18,0,0,32.35,19,16,25.74,0,12,23.5,4,102,8.12,2,22,13.64,3,9.59,43.67,34,8,0
a45a5e8d,AM Nayar,IPL,60,2008-04-20,2014-05-25,"Kings XI Punjab, Mumbai Indians, Pune Warriors, Rajasthan Royals",IPL,50,672,577,38,12,17.68,116.46,45,0,0,6,3,55,20,50.6,38.65,65,73,89.04,297,307,96.74,310,197,157.36,59,8.43,80.82,19,229,322,9,35.78,8.44,25.44,3/13,0,0,30.13,22,13,15.28,0,6,10.0,8,217,8.38,1,6,9.0,4,8.87,42.5,13,2,0
7d3937ed,DJ Thornely,IPL,6,2008-04-20,2008-05-18,Mumbai Indians,IPL,4,39,53,3,1,13.0,73.58,30,0,0,1,1,2,2,51.28,56.6,4,20,20.0,35,33,106.06,0,0,,39,13.0,73.58,4,42,40,3,13.33,5.71,14.0,2/7,0,0,45.24,5,0,11.9,0,0,,3,42,5.71,0,0,,3,5.71,13.33,3,0,0
0fa5042b,L Ronchi,IPL,5,2008-04-20,2009-05-08,Mumbai Indians,IPL,5,34,34,5,0,6.8,100.0,13,0,0,0,1,6,1,88.24,67.65,34,34,100.0,0,0,,0,0,,34,6.8,100.0,0,0,0,0,,,,,0,0,,0,0,,0,0,,0,0,,0,0,,0,,,4,2,0
b61a3e1a,LRPL Taylor,IPL,55,2008-04-20,2014-05-15,"Delhi Daredevils, Pune Warriors, Rajasthan Royals, Royal Challengers Bangalore",IPL,54,1017,822,40,14,25.43,123.72,81,0,3,8,3,66,46,53.1,37.59,155,121,128.1,550,502,109.56,312,199,156.78,146,16.22,97.99,2,12,24,0,,12.0,,0/11,0,0,0.0,0,2,16.67,0,0,,0,12,12.0,0,0,,0,12.0,,18,1,0
0d232ffd,MA Khote,IPL,4,2008-04-20,2008-04-27,Mumbai Indians,IPL,3,24,22,2,1,12.0,109.09,9,0,0,0,0,2,1,58.33,45.45,0,0,,6,7,85.71,18,15,120.0,24,12.0,109.09,2,30,51,2,25.5,10.2,15.0,2/29,0,0,16.67,4,2,20.0,0,0,,1,18,9.33,1,12,11.5,2,10.2,25.5,0,0,0
0aadc906,PR Shah,IPL,16,2008-04-20,2011-05-20,"Mumbai Indians, Rajasthan Royals",IPL,9,92,91,8,1,11.5,101.1,29,0,0,0,1,9,2,52.17,48.35,30,31,96.77,35,39,89.74,27,21,128.57,92,11.5,101.1,0,0,0,0,,,,,0,0,,0,0,,0,0,,0,0,,0,0,,0,,,10,3,3
881a9bdd,S Chanderpaul,IPL,3,2008-04-20,2008-05-08,Royal Challengers Bangalore,IPL,3,25,31,3,0,8.33,80.65,16,0,0,0,0,4,0,64.0,58.06,25,31,80.65,0,0,,0,0,,25,8.33,80.65,0,0,0,0,,,,,0,0,,0,0,,0,0,,0,0,,0,0,,0,,,0,0,0
88fccd6c,SM Pollock,IPL,13,2008-04-20,2008-05-28,Mumbai Indians,IPL,8,147,111,8,0,18.38,132.43,33,0,0,2,2,12,8,65.31,37.84,1,6,16.67,66,63,104.76,80,42,190.48,147,18.38,132.43,13,276,301,11,27.36,6.54,25.09,3/12,0,0,47.1,30,9,14.13,8,204,6.15,3,66,7.64,0,6,8.0,10,6.06,21.2,2,1,0
f233bbb4,ST Jayasuriya,IPL,30,2008-04-20,2010-04-11,Mumbai Indians,IPL,30,768,532,28,2,27.43,144.36,114,1,4,5,2,84,39,74.22,47.18,514,366,140.44,254,166,153.01,0,0,,117,11.7,105.41,21,294,390,13,30.0,7.96,22.62,3/14,0,0,28.23,22,16,12.93,0,6,10.0,10,228,7.74,3,60,8.6,5,8.15,32.6,4,5,0
bd77eb62,A Symonds,IPL,39,2008-04-20,2011-05-20,"Deccan Chargers, Mumbai Indians",IPL,36,974,750,27,9,36.07,129.87,117,1,5,8,0,74,41,55.65,36.93,72,82,87.8,609,484,125.83,293,184,159.24,137,27.4,93.84,30,527,674,20,33.7,7.67,26.35,3/21,0,0,36.05,44,33,14.61,4,114,5.58,11,330,7.69,5,83,10.48,5,7.31,38.0,21,1,0
2b6e6dec,AC Gilchrist,IPL,80,2008-04-20,2013-05-18,"Deccan Chargers, Kings XI Punjab",IPL,80,2069,1495,76,4,27.22,138.39,109,2,11,13,7,239,92,72.89,45.28,1385,1033,134.08,621,430,144.42,63,32,196.88,270,30.0,127.96,1,1,0,1,0.0,0.0,1.0,1/0,0,0,100.0,0,0,0.0,0,0,,0,0,,1,1,0.0,1,0.0,0.0,51,20,16
b9be6507,AS Yadav,IPL,8,2008-04-20,2008-05-27,Deccan Chargers,IPL,6,49,39,5,1,9.8,125.64,16,0,0,0,1,5,2,65.31,43.59,0,0,,10,10,100.0,39,29,134.48,49,9.8,125.64,0,0,0,0,,,,,0,0,,0,0,,0,0,,0,0,,0,0,,0,,,1,1,0
6c6591ab,PP Ojha,IPL,92,2008-04-20,2015-04-08,"Deccan Chargers, Mumbai Indians",IPL,20,16,45,12,8,1.33,35.56,3,0,0,0,6,0,0,0.0,66.67,0,0,,0,2,0.0,16,43,37.21,10,2.0,35.71,90,1899,2337,89,26.26,7.38,21.34,3/11,0,0,35.12,146,97,12.8,6,240,7.92,63,1373,6.87,20,286,9.4,3,8.47,101.67,14,3,0
c3d1402f,RP Singh,IPL,82,2008-04-20,2016-05-10,"Deccan Chargers, Kochi Tuskers Kerala, Mumbai Indians, Rising Pune Supergiants, Royal Challengers Bangalore",IPL,29,52,76,15,14,3.47,68.42,10,0,0,0,5,2,1,26.92,51.32,0,0,,2,6,33.33,50,70,71.43,8,1.6,50.0,82,1775,2338,90,25.98,7.9,19.72,4/22,2,0,41.92,254,70,18.25,35,1002,7.16,10,246,8.07,45,527,9.24,7,9.06,41.43,29,8,0
0604ef16,SB Bangar,IPL,12,2008-04-20,2009-04-23,"Deccan Chargers, Kolkata Knight Riders",IPL,8,49,58,7,1,7.0,84.48,17,0,0,0,1,1,3,44.9,48.28,0,0,,17,35,48.57,32,23,139.13,49,7.0,84.48,9,150,219,4,54.75,8.76,37.5,2/34,0,0,36.67,24,7,20.67,1,18,4.0,2,108,8.39,1,24,14.0,4,8.76,54.75,2,2,0
57efa3be,SB Styris,IPL,12,2008-04-20,2011-04-13,"Chennai Super Kings, Deccan Chargers",IPL,10,131,133,7,3,18.71,98.5,36,0,0,1,0,10,3,44.27,39.1,8,13,61.54,83,93,89.25,40,27,148.15,131,18.71,98.5,11,216,276,8,34.5,7.67,27.0,3/32,0,0,38.43,19,14,15.28,1,42,6.43,1,108,6.56,6,66,10.27,8,8.03,32.12,2,2,0
de8cce37,VVS Laxman,IPL,20,2008-04-20,2011-04-24,"Deccan Chargers, Kochi Tuskers Kerala",IPL,20,282,267,19,1,14.84,105.62,52,0,1,3,4,33,5,57.45,44.57,187,188,99.47,92,73,126.03,3,6,50.0,108,10.8,99.08,0,0,0,0,,,,,0,0,,0,0,,0,0,,0,0,,0,0,,0,,,4,1,0
bcce309e,WPUJC Vaas,IPL,13,2008-04-20,2010-04-18,Deccan Chargers,IPL,11,81,73,8,3,10.12,110.96,20,0,0,0,3,2,3,32.1,32.88,0,0,,22,20,110.0,59,53,111.32,81,11.57,112.5,13,282,355,18,19.72,7.55,15.67,3/21,0,0,45.39,40,13,18.79,15,198,6.18,1,36,9.5,2,48,11.75,15,7.62,18.8,0,1,0
fe763256,Y Venugopal Rao,IPL,65,2008-04-20,2014-05-24,"Deccan Chargers, Delhi Daredevils, Sunrisers Hyderabad",IPL,52,985,836,44,8,22.39,117.82,71,0,3,8,2,77,37,53.81,39.0,76,97,78.35,522,488,106.97,387,251,154.18,158,22.57,111.27,20,216,337,6,56.17,9.36,36.0,2/23,0,0,27.31,30,13,19.91,1,42,9.57,4,150,8.68,1,24,13.25,3,9.33,37.33,13,3,0
d18f9182,DPMD Jayawardene,IPL,80,2008-04-21,2013-05-19,"Delhi Daredevils, Kings XI Punjab, Kochi Tuskers Kerala",IPL,79,1808,1464,64,15,28.25,123.5,110,1,10,12,2,200,40,57.52,38.32,611,501,121.96,823,728,113.05,374,235,159.15,203,20.3,104.64,0,0,0,0,,,,,0,0,,0,0,,0,0,,0,0,,0,0,,0,,,33,8,0
ff077124,Kamran Akmal,IPL,6,2008-04-21,2008-06-01,Rajasthan Royals,IPL,6,128,78,5,1,25.6,164.1,53,0,1,0,0,13,8,78.12,42.31,51,41,124.39,51,20,255.0,26,17,152.94,128,25.6,164.1,0,0,0,0,,,,,0,0,,0,0,,0,0,,0,0,,0,0,,0,,,5,2,4
e32d22f6,Pankaj Singh,IPL,17,2008-04-21,2012-05-10,"Rajasthan Royals, Royal Challengers Bangalore",IPL,5,7,12,2,3,3.5,58.33,4,0,0,0,1,0,0,0.0,50.0,0,0,,0,0,,7,12,58.33,7,3.5,58.33,17,300,468,11,42.55,9.36,27.27,2/18,0,0,37.0,52,17,23.0,8,150,7.72,2,102,9.71,1,48,13.75,9,9.0,32.0,2,0,0
3fca55af,S Sohal,IPL,22,2008-04-21,2011-05-16,"Deccan Chargers, Kings XI Punjab",IPL,20,368,292,20,0,18.4,126.03,62,0,2,4,3,34,18,66.3,47.6,279,220,126.82,85,63,134.92,4,9,44.44,249,24.9,130.37,0,0,0,0,,,,,0,0,,0,0,,0,0,,0,0,,0,0,,0,,,2,0,0
e03b66ec,Mohammad Asif,IPL,8,2008-04-22,2008-05-30,Delhi Daredevils,IPL,2,3,6,2,0,1.5,50.0,3,0,0,0,1,0,0,0.0,50.0,0,0,,2,3,66.67,1,3,33.33,3,1.5,50.0,8,192,296,8,37.0,9.25,24.0,2/19,0,0,33.33,37,8,23.44,3,90,9.67,1,42,7.14,4,60,10.1,8,9.25,37.0,1,0,0
0dc00542,Shahid Afridi,IPL,10,2008-04-22,2008-05-27,Deccan Chargers,IPL,9,81,46,8,1,10.12,176.09,33,0,0,1,1,7,6,79.01,43.48,43,18,238.89,16,18,88.89,22,10,220.0,81,10.12,176.09,10,180,225,9,25.0,7.5,20.0,3/28,0,0,31.67,19,7,14.44,1,24,6.5,6,120,7.1,2,36,9.5,9,7.5,25.0,4,0,0
64c34cd0,Shoaib Malik,IPL,9,2008-04-22,2008-05-19,Delhi Daredevils,IPL,5,52,47,4,1,13.0,110.64,24,0,0,0,0,5,0,38.46,29.79,17,13,130.77,27,27,100.0,8,7,114.29,52,13.0,110.64,5,51,85,2,42.5,10.0,25.5,1/6,0,0,29.41,7,3,19.61,0,0,,1,36,10.0,1,15,10.0,2,10.0,42.5,5,0,0
93a17209,VY Mahesh,IPL,17,2008-04-22,2012-05-17,"Chennai Super Kings, Delhi Daredevils",IPL,5,15,27,2,3,7.5,55.56,6,0,0,0,0,0,0,0.0,51.85,0,0,,3,8,37.5,12,19,63.16,15,7.5,55.56,17,339,499,21,23.76,8.83,16.14,4/36,1,0,35.4,47,20,19.76,4,78,11.46,7,198,8.18,10,63,7.62,13,9.03,21.08,6,0,0
38f2c66c,VS Yeligati,IPL,2,2008-04-23,2008-05-21,Mumbai Indians,IPL,1,2,2,1,0,2.0,100.0,2,0,0,0,0,0,0,0.0,50.0,0,0,,0,0,,2,2,100.0,2,2.0,100.0,2,30,59,0,,11.8,,0/16,0,0,20.0,7,2,30.0,0,6,12.0,0,18,11.33,0,6,13.0,0,11.8,,0,0,0
94bc776b,D Kalyankrishna,IPL,3,2008-04-24,2008-05-01,Deccan Chargers,IPL,1,3,8,1,0,3.0,37.5,3,0,0,0,0,0,0,0.0,62.5,0,0,,0,0,,3,8,37.5,3,3.0,37.5,3,48,87,2,43.5,10.88,24.0,1/30,0,0,20.83,8,4,25.0,0,0,,2,42,10.0,0,6,17.0,2,10.88,43.5,1,0,0
72861603,GC Smith,IPL,29,2008-04-24,2011-05-04,"Pune Warriors, Rajasthan Royals",IPL,29,739,668,26,3,28.42,110.63,91,0,4,5,3,94,9,58.19,44.46,374,387,96.64,299,241,124.07,66,40,165.0,136,13.6,91.28,0,0,0,0,,,,,0,0,,0,0,,0,0,,0,0,,0,0,,0,,,7,0,0
36d33dd0,RR Sarwan,IPL,4,2008-04-25,2008-05-10,Kings XI Punjab,IPL,4,73,75,4,0,18.25,97.33,31,0,0,1,0,6,1,41.1,41.33,45,40,112.5,28,35,80.0,0,0,,73,18.25,97.33,0,0,0,0,,,,,0,0,,0,0,,0,0,,0,0,,0,0,,0,,,1,0,0
034b4b7d,VRV Singh,IPL,19,2008-04-25,2010-04-18,Kings XI Punjab,IPL,2,4,3,2,0,2.0,133.33,4,0,0,0,1,1,0,100.0,66.67,0,0,,0,0,,4,3,133.33,4,2.0,133.33,18,360,542,12,45.17,9.03,30.0,3/29,0,0,31.67,58,16,20.56,1,78,10.31,4,174,8.62,7,108,8.78,4,9.73,73.0,3,0,0
0c2730df,A Kumble,IPL,42,2008-04-26,2010-04-24,Royal Challengers Bangalore,IPL,15,35,47,3,12,11.67,74.47,8,0,0,0,0,3,0,34.29,46.81,0,0,,1,5,20.0,34,42,80.95,21,21.0,84.0,42,965,1058,45,23.51,6.58,21.44,5/5,2,1,38.76,72,35,11.09,3,108,4.89,25,690,6.59,17,167,7.62,12,6.99,23.0,10,0,0
64d43928,Sohail Tanvir,IPL,11,2008-04-26,2008-06-01,Rajasthan Royals,IPL,5,36,29,3,2,12.0,124.14,13,0,0,0,0,3,1,50.0,31.03,13,8,162.5,11,10,110.0,12,11,109.09,36,12.0,124.14,11,247,266,22,12.09,6.46,11.23,6/14,1,1,48.99,27,7,13.77,6,132,6.41,0,12,4.0,16,103,6.82,22,6.32,10.68,4,3,0
e0351c86,DNT Zoysa,IPL,3,2008-04-27,2008-05-18,Deccan Chargers,IPL,2,11,9,1,1,11.0,122.22,10,0,0,0,0,1,0,36.36,33.33,0,0,,1,1,100.0,10,8,125.0,11,11.0,122.22,3,66,99,2,49.5,9.0,33.0,1/30,0,0,36.36,12,3,22.73,0,36,7.5,1,12,10.5,1,18,11.0,2,9.0,49.5,1,0,0
facb9086,SD Chitnis,IPL,11,2008-04-27,2012-05-19,"Kings XI Punjab, Mumbai Indians, Rajasthan Royals",IPL,8,99,89,7,1,14.14,111.24,38,0,0,1,0,10,2,52.53,39.33,1,6,16.67,55,46,119.57,43,37,116.22,99,14.14,111.24,2,36,60,2,30.0,10.0,18.0,2/40,0,0,25.0,4,3,19.44,0,6,12.0,1,24,9.75,1,6,9.0,2,10.0,30.0,2,0,0
5451a2c1,B Chipli,IPL,24,2008-04-28,2013-05-19,"Deccan Chargers, Delhi Daredevils, Royal Challengers Bangalore",IPL,21,280,251,15,6,18.67,111.55,61,0,1,1,0,28,7,55.0,41.83,55,76,72.37,125,119,105.04,100,56,178.57,99,16.5,108.79,1,6,20,0,,20.0,,0/20,0,0,16.67,1,2,50.0,0,0,,0,6,20.0,0,0,,0,20.0,,3,0,0
c3d35165,JA Morkel,IPL,90,2008-04-28,2016-04-29,"Chennai Super Kings, Delhi Daredevils, Rising Pune Supergiants, Royal Challengers Bangalore",IPL,68,975,687,40,28,24.38,141.92,73,0,3,4,3,61,55,58.87,33.04,18,13,138.46,320,266,120.3,637,408,156.13,157,26.17,125.6,87,1723,2359,85,27.75,8.21,20.27,4/32,1,0,37.49,264,56,18.57,34,900,8.45,20,498,7.04,31,325,9.36,7,9.63,37.14,19,6,0
342d8ade,CRD Fernando,IPL,10,2008-04-29,2010-04-25,Mumbai Indians,IPL,2,4,3,0,2,,133.33,2,0,0,0,0,0,0,0.0,0.0,0,0,,0,0,,4,3,133.33,4,,133.33,10,234,298,17,17.53,7.64,13.76,4/18,1,0,42.31,30,9,16.67,7,78,6.69,5,72,6.92,5,84,9.14,17,7.64,17.53,3,1,0
7050a1e7,DB Das,IPL,31,2008-04-29,2013-05-15,Kolkata Knight Riders,IPL,22,304,261,14,8,21.71,116.48,35,0,0,2,1,23,16,61.84,45.21,58,53,109.43,129,111,116.22,117,97,120.62,101,16.83,110.99,0,0,0,0,,,,,0,0,,0,0,,0,0,,0,0,,0,0,,0,,,7,2,0
890de8cb,Gagandeep Singh,IPL,4,2008-05-01,2008-05-23,Kings XI Punjab,IPL,0,0,0,0,0,,,0,0,0,0,0,0,0,,,0,0,,0,0,,0,0,,0,,,4,84,141,3,47.0,10.07,28.0,1/33,0,0,29.76,14,6,23.81,0,6,7.0,2,54,7.78,1,24,16.0,3,10.07,47.0,0,0,0
e1d1b294,HH Gibbs,IPL,36,2008-05-01,2012-05-16,"Deccan Chargers, Mumbai Indians",IPL,36,886,807,32,4,27.69,109.79,69,0,6,5,4,83,31,58.47,47.09,447,416,107.45,367,345,106.38,72,46,156.52,261,29.0,108.75,0,0,0,0,,,,,0,0,,0,0,,0,0,,0,0,,0,0,,0,,,22,5,0
b57f8a9a,BJ Hodge,IPL,66,2008-05-01,2014-05-25,"Kochi Tuskers Kerala, Kolkata Knight Riders, Rajasthan Royals",IPL,63,1400,1118,42,21,33.33,125.22,73,0,6,15,3,122,43,53.29,36.14,148,162,91.36,646,583,110.81,606,373,162.47,225,37.5,139.75,20,234,303,17,17.82,7.77,13.76,4/13,1,0,32.05,17,14,13.25,0,36,8.67,14,180,7.6,3,18,7.67,9,7.53,14.22,22,5,0
ae091d39,SA Asnodkar,IPL,20,2008-05-01,2011-04-21,Rajasthan Royals,IPL,20,423,339,20,0,21.15,124.78,60,0,2,5,3,56,10,67.14,44.54,278,209,133.01,145,130,111.54,0,0,,112,11.2,107.69,0,0,0,0,,,,,0,0,,0,0,,0,0,,0,0,,0,0,,0,,,6,1,0
4d6d6280,Salman Butt,IPL,7,2008-05-01,2008-05-25,Kolkata Knight Riders,IPL,7,193,161,7,0,27.57,119.88,73,0,1,1,0,30,2,68.39,46.58,104,98,106.12,73,57,128.07,16,6,266.67,193,27.57,119.88,0,0,0,0,,,,,0,0,,0,0,,0,0,,0,0,,0,0,,0,,,2,0,0
16dfcc19,Umar Gul,IPL,6,2008-05-01,2008-05-25,Kolkata Knight Riders,IPL,4,39,19,3,1,13.0,205.26,24,0,0,0,0,1,5,87.18,42.11,0,0,,0,0,,39,19,205.26,39,13.0,205.26,6,135,184,12,15.33,8.18,11.25,4/23,1,0,37.78,17,5,16.3,4,36,6.33,4,54,6.67,4,45,11.47,12,8.18,15.33,0,1,0
20a941bb,M Ntini,IPL,9,2008-05-02,2008-06-01,Chennai Super Kings,IPL,2,11,18,1,1,11.0,61.11,11,0,0,0,0,2,0,72.73,77.78,0,0,,0,0,,11,18,61.11,11,11.0,61.11,9,210,242,7,34.57,6.91,30.0,4/21,1,0,47.14,29,8,17.62,5,156,6.46,0,18,7.33,2,36,8.67,7,6.91,34.57,1,2,0
756389bd,S Vidyut,IPL,9,2008-05-02,2008-06-01,Chennai Super Kings,IPL,8,145,109,8,0,18.12,133.03,54,0,1,1,1,21,3,70.34,44.95,103,76,135.53,42,30,140.0,0,3,0.0,145,18.12,133.03,1,12,22,1,22.0,11.0,12.0,1/22,0,0,41.67,1,2,25.0,0,0,,1,12,11.0,0,0,,1,11.0,22.0,1,0,0
eea6b7f1,SP Fleming,IPL,10,2008-05-02,2008-05-27,Chennai Super Kings,IPL,10,196,165,9,1,21.78,118.79,45,0,0,3,1,27,3,64.29,48.48,120,110,109.09,76,55,138.18,0,0,,196,21.78,118.79,0,0,0,0,,,,,0,0,,0,0,,0,0,,0,0,,0,0,,0,,,2,0,0
b720a5d6,DB Ravi Teja,IPL,32,2008-05-09,2013-04-14,"Deccan Chargers, Sunrisers Hyderabad",IPL,25,375,317,19,6,19.74,118.3,60,0,1,4,1,35,9,51.73,36.59,53,58,91.38,153,137,111.68,169,122,138.52,149,18.62,115.5,2,18,28,1,28.0,9.33,18.0,1/19,0,0,22.22,1,2,16.67,0,0,,1,18,9.33,0,0,,1,9.33,28.0,11,2,0
acd4f5dc,DP Vijaykumar,IPL,9,2008-05-03,2008-05-27,Deccan Chargers,IPL,1,1,1,0,1,,100.0,1,0,0,0,0,0,0,0.0,0.0,0,0,,0,0,,1,1,100.0,1,,100.0,9,152,199,4,49.75,7.86,38.0,1/17,0,0,41.45,23,5,18.42,3,102,7.29,0,24,5.75,1,26,12.0,4,7.86,49.75,0,0,0
1be70c88,LPC Silva,IPL,3,2008-05-18,2008-05-25,Deccan Chargers,IPL,3,40,26,2,1,20.0,153.85,23,0,0,0,1,5,1,65.0,34.62,9,7,128.57,8,9,88.89,23,10,230.0,40,20.0,153.85,1,6,21,0,,21.0,,0/21,0,0,0.0,0,3,50.0,0,0,,0,0,,0,6,21.0,0,21.0,,3,1,0
7eae4418,Misbah-ul-Haq,IPL,8,2008-05-03,2008-05-28,Royal Challengers Bangalore,IPL,8,117,81,7,1,16.71,144.44,47,0,0,2,2,10,6,64.96,37.04,27,19,142.11,48,42,114.29,42,20,210.0,117,16.71,144.44,0,0,0,0,,,,,0,0,,0,0,,0,0,,0,0,,0,0,,0,,,1,0,0
5f4e9e8f,RR Raje,IPL,10,2008-05-04,2009-05-12,Mumbai Indians,IPL,5,20,18,1,4,20.0,111.11,11,0,0,0,0,1,1,50.0,33.33,0,0,,0,0,,20,18,111.11,20,20.0,111.11,10,139,209,6,34.83,9.02,23.17,2/16,0,0,28.06,23,4,19.42,0,6,9.0,5,96,8.5,1,37,10.38,6,9.02,34.83,3,1,0
4e04666c,YV Takawale,IPL,16,2008-05-04,2014-05-24,"Mumbai Indians, Royal Challengers Bangalore",IPL,10,192,178,8,2,24.0,107.87,45,0,0,2,2,26,3,63.54,53.37,121,132,91.67,42,33,127.27,29,13,223.08,192,24.0,107.87,0,0,0,0,,,,,0,0,,0,0,,0,0,,0,0,,0,0,,0,,,13,5,4
f48cf4da,DT Patil,IPL,2,2008-05-05,2008-05-17,Royal Challengers Bangalore,IPL,2,13,13,2,0,6.5,100.0,9,0,0,0,0,1,0,30.77,38.46,0,0,,9,12,75.0,4,1,400.0,13,6.5,100.0,0,0,0,0,,,,,0,0,,0,0,,0,0,,0,0,,0,0,,0,,,2,0,0
622cc511,U Kaul,IPL,5,2008-05-05,2008-05-21,Kings XI Punjab,IPL,1,0,1,0,1,,0.0,0,0,0,0,0,0,0,,100.0,0,0,,0,0,,0,1,0.0,0,,0.0,0,0,0,0,,,,,0,0,,0,0,,0,0,,0,0,,0,0,,0,,,2,3,0
95a2ea61,S Anirudha,IPL,20,2008-05-06,2014-05-24,"Chennai Super Kings, Sunrisers Hyderabad",IPL,12,136,113,8,4,17.0,120.35,64,0,1,0,2,9,7,57.35,40.71,26,28,92.86,34,33,103.03,76,52,146.15,111,18.5,121.98,0,0,0,0,,,,,0,0,,0,0,,0,0,,0,0,,0,0,,0,,,11,2,0
cfad138c,CK Kapugedera,IPL,5,2008-05-08,2008-06-01,Chennai Super Kings,IPL,3,16,23,3,0,5.33,69.57,8,0,0,0,1,0,0,0.0,39.13,0,0,,1,3,33.33,15,20,75.0,16,5.33,69.57,3,17,49,0,,17.29,,0/8,0,0,0.0,5,3,47.06,0,0,,0,11,18.55,0,6,15.0,0,17.29,,4,0,0
b2b50355,L Balaji,IPL,73,2008-05-08,2014-06-01,"Chennai Super Kings, Kings XI Punjab, Kolkata Knight Riders",IPL,14,36,49,8,6,4.5,73.47,15,0,0,0,5,2,1,38.89,57.14,0,0,,1,4,25.0,35,45,77.78,34,8.5,82.93,73,1512,2028,76,26.68,8.05,19.89,5/24,3,1,35.52,188,69,17.0,15,450,6.96,28,560,7.0,33,502,10.2,13,8.95,26.15,11,4,0
e249fdaa,A Chopra,IPL,7,2008-05-08,2009-04-21,Kolkata Knight Riders,IPL,6,53,71,6,0,8.83,74.65,24,0,0,0,0,7,0,52.83,57.75,27,39,69.23,25,30,83.33,1,2,50.0,53,8.83,74.65,0,0,0,0,,,,,0,0,,0,0,,0,0,,0,0,,0,0,,0,,,2,1,0
f663ef00,J Arunkumar,IPL,3,2008-05-08,2008-05-17,Royal Challengers Bangalore,IPL,3,23,23,3,0,7.67,100.0,22,0,0,0,1,5,0,86.96,65.22,23,23,100.0,0,0,,0,0,,23,7.67,100.0,0,0,0,0,,,,,0,0,,0,0,,0,0,,0,0,,0,0,,0,,,0,0,0
75de770f,T Taibu,IPL,3,2008-05-08,2008-05-13,Kolkata Knight Riders,IPL,3,31,26,3,0,10.33,119.23,15,0,0,0,0,3,0,38.71,34.62,0,0,,19,18,105.56,12,8,150.0,31,10.33,119.23,0,0,0,0,,,,,0,0,,0,0,,0,0,,0,0,,0,0,,0,,,1,0,0
a2870fb7,Niraj Patel,IPL,9,2008-05-09,2009-05-20,Rajasthan Royals,IPL,6,121,119,4,2,30.25,101.68,57,0,1,1,0,14,1,51.24,47.06,45,55,81.82,39,42,92.86,37,22,168.18,121,30.25,101.68,0,0,0,0,,,,,0,0,,0,0,,0,0,,0,0,,0,0,,0,,,6,0,0
d2c2b2d5,SR Tendulkar,IPL,78,2008-05-14,2013-05-13,Mumbai Indians,IPL,78,2334,1948,69,9,33.83,119.82,100,1,13,23,4,296,29,58.18,39.94,1143,982,116.4,967,829,116.65,224,137,163.5,219,21.9,120.99,4,36,58,0,,9.67,,0/7,0,0,11.11,6,1,19.44,0,0,,0,30,7.8,0,6,19.0,0,9.67,,23,3,0
3edb58fc,AD Mascarenhas,IPL,13,2008-05-11,2013-04-19,"Kings XI Punjab, Rajasthan Royals",IPL,11,79,78,9,2,8.78,101.28,27,0,0,0,2,5,1,32.91,35.9,4,2,200.0,26,36,72.22,49,40,122.5,70,8.75,100.0,13,308,356,19,18.74,6.94,16.21,5/25,0,1,40.26,34,8,13.64,12,168,7.29,5,114,5.79,2,26,9.69,13,7.07,21.38,3,0,0
5bdcdb72,TM Dilshan,IPL,52,2008-05-11,2013-04-27,"Delhi Daredevils, Royal Challengers Bangalore",IPL,50,1153,1007,43,7,26.81,114.5,76,0,9,8,6,140,24,61.06,44.89,488,440,110.91,466,451,103.33,199,116,171.55,209,20.9,90.48,25,271,366,5,73.2,8.1,54.2,1/3,0,0,29.15,27,15,15.5,0,42,8.86,4,204,8.03,1,25,7.44,0,10.2,,20,3,0
b63ab531,LA Pomersbach,IPL,18,2008-05-12,2013-05-11,"Kings XI Punjab, Royal Challengers Bangalore",IPL,16,302,246,11,5,27.45,122.76,79,0,1,2,0,25,13,58.94,42.28,104,80,130.0,131,117,111.97,67,49,136.73,145,16.11,103.57,0,0,0,0,,,,,0,0,,0,0,,0,0,,0,0,,0,0,,0,,,7,0,0
10a91f35,Shoaib Akhtar,IPL,3,2008-05-13,2008-05-18,Kolkata Knight Riders,IPL,1,2,7,1,0,2.0,28.57,2,0,0,0,0,0,0,0.0,71.43,0,0,,2,5,40.0,0,2,0.0,2,2.0,28.57,3,42,54,5,10.8,7.71,8.4,4/11,1,0,54.76,6,2,19.05,5,42,7.71,0,0,,0,0,,5,7.71,10.8,0,0,0
5d096f3d,RR Powar,IPL,27,2008-05-17,2012-05-08,"Kings XI Punjab, Kochi Tuskers Kerala",IPL,9,67,64,3,6,22.33,104.69,28,0,0,0,1,6,1,44.78,42.19,0,0,,0,4,0.0,67,60,111.67,67,22.33,104.69,26,426,527,13,40.54,7.42,32.77,2/11,0,0,38.97,41,18,13.85,4,132,7.68,7,270,7.18,2,24,8.75,4,8.38,60.75,5,0,0
33cb3411,Younis Khan,IPL,1,2008-05-28,2008-05-28,Rajasthan Royals,IPL,1,3,7,1,0,3.0,42.86,3,0,0,0,0,0,0,0.0,57.14,3,7,42.86,0,0,,0,0,,3,3.0,42.86,0,0,0,0,,,,,0,0,,0,0,,0,0,,0,0,,0,0,,0,,,1,0,0
4b4d1957,PM Sarvesh Kumar,IPL,2,2008-05-15,2008-05-27,Deccan Chargers,IPL,1,1,2,0,1,,50.0,1,0,0,0,0,0,0,0.0,50.0,0,0,,0,0,,1,2,50.0,1,,50.0,2,30,42,1,42.0,8.4,30.0,1/18,0,0,36.67,7,0,23.33,0,6,8.0,1,24,8.5,0,0,,1,8.4,42.0,0,0,0
888e32bf,Abdur Razzak,IPL,1,2008-05-17,2008-05-17,Royal Challengers Bangalore,IPL,1,0,2,0,1,,0.0,0,0,0,0,0,0,0,,100.0,0,0,,0,0,,0,2,0.0,0,,0.0,1,12,29,0,,14.5,,0/29,0,0,41.67,3,1,33.33,0,0,,0,12,14.5,0,0,,0,14.5,,0,0,0
0ed0cdbf,H Das,IPL,1,2008-05-18,2008-05-18,Deccan Chargers,IPL,1,2,5,1,0,2.0,40.0,2,0,0,0,0,0,0,0.0,60.0,0,0,,0,0,,2,5,40.0,2,2.0,40.0,0,0,0,0,,,,,0,0,,0,0,,0,0,,0,0,,0,0,,0,,,0,0,0
2503e881,A Nel,IPL,1,2008-05-24,2008-05-24,Mumbai Indians,IPL,1,0,0,1,0,0.0,,0,0,0,0,1,0,0,,,0,0,,0,0,,0,0,,0,0.0,,1,18,31,1,31.0,10.33,18.0,1/31,0,0,38.89,3,2,27.78,1,6,12.0,0,6,11.0,0,6,8.0,1,10.33,31.0,0,0,0
6165bca6,A Mukund,IPL,4,2008-05-24,2013-04-29,"Chennai Super Kings, Royal Challengers Bangalore",IPL,2,19,22,2,0,9.5,86.36,19,0,0,0,1,1,0,21.05,36.36,14,15,93.33,5,6,83.33,0,1,0.0,19,9.5,86.36,0,0,0,0,,,,,0,0,,0,0,,0,0,,0,0,,0,0,,0,,,3,0,0
ea0cdc12,BAW Mendis,IPL,10,2008-05-25,2013-05-11,"Kolkata Knight Riders, Pune Warriors",IPL,3,3,6,2,1,1.5,50.0,2,0,0,0,1,0,0,0.0,50.0,0,0,,0,0,,3,6,50.0,3,1.5,50.0,11,244,303,8,37.88,7.45,30.5,2/19,0,0,31.15,17,12,11.89,2,58,6.93,4,132,7.18,2,54,8.67,7,7.61,39.86,2,0,0
ddc0828d,A Flintoff,IPL,3,2009-04-18,2009-04-23,Chennai Super Kings,IPL,3,62,53,2,1,31.0,116.98,24,0,0,0,0,5,2,51.61,37.74,14,13,107.69,23,23,100.0,25,17,147.06,62,31.0,116.98,3,66,105,2,52.5,9.55,33.0,1/11,0,0,30.3,7,7,21.21,0,12,10.5,1,30,5.2,1,24,14.5,2,9.55,52.5,4,0,0
b2ae53f5,T Thushara,IPL,6,2009-04-18,2010-04-10,Chennai Super Kings,IPL,4,12,18,2,2,6.0,66.67,8,0,0,0,0,0,0,0.0,50.0,0,0,,0,0,,12,18,66.67,12,6.0,66.67,6,135,161,8,20.12,7.16,16.88,2/16,0,0,42.22,15,4,14.07,3,60,5.7,1,30,4.8,4,45,10.67,8,7.16,20.12,3,1,0
91ffa6c6,JD Ryder,IPL,29,2009-04-18,2012-05-19,"Pune Warriors, Royal Challengers Bangalore",IPL,29,604,458,28,1,21.57,131.88,86,0,4,4,4,69,19,64.57,41.92,440,326,134.97,119,104,114.42,45,28,160.71,248,27.56,121.57,16,236,303,8,37.88,7.7,29.5,2/14,0,0,33.47,21,13,14.41,0,6,7.0,7,204,7.09,1,26,12.69,4,9.26,44.75,10,0,0
39f01cdb,KP Pietersen,IPL,36,2009-04-18,2016-04-22,"Delhi Daredevils, Rising Pune Supergiants, Royal Challengers Bangalore",IPL,36,1001,743,28,8,35.75,134.72,103,1,4,10,4,91,40,60.34,37.01,392,294,133.33,486,380,127.89,123,69,178.26,305,33.89,132.03,13,174,215,7,30.71,7.41,24.86,2/31,0,0,31.03,10,9,10.92,1,18,6.67,4,132,7.09,2,24,9.75,4,7.7,38.5,12,2,0
6ef60d3a,Kamran Khan,IPL,9,2009-04-18,2011-04-29,"Pune Warriors, Rajasthan Royals",IPL,1,3,5,1,0,3.0,60.0,3,0,0,0,0,0,0,0.0,60.0,0,0,,3,4,75.0,0,1,0.0,3,3.0,60.0,10,166,239,10,23.9,8.64,16.6,3/18,0,0,37.95,25,10,21.08,5,84,9.43,2,48,6.75,3,34,9.35,10,8.64,23.9,4,2,0
0a4ebc61,T Henderson,IPL,2,2009-04-18,2009-05-20,Rajasthan Royals,IPL,2,11,16,2,0,5.5,68.75,11,0,0,0,1,0,1,54.55,68.75,2,10,20.0,9,6,150.0,0,0,,11,5.5,68.75,2,36,40,1,40.0,6.67,36.0,1/30,0,0,38.89,5,0,13.89,0,0,,1,18,4.33,0,18,9.0,1,6.67,40.0,0,0,0
260fd380,AM Salvi,IPL,7,2009-04-19,2011-05-15,Delhi Daredevils,IPL,0,0,0,0,0,,,0,0,0,0,0,0,0,,,0,0,,0,0,,0,0,,0,,,7,150,200,7,28.57,8.0,21.43,2/19,0,0,38.0,18,7,16.67,1,66,7.0,4,54,8.56,2,30,9.2,7,8.0,28.57,2,0,0
c404f58a,DP Nannes,IPL,29,2009-04-19,2013-04-28,"Chennai Super Kings, Delhi Daredevils, Royal Challengers Bangalore",IPL,2,4,13,1,1,4.0,30.77,3,0,0,0,0,0,0,0.0,69.23,0,0,,2,4,50.0,2,9,22.22,4,4.0,30.77,29,646,785,28,28.04,7.29,23.07,3/27,0,0,44.12,89,15,16.1,15,342,6.32,0,96,7.56,13,208,8.77,8,7.35,31.38,9,2,0
7ca5e05d,RS Bopara,IPL,24,2009-04-19,2015-05-09,"Kings XI Punjab, Sunrisers Hyderabad",IPL,22,531,453,18,4,29.5,117.22,84,0,3,3,2,39,16,47.46,35.32,130,144,90.28,222,205,108.29,179,104,172.12,195,32.5,118.9,14,206,292,11,26.55,8.5,18.73,3/31,0,0,29.61,25,10,16.99,0,0,,9,164,8.2,2,42,9.71,11,8.69,22.91,7,0,0
5f26df4f,VS Malik,IPL,13,2009-04-19,2014-05-23,"Kings XI Punjab, Rajasthan Royals",IPL,2,7,7,1,1,7.0,100.0,6,0,0,0,0,1,0,57.14,42.86,0,0,,0,0,,7,7,100.0,7,7.0,100.0,13,205,261,6,43.5,7.64,34.17,2/14,0,0,40.98,30,6,17.56,4,126,7.38,2,72,7.83,0,7,10.29,4,7.37,53.75,2,0,0
4353bba5,YA Abdulla,IPL,11,2009-04-19,2010-03-16,Kings XI Punjab,IPL,1,0,1,0,1,,0.0,0,0,0,0,0,0,0,,100.0,0,0,,0,0,,0,1,0.0,0,,0.0,11,209,307,15,20.47,8.81,13.93,4/31,2,0,42.11,32,13,21.53,7,84,7.36,2,66,8.18,6,59,11.59,15,8.51,19.2,0,0,0
a7c226e1,FH Edwards,IPL,6,2009-04-19,2009-05-02,Deccan Chargers,IPL,2,4,5,1,1,4.0,80.0,3,0,0,0,0,0,0,0.0,60.0,0,0,,0,0,,4,5,80.0,4,4.0,80.0,6,140,154,5,30.8,6.6,28.0,2/27,0,0,50.0,20,2,15.71,3,78,4.46,0,12,7.0,2,50,9.84,5,6.6,30.8,0,0,0
2a72fd4f,Harmeet Singh,IPL,27,2009-04-19,2013-05-11,"Deccan Chargers, Kings XI Punjab",IPL,5,18,12,4,1,4.5,150.0,14,0,0,0,2,3,0,66.67,41.67,0,0,,0,0,,18,12,150.0,18,4.5,150.0,27,525,697,26,26.81,7.97,20.19,3/24,0,0,36.0,66,20,16.38,6,84,8.86,10,312,7.67,10,129,8.09,12,8.26,23.17,5,3,0
4d5a1617,R Bishnoi,IPL,3,2009-04-20,2009-05-01,Royal Challengers Bangalore,IPL,3,19,17,3,0,6.33,111.76,18,0,0,0,1,1,2,84.21,64.71,18,14,128.57,0,1,0.0,1,2,50.0,19,6.33,111.76,0,0,0,0,,,,,0,0,,0,0,,0,0,,0,0,,0,0,,0,,,1,0,0
297b26da,Yashpal Singh,IPL,8,2009-04-21,2009-05-20,Kolkata Knight Riders,IPL,4,47,66,4,0,11.75,71.21,20,0,0,0,0,5,0,42.55,57.58,17,36,47.22,13,17,76.47,17,13,130.77,47,11.75,71.21,0,0,0,0,,,,,0,0,,0,0,,0,0,,0,0,,0,0,,0,,,3,0,0
c69a7b5c,AS Raut,IPL,24,2009-04-23,2011-05-11,Rajasthan Royals,IPL,16,194,167,9,7,21.56,116.17,36,0,0,2,1,13,7,48.45,37.13,7,6,116.67,67,58,115.52,120,103,116.5,127,21.17,106.72,5,30,44,0,,8.8,,0/6,0,0,20.0,4,1,16.67,0,0,,0,18,10.33,0,12,6.5,0,8.8,,9,0,0
25eeb281,PC Valthaty,IPL,23,2009-04-23,2013-04-19,"Kings XI Punjab, Rajasthan Royals",IPL,23,505,418,22,1,22.95,120.81,120,1,2,2,1,61,20,72.08,51.67,312,278,112.23,147,118,124.58,46,22,209.09,123,12.3,87.23,10,151,205,7,29.29,8.15,21.57,4/29,1,0,29.14,15,7,14.57,0,0,,5,132,7.95,2,19,9.47,7,8.15,29.29,3,0,0
23ac69e6,RJ Quiney,IPL,7,2009-04-23,2009-05-20,Rajasthan Royals,IPL,7,103,102,7,0,14.71,100.98,51,0,1,0,0,12,3,64.08,52.94,65,71,91.55,37,28,132.14,1,3,33.33,103,14.71,100.98,0,0,0,0,,,,,0,0,,0,0,,0,0,,0,0,,0,0,,0,,,2,0,0
21ac077a,RR Bose,IPL,1,2009-04-24,2009-04-24,Kings XI Punjab,IPL,0,0,0,0,0,,,0,0,0,0,0,0,0,,,0,0,,0,0,,0,0,,0,,,1,12,24,0,,12.0,,0/24,0,0,41.67,5,0,41.67,0,12,12.0,0,0,,0,0,,0,12.0,,0,0,0
d92e42f5,KP Appanna,IPL,15,2009-04-26,2012-05-20,Royal Challengers Bangalore,IPL,3,2,4,1,2,2.0,50.0,1,0,0,0,0,0,0,0.0,50.0,0,0,,0,0,,2,4,50.0,2,2.0,50.0,13,216,286,9,31.78,7.94,24.0,4/19,1,0,31.48,20,11,14.35,0,18,9.0,9,186,7.52,0,12,13.0,7,8.22,31.71,1,3,0
bff458c6,AA Bilakhia,IPL,7,2009-04-27,2010-04-05,Deccan Chargers,IPL,7,69,85,5,2,13.8,81.18,22,0,0,0,0,5,0,28.99,47.06,23,32,71.88,10,20,50.0,36,33,109.09,69,13.8,81.18,0,0,0,0,,,,,0,0,,0,0,,0,0,,0,0,,0,0,,0,,,1,0,0
8a668774,Shoaib Ahmed,IPL,8,2009-04-27,2009-05-13,Deccan Chargers,IPL,3,1,6,2,1,0.5,16.67,1,0,0,0,2,0,0,0.0,83.33,0,0,,1,2,50.0,0,4,0.0,1,0.5,16.67,7,102,152,5,30.4,8.94,20.4,2/20,0,0,32.35,14,7,20.59,1,18,12.33,4,66,6.64,0,18,14.0,5,8.94,30.4,4,0,0
7023d182,AN Ghosh,IPL,2,2009-04-27,2009-05-12,Kolkata Knight Riders,IPL,2,7,8,2,0,3.5,87.5,7,0,0,0,1,1,0,57.14,62.5,7,7,100.0,0,1,0.0,0,0,,7,3.5,87.5,0,0,0,0,,,,,0,0,,0,0,,0,0,,0,0,,0,0,,0,,,1,0,0
710dd98c,MN van Wyk,IPL,5,2009-04-29,2009-05-10,Kolkata Knight Riders,IPL,5,167,132,3,2,55.67,126.52,74,0,1,2,1,19,1,49.1,31.06,28,25,112.0,73,64,114.06,66,43,153.49,167,55.67,126.52,0,0,0,0,,,,,0,0,,0,0,,0,0,,0,0,,0,0,,0,,,7,0,0
05c2ca46,RE van der Merwe,IPL,21,2009-04-29,2013-05-14,"Delhi Daredevils, Royal Challengers Bangalore",IPL,15,159,141,11,4,14.45,112.77,35,0,0,2,0,11,8,57.86,44.68,36,37,97.3,70,58,120.69,53,46,115.22,94,15.67,108.05,21,443,498,21,23.71,6.74,21.1,3/20,0,0,33.41,25,17,9.48,3,36,9.33,11,312,6.1,7,95,7.89,10,6.22,22.3,8,2,0
aaa1b522,TL Suman,IPL,43,2009-04-30,2013-05-02,"Deccan Chargers, Mumbai Indians, Pune Warriors",IPL,39,676,575,32,7,21.12,117.57,78,0,2,4,3,55,26,55.62,42.26,185,181,102.21,347,286,121.33,144,108,133.33,78,7.8,82.98,11,150,197,6,32.83,7.88,25.0,2/14,0,0,28.67,8,10,12.0,0,6,5.0,5,120,7.2,1,24,12.0,5,7.64,33.6,10,5,0
c24a2c5d,S Tyagi,IPL,14,2009-04-30,2010-04-18,Chennai Super Kings,IPL,2,3,4,1,1,3.0,75.0,3,0,0,0,1,0,0,0.0,25.0,0,0,,0,0,,3,4,75.0,3,3.0,75.0,14,209,295,6,49.17,8.47,34.83,2/18,0,0,44.5,34,12,22.01,5,168,8.04,1,30,7.6,0,11,17.45,3,9.68,83.33,3,0,0
611926bc,GR Napier,IPL,1,2009-05-01,2009-05-01,Mumbai Indians,IPL,1,15,16,1,0,15.0,93.75,15,0,0,0,0,1,0,26.67,43.75,0,0,,10,12,83.33,5,4,125.0,15,15.0,93.75,1,24,27,1,27.0,6.75,24.0,1/27,0,0,33.33,2,1,12.5,0,6,3.0,1,18,8.0,0,0,,1,6.75,27.0,0,0,0
d872f52a,LA Carseldine,IPL,5,2009-05-02,2009-05-11,Rajasthan Royals,IPL,5,81,68,4,1,20.25,119.12,39,0,0,1,0,11,0,54.32,41.18,38,35,108.57,23,20,115.0,20,13,153.85,81,20.25,119.12,1,6,6,1,6.0,6.0,6.0,1/6,0,0,66.67,1,0,16.67,1,6,6.0,0,0,,0,0,,1,6.0,6.0,4,0,0
63bff7f9,SM Harwood,IPL,3,2009-05-02,2009-05-09,Rajasthan Royals,IPL,2,9,14,0,2,,64.29,6,0,0,0,0,0,0,0.0,50.0,0,0,,0,0,,9,14,64.29,9,,64.29,3,60,73,3,24.33,7.3,20.0,2/25,0,0,55.0,6,2,13.33,1,18,2.33,1,18,6.67,1,24,11.5,3,7.3,24.33,2,0,0
d7a57f75,D du Preez,IPL,2,2009-05-03,2009-05-07,Royal Challengers Bangalore,IPL,1,10,13,1,0,10.0,76.92,10,0,0,0,0,0,0,0.0,38.46,0,0,,3,4,75.0,7,9,77.78,10,10.0,76.92,2,42,56,4,14.0,8.0,10.5,3/32,0,0,42.86,6,1,16.67,3,18,4.0,1,18,9.33,0,6,16.0,4,8.0,14.0,0,0,0
12eddf28,RJ Harris,IPL,37,2009-05-04,2013-04-14,"Deccan Chargers, Kings XI Punjab",IPL,21,117,112,12,9,9.75,104.46,17,0,0,0,2,6,3,35.9,41.07,0,0,,20,25,80.0,97,87,111.49,50,7.14,92.59,37,832,1047,45,23.27,7.55,18.49,4/34,1,0,43.75,119,27,17.55,14,426,6.42,6,132,7.59,25,274,9.28,13,7.16,20.38,20,0,0
5b040b81,A Singh,IPL,23,2009-05-05,2012-05-01,Rajasthan Royals,IPL,5,2,10,4,1,0.5,20.0,1,0,0,0,3,0,0,0.0,80.0,0,0,,0,2,0.0,2,8,25.0,2,0.5,20.0,23,473,620,28,22.14,7.86,16.89,4/19,1,0,39.96,67,17,17.76,11,264,6.7,1,48,7.12,16,161,9.99,11,9.47,30.0,1,0,0
5bb5a915,M Morkel,IPL,70,2009-05-07,2016-05-25,"Delhi Daredevils, Kolkata Knight Riders, Rajasthan Royals",IPL,21,126,90,11,10,11.45,140.0,23,0,0,0,5,11,5,58.73,35.56,0,0,,10,9,111.11,116,81,143.21,66,11.0,178.38,70,1629,2089,77,27.13,7.69,21.16,4/20,1,0,43.46,230,61,17.86,36,906,7.13,10,333,7.57,31,390,9.11,10,8.37,29.7,11,4,0
5056011d,GJ Bailey,IPL,41,2009-05-07,2016-05-21,"Chennai Super Kings, Kings XI Punjab, Rising Pune Supergiants",IPL,36,663,544,27,9,24.56,121.88,61,0,2,6,1,59,19,52.79,36.58,131,128,102.34,205,229,89.52,327,187,174.87,138,15.33,93.88,0,0,0,0,,,,,0,0,,0,0,,0,0,,0,0,,0,0,,0,,,11,6,0
66cf56a5,A Mithun,IPL,16,2009-05-10,2013-05-12,Royal Challengers Bangalore,IPL,6,34,26,5,1,6.8,130.77,11,0,0,0,1,4,1,64.71,42.31,0,0,,15,12,125.0,19,14,135.71,34,6.8,130.77,16,288,472,7,67.43,9.83,41.14,2/37,0,0,31.25,42,21,21.88,1,66,9.36,2,144,8.96,4,78,11.85,4,9.59,69.5,7,1,0
f24ca2ba,C Nanda,IPL,3,2009-05-10,2009-05-16,Mumbai Indians,IPL,1,0,1,1,0,0.0,0.0,0,0,0,0,1,0,0,,100.0,0,0,,0,0,,0,1,0.0,0,0.0,0.0,3,48,57,2,28.5,7.12,24.0,1/4,0,0,27.08,1,2,6.25,0,0,,2,42,7.0,0,6,8.0,2,7.12,28.5,0,0,0
caa89a48,SS Sarkar,IPL,2,2009-05-10,2009-05-20,Kolkata Knight Riders,IPL,0,0,0,0,0,,,0,0,0,0,0,0,0,,,0,0,,0,0,,0,0,,0,,,2,25,34,1,34.0,8.16,25.0,1/15,0,0,16.0,4,0,16.0,0,6,15.0,0,6,6.0,1,13,6.0,1,8.16,34.0,0,0,0
7c503806,J Botha,IPL,34,2009-05-14,2015-05-09,"Delhi Daredevils, Kolkata Knight Riders, Rajasthan Royals",IPL,28,409,359,20,8,20.45,113.93,67,0,1,3,0,39,5,45.48,37.05,45,52,86.54,205,184,111.41,159,123,129.27,77,7.7,108.45,34,694,800,25,32.0,6.92,27.76,3/6,0,0,36.6,60,24,12.1,4,192,7.91,13,396,6.23,8,106,7.7,6,7.12,31.67,18,3,0
e186f49c,Mashrafe Mortaza,IPL,1,2009-05-16,2009-05-16,Kolkata Knight Riders,IPL,1,2,2,0,1,,100.0,2,0,0,0,0,0,0,0.0,50.0,0,0,,0,0,,2,2,100.0,2,,100.0,1,24,58,0,,14.5,,0/58,0,0,25.0,4,4,33.33,0,12,13.0,0,0,,0,12,16.0,0,14.5,,0,1,0
5f5d3ad4,SS Shaikh,IPL,2,2009-05-16,2009-05-20,Kolkata Knight Riders,IPL,1,6,7,1,0,6.0,85.71,6,0,0,0,0,1,0,66.67,57.14,0,0,,6,7,85.71,0,0,,6,6.0,85.71,0,0,0,0,,,,,0,0,,0,0,,0,0,,0,0,,0,0,,0,,,2,0,0
d7b3a420,Jaskaran Singh,IPL,8,2009-05-17,2010-04-03,Deccan Chargers,IPL,4,8,11,1,3,8.0,72.73,4,0,0,0,0,0,0,0.0,45.45,0,0,,1,2,50.0,7,9,77.78,8,8.0,72.73,7,102,171,6,28.5,10.06,17.0,2/18,0,0,38.24,23,4,26.47,2,42,7.29,1,30,9.2,3,30,14.8,6,10.06,28.5,0,0,0
16043342,AB McDonald,IPL,10,2009-05-19,2013-04-16,"Delhi Daredevils, Royal Challengers Bangalore",IPL,9,123,100,5,4,24.6,123.0,33,0,0,2,1,9,4,48.78,35.0,30,19,157.89,13,16,81.25,80,65,123.08,123,24.6,123.0,10,186,261,11,23.73,8.42,16.91,2/25,0,0,26.88,20,11,16.67,3,42,9.14,5,114,7.68,3,30,10.2,11,8.42,23.73,0,0,0
662c47a6,Y Nagar,IPL,27,2009-05-19,2012-05-12,Delhi Daredevils,IPL,20,285,259,14,6,20.36,110.04,44,0,0,1,2,20,9,47.02,39.0,2,3,66.67,104,129,80.62,179,127,140.94,164,27.33,115.49,8,66,125,4,31.25,11.36,16.5,2/20,0,0,24.24,11,6,25.76,0,6,10.0,4,60,11.5,0,0,,4,11.36,31.25,6,4,0
d1c94b25,CK Langeveldt,IPL,7,2009-05-20,2011-05-17,"Kolkata Knight Riders, Royal Challengers Bangalore",IPL,2,8,9,2,0,4.0,88.89,8,0,0,0,1,0,1,75.0,66.67,0,0,,1,4,25.0,7,5,140.0,8,4.0,88.89,7,156,187,13,14.38,7.19,12.0,3/15,0,0,44.23,17,8,16.03,6,84,6.86,3,24,7.25,4,48,7.75,13,7.19,14.38,0,0,0
2bb09eb2,Mohammad Ashraful,IPL,1,2009-05-21,2009-05-21,Mumbai Indians,IPL,1,2,10,1,0,2.0,20.0,2,0,0,0,0,0,0,0.0,80.0,2,10,20.0,0,0,,0,0,,2,2.0,20.0,0,0,0,0,,,,,0,0,,0,0,,0,0,,0,0,,0,0,,0,,,2,0,0
7c390b03,RA Shaikh,IPL,1,2009-05-21,2009-05-21,Mumbai Indians,IPL,0,0,0,0,0,,,0,0,0,0,0,0,0,,,0,0,,0,0,,0,0,,0,,,1,6,11,0,,11.0,,0/11,0,0,16.67,2,0,33.33,0,6,11.0,0,0,,0,0,,0,11.0,,0,0,0
7bb62642,Anirudh Singh,IPL,5,2010-03-12,2010-04-24,Deccan Chargers,IPL,4,63,66,4,0,15.75,95.45,40,0,0,1,1,6,1,47.62,46.97,18,20,90.0,32,32,100.0,13,14,92.86,63,15.75,95.45,0,0,0,0,,,,,0,0,,0,0,,0,0,,0,0,,0,0,,0,,,3,0,0
d4f9dbd4,CA Pujara,IPL,30,2010-03-12,2014-05-03,"Kings XI Punjab, Kolkata Knight Riders, Royal Challengers Bangalore",IPL,22,390,391,19,3,20.53,99.74,51,0,1,3,1,50,4,57.44,48.08,215,229,93.89,128,121,105.79,47,41,114.63,217,24.11,97.31,0,0,0,0,,,,,0,0,,0,0,,0,0,,0,0,,0,0,,0,,,6,0,0
7bf96684,OA Shah,IPL,23,2010-03-12,2013-05-03,"Kochi Tuskers Kerala, Kolkata Knight Riders, Rajasthan Royals",IPL,22,506,389,15,7,33.73,130.08,76,0,4,2,0,34,23,54.15,34.19,23,18,127.78,214,200,107.0,269,171,157.31,161,20.12,101.26,0,0,0,0,,,,,0,0,,0,0,,0,0,,0,0,,0,0,,0,,,7,1,0
fdcb08c2,A Uniyal,IPL,2,2010-03-13,2010-03-15,Rajasthan Royals,IPL,2,4,7,1,1,4.0,57.14,4,0,0,0,1,0,0,0.0,42.86,0,0,,0,0,,4,7,57.14,4,4.0,57.14,2,36,66,2,33.0,11.0,18.0,2/41,0,0,22.22,6,3,25.0,1,12,11.0,0,6,18.0,1,18,8.67,2,11.0,33.0,0,0,0
2815fe50,AA Jhunjhunwala,IPL,21,2010-03-13,2012-05-13,"Deccan Chargers, Pune Warriors, Rajasthan Royals",IPL,15,217,210,13,2,16.69,103.33,53,0,1,1,1,19,5,48.85,42.86,24,34,70.59,124,125,99.2,69,51,135.29,89,9.89,84.76,10,85,129,1,129.0,9.11,85.0,1/13,0,0,31.76,10,5,17.65,0,30,9.4,1,54,8.89,0,1,12.0,1,9.11,129.0,10,4,0
ef5da05c,AG Murtaza,IPL,12,2010-03-13,2013-05-19,"Mumbai Indians, Pune Warriors",IPL,3,10,14,1,2,10.0,71.43,5,0,0,0,0,1,0,40.0,50.0,0,0,,0,0,,10,14,71.43,10,10.0,71.43,12,264,313,9,34.78,7.11,29.33,3/15,0,0,38.26,22,14,13.64,2,78,4.0,7,162,7.81,0,24,12.5,6,6.92,41.5,3,1,0
2728e7e9,P Dogra,IPL,14,2010-03-13,2013-05-19,"Kings XI Punjab, Kolkata Knight Riders, Rajasthan Royals",IPL,12,127,138,11,1,11.55,92.03,41,0,0,1,1,4,5,36.22,43.48,0,0,,54,76,71.05,73,62,117.74,57,6.33,68.67,0,0,0,0,,,,,0,0,,0,0,,0,0,,0,0,,0,0,,0,,,4,1,0
c654af19,R McLaren,IPL,18,2010-03-13,2013-05-07,"Kings XI Punjab, Kolkata Knight Riders, Mumbai Indians",IPL,13,159,171,8,5,19.88,92.98,51,0,1,1,1,14,1,38.99,40.35,12,18,66.67,78,95,82.11,69,58,118.97,134,16.75,89.33,18,354,542,12,45.17,9.19,29.5,2/28,0,0,32.77,69,11,22.6,4,150,8.48,3,120,9.0,5,84,10.71,9,9.97,35.44,5,1,0
626c5379,R Sathish,IPL,36,2010-03-13,2016-05-25,"Kings XI Punjab, Kolkata Knight Riders, Mumbai Indians",IPL,24,270,231,17,7,15.88,116.88,27,0,0,0,2,22,6,45.93,37.66,0,7,0.0,106,106,100.0,164,118,138.98,125,17.86,131.58,14,139,232,3,77.33,10.01,46.33,1/11,0,0,21.58,18,10,20.14,0,0,,3,114,8.11,0,25,18.72,1,9.96,151.0,6,6,0
addfb70e,SW Tait,IPL,21,2010-03-13,2013-05-07,Rajasthan Royals,IPL,5,23,26,3,2,7.67,88.46,11,0,0,0,1,1,1,43.48,42.31,0,0,,10,9,111.11,13,17,76.47,23,7.67,88.46,21,473,640,23,27.83,8.12,20.57,3/13,0,0,42.28,71,12,17.55,7,228,7.74,3,95,8.78,13,150,8.28,7,7.95,40.71,6,1,0
5afd4539,MS Bisla,IPL,39,2010-03-13,2015-04-22,"Kings XI Punjab, Kolkata Knight Riders, Royal Challengers Bangalore",IPL,39,798,702,38,1,21.0,113.68,92,0,4,2,3,93,23,63.91,48.43,474,434,109.22,272,235,115.74,52,33,157.58,118,11.8,92.91,0,0,0,0,,,,,0,0,,0,0,,0,0,,0,0,,0,0,,0,,,20,10,7
9ff100a6,RS Gavaskar,IPL,2,2010-03-14,2010-03-16,Kolkata Knight Riders,IPL,1,2,8,1,0,2.0,25.0,2,0,0,0,0,0,0,0.0,75.0,0,0,,2,8,25.0,0,0,,2,2.0,25.0,1,6,8,0,,8.0,,0/8,0,0,33.33,1,0,16.67,0,0,,0,0,,0,6,8.0,0,8.0,,0,0,0
6581d753,JM Kemp,IPL,5,2010-03-14,2010-04-18,Chennai Super Kings,IPL,2,26,24,2,0,13.0,108.33,22,0,0,0,0,1,1,38.46,41.67,2,3,66.67,20,13,153.85,4,8,50.0,26,13.0,108.33,5,44,54,3,18.0,7.36,14.67,3/12,0,0,34.09,6,1,15.91,0,0,,3,43,7.4,0,1,6.0,3,7.36,18.0,1,0,0
c15e2193,FY Fazal,IPL,14,2010-03-15,2011-05-15,Rajasthan Royals,IPL,11,183,173,10,1,18.3,105.78,45,0,0,3,1,22,1,51.37,39.31,76,79,96.2,69,62,111.29,38,32,118.75,152,16.89,101.33,2,12,20,0,,10.0,,0/6,0,0,8.33,1,1,16.67,0,0,,0,0,,0,12,10.0,0,10.0,,6,1,0
fb693839,S Ladda,IPL,9,2010-03-15,2016-04-11,"Delhi Daredevils, Gujarat Lions, Kolkata Knight Riders",IPL,2,0,9,1,1,0.0,0.0,0,0,0,0,1,0,0,,100.0,0,0,,0,6,0.0,0,3,0.0,0,0.0,0.0,9,138,224,5,44.8,9.74,27.6,2/44,0,0,34.78,12,17,21.01,1,18,9.0,1,84,8.93,3,36,12.0,5,9.74,44.8,1,2,0
4f629497,SE Bond,IPL,8,2010-03-16,2010-04-19,Kolkata Knight Riders,IPL,1,1,2,1,0,1.0,50.0,1,0,0,0,0,0,0,0.0,50.0,0,0,,1,2,50.0,0,0,,1,1.0,50.0,8,186,224,9,24.89,7.23,20.67,2/24,0,0,40.32,27,3,16.13,4,90,6.27,3,42,6.14,2,54,9.67,9,7.23,24.89,1,0,0
69762509,DR Martyn,IPL,1,2010-03-18,2010-03-18,Rajasthan Royals,IPL,1,19,24,1,0,19.0,79.17,19,0,0,0,0,1,0,21.05,33.33,1,3,33.33,13,18,72.22,5,3,166.67,19,19.0,79.17,0,0,0,0,,,,,0,0,,0,0,,0,0,,0,0,,0,0,,0,,,0,0,0
11df3dc8,MJ Lumb,IPL,12,2010-03-18,2011-05-14,"Deccan Chargers, Rajasthan Royals",IPL,12,278,194,12,0,23.17,143.3,83,0,1,4,3,45,6,77.7,47.42,225,154,146.1,53,40,132.5,0,0,,268,26.8,153.14,0,0,0,0,,,,,0,0,,0,0,,0,0,,0,0,,0,0,,0,,,5,0,0
287686fd,S Narwal,IPL,7,2010-03-18,2013-05-03,"Kolkata Knight Riders, Rajasthan Royals",IPL,4,37,27,3,1,12.33,137.04,23,0,0,0,1,6,0,64.86,37.04,0,0,,12,9,133.33,25,18,138.89,37,12.33,137.04,6,106,202,5,40.4,11.43,21.2,3/36,0,0,34.91,17,13,28.3,3,66,9.55,0,22,10.36,2,18,19.67,5,11.43,40.4,1,1,0
d3a3e82d,AB Barath,IPL,3,2010-03-19,2010-04-11,Kings XI Punjab,IPL,3,42,42,2,1,21.0,100.0,33,0,0,1,0,5,1,61.9,50.0,18,14,128.57,22,23,95.65,2,5,40.0,42,21.0,100.0,0,0,0,0,,,,,0,0,,0,0,,0,0,,0,0,,0,0,,0,,,0,0,0
2049f3a0,SJ Srivastava,IPL,14,2010-03-19,2011-05-17,Kings XI Punjab,IPL,4,5,5,1,3,5.0,100.0,3,0,0,0,1,0,0,0.0,20.0,0,0,,0,0,,5,5,100.0,5,5.0,100.0,14,282,441,14,31.5,9.38,20.14,2/20,0,0,36.52,50,13,22.34,5,132,9.5,4,96,9.0,5,54,9.78,10,9.24,30.5,3,0,0
864c199e,AC Voges,IPL,9,2010-03-20,2010-04-17,Rajasthan Royals,IPL,7,181,143,4,3,45.25,126.57,45,0,0,2,0,15,3,43.09,30.77,7,9,77.78,89,78,114.1,85,56,151.79,181,45.25,126.57,7,54,76,0,,8.44,,0/5,0,0,27.78,8,2,18.52,0,12,13.0,0,36,7.5,0,6,5.0,0,8.44,,1,3,0
6afb26d6,MD Mishra,IPL,18,2010-03-21,2012-05-11,"Deccan Chargers, Pune Warriors",IPL,17,237,208,16,1,14.81,113.94,41,0,0,2,1,24,8,60.76,46.63,129,124,104.03,81,65,124.62,27,19,142.11,118,13.11,107.27,0,0,0,0,,,,,0,0,,0,0,,0,0,,0,0,,0,0,,0,,,1,0,0
5d9a1a73,R Sharma,IPL,44,2010-03-21,2014-05-03,"Deccan Chargers, Delhi Daredevils, Pune Warriors",IPL,20,66,75,14,6,4.71,88.0,14,0,0,0,8,5,3,57.58,61.33,0,0,,1,2,50.0,65,73,89.04,13,1.86,46.43,44,928,1086,40,27.15,7.02,23.2,3/13,0,0,35.99,70,45,12.39,2,90,6.6,30,684,6.66,8,154,8.88,6,8.03,48.17,12,1,0
dec8e038,J Theron,IPL,10,2010-03-21,2015-05-01,"Deccan Chargers, Kings XI Punjab, Rajasthan Royals",IPL,4,10,12,2,2,5.0,83.33,7,0,0,0,1,1,0,40.0,41.67,0,0,,0,0,,10,12,83.33,10,5.0,83.33,11,221,302,11,27.45,8.2,20.09,2/9,0,0,30.77,28,9,16.74,3,65,9.23,3,54,6.33,5,102,8.53,9,8.14,32.56,1,3,0
0f12f9df,NLTC Perera,IPL,38,2010-03-25,2016-05-21,"Chennai Super Kings, Kings XI Punjab, Kochi Tuskers Kerala, Mumbai Indians, Rising Pune Supergiants, Sunrisers Hyderabad",IPL,31,424,309,22,9,19.27,137.22,40,0,0,5,1,23,26,58.49,36.25,20,16,125.0,137,117,117.09,267,176,151.7,150,21.43,161.29,36,698,1016,31,32.77,8.73,22.52,3/20,0,0,32.52,113,28,20.2,6,180,7.33,8,288,7.52,17,230,11.35,9,9.7,32.89,12,6,0
7daedf2f,KB Arun Karthik,IPL,18,2010-03-28,2013-05-14,"Chennai Super Kings, Royal Challengers Bangalore",IPL,8,51,51,5,3,10.2,100.0,19,0,0,0,1,4,1,43.14,43.14,0,0,,26,22,118.18,25,29,86.21,51,10.2,100.0,0,0,0,0,,,,,0,0,,0,0,,0,0,,0,0,,0,0,,0,,,11,4,2
78eb4223,KAJ Roach,IPL,2,2010-03-28,2010-04-01,Deccan Chargers,IPL,1,10,9,1,0,10.0,111.11,10,0,0,0,0,1,0,40.0,33.33,0,0,,5,2,250.0,5,7,71.43,10,10.0,111.11,2,48,80,0,,10.0,,0/32,0,0,41.67,10,3,27.08,0,18,6.67,0,12,8.0,0,18,14.67,0,10.0,,1,0,0
a386e91b,PD Collingwood,IPL,8,2010-03-29,2010-04-18,Delhi Daredevils,IPL,7,203,156,5,2,40.6,130.13,75,0,3,0,0,9,13,56.16,36.54,26,19,136.84,96,92,104.35,81,45,180.0,203,40.6,130.13,6,89,101,5,20.2,6.81,17.8,2/19,0,0,26.97,4,3,7.87,0,0,,2,66,7.27,3,23,5.48,5,6.81,20.2,4,0,0
798934ea,C Ganapathy,IPL,1,2010-03-31,2010-03-31,Chennai Super Kings,IPL,0,0,0,0,0,,,0,0,0,0,0,0,0,,,0,0,,0,0,,0,0,,0,,,1,6,13,0,,13.0,,0/13,0,0,16.67,1,1,33.33,0,0,,0,6,13.0,0,0,,0,13.0,,0,0,0
86ae8ef2,MB Parmar,IPL,1,2010-04-01,2010-04-01,Kolkata Knight Riders,IPL,0,0,0,0,0,,,0,0,0,0,0,0,0,,,0,0,,0,0,,0,0,,0,,,1,18,33,0,,11.0,,0/33,0,0,22.22,6,0,33.33,0,6,14.0,0,12,9.5,0,0,,0,11.0,,0,0,0
45c2196c,DE Bollinger,IPL,27,2010-04-03,2012-04-21,Chennai Super Kings,IPL,4,21,23,1,3,21.0,91.3,16,0,0,0,0,1,1,47.62,47.83,0,0,,0,0,,21,23,91.3,21,21.0,91.3,27,576,693,37,18.73,7.22,15.57,4/13,1,0,44.1,73,19,15.97,11,324,7.15,3,18,5.0,23,234,7.49,11,8.39,25.18,8,1,0
dddca1d6,SB Wagh,IPL,8,2010-04-03,2011-05-10,"Pune Warriors, Rajasthan Royals",IPL,2,2,3,2,0,1.0,66.67,2,0,0,0,1,0,0,0.0,66.67,0,0,,0,0,,2,3,66.67,2,1.0,66.67,8,102,137,5,27.4,8.06,20.4,3/16,0,0,44.12,21,2,22.55,4,90,7.33,0,0,,1,12,13.5,5,8.06,27.4,1,1,0
dbc50253,AP Dole,IPL,3,2010-04-05,2010-04-11,Rajasthan Royals,IPL,2,34,22,2,0,17.0,154.55,30,0,0,1,0,3,1,52.94,27.27,0,0,,1,2,50.0,33,20,165.0,34,17.0,154.55,3,66,112,5,22.4,10.18,13.2,2/36,0,0,30.3,11,4,22.73,2,30,12.4,2,24,7.0,1,12,11.0,5,10.18,22.4,2,0,0
2af1b6d2,AN Ahmed,IPL,17,2010-04-06,2015-04-19,"Mumbai Indians, Royal Challengers Bangalore",IPL,6,36,26,1,5,36.0,138.46,18,0,0,0,0,4,1,61.11,38.46,0,0,,0,0,,36,26,138.46,36,36.0,138.46,17,344,498,12,41.5,8.69,28.67,2/13,0,0,34.88,43,20,18.31,3,138,7.52,3,114,7.84,6,92,11.48,7,8.58,43.29,2,3,0
8b9704ae,L Ablish,IPL,3,2010-04-09,2011-05-06,Kings XI Punjab,IPL,1,0,2,0,1,,0.0,0,0,0,0,0,0,0,,100.0,0,0,,0,0,,0,2,0.0,0,,0.0,3,42,75,3,25.0,10.71,14.0,2/17,0,0,23.81,11,1,28.57,0,12,13.0,0,12,15.5,3,18,6.0,3,10.71,25.0,0,0,0
f4f0fafd,B Sumanth,IPL,5,2010-04-10,2010-04-22,Deccan Chargers,IPL,4,35,37,1,3,35.0,94.59,16,0,0,0,0,3,0,34.29,37.84,0,0,,9,11,81.82,26,26,100.0,35,35.0,94.59,0,0,0,0,,,,,0,0,,0,0,,0,0,,0,0,,0,0,,0,,,4,0,0
64a4c383,S Sriram,IPL,2,2010-04-10,2011-05-15,"Delhi Daredevils, Royal Challengers Bangalore",IPL,2,31,36,2,0,15.5,86.11,27,0,0,0,0,3,0,38.71,44.44,13,11,118.18,18,25,72.0,0,0,,31,15.5,86.11,2,18,49,0,,16.33,,0/24,0,0,11.11,4,4,44.44,0,0,,0,18,16.33,0,0,,0,16.33,,0,0,0
2eeb4370,C Madan,IPL,1,2010-04-13,2010-04-13,Mumbai Indians,IPL,1,15,19,1,0,15.0,78.95,15,0,0,0,0,3,0,80.0,68.42,15,19,78.95,0,0,,0,0,,15,15.0,78.95,0,0,0,0,,,,,0,0,,0,0,,0,0,,0,0,,0,0,,0,,,0,1,0
3a02626a,AG Paunikar,IPL,5,2010-04-14,2011-04-17,Rajasthan Royals,IPL,5,49,58,5,0,9.8,84.48,20,0,0,0,1,9,0,73.47,65.52,49,58,84.48,0,0,,0,0,,49,9.8,84.48,0,0,0,0,,,,,0,0,,0,0,,0,0,,0,0,,0,0,,0,,,1,1,0
6ec424a9,ND Doshi,IPL,4,2010-04-24,2011-05-15,"Rajasthan Royals, Royal Challengers Bangalore",IPL,1,0,13,1,0,0.0,0.0,0,0,0,0,1,0,0,,100.0,0,0,,0,0,,0,13,0.0,0,0.0,0.0,4,56,79,2,39.5,8.46,28.0,1/15,0,0,42.86,5,6,19.64,1,18,10.67,0,26,8.31,1,12,5.5,2,8.46,39.5,0,0,0
f5f18a18,S Randiv,IPL,8,2011-04-08,2011-05-07,Chennai Super Kings,IPL,1,2,4,1,0,2.0,50.0,2,0,0,0,0,0,0,0.0,75.0,0,0,,0,0,,2,4,50.0,2,2.0,50.0,8,174,223,6,37.17,7.69,29.0,2/24,0,0,34.48,20,5,14.37,0,12,10.5,3,144,7.29,3,18,9.0,6,7.69,37.17,2,1,0
8291f939,AL Menaria,IPL,29,2011-04-09,2013-04-06,Rajasthan Royals,IPL,23,401,356,21,2,19.1,112.64,40,0,0,5,1,24,18,50.87,39.61,8,8,100.0,296,268,110.45,97,80,121.25,161,17.89,103.21,12,110,144,3,48.0,7.85,36.67,2/20,0,0,36.36,15,4,17.27,1,48,6.88,2,42,5.86,0,20,14.4,3,7.7,39.33,5,0,0
3ae3f034,AUK Pathan,IPL,8,2011-04-09,2012-05-06,Royal Challengers Bangalore,IPL,7,39,23,5,2,7.8,169.57,14,0,0,0,2,5,2,82.05,47.83,14,5,280.0,11,8,137.5,14,10,140.0,39,7.8,169.57,3,39,63,0,,9.69,,0/14,0,0,23.08,5,2,17.95,0,0,,0,24,8.75,0,15,11.2,0,9.69,,2,1,0
b2570b38,RV Gomez,IPL,13,2011-04-09,2013-05-19,"Kochi Tuskers Kerala, Pune Warriors",IPL,9,50,51,5,4,10.0,98.04,26,0,0,0,3,5,1,52.0,49.02,0,1,0.0,0,6,0.0,50,44,113.64,50,10.0,98.04,9,96,129,5,25.8,8.06,19.2,2/14,0,0,38.54,10,7,17.71,0,0,,4,84,7.43,1,12,12.5,5,8.06,25.8,3,1,0
a84468fe,DJ Jacobs,IPL,7,2011-04-10,2012-04-16,Mumbai Indians,IPL,7,92,98,7,0,13.14,93.88,32,0,0,1,1,10,4,69.57,60.2,83,91,91.21,9,7,128.57,0,0,,92,13.14,93.88,0,0,0,0,,,,,0,0,,0,0,,0,0,,0,0,,0,0,,0,,,3,2,2
cf73ad76,JEC Franklin,IPL,20,2011-04-10,2012-05-23,Mumbai Indians,IPL,16,327,301,11,5,29.73,108.64,79,0,1,2,0,25,9,47.09,38.54,79,93,84.95,151,140,107.86,97,68,142.65,195,21.67,101.04,15,151,220,9,24.44,8.74,16.78,2/18,0,0,25.83,21,6,17.88,1,12,8.0,5,115,8.45,3,24,10.5,6,8.19,21.83,6,0,0
0c94f480,UBT Chand,IPL,22,2011-04-10,2016-05-13,"Delhi Daredevils, Mumbai Indians, Rajasthan Royals",IPL,20,300,300,20,0,15.0,100.0,58,0,1,2,4,32,9,60.67,52.0,120,142,84.51,150,140,107.14,30,18,166.67,168,16.8,111.26,0,0,0,0,,,,,0,0,,0,0,,0,0,,0,0,,0,0,,0,,,8,0,0
b552a935,AC Thomas,IPL,15,2011-04-10,2012-05-11,Pune Warriors,IPL,4,20,19,2,2,10.0,105.26,12,0,0,0,0,1,1,50.0,42.11,0,0,,0,0,,20,19,105.26,20,10.0,105.26,15,315,406,14,29.0,7.73,22.5,3/22,0,0,40.0,41,11,16.51,7,180,6.37,3,24,5.5,4,111,10.43,8,7.92,35.12,3,1,0
dc4686e6,BA Bhatt,IPL,17,2011-04-10,2013-04-26,Kings XI Punjab,IPL,2,6,7,1,1,6.0,85.71,6,0,0,0,1,0,1,100.0,85.71,0,0,,0,0,,6,7,85.71,6,6.0,85.71,15,296,397,12,33.08,8.05,24.67,4/22,1,0,31.42,35,13,16.22,4,96,7.25,6,137,8.01,2,63,9.33,7,8.27,37.0,1,0,0
6042bf26,NJ Rimmington,IPL,1,2011-04-10,2011-04-10,Kings XI Punjab,IPL,1,1,1,0,1,,100.0,1,0,0,0,0,0,0,0.0,0.0,0,0,,0,0,,1,1,100.0,1,,100.0,1,18,19,0,,6.33,,0/19,0,0,50.0,3,0,16.67,0,12,6.5,0,6,6.0,0,0,,0,6.33,,0,0,0
30e37810,Sunny Singh,IPL,6,2011-04-10,2011-05-06,Kings XI Punjab,IPL,5,43,31,4,1,10.75,138.71,20,0,0,0,0,6,1,69.77,38.71,15,8,187.5,21,14,150.0,7,9,77.78,43,10.75,138.71,0,0,0,0,,,,,0,0,,0,0,,0,0,,0,0,,0,0,,0,,,1,0,0
4ec07775,RN ten Doeschate,IPL,29,2011-04-11,2015-05-04,Kolkata Knight Riders,IPL,21,326,235,14,7,23.29,138.72,70,0,1,3,3,26,15,59.51,32.77,6,7,85.71,108,88,122.73,212,140,151.43,113,18.83,146.75,10,78,94,2,47.0,7.23,39.0,1/7,0,0,28.21,4,3,8.97,0,0,,2,72,6.83,0,6,12.0,2,7.23,47.0,8,3,0
5673a3fc,NL McCullum,IPL,3,2011-04-13,2011-05-01,Pune Warriors,IPL,2,26,22,1,1,26.0,118.18,15,0,0,0,0,0,1,23.08,31.82,0,0,,6,5,120.0,20,17,117.65,26,26.0,118.18,2,30,34,0,,6.8,,0/12,0,0,33.33,1,2,10.0,0,12,6.0,0,18,7.33,0,0,,0,6.8,,1,0,0
6821ac10,JJ van der Wath,IPL,3,2011-04-14,2011-05-17,Royal Challengers Bangalore,IPL,3,18,16,2,1,9.0,112.5,14,0,0,0,1,1,1,55.56,43.75,0,0,,4,5,80.0,14,11,127.27,18,9.0,112.5,3,72,129,3,43.0,10.75,24.0,2/49,0,0,40.28,17,6,31.94,0,30,8.2,1,18,14.67,2,24,11.0,3,10.75,43.0,0,0,0
ce4cc4d5,R Ninan,IPL,2,2011-04-14,2011-04-16,Royal Challengers Bangalore,IPL,1,3,6,1,0,3.0,50.0,3,0,0,0,0,0,0,0.0,50.0,0,0,,0,0,,3,6,50.0,3,3.0,50.0,2,36,65,3,21.67,10.83,12.0,2/31,0,0,22.22,3,5,22.22,0,0,,3,30,9.8,0,6,16.0,3,10.83,21.67,1,0,0
5748e866,TD Paine,IPL,2,2011-04-20,2011-04-29,Pune Warriors,IPL,2,10,26,2,0,5.0,38.46,8,0,0,0,0,0,0,0.0,61.54,10,26,38.46,0,0,,0,0,,10,5.0,38.46,0,0,0,0,,,,,0,0,,0,0,,0,0,,0,0,,0,0,,0,,,0,0,0
063b3673,DH Yagnik,IPL,25,2011-04-21,2014-05-13,Rajasthan Royals,IPL,17,170,137,10,7,17.0,124.09,34,0,0,2,1,23,2,61.18,41.61,0,0,,74,62,119.35,96,75,128.0,129,16.12,126.47,0,0,0,0,,,,,0,0,,0,0,,0,0,,0,0,,0,0,,0,,,12,6,5
b0c772ee,BJ Haddin,IPL,1,2011-04-22,2011-04-22,Kolkata Knight Riders,IPL,1,18,11,1,0,18.0,163.64,18,0,0,0,0,2,1,77.78,45.45,18,11,163.64,0,0,,0,0,,18,18.0,163.64,0,0,0,0,,,,,0,0,,0,0,,0,0,,0,0,,0,0,,0,,,0,0,0
c64c2443,J Syed Mohammad,IPL,11,2011-04-22,2013-05-10,Royal Challengers Bangalore,IPL,5,29,26,2,3,14.5,111.54,13,0,0,0,0,4,0,55.17,38.46,0,0,,9,11,81.82,20,15,133.33,29,14.5,111.54,11,192,283,8,35.38,8.84,24.0,2/15,0,0,24.48,18,12,15.62,1,18,4.67,6,156,9.08,1,18,11.0,7,9.39,37.57,1,2,0
4180d897,JE Taylor,IPL,5,2011-04-25,2011-05-04,Pune Warriors,IPL,2,3,3,1,1,3.0,100.0,2,0,0,0,0,0,0,0.0,33.33,0,0,,0,0,,3,3,100.0,3,3.0,100.0,5,117,157,6,26.17,8.05,19.5,3/30,0,0,41.03,10,9,16.24,0,48,6.38,0,18,6.33,6,51,10.24,6,8.05,26.17,0,0,0
469ea22b,KMDN Kulasekara,IPL,5,2011-04-27,2012-04-28,Chennai Super Kings,IPL,1,5,3,0,1,,166.67,5,0,0,0,0,1,0,80.0,33.33,0,0,,0,0,,5,3,166.67,5,,166.67,5,102,120,5,24.0,7.06,20.4,2/10,0,0,44.12,16,0,15.69,3,66,7.45,0,6,8.0,2,30,6.0,5,7.06,24.0,4,1,0
d2d4bb0a,TR Birt,IPL,5,2011-04-28,2011-05-15,Delhi Daredevils,IPL,5,75,58,5,0,15.0,129.31,27,0,0,0,0,9,2,64.0,44.83,0,0,,15,21,71.43,60,37,162.16,75,15.0,129.31,0,0,0,0,,,,,0,0,,0,0,,0,0,,0,0,,0,0,,0,,,0,0,0
b970a03f,M Klinger,IPL,4,2011-04-30,2011-05-08,Kochi Tuskers Kerala,IPL,4,73,77,4,0,18.25,94.81,29,0,0,0,0,9,0,49.32,45.45,50,49,102.04,23,28,82.14,0,0,,73,18.25,94.81,0,0,0,0,,,,,0,0,,0,0,,0,0,,0,0,,0,0,,0,,,0,0,0
0c432afb,P Parameswaran,IPL,8,2011-05-02,2012-05-20,"Kochi Tuskers Kerala, Royal Challengers Bangalore",IPL,2,1,2,0,2,,50.0,1,0,0,0,0,0,0,0.0,50.0,0,0,,0,0,,1,2,50.0,1,,50.0,8,154,224,9,24.89,8.73,17.11,3/30,0,0,41.56,23,10,21.43,2,36,10.83,2,79,7.37,5,39,9.54,9,8.73,24.89,1,0,0
1efb8a28,AC Blizzard,IPL,7,2011-05-04,2012-04-27,Mumbai Indians,IPL,7,120,90,7,0,17.14,133.33,51,0,1,1,1,21,2,80.0,52.22,99,76,130.26,21,14,150.0,0,0,,120,17.14,133.33,0,0,0,0,,,,,0,0,,0,0,,0,0,,0,0,,0,0,,0,,,4,0,0
943fd425,I Malhotra,IPL,1,2011-05-05,2011-05-05,Deccan Chargers,IPL,1,7,4,0,1,,175.0,7,0,0,0,0,1,0,57.14,0.0,0,0,,0,0,,7,4,175.0,7,,175.0,1,6,23,0,,23.0,,0/23,0,0,0.0,2,2,66.67,0,0,,0,6,23.0,0,0,,0,23.0,,0,0,0
9b4935c8,CJ Ferguson,IPL,9,2011-05-08,2012-05-19,Pune Warriors,IPL,8,98,117,6,2,16.33,83.76,23,0,0,0,0,9,0,36.73,47.86,17,24,70.83,58,70,82.86,23,23,100.0,98,16.33,83.76,0,0,0,0,,,,,0,0,,0,0,,0,0,,0,0,,0,0,,0,,,2,0,0
16605a1b,AA Kazi,IPL,1,2011-05-11,2011-05-11,Royal Challengers Bangalore,IPL,0,0,0,0,0,,,0,0,0,0,0,0,0,,,0,0,,0,0,,0,0,,0,,,1,12,21,0,,10.5,,0/21,0,0,16.67,1,1,16.67,0,0,,0,12,10.5,0,0,,0,10.5,,0,0,0
d2340a43,Anand Rajan,IPL,8,2011-05-14,2013-05-19,"Deccan Chargers, Sunrisers Hyderabad",IPL,0,0,0,0,0,,,0,0,0,0,0,0,0,,,0,0,,0,0,,0,0,,0,,,8,149,201,8,25.12,8.09,18.62,3/27,0,0,38.26,17,8,16.78,0,42,6.71,3,66,6.82,5,41,11.56,8,8.09,25.12,3,2,0
29d72eb2,AA Chavan,IPL,13,2011-05-15,2013-05-15,Rajasthan Royals,IPL,3,12,11,2,1,6.0,109.09,7,0,0,0,0,2,0,66.67,45.45,0,0,,1,3,33.33,11,8,137.5,12,6.0,109.09,13,248,326,8,40.75,7.89,31.0,2/23,0,0,40.32,28,16,17.74,3,144,6.46,2,90,9.27,3,14,13.71,6,8.13,45.17,3,0,0
ddb00822,P Prasanth,IPL,1,2011-05-15,2011-05-15,Kochi Tuskers Kerala,IPL,0,0,0,0,0,,,0,0,0,0,0,0,0,,,0,0,,0,0,,0,0,,0,,,1,6,18,0,,18.0,,0/18,0,0,50.0,0,3,50.0,0,0,,0,6,18.0,0,0,,0,18.0,,0,0,0
bae11797,Y Gnaneswara Rao,IPL,2,2011-05-15,2011-05-18,Kochi Tuskers Kerala,IPL,1,19,17,1,0,19.0,111.76,19,0,0,0,0,3,0,63.16,47.06,15,13,115.38,4,4,100.0,0,0,,19,19.0,111.76,1,6,7,0,,7.0,,0/7,0,0,50.0,1,0,16.67,0,0,,0,6,7.0,0,0,,0,7.0,,2,0,0
90edaaa9,S Rana,IPL,11,2011-05-19,2014-05-24,"Pune Warriors, Royal Challengers Bangalore",IPL,8,91,81,4,4,22.75,112.35,19,0,0,0,0,9,1,46.15,39.51,20,22,90.91,3,9,33.33,68,50,136.0,91,22.75,112.35,3,16,18,0,,6.75,,0/2,0,0,31.25,2,0,12.5,0,0,,0,12,8.0,0,4,3.0,0,6.75,,3,0,0
62e07f92,KH Devdhar,IPL,1,2011-05-21,2011-05-21,Deccan Chargers,IPL,0,0,0,0,0,,,0,0,0,0,0,0,0,,,0,0,,0,0,,0,0,,0,,,0,0,0,0,,,,,0,0,,0,0,,0,0,,0,0,,0,0,,0,,,0,0,1
0af3426f,SS Mundhe,IPL,1,2011-05-21,2011-05-21,Pune Warriors,IPL,0,0,0,0,0,,,0,0,0,0,0,0,0,,,0,0,,0,0,,0,0,,0,,,1,6,6,1,6.0,6.0,6.0,1/6,0,0,66.67,1,0,16.67,1,6,6.0,0,0,,0,0,,1,6.0,6.0,0,0,0
67af6f81,RW Price,IPL,1,2011-05-22,2011-05-22,Mumbai Indians,IPL,0,0,0,0,0,,,0,0,0,0,0,0,0,,,0,0,,0,0,,0,0,,0,,,1,18,33,0,,11.0,,0/33,0,0,5.56,2,2,22.22,0,6,14.0,0,12,9.5,0,0,,0,11.0,,0,0,0
18c78b11,RE Levi,IPL,6,2012-04-04,2012-04-29,Mumbai Indians,IPL,6,83,73,6,0,13.83,113.7,50,0,1,0,2,10,4,77.11,54.79,62,57,108.77,21,16,131.25,0,0,,83,13.83,113.7,0,0,0,0,,,,,0,0,,0,0,,0,0,,0,0,,0,0,,0,,,2,0,0
d4eef961,M de Lange,IPL,5,2012-04-05,2015-05-08,"Kolkata Knight Riders, Mumbai Indians",IPL,1,1,2,1,0,1.0,50.0,1,0,0,0,0,0,0,0.0,50.0,0,0,,0,0,,1,2,50.0,1,1.0,50.0,5,108,169,5,33.8,9.39,21.6,3/34,0,0,36.11,21,4,23.15,2,60,8.1,1,18,9.33,2,30,12.0,5,9.39,33.8,0,0,0
557153ca,KK Cooper,IPL,25,2012-04-06,2014-05-25,Rajasthan Royals,IPL,12,116,68,9,3,12.89,170.59,32,0,0,1,1,9,8,72.41,39.71,7,2,350.0,30,22,136.36,79,44,179.55,100,11.11,166.67,25,576,757,33,22.94,7.89,17.45,4/26,1,0,31.94,59,23,14.24,4,96,6.75,12,216,7.42,17,264,8.68,9,7.92,33.44,12,4,0
2e9fdf9b,DAJ Bracewell,IPL,1,2012-04-07,2012-04-07,Delhi Daredevils,IPL,1,12,9,0,1,,133.33,12,0,0,0,0,1,0,33.33,11.11,0,0,,0,0,,12,9,133.33,12,,133.33,1,24,32,3,10.67,8.0,8.0,3/32,0,0,41.67,2,2,16.67,0,6,7.0,1,12,7.5,2,6,10.0,3,8.0,10.67,1,1,0
39f82db3,DJ Harris,IPL,6,2012-04-07,2012-05-10,Deccan Chargers,IPL,4,111,101,4,0,27.75,109.9,47,0,0,2,0,11,5,66.67,49.5,57,64,89.06,54,37,145.95,0,0,,111,27.75,109.9,2,18,26,0,,8.67,,0/11,0,0,22.22,2,1,16.67,0,0,,0,12,8.0,0,6,10.0,0,8.67,,2,0,0
2f3817ce,TP Sudhindra,IPL,3,2012-04-07,2012-05-13,Deccan Chargers,IPL,0,0,0,0,0,,,0,0,0,0,0,0,0,,,0,0,,0,0,,0,0,,0,,,3,70,136,1,136.0,11.66,70.0,1/46,0,0,25.71,9,9,25.71,0,24,10.0,1,24,11.75,0,22,13.36,1,11.66,136.0,0,0,0
f708a0bc,GB Hogg,IPL,21,2012-04-11,2016-05-08,"Kolkata Knight Riders, Rajasthan Royals",IPL,4,22,22,3,1,7.33,100.0,13,0,0,0,0,1,0,18.18,22.73,0,0,,0,0,,22,22,100.0,22,7.33,100.0,21,458,570,23,24.78,7.47,19.91,4/29,1,0,34.72,40,21,13.32,4,48,6.5,12,318,7.53,7,92,7.76,12,8.12,22.33,4,1,0
7d3720ba,RR Bhatkal,IPL,1,2012-04-12,2012-04-12,Royal Challengers Bangalore,IPL,1,0,2,1,0,0.0,0.0,0,0,0,0,1,0,0,,100.0,0,0,,0,0,,0,2,0.0,0,0.0,0.0,1,12,35,0,,17.5,,0/35,0,0,0.0,2,3,41.67,0,6,20.0,0,6,15.0,0,0,,0,17.5,,1,0,0
1a0c3177,P Awana,IPL,33,2012-04-12,2014-06-01,Kings XI Punjab,IPL,5,5,14,2,3,2.5,35.71,4,0,0,0,2,0,0,0.0,64.29,0,0,,0,0,,5,14,35.71,5,2.5,35.71,33,747,1029,39,26.38,8.27,19.15,4/34,1,0,39.22,107,35,19.01,13,270,7.93,12,306,7.16,14,171,10.77,12,9.61,28.42,4,1,0
d718440b,V Pratap Singh,IPL,9,2012-04-19,2012-05-20,Deccan Chargers,IPL,1,0,1,1,0,0.0,0.0,0,0,0,0,1,0,0,,100.0,0,0,,0,0,,0,1,0.0,0,0.0,0.0,9,204,296,10,29.6,8.71,20.4,2/31,0,0,34.8,31,10,20.1,3,96,8.5,2,66,8.09,5,42,10.14,10,8.71,29.6,0,0,0
94eac556,CJ McKay,IPL,2,2012-04-16,2012-04-25,Mumbai Indians,IPL,1,8,15,1,0,8.0,53.33,8,0,0,0,0,0,0,0.0,53.33,0,0,,8,15,53.33,0,0,,8,8.0,53.33,2,42,60,1,60.0,8.57,42.0,1/36,0,0,33.33,8,1,21.43,0,12,13.0,1,18,4.67,0,12,10.0,1,8.57,60.0,0,0,0
c9cac448,T Mishra,IPL,1,2012-04-17,2012-04-17,Deccan Chargers,IPL,0,0,0,0,0,,,0,0,0,0,0,0,0,,,0,0,,0,0,,0,0,,0,,,0,0,0,0,,,,,0,0,,0,0,,0,0,,0,0,,0,0,,0,,,1,0,0
1c2a64cd,A Ashish Reddy,IPL,31,2012-04-26,2016-04-30,"Deccan Chargers, Sunrisers Hyderabad",IPL,23,280,193,15,8,18.67,145.08,36,0,0,2,0,16,15,55.0,30.05,5,6,83.33,61,41,148.78,214,146,146.58,139,19.86,151.09,20,262,396,18,22.0,9.07,14.56,3/25,0,0,30.15,26,20,17.56,0,6,20.0,7,155,8.09,11,101,9.92,6,9.52,23.0,9,2,0
9a158001,Azhar Mahmood,IPL,23,2012-04-20,2015-05-16,"Kings XI Punjab, Kolkata Knight Riders",IPL,21,388,303,19,2,20.42,128.05,80,0,2,3,2,39,13,60.31,38.28,22,24,91.67,243,188,129.26,123,91,135.16,194,19.4,125.97,23,537,700,29,24.14,7.82,18.52,3/20,0,0,37.06,73,18,16.95,6,144,6.75,6,186,6.58,17,207,9.68,13,8.19,24.46,8,1,0
addbde6c,N Saini,IPL,10,2012-04-20,2012-05-17,Kings XI Punjab,IPL,10,140,141,10,0,14.0,99.29,50,0,1,1,0,16,0,45.71,46.81,80,84,95.24,53,49,108.16,7,8,87.5,140,14.0,99.29,0,0,0,0,,,,,0,0,,0,0,,0,0,,0,0,,0,0,,0,,,11,2,2
99b202b3,A Chandila,IPL,12,2012-04-23,2013-05-09,Rajasthan Royals,IPL,2,4,7,0,2,,57.14,4,0,0,0,0,0,0,0.0,42.86,0,0,,0,0,,4,7,57.14,4,,57.14,12,234,242,11,22.0,6.21,21.27,4/13,1,0,44.02,17,10,11.54,10,144,5.71,1,84,7.07,0,6,6.0,7,6.45,28.57,7,0,0
cca50cd6,LJ Wright,IPL,7,2012-04-24,2013-05-19,Pune Warriors,IPL,5,106,60,5,0,21.2,176.67,44,0,0,2,0,16,3,77.36,31.67,8,8,100.0,14,15,93.33,84,37,227.03,106,21.2,176.67,6,71,124,2,62.0,10.48,35.5,1/12,0,0,19.72,5,9,19.72,0,6,12.0,1,42,9.57,1,23,11.74,2,10.48,62.0,2,2,0
26ff4c29,RJ Peterson,IPL,5,2012-04-25,2012-05-06,Mumbai Indians,IPL,5,32,30,3,2,10.67,106.67,16,0,0,0,1,3,1,56.25,43.33,0,0,,13,14,92.86,19,16,118.75,32,10.67,106.67,4,48,70,3,23.33,8.75,16.0,3/37,0,0,43.75,5,5,20.83,0,12,5.0,1,18,7.0,2,18,13.0,3,8.75,23.33,1,0,0
de4b0555,R Shukla,IPL,8,2012-04-27,2014-05-15,"Delhi Daredevils, Mumbai Indians, Rajasthan Royals",IPL,4,19,23,1,3,19.0,82.61,14,0,0,0,0,2,0,42.11,43.48,0,0,,1,1,100.0,18,22,81.82,19,19.0,82.61,7,120,208,5,41.6,10.4,24.0,2/28,0,0,31.67,21,9,25.0,4,54,8.22,1,36,10.5,0,30,14.2,5,10.4,41.6,3,2,0
53f27a35,BB Samantray,IPL,9,2012-05-01,2013-05-22,"Deccan Chargers, Sunrisers Hyderabad",IPL,8,125,113,5,3,25.0,110.62,55,0,1,1,1,13,2,51.2,39.82,15,21,71.43,68,62,109.68,42,30,140.0,125,25.0,110.62,0,0,0,0,,,,,0,0,,0,0,,0,0,,0,0,,0,0,,0,,,3,1,0
f842c2cf,MJ Clarke,IPL,6,2012-05-01,2012-05-19,Pune Warriors,IPL,6,98,94,6,0,16.33,104.26,41,0,0,1,0,12,0,48.98,43.62,76,64,118.75,22,30,73.33,0,0,,98,16.33,104.26,5,66,67,2,33.5,6.09,33.0,1/12,0,0,33.33,4,2,9.09,0,0,,2,60,5.8,0,6,9.0,2,6.09,33.5,1,0,0
f3171936,BW Hilfenhaus,IPL,17,2012-05-04,2014-05-20,Chennai Super Kings,IPL,0,0,0,0,0,,,0,0,0,0,0,0,0,,,0,0,,0,0,,0,0,,0,,,17,372,479,22,21.77,7.73,16.91,3/27,0,0,46.51,48,21,18.55,12,240,6.1,3,36,9.0,7,96,11.31,11,8.23,26.18,1,1,0
2461eef2,PA Reddy,IPL,12,2012-05-06,2013-05-01,"Deccan Chargers, Sunrisers Hyderabad",IPL,10,164,160,10,0,16.4,102.5,42,0,0,1,0,15,2,43.9,40.62,103,104,99.04,46,51,90.2,15,5,300.0,164,16.4,102.5,0,0,0,0,,,,,0,0,,0,0,,0,0,,0,0,,0,0,,0,,,2,1,0
f4cb4f53,AP Majumdar,IPL,4,2012-05-08,2012-05-19,Pune Warriors,IPL,4,87,76,4,0,21.75,114.47,31,0,0,2,0,7,2,45.98,35.53,21,15,140.0,64,58,110.34,2,3,66.67,87,21.75,114.47,0,0,0,0,,,,,0,0,,0,0,,0,0,,0,0,,0,0,,0,,,0,0,0
27e71d47,K Upadhyay,IPL,3,2012-05-11,2013-05-09,Pune Warriors,IPL,2,12,9,0,2,,133.33,11,0,0,0,0,0,1,50.0,33.33,0,0,,0,0,,12,9,133.33,12,,133.33,3,54,81,0,,9.0,,0/19,0,0,37.04,9,3,22.22,0,36,9.83,0,18,7.33,0,0,,0,9.0,,1,0,0
ee3dfa89,Sunny Gupta,IPL,1,2012-05-25,2012-05-25,Delhi Daredevils,IPL,1,0,1,1,0,0.0,0.0,0,0,0,0,1,0,0,,100.0,0,0,,0,0,,0,1,0.0,0,0.0,0.0,1,18,47,0,,15.67,,0/47,0,0,0.0,4,3,38.89,0,6,12.0,0,12,17.5,0,0,,0,15.67,,0,0,0
605b7efa,MC Juneja,IPL,7,2013-04-03,2013-04-23,Delhi Daredevils,IPL,7,125,128,7,0,17.86,97.66,49,0,0,1,0,11,1,40.0,37.5,20,18,111.11,88,94,93.62,17,16,106.25,125,17.86,97.66,0,0,0,0,,,,,0,0,,0,0,,0,0,,0,0,,0,0,,0,,,0,0,0
f21043a5,MDKJ Perera,IPL,2,2013-04-06,2013-04-11,Rajasthan Royals,IPL,2,14,13,2,0,7.0,107.69,14,0,0,0,1,3,0,85.71,61.54,14,13,107.69,0,0,,0,0,,14,7.0,107.69,0,0,0,0,,,,,0,0,,0,0,,0,0,,0,0,,0,0,,0,,,0,0,0
9868bc75,BMAJ Mendis,IPL,3,2013-04-09,2013-05-04,Delhi Daredevils,IPL,3,23,27,3,0,7.67,85.19,12,0,0,0,1,0,0,0.0,29.63,1,2,50.0,22,25,88.0,0,0,,23,7.67,85.19,2,30,36,1,36.0,7.2,30.0,1/16,0,0,36.67,2,2,13.33,0,0,,1,30,7.2,0,0,,1,7.2,36.0,2,1,0
0bf15e52,Harmeet Singh (2),IPL,1,2013-04-11,2013-04-11,Rajasthan Royals,IPL,0,0,0,0,0,,,0,0,0,0,0,0,0,,,0,0,,0,0,,0,0,,0,,,1,24,34,1,34.0,8.5,24.0,1/34,0,0,50.0,3,2,20.83,0,12,11.5,1,12,5.5,0,0,,1,8.5,34.0,0,0,0
d68e7f48,R Rampaul,IPL,12,2013-04-13,2014-05-24,Royal Challengers Bangalore,IPL,7,51,50,5,2,10.2,102.0,23,0,0,0,3,3,2,47.06,48.0,0,0,,15,16,93.75,36,34,105.88,51,10.2,102.0,13,268,309,16,19.31,6.92,16.75,3/31,0,0,48.51,25,14,14.55,9,162,5.96,3,54,5.22,4,52,11.65,11,6.7,21.73,4,0,0
4c4fa80b,SMSM Senanayake,IPL,8,2013-04-14,2013-05-15,Kolkata Knight Riders,IPL,4,10,17,1,3,10.0,58.82,7,0,0,0,0,0,0,0.0,47.06,0,0,,0,0,,10,17,58.82,10,10.0,58.82,8,192,209,9,23.22,6.53,21.33,2/26,0,0,38.02,17,5,11.46,4,126,5.24,3,42,9.43,2,24,8.25,9,6.53,23.22,2,0,0
27af6414,BJ Rohrer,IPL,8,2013-04-16,2013-05-19,Delhi Daredevils,IPL,9,193,141,7,2,27.57,136.88,64,0,1,2,1,21,5,59.07,36.88,0,1,0.0,114,105,108.57,79,35,225.71,193,27.57,136.88,1,6,12,0,,12.0,,0/12,0,0,16.67,2,0,33.33,0,0,,0,6,12.0,0,0,,0,12.0,,3,2,0
e0407c01,IC Pandey,IPL,25,2013-04-23,2015-05-16,"Chennai Super Kings, Pune Warriors",IPL,1,0,2,1,0,0.0,0.0,0,0,0,0,1,0,0,,100.0,0,0,,0,0,,0,2,0.0,0,0.0,0.0,24,462,591,18,32.83,7.68,25.67,2/23,0,0,45.89,77,17,20.35,11,264,6.91,5,162,8.22,2,36,10.83,11,7.19,20.27,6,0,0
30a2649b,CM Gautam,IPL,13,2013-05-07,2015-04-09,"Delhi Daredevils, Mumbai Indians",IPL,13,169,150,10,3,16.9,112.67,33,0,0,3,0,17,6,61.54,50.67,68,62,109.68,46,44,104.55,55,44,125.0,125,15.62,107.76,0,0,0,0,,,,,0,0,,0,0,,0,0,,0,0,,0,0,,0,,,3,2,4
c03c6200,DJG Sammy,IPL,22,2013-04-25,2015-04-13,"Royal Challengers Bangalore, Sunrisers Hyderabad",IPL,20,295,241,15,5,19.67,122.41,60,0,1,0,2,15,18,56.95,40.66,8,5,160.0,151,140,107.86,136,96,141.67,115,14.38,117.35,19,236,350,11,31.82,8.9,21.45,4/22,1,0,30.51,33,12,19.07,1,24,8.5,9,162,7.67,1,50,13.08,3,10.71,60.67,9,4,0
1763bc6c,X Thalaivan Sargunam,IPL,1,2013-04-25,2013-04-25,Sunrisers Hyderabad,IPL,1,10,17,1,0,10.0,58.82,10,0,0,0,0,0,0,0.0,52.94,0,0,,8,14,57.14,2,3,66.67,10,10.0,58.82,0,0,0,0,,,,,0,0,,0,0,,0,0,,0,0,,0,0,,0,,,0,0,0
cedc1d9a,P Suyal,IPL,5,2013-05-05,2015-04-17,Mumbai Indians,IPL,0,0,0,0,0,,,0,0,0,0,0,0,0,,,0,0,,0,0,,0,0,,0,,,5,96,151,2,75.5,9.44,48.0,1/21,0,0,37.5,16,5,21.88,1,60,9.1,1,12,9.0,0,24,10.5,2,9.44,75.5,1,0,0
91b9300b,UA Birla,IPL,2,2013-05-05,2013-05-09,Pune Warriors,IPL,1,7,14,1,0,7.0,50.0,7,0,0,0,0,1,0,57.14,71.43,6,9,66.67,1,5,20.0,0,0,,7,7.0,50.0,0,0,0,0,,,,,0,0,,0,0,,0,0,,0,0,,0,0,,0,,,1,0,0
6aed7e79,PV Tambe,IPL,33,2013-05-07,2016-05-14,"Gujarat Lions, Rajasthan Royals",IPL,6,18,39,2,4,9.0,46.15,7,0,0,0,0,1,0,22.22,61.54,0,0,,6,9,66.67,12,30,40.0,18,9.0,46.15,33,660,853,28,30.46,7.75,23.57,4/20,1,0,30.91,64,28,13.94,3,78,8.62,20,504,7.12,5,78,11.0,6,9.15,39.67,4,0,0
9170ff49,Parvez Rasool,IPL,11,2013-05-09,2016-05-07,"Pune Warriors, Royal Challengers Bangalore, Sunrisers Hyderabad",IPL,4,17,20,2,2,8.5,85.0,10,0,0,0,0,1,0,23.53,35.0,0,0,,0,0,,17,20,85.0,17,8.5,85.0,11,198,271,4,67.75,8.21,49.5,1/20,0,0,30.3,22,11,16.67,1,66,9.09,3,132,7.77,0,0,,3,8.55,82.67,3,0,0
0164b064,MG Neser,IPL,1,2013-05-06,2013-05-06,Kings XI Punjab,IPL,0,0,0,0,0,,,0,0,0,0,0,0,0,,,0,0,,0,0,,0,0,,0,,,1,24,62,0,,15.5,,0/62,0,0,20.83,6,4,41.67,0,6,18.0,0,6,11.0,0,12,16.5,0,15.5,,0,0,0
44afbf2d,NJ Maddinson,IPL,3,2014-04-17,2015-05-04,Royal Challengers Bangalore,IPL,3,20,21,3,0,6.67,95.24,12,0,0,0,0,4,0,80.0,71.43,20,21,95.24,0,0,,0,0,,20,6.67,95.24,0,0,0,0,,,,,0,0,,0,0,,0,0,,0,0,,0,0,,0,,,1,0,0
5708d0b6,AV Wankhade,IPL,1,2014-04-27,2014-04-27,,IPL,0,0,0,0,0,,,0,0,0,0,0,0,0,,,0,0,,0,0,,0,0,,0,,,0,0,0,0,,,,,0,0,,0,0,,0,0,,0,0,,0,0,,0,,,0,0,0
272d796e,BR Dunk,IPL,4,2014-04-30,2014-05-28,Mumbai Indians,IPL,3,40,35,3,0,13.33,114.29,20,0,0,0,0,7,0,70.0,54.29,40,35,114.29,0,0,,0,0,,40,13.33,114.29,0,0,0,0,,,,,0,0,,0,0,,0,0,,0,0,,0,0,,0,,,3,0,0
6f49cc6e,Shivam Sharma,IPL,5,2014-05-09,2015-04-21,Kings XI Punjab,IPL,2,5,3,1,1,5.0,166.67,4,0,0,0,0,1,0,80.0,33.33,0,0,,0,0,,5,3,166.67,5,5.0,166.67,5,114,165,4,41.25,8.68,28.5,2/26,0,0,32.46,9,10,16.67,0,0,,4,90,8.47,0,24,9.5,4,8.68,41.25,1,0,0
6dbcf855,VH Zol,IPL,3,2014-05-11,2014-05-24,Royal Challengers Bangalore,IPL,2,29,26,2,0,14.5,111.54,16,0,0,0,0,3,1,62.07,50.0,22,21,104.76,7,5,140.0,0,0,,29,14.5,111.54,0,0,0,0,,,,,0,0,,0,0,,0,0,,0,0,,0,0,,0,,,0,0,0
531f0278,K Santokie,IPL,2,2014-05-19,2014-05-21,Mumbai Indians,IPL,0,0,0,0,0,,,0,0,0,0,0,0,0,,,0,0,,0,0,,0,0,,0,,,2,48,90,3,30.0,11.25,16.0,2/50,0,0,31.25,6,6,25.0,1,18,10.33,1,6,5.0,1,24,13.5,3,11.25,30.0,1,0,0
b56dc5f7,BE Hendricks,IPL,7,2014-05-19,2015-05-16,Kings XI Punjab,IPL,2,1,3,1,1,1.0,33.33,1,0,0,0,1,0,0,0.0,66.67,0,0,,0,0,,1,3,33.33,1,1.0,33.33,7,150,235,9,26.11,9.4,16.67,3/36,0,0,34.67,24,7,20.67,1,60,10.8,2,36,8.17,6,54,8.67,9,9.4,26.11,3,0,0
012829ff,JW Hastings,IPL,3,2014-05-22,2016-04-13,"Chennai Super Kings, Kolkata Knight Riders",IPL,0,0,0,0,0,,,0,0,0,0,0,0,0,,,0,0,,0,0,,0,0,,0,,,3,58,66,3,22.0,6.83,19.33,2/6,0,0,53.45,11,0,18.97,1,36,8.33,1,12,3.5,1,10,5.4,3,6.83,22.0,0,0,0
1647bd37,Karanveer Singh,IPL,9,2014-05-23,2015-05-06,Kings XI Punjab,IPL,4,12,17,1,3,12.0,70.59,5,0,0,0,0,1,0,33.33,52.94,0,0,,4,7,57.14,8,10,80.0,12,12.0,70.59,9,204,321,12,26.75,9.44,17.0,4/54,1,0,31.37,19,19,18.63,0,12,13.0,8,168,8.64,4,24,13.25,12,9.44,26.75,2,0,0
2c76b512,DJ Muthuswami,IPL,6,2015-04-09,2015-04-26,Delhi Daredevils,IPL,1,1,3,1,0,1.0,33.33,1,0,0,0,0,0,0,0.0,66.67,0,0,,0,0,,1,3,33.33,1,1.0,33.33,6,84,101,4,25.25,7.21,21.0,2/18,0,0,52.38,14,3,20.24,3,72,7.67,0,6,8.0,1,6,1.0,4,7.21,25.25,0,0,0
b2b23612,RG More,IPL,2,2015-04-30,2015-05-02,Chennai Super Kings,IPL,1,2,2,0,1,,100.0,2,0,0,0,0,0,0,0.0,0.0,0,0,,0,0,,2,2,100.0,2,,100.0,2,35,59,1,59.0,10.11,35.0,1/31,0,0,11.43,5,1,17.14,0,6,15.0,1,12,9.0,0,17,9.18,1,10.11,59.0,1,0,0
5b627626,B Aparajith,IPL,1,2015-05-02,2015-05-02,,IPL,0,0,0,0,0,,,0,0,0,0,0,0,0,,,0,0,,0,0,,0,0,,0,,,0,0,0,0,,,,,0,0,,0,0,,0,0,,0,0,,0,0,,0,,,0,0,0
1558d83b,GS Sandhu,IPL,3,2015-05-03,2015-05-17,Delhi Daredevils,IPL,0,0,0,0,0,,,0,0,0,0,0,0,0,,,0,0,,0,0,,0,0,,0,,,2,48,82,1,82.0,10.25,48.0,1/33,0,0,18.75,8,2,20.83,0,6,7.0,0,18,8.33,1,24,12.5,1,10.25,82.0,0,0,0
9a0146b3,P Sahu,IPL,5,2016-04-11,2016-04-25,Kings XI Punjab,IPL,2,19,13,1,1,19.0,146.15,18,0,0,0,0,1,1,52.63,30.77,0,0,,0,0,,19,13,146.15,19,19.0,146.15,5,105,146,3,48.67,8.34,35.0,2/18,0,0,22.86,11,5,15.24,0,6,10.0,3,81,7.85,0,18,10.0,3,8.34,48.67,0,0,0
a9da7784,KJ Abbott,IPL,5,2016-04-17,2016-05-21,Kings XI Punjab,IPL,3,13,8,1,2,13.0,162.5,12,0,0,0,1,0,1,46.15,37.5,0,0,,0,1,0.0,13,7,185.71,13,13.0,162.5,5,96,177,2,88.5,11.06,48.0,1/38,0,0,29.17,24,4,29.17,0,42,10.29,2,30,10.4,0,24,13.25,2,11.06,88.5,0,0,0
ada15e88,PSP Handscomb,IPL,2,2016-04-29,2016-05-01,Rising Pune Supergiants,IPL,1,6,12,1,0,6.0,50.0,6,0,0,0,0,0,0,0.0,50.0,0,0,,6,12,50.0,0,0,,6,6.0,50.0,0,0,0,0,,,,,0,0,,0,0,,0,0,,0,0,,0,0,,0,,,0,0,0
d167edd3,SM Boland,IPL,2,2016-05-01,2016-05-05,Rising Pune Supergiants,IPL,0,0,0,0,0,,,0,0,0,0,0,0,0,,,0,0,,0,0,,0,0,,0,,,2,42,54,2,27.0,7.71,21.0,2/31,0,0,33.33,6,1,16.67,1,18,7.33,0,6,10.0,1,18,7.33,2,7.71,27.0,0,0,0
331ea488,UT Khawaja,IPL,6,2016-05-05,2016-05-21,Rising Pune Supergiants,IPL,6,127,100,6,0,21.17,127.0,30,0,0,2,0,14,3,58.27,38.0,107,75,142.67,20,25,80.0,0,0,,127,21.17,127.0,0,0,0,0,,,,,0,0,,0,0,,0,0,,0,0,,0,0,,0,,,1,0,0
dce2019b,F Behardien,IPL,3,2016-05-09,2016-05-21,Kings XI Punjab,IPL,3,14,13,2,1,7.0,107.69,9,0,0,0,1,2,0,57.14,38.46,0,0,,0,1,0.0,14,12,116.67,14,7.0,107.69,0,0,0,0,,,,,0,0,,0,0,,0,0,,0,0,,0,0,,0,,,1,0,0
b274dbbd,ER Dwivedi,IPL,4,2016-05-19,2016-05-27,Gujarat Lions,IPL,2,24,14,2,0,12.0,171.43,19,0,0,0,0,2,2,83.33,42.86,5,5,100.0,0,0,,19,9,211.11,24,12.0,171.43,0,0,0,0,,,,,0,0,,0,0,,0,0,,0,0,,0,0,,0,,,2,0,0
