player_id,player_name,primary_role,country,ipl_batting_score,intl_t20_batting_score,other_t20_batting_score,ipl_bowling_score,intl_t20_bowling_score,other_t20_bowling_score,batting_score,bowling_score,keeping_score,value_score,value_score_tier
d5130a30,B Sai Sudharsan,Batter,India,79.75110581242656,,23.319459474021386,,,,79.75110581242656,,,79.8,IPL/IPL
470f446b,V Suryavanshi,Batter,India,77.57128670733437,31.29356909922778,,,,,77.57128670733437,,,77.6,IPL/IPL
acee4cc4,Imran Tahir,Bowler,South Africa,,,30.90152565880721,80.07985257985257,80.4564417177914,59.775541795665625,30.901525658807213,77.12835324670924,,77.1,IPL/IPL
99b75528,JC Buttler,Wicketkeeper,England,75.54420325006062,71.7934149890856,58.12524824194696,,,,71.99366293359982,,90.7103825136612,75.7,IPL/IPL
a12e1d51,SL Malinga,Bowler,Sri Lanka,42.638352638352636,45.61714966214241,,88.37292634372928,60.44422455307078,43.55837789661319,43.51446941005551,74.66856862899724,,74.7,IPL/IPL
c740ea83,RM Patidar,Batter,,80.74787786136702,,49.77218983431027,,,,74.55274025595567,,,74.6,IPL/IPL
221ad9d9,GP Swann,Bowler,England,,68.0754716981132,,,73.2876891615542,,68.0754716981132,73.2876891615542,,73.3,INTL_T20/FULL_MEMBER
ba607b88,V Kohli,Batter,India,75.77115150292974,65.608379653055,,34.43458980044346,32.37210884353742,,72.78210095884893,33.82797775429462,,72.8,IPL/IPL
0c2730df,A Kumble,Bowler,,,,,72.70813397129186,,,,72.70813397129186,,72.7,IPL/IPL
8b7ce771,D Jakiel,Bowler,Malawi,,37.51150736056397,,,72.5079183906406,,37.51150736056397,72.5079183906406,,72.5,INTL_T20/FULL_MEMBER
4ae1755b,HC Brook,Batter,England,,79.23404383975813,61.12335337126125,,,,72.4425349140718,,,72.4,INTL_T20/FULL_MEMBER
84d9c311,Ashutosh Sharma,Batter,,72.10900006574192,,25.355091546359695,,,,72.10900006574192,,,72.1,IPL/IPL
bcf325d2,Dhruv Jurel,Batter,India,71.78752850922662,18.085934938973686,21.77507762902203,,,,71.78752850922662,,,71.8,IPL/IPL
ea0cdc12,BAW Mendis,Bowler,Sri Lanka,,,19.813254276816483,,71.80264485344242,21.11098802956959,19.813254276816483,71.80264485344242,,71.8,INTL_T20/FULL_MEMBER
ab89348d,MF Maharoof,Bowler,Sri Lanka,,18.678368749134158,,71.76623376623377,18.409789313609053,20.78922983399579,18.678368749134158,71.76623376623377,,71.8,IPL/IPL
3d284ca3,PD Salt,Wicketkeeper,England,73.6279849183075,78.88149735700732,43.458388748286104,,,,70.41592360247925,,76.80631451123254,71.7,IPL/IPL
f1f99156,TH David,Batter,Australia,74.90004258872182,78.56348990389809,45.97031616967517,,33.44511278195489,18.384920634920633,71.47644545465889,27.79754072681704,,71.5,IPL/IPL
b5797845,Priyansh Arya,Batter,,71.28911285597096,,26.810004810004806,,,,71.28911285597096,,,71.3,IPL/IPL
235c2bb6,H Klaasen,Wicketkeeper,South Africa,78.57142857142857,60.61358785978696,54.15499663613311,,,,70.41950360322384,,71.9277474195507,70.7,IPL/IPL
5f547c8b,Rashid Khan,All-rounder,ICC World XI,50.18493424256296,,40.009739227222134,84.82242190842959,,62.503726287262865,48.14989523949479,80.35868278419625,,70.7,IPL/IPL
5b7ab5a9,CV Varun,Bowler,India,,25.690867226120453,,71.01084236864055,69.19435119805533,22.67773735484374,25.690867226120453,70.4765802596449,,70.5,IPL/IPL
12eddf28,RJ Harris,Bowler,Australia,54.027777777777786,,21.996946416672255,70.05244755244755,20.59627529427582,20.91853292806484,54.027777777777786,70.05244755244755,,70.1,IPL/IPL
bf74b130,FH Allen,Batter,New Zealand,,76.0022620081753,59.73334045095526,,,,69.90141642421777,,,69.9,INTL_T20/FULL_MEMBER
2c54c49b,MJ Humphreys,Bowler,Ireland,,,23.74515509386086,,69.78615249780894,23.526941966494668,23.74515509386086,69.78615249780894,,69.8,INTL_T20/FULL_MEMBER
b0482a1d,Tilak Varma,Batter,India,74.1745283018868,74.32500769855267,43.49605160535552,,,,69.61037664657357,,,69.6,IPL/IPL
fffa744b,Naman Dhir,Batter,,69.52347475637569,,21.106895485466914,,,,69.52347475637569,,,69.5,IPL/IPL
0a509d6b,RK Singh,Batter,India,74.34129730936698,68.85586898463089,50.619426751592364,,,,69.41165964451676,,,69.4,IPL/IPL
b17e2f24,KL Rahul,Wicketkeeper,India,73.29246214614878,66.71527104050449,27.921390778533635,,,,71.35799417390047,,60.553347684495215,69.2,IPL/IPL
12b610c2,TM Head,Batter,Australia,74.72844671521102,64.03016481177401,50.849338396670575,,,41.09259259259259,68.4720099915707,41.09259259259259,,68.5,IPL/IPL
26989d80,Shashank Singh,Batter,,77.97914597815293,,30.383450195364773,,,31.619999999999997,68.4600068215953,31.619999999999997,,68.5,IPL/IPL
c4487b84,AB de Villiers,Wicketkeeper,South Africa,70.55743118361714,65.34066820276497,56.113459252410514,,,,67.08664464872311,,73.55798421372192,68.4,IPL/IPL
3f18724b,MC Sorensen,Bowler,Ireland,,55.11903610016817,25.301780916794662,,68.39231083844581,18.80077091072836,55.11903610016817,68.39231083844581,,68.4,INTL_T20/FULL_MEMBER
bb18be76,SK Warne,Bowler,,45.919913419913414,,,68.21343873517786,,21.66477811550152,45.919913419913414,68.21343873517786,,68.2,IPL/IPL
85ec8e33,SS Iyer,Batter,India,73.45248354240101,66.70689594356261,47.210496112168094,,,,67.82978852815647,,,67.8,IPL/IPL
372455c4,Q de Kock,Wicketkeeper,South Africa,60.435724602792504,68.92285184127893,50.424227902977314,,,,61.05578190744183,,94.98482088646023,67.8,IPL/IPL
3241e3fd,N Pooran,Wicketkeeper,West Indies,64.70007357781823,58.85342077277561,57.481937497328026,,,,62.15568996448405,,89.50212507589556,67.6,IPL/IPL
a4cc73aa,SV Samson,Wicketkeeper,India,70.68230277185502,72.79161644806805,44.90592334494774,,,,67.34317427687219,,68.62607338017175,67.6,IPL/IPL
6e3f5a5c,R Ngarava,Bowler,Zimbabwe,,58.18298005816147,18.771874797801388,,67.55420083952212,20.17434503085567,58.18298005816147,67.55420083952212,,67.6,INTL_T20/FULL_MEMBER
9a46c4e5,GD Phillips,Wicketkeeper,New Zealand,,74.1469226338178,54.78564288816902,,,,66.88644272919949,,69.79356405585914,67.5,INTL_T20/FULL_MEMBER
271f83cd,SA Yadav,Batter,India,66.72066141405763,80.72482942806754,46.647816196542315,,,,67.21077663493281,,,67.2,IPL/IPL
919a3be2,RR Pant,Wicketkeeper,India,68.52237252861602,50.58484779645616,28.284202569916854,,,,63.246629960333706,,81.51018380526578,66.9,IPL/IPL
8ba8195d,V Sehwag,Batter,India,70.00724818229179,58.26176000000001,,,,,66.55269283455891,,,66.6,IPL/IPL
462411b3,JJ Bumrah,Bowler,India,43.96825396825396,,,63.56240369799691,73.62483435582823,26.942991521356586,43.96825396825396,66.52194212677084,,66.5,IPL/IPL
d67d5f00,DA Miller,Batter,South Africa,69.44782811528096,72.10645363102506,45.580704402803434,,,,66.53241593734535,,,66.5,IPL/IPL
b2b50355,L Balaji,Bowler,India,,,,66.44008264462809,23.133826257570163,,,66.44008264462809,,66.4,IPL/IPL
568e5a4a,AR Cusack,Bowler,Ireland,,70.6744267053701,,,65.98430589242402,,70.6744267053701,65.98430589242402,,66.0,INTL_T20/FULL_MEMBER
740742ef,RG Sharma,Batter,India,63.9304850615913,70.47106645127188,,58.046421663442935,,,65.85418547032087,58.046421663442935,,65.9,IPL/IPL
6b19d823,A Mishra,Bowler,India,59.42460317460318,,,75.95993836671802,68.85889570552149,20.6017316017316,59.42460317460318,65.88094668667092,,65.9,IPL/IPL
5b040b81,A Singh,Bowler,,,,,65.8468899521531,,,,65.8468899521531,,65.8,IPL/IPL
752f7486,Ishan Kishan,Wicketkeeper,India,69.16498993963783,64.6856073074391,43.14591291061879,,,,64.1422827272353,,70.38706739526411,65.4,IPL/IPL
d7017798,A Raghuvanshi,Batter,,65.35524224203469,,21.142338306854434,,,,65.35524224203469,,,65.4,IPL/IPL
cad00a4d,RR Rossouw,Batter,South Africa,65.86037623773471,72.8504101068999,49.64189519218714,,,,65.17511254819388,,,65.2,IPL/IPL
dcce6f09,DA Warner,Batter,Australia,67.87951913582401,64.72258990225093,54.283337017416194,,,,65.05085950966956,,,65.1,IPL/IPL
3d8feaf8,MR Marsh,All-rounder,Australia,72.60524687139167,69.75138873873516,56.442674478928254,65.99303135888502,48.73679200380772,19.738913525498887,69.46739647935803,54.74085384510777,,65.0,IPL/IPL
4277234d,Sufiyan Muqeem,Bowler,Pakistan,,,,,72.13496932515338,52.71493212669684,,64.85245537573216,,64.9,INTL_T20/FULL_MEMBER
14f96089,A Zampa,Bowler,Australia,,29.857421284914547,18.25566343042071,66.97297297297298,71.93333671348172,43.47539726791191,25.50676208947936,64.68842755234101,,64.7,IPL/IPL
05d74535,Saeed Ajmal,Bowler,Pakistan,,52.873907763395636,,,72.34317808692647,51.79959630911188,52.873907763395636,64.63933492024599,,64.6,INTL_T20/FULL_MEMBER
9d430b40,SP Narine,All-rounder,West Indies,51.73632924199594,26.15708042658101,43.631252098019466,83.03473080813757,60.9355051386465,55.20304523539421,44.12575546654573,73.33517155485329,,64.6,IPL/IPL
b4b99816,Shubman Gill,Batter,India,71.70043684357285,59.79075509618144,43.861607142857146,,,,64.54719195161763,,,64.5,IPL/IPL
85b3fab2,T Stubbs,Batter,South Africa,69.57762416668717,59.51825608465608,52.818874281319815,,,30.25,64.5489696633743,30.25,,64.5,IPL/IPL
eaa36b2a,BJ Bennett,Batter,Zimbabwe,,64.22105316200555,,,38.62413793103448,,64.22105316200555,38.62413793103448,,64.2,INTL_T20/FULL_MEMBER
f0f628c7,MM Patel,Bowler,India,,,,64.17132867132867,20.706490580999468,19.84386994565718,,64.17132867132867,,64.2,IPL/IPL
4a8a2e3b,MS Dhoni,Wicketkeeper,India,53.68753600230415,59.83356374807987,,,,,55.495191221649954,,98.61111111111111,64.1,IPL/IPL
e66732f8,RD Rickelton,Wicketkeeper,South Africa,69.43351691581432,68.93817204301075,55.80126682129476,,,,67.2648431834355,,51.49666059502125,64.1,IPL/IPL
bbd41817,AD Russell,All-rounder,West Indies,73.55995540927047,73.57636414179004,56.946994345030596,58.354555236728835,28.28861741322474,37.107059099437144,71.07211343276438,47.650946360259056,,64.0,IPL/IPL
efc04be7,Noor Ahmad,Bowler,,,,31.867828773168583,69.38842975206612,,42.38362667901805,31.867828773168583,63.98746913745651,,64.0,IPL/IPL
96fd40ae,A Nehra,Bowler,India,,,,72.75728155339806,43.06503067484663,,,64.02426658911823,,64.0,IPL/IPL
9caf69a1,WG Jacks,All-rounder,England,72.77050569733497,72.98229607244734,61.7126039914872,,50.70879220075825,40.91366285344269,71.1647680352359,47.03561869551491,,63.9,IPL/IPL
45c2196c,DE Bollinger,Bowler,Australia,,,,73.2012987012987,20.419627526459102,26.115618661257606,,63.784162693290476,,63.8,IPL/IPL
844e79d1,D Brevis,Batter,South Africa,61.315969951673864,72.05989577117397,58.7537873613605,,,48.16666666666666,63.617624018001884,48.16666666666666,,63.6,IPL/IPL
4663bd23,TL Seifert,Wicketkeeper,New Zealand,,68.26411290322581,51.59458380464435,,,,62.013039491257764,,69.31693989071039,63.5,INTL_T20/FULL_MEMBER
2e81a32d,B Kumar,Bowler,India,54.36507936507937,42.46462936085578,23.573902316571758,71.52365281777045,44.09129889834422,28.642393785883147,50.86494701089596,63.455313429703914,,63.5,IPL/IPL
9418198b,P Simran Singh,Wicketkeeper,,68.5339861751152,,38.78787878787878,,,,62.584764697667914,,65.6615925058548,63.2,IPL/IPL
9dca07d7,RJ Sidebottom,Bowler,England,,,,,63.11486550259557,21.632702465383318,,63.11486550259557,,63.1,INTL_T20/FULL_MEMBER
6c19c6e5,YBK Jaiswal,Batter,India,68.48014086414163,68.22745563833998,31.353958143767063,,,,62.84804214963503,,,62.8,IPL/IPL
ba5e1069,R Ravindra,All-rounder,New Zealand,,61.271430821698914,52.01095166163142,,71.57696335078535,53.27272727272727,57.7987511366736,64.71287482151357,,62.6,INTL_T20/FULL_MEMBER
d9273ee7,MP Stoinis,All-rounder,Australia,79.30389699517664,75.36098473833528,48.6157356816867,32.01219512195122,39.56619296933434,46.612804878048784,73.7149447339428,36.09078604721164,,62.4,IPL/IPL
45a43fe2,RD Gaikwad,Batter,India,63.6957382240401,71.92411186696903,41.31036479444122,,,,62.3950256203325,,,62.4,IPL/IPL
99cddc5e,GH Dockrell,All-rounder,Ireland,,63.47270526887727,55.76098728837713,,71.45223477542022,48.4984756097561,60.580811026189714,62.84457508829617,,62.2,INTL_T20/FULL_MEMBER
eaa76d3c,C Green,All-rounder,Australia,77.44207798281337,64.04141969385833,19.15574650912997,33.177506775067755,41.82198952879581,,73.5007078978266,35.72000170263483,,62.2,IPL/IPL
dbe50b21,HH Pandya,All-rounder,India,70.873646570809,76.90149483935186,28.281179138321995,35.20573450009309,40.57287878182327,25.274220032840724,72.64654312038043,36.78430634766079,,61.9,IPL/IPL
531f0278,K Santokie,Bowler,West Indies,,,34.1951967296883,,67.84294478527607,52.0832137733142,34.1951967296883,61.93304565579037,,61.9,INTL_T20/FULL_MEMBER
2a72fd4f,Harmeet Singh,Bowler,,,,,61.629870129870135,,,,61.629870129870135,,61.6,IPL/IPL
05c2ca46,RE van der Merwe,All-rounder,Netherlands,,52.904655547829236,36.037980146741475,71.69715447154472,71.28795811518324,44.90071956999191,46.57965227242132,67.57539014722143,,61.3,IPL/IPL
3c55c703,JG Bethell,Batter,England,,72.00681683043587,43.02578243001159,,,41.30952380952381,61.13892893027676,41.30952380952381,,61.1,INTL_T20/FULL_MEMBER
afa7e784,MS Wade,Wicketkeeper,Australia,,65.26686853904597,48.5368384408501,,,,58.993107252222515,,68.8949605343048,61.0,INTL_T20/FULL_MEMBER
aad0c365,Nithish Kumar Reddy,All-rounder,India,74.0503517215846,26.551776070704694,19.98833819241983,30.20226055919096,20.066614420062695,,74.0503517215846,30.20226055919096,,60.9,IPL/IPL
16dfcc19,Umar Gul,All-rounder,Pakistan,,25.957832220715908,17.263362487852284,,75.94583105415333,21.176043557168786,25.957832220715908,75.94583105415333,,60.9,INTL_T20/FULL_MEMBER
243431b5,KJ O'Brien,All-rounder,Ireland,,60.48584369718471,43.507243008753576,,72.61256544502619,48.877613240418114,54.11886843902303,63.71195836829816,,60.8,INTL_T20/FULL_MEMBER
4329fbb5,SR Watson,All-rounder,Australia,67.19821303877139,74.77990813404786,51.18852979258168,49.25304878048781,50.96886194543952,28.993005738880914,66.69218432566205,46.6429956154847,,60.7,IPL/IPL
1a0c3177,P Awana,Bowler,India,,,,60.49999999999999,,24.598180344478216,,60.5,,60.5,IPL/IPL
fb66ce1f,CH Morris,All-rounder,South Africa,59.932229961125515,44.21661527582598,46.195241691842895,70.72164948453609,51.54568935427575,52.17685624865098,53.94277804940823,63.14594046658823,,60.4,IPL/IPL
92aeac25,AD Hales,Batter,England,,66.85229024943311,49.61592287517418,,,,60.388652484086,,,60.4,INTL_T20/FULL_MEMBER
0a8fce53,Mustafizur Rahman,Bowler,Bangladesh,,34.56528736313103,18.557173678532898,59.38181818181818,65.58891747476747,55.29481241315423,28.56224473140673,60.32054213975591,,60.3,IPL/IPL
af2c687b,C Munro,Batter,New Zealand,,66.36752776877947,49.88712650671868,,31.411428571428573,31.352040816326525,60.187377295506664,31.389158163265307,,60.2,INTL_T20/FULL_MEMBER
9de62878,Shadab Khan,All-rounder,Pakistan,,70.42873582802022,50.92763804462564,,54.39666341290265,51.83215022448733,63.11582415924725,53.4349709672469,,60.2,INTL_T20/FULL_MEMBER
3355b542,F du Plessis,Batter,South Africa,59.898605063699414,62.3695040069309,57.54987708094011,,,,60.16402060209339,,,60.2,IPL/IPL
db584dad,CH Gayle,Batter,West Indies,66.3427521770682,52.169559802757085,47.55393795712854,59.7770154373928,68.14749034749035,31.79545454545454,59.981131950499474,57.67240003112644,,60.0,IPL/IPL
1aba45cd,Sahibzada Farhan,Batter,Pakistan,,67.27585185185185,47.59688324430522,,,,59.89623862402187,,,59.9,INTL_T20/FULL_MEMBER
a03bba42,T Shamsi,Bowler,South Africa,,20.301758439224745,17.828197551709582,,63.75275276870368,53.454326174914414,19.374173106406555,59.8908427960327,,59.9,INTL_T20/FULL_MEMBER
39f01cdb,KP Pietersen,Batter,England,60.92833359758999,63.24009070294786,49.649925638754745,,,,59.81451168010417,,,59.8,IPL/IPL
f29185a1,Abhishek Sharma,All-rounder,India,79.64889377560611,76.9596415721939,40.511010728402034,24.002869440459108,37.03585484744539,30.174242424242422,73.10589826767244,28.186821739773173,,59.6,IPL/IPL
8d2c70ad,Kuldeep Yadav,Bowler,India,41.92982456140351,,,56.45827123695976,81.95726676539032,34.97760859829825,41.92982456140351,59.610920723268165,,59.6,IPL/IPL
03806cf8,JR Hazlewood,Bowler,Australia,,,,61.147896879240164,61.82249488752558,48.92542016806723,,59.48317487463558,,59.5,IPL/IPL
ad3b6e95,Abishek Porel,Batter,,59.375971905453035,,22.02123118816667,,,,59.375971905453035,,,59.4,IPL/IPL
989889ff,JP Inglis,Wicketkeeper,Australia,,63.93094078775759,48.351898194563944,,,,58.08879981530997,,64.30783242258651,59.3,INTL_T20/FULL_MEMBER
70b8fd28,A Lyth,Batter,,,,59.30850816392986,,,42.26923076923076,59.30850816392986,42.26923076923076,,59.3,OTHER_T20/FRANCHISE
650d5e49,R Powell,Batter,West Indies,57.01672541295183,67.92343807364216,54.01227583902645,,25.863265306122447,23.749999999999993,59.2927361420356,25.070790816326525,,59.3,IPL/IPL
a97c8ec2,PWH de Silva,All-rounder,Sri Lanka,,30.749292736074146,55.40177796298225,64.14399624765478,81.73009677931145,56.45686540198735,39.993974696164685,67.38745175371884,,59.2,IPL/IPL
abb83e27,JM Bairstow,Wicketkeeper,England,57.51083293211363,61.530961981566826,47.543906493423066,,,,57.02082622867334,,67.54401942926533,59.1,IPL/IPL
e957b38f,AR McBrine,All-rounder,Ireland,,46.80893496058897,27.756073858114668,,64.23485415108452,27.9041496201052,46.80893496058897,64.23485415108452,,59.0,INTL_T20/FULL_MEMBER
85aae393,Iqbal Abdulla,Bowler,,,,24.818284841496855,58.93506493506493,,19.32016075650118,24.818284841496855,58.93506493506493,,58.9,IPL/IPL
87e562a9,DJ Bravo,All-rounder,West Indies,55.23382874067804,41.32334571683059,30.776117755797433,74.61440857183139,50.52658802750268,41.003439649781114,48.087551336984085,63.55080809744167,,58.9,IPL/IPL
8fd1a8f5,DW Steyn,Bowler,South Africa,53.27380952380952,36.446471767226484,,58.963144963144956,61.09711429220632,54.61065573770492,48.32459253657921,58.843763911594294,,58.8,IPL/IPL
fe93fd9d,RA Jadeja,All-rounder,India,62.836094856642795,52.554426679340374,,63.763066202090585,38.113199228437594,,59.81207480449502,56.218987680427944,,58.7,IPL/IPL
f8ce577b,Aminul Islam,Bowler,Bangladesh,,,,,58.66802999318337,19.61719351570415,,58.66802999318337,,58.7,INTL_T20/FULL_MEMBER
48a1d7b7,SO Hetmyer,Batter,West Indies,55.987142877671545,65.12627538749987,58.759044526901654,,,,58.68771125251314,,,58.7,IPL/IPL
d014d5ac,SE Rutherford,Batter,West Indies,55.529864340511246,71.47407692636804,50.20787737299868,,,35.572916666666664,58.71761944184856,35.572916666666664,,58.7,IPL/IPL
a4e37e47,S Dube,All-rounder,India,76.62762624487041,77.37530661510453,34.78260869565217,,36.511903585893506,21.30681818181818,70.5377937050462,30.809996559365256,,58.6,IPL/IPL
bb351c23,MM Ali,All-rounder,England,53.97446820068072,62.66773496417588,45.00686624553694,74.23272357723577,39.17008994495906,39.23734756097561,54.80264459828294,60.21775876672757,,58.6,IPL/IPL
a3b0600d,Aniket Verma,Batter,,58.51278101951957,,,,,,58.51278101951958,,,58.5,IPL/IPL
c7a995d3,R Sai Kishore,Bowler,India,,,,61.45454545454545,,46.0940895838855,,58.38245428041346,,58.4,IPL/IPL
557153ca,KK Cooper,All-rounder,,,,39.68988803980806,68.67378048780488,,56.756651884700666,39.68988803980806,66.29035476718404,,58.3,IPL/IPL
57ee1fde,YS Chahal,Bowler,India,,,,72.94746459570581,43.84742965940343,23.176553176553178,,58.20681914875732,,58.2,IPL/IPL
33a364a6,R Bhatia,All-rounder,,33.9462086921212,,19.217687074829932,68.53083294983894,,22.286751361161528,33.9462086921212,68.53083294983894,,58.2,IPL/IPL
bd0a4a7d,CA Young,Bowler,Ireland,,33.0571152118322,15.723488662762561,,58.2325982424142,21.685151155497664,33.0571152118322,58.2325982424142,,58.2,INTL_T20/FULL_MEMBER
64839cb3,M Pathirana,Bowler,Sri Lanka,,,,63.125,57.0552938848209,39.46226415094339,,58.05816309384673,,58.1,IPL/IPL
c33d8116,Mohsin Khan,Bowler,,,,,61.878787878787875,,42.85082485082485,,58.07319527319527,,58.1,IPL/IPL
c03f1114,KD Karthik,Wicketkeeper,India,56.49769585253457,62.94298806032678,39.54176722982032,,,,55.56562961107549,,67.59562841530054,58.0,IPL/IPL
e7e86505,B Evans,Bowler,Zimbabwe,,72.63065864952658,,,57.97316973415133,,72.63065864952658,57.97316973415133,,58.0,INTL_T20/FULL_MEMBER
65cebd5d,K Mishara,Batter,Sri Lanka,,58.31534391534392,57.19864882269602,,,,57.89658325560095,,,57.9,INTL_T20/FULL_MEMBER
249d60c9,AU Rashid,Bowler,England,,54.14672748635013,55.18597019007247,,60.207403137480966,53.65464895635674,54.536443500246,57.750120319559386,,57.8,INTL_T20/FULL_MEMBER
abb7c76c,Abrar Ahmed,Bowler,Pakistan,,,39.675259457649815,,74.49280535415504,29.86519607843137,39.675259457649815,57.75745187575866,,57.8,INTL_T20/FULL_MEMBER
f834dcfc,L Ngidi,Bowler,South Africa,,48.72967032967032,23.34365584198192,64.25974025974025,49.90640283418302,42.92755991285403,39.20991489678717,57.47157885131801,,57.5,IPL/IPL
9a158001,Azhar Mahmood,All-rounder,,45.06509934592127,,41.54462187694816,66.53401797175866,,48.44001202335967,44.36100385212665,62.91521678207886,,57.3,IPL/IPL
1777c020,Fakhar Zaman,Batter,Pakistan,,59.77738446411013,53.1383683881979,,,,57.28775343564303,,,57.3,INTL_T20/FULL_MEMBER
25f7b7d6,T Banton,Wicketkeeper,England,,64.1793120473996,48.26988862862985,,,,58.21327826536095,,53.43958712811172,57.3,INTL_T20/FULL_MEMBER
0dc00542,Shahid Afridi,All-rounder,Pakistan,,65.9703408448936,48.90687191291421,,56.387188173698796,43.89618205005579,59.571539995401324,51.70306087733267,,57.2,INTL_T20/FULL_MEMBER
6c6591ab,PP Ojha,Bowler,India,24.14965986394558,,,57.24675324675325,28.90219027653537,20.845110435663628,24.14965986394558,57.246753246753244,,57.2,IPL/IPL
df5a6881,DP Conway,Wicketkeeper,New Zealand,57.50187546886722,62.46812596006144,46.920657099977085,,,,57.15625533633225,,57.598664238008496,57.2,IPL/IPL
b681e71e,GJ Maxwell,All-rounder,Australia,57.09737134394669,78.94807580105,59.03395539108688,48.34146341463414,38.51590384507122,34.51829268292683,62.85053506529354,43.811597912487315,,57.1,IPL/IPL
c3d1402f,RP Singh,Bowler,India,26.93181818181818,,,57.070290534208056,27.41651734526222,26.89240889457687,26.93181818181818,57.070290534208056,,57.1,IPL/IPL
50c6bc2b,LS Livingstone,All-rounder,England,63.59594825990375,74.4219705416115,54.45448786667965,37.84843205574913,43.5414894753713,32.31357119314437,64.93123477134706,38.441467281263954,,57.0,IPL/IPL
957532de,S Aravind,Bowler,India,,,17.328012402886333,56.909090909090914,,27.98186165607442,17.328012402886333,56.909090909090914,,56.9,IPL/IPL
c404f58a,DP Nannes,Bowler,Australia,,,,54.13429752066116,65.11492842535787,54.05882352941176,,56.868134148147924,,56.9,IPL/IPL
8b5b6769,Harbhajan Singh,All-rounder,India,36.84911672925372,44.56699875355328,,73.97212543554008,56.86603018170619,39.449999999999996,39.1190820305183,64.51728280675059,,56.9,IPL/IPL
d2fcce2f,HMRKB Herath,Bowler,Sri Lanka,,,,,56.91206543967281,,,56.91206543967281,,56.9,INTL_T20/FULL_MEMBER
8ee36b18,P Nissanka,Batter,Sri Lanka,,59.00930377089109,53.08179348120243,,,,56.786487412257834,,,56.8,INTL_T20/FULL_MEMBER
e4a0deae,MJ Santner,All-rounder,New Zealand,41.237813155621375,58.52782983760325,51.434266670819454,64.76829268292683,58.52356020942409,50.185508679411114,47.08978535339656,61.019691964023785,,56.8,IPL/IPL
5f26f677,BM Duckett,Batter,England,,60.274183543149064,50.754076329326914,,,,56.70414333796575,,,56.7,INTL_T20/FULL_MEMBER
3fb19989,MA Starc,Bowler,Australia,38.391248391248396,56.976931524101346,,63.31439393939394,45.69846205563493,48.40294117647059,43.85762578326397,56.67369305401568,,56.7,IPL/IPL
2f26ac1a,Mohammad Rizwan,Wicketkeeper,Pakistan,,54.86879887585533,34.87949119964313,,,,47.372808497275756,,93.31511839708561,56.6,INTL_T20/FULL_MEMBER
5d9a1a73,R Sharma,Bowler,India,36.66666666666667,,,56.576271186440685,,,36.66666666666667,56.576271186440685,,56.6,IPL/IPL
26d041c4,Sikandar Raza,All-rounder,Zimbabwe,,64.73415612766564,50.19807189653416,,57.90628712217872,36.9920731707317,59.28312454099133,50.063456890386085,,56.5,INTL_T20/FULL_MEMBER
872b03f7,A Badoni,Batter,,56.48009975674074,,25.94885034651415,,,17.670022995959197,56.48009975674074,17.670022995959197,,56.5,IPL/IPL
b410bd3d,S Lamichhane,Bowler,Nepal,,22.126054198710747,33.84383139947905,,37.24914071778523,56.470860566448806,33.84383139947905,56.470860566448806,,56.5,OTHER_T20/FRANCHISE
972f217b,BJ Jacobs,Batter,New Zealand,,30.259287455392595,56.45566522650368,,,,56.45566522650369,,,56.5,OTHER_T20/FRANCHISE
2b6e6dec,AC Gilchrist,Wicketkeeper,Australia,54.656803298569,55.43273809523809,,,,,54.88501941523638,,62.399817850637525,56.4,IPL/IPL
8a75e999,Babar Azam,Batter,Pakistan,,58.335918296374366,53.225281763027425,,,,56.41942959636926,,,56.4,INTL_T20/FULL_MEMBER
a757b0d8,KA Pollard,All-rounder,West Indies,60.69889232661191,65.04105937374406,61.08963913575789,48.71651339464215,34.09978441638436,37.11071257771401,61.843046109766846,43.32146102753848,,56.3,IPL/IPL
449f4e3c,B Muzarabani,Bowler,Zimbabwe,,28.633561407146313,,,61.408588957055215,47.91115196078431,28.633561407146313,56.34705008345362,,56.3,INTL_T20/FULL_MEMBER
7a8bd078,S Gopal,Bowler,,68.82882882882883,,,59.69421487603306,,42.111618111618114,68.82882882882883,56.17769552315007,,56.2,IPL/IPL
fb2d1dda,N Rana,Batter,India,59.05063131929113,,44.59455836474716,47.66233766233766,,49.89473684210527,56.15941672838233,48.10881749829118,,56.2,IPL/IPL
7fa12533,MS Chapman,Batter,New Zealand,,58.786882827897514,51.701663400182845,,,33.44444444444444,56.12992554250451,33.44444444444444,,56.1,INTL_T20/FULL_MEMBER
0ebfb1ad,E Lewis,Batter,West Indies,53.29202550785615,71.36739391825105,41.05409392672732,,,,55.97517787328555,,,56.0,IPL/IPL
ec4dada1,MN Waller,Batter,Zimbabwe,,55.87497622704997,24.940456203867612,,,,55.87497622704997,,,55.9,INTL_T20/FULL_MEMBER
9948e262,HE van der Dussen,Batter,South Africa,,60.412323897300865,48.06690109613741,,,,55.782790346864566,,,55.8,INTL_T20/FULL_MEMBER
98ae73b1,PP Chawla,All-rounder,India,19.00783138314725,,38.07236017979515,72.7273265451101,18.927586206896553,58.519647696476966,22.820737142476826,69.88579077538348,,55.8,IPL/IPL
b8a55852,BB McCullum,Wicketkeeper,New Zealand,50.202984419574285,68.3455069124424,42.92160796818459,,,,53.64640857508286,,64.29568913175471,55.8,IPL/IPL
19708692,MW Parkinson,Bowler,England,,18.279311844759494,19.11764705882353,,19.128782975522213,55.82068311195445,19.11764705882353,55.82068311195445,,55.8,OTHER_T20/FRANCHISE
4ba44e19,M Muralitharan,Bowler,Sri Lanka,,,,58.245011086474506,55.44834355828222,46.61928104575163,,55.801984698317995,,55.8,IPL/IPL
7d415ea5,RT Ponting,Batter,Australia,,55.73606785924246,19.789546562108377,,,,55.73606785924246,,,55.7,INTL_T20/FULL_MEMBER
d1c36f5c,JJ Roy,Batter,England,60.36753144654088,47.672659959758555,50.49440766935958,,,,55.712845008268104,,,55.7,IPL/IPL
7dc35884,Shakib Al Hasan,All-rounder,Bangladesh,39.35404409820203,49.12306823174942,41.160650325474194,59.54088952654233,67.56610497602183,58.46084267714714,42.0672910656797,61.385186361502925,,55.6,IPL/IPL
88fccd6c,SM Pollock,Bowler,South Africa,,,,,55.59509202453988,,,55.59509202453988,,55.6,INTL_T20/FULL_MEMBER
6a26221c,AK Markram,All-rounder,South Africa,66.38295017847305,80.67063510666421,51.25974413487002,27.26078799249531,20.056544502617804,37.916666666666664,67.68639050398039,27.058108921151636,,55.5,IPL/IPL
9e52a414,Towhid Hridoy,Batter,Bangladesh,,55.732395909569,55.22190804032456,,,,55.540962958602336,,,55.5,INTL_T20/FULL_MEMBER
2eca67f5,JM Clarke,Wicketkeeper,,,,49.42811419290227,,,,49.42811419290227,,79.50819672131148,55.4,OTHER_T20/FRANCHISE
c3d35165,JA Morkel,All-rounder,South Africa,60.51882996098213,61.336083287749865,47.134944612286006,55.096843615494976,32.79468385018124,43.02933898904206,58.71556049036965,47.7111779801986,,55.4,IPL/IPL
1c914163,Yuvraj Singh,All-rounder,India,49.80842105576815,61.80484920165583,19.60248447204969,56.7779933481153,62.27151549455215,,48.2766376046823,58.39373515589085,,55.4,IPL/IPL
e94d1dcd,Usman Tariq,Bowler,Pakistan,,,,,31.526572575201328,55.40723981900452,,55.40723981900452,,55.4,OTHER_T20/FRANCHISE
2ae01eb0,I Khan (2),Bowler,,,,,,,55.328431372549005,,55.328431372549005,,55.3,OTHER_T20/FRANCHISE
6b9eb501,OEG Baartman,Bowler,South Africa,,,,,54.62390522530146,56.43749999999999,,55.304003265813414,,55.3,INTL_T20/FULL_MEMBER
5574750c,JC Archer,All-rounder,England,49.58168451319136,55.21774899150546,25.697381671701915,64.18748163385249,51.38293377422614,48.79434589800442,47.40805520654647,58.67737430856869,,55.3,IPL/IPL
c995d726,CA Ingram,Batter,South Africa,,30.82443815444605,55.253202265954066,,,38.1965811965812,55.25320226595407,38.1965811965812,,55.3,OTHER_T20/FRANCHISE
3979b5e0,L Tucker,Wicketkeeper,Ireland,,54.736902452896224,44.855038712595274,,,,51.031203550283365,,71.79872495446267,55.2,INTL_T20/FULL_MEMBER
7a12be0a,KD Clarke,Batter,New Zealand,,26.458272576711867,55.19292707366661,,,,55.19292707366661,,,55.2,OTHER_T20/FRANCHISE
aa8d28ae,D Wiese,All-rounder,Namibia,,61.6502057982191,44.274678849507524,,68.45891797556719,32.464285714285715,55.134383192452255,54.960930877586634,,55.1,INTL_T20/FULL_MEMBER
7bcde3fe,AM Rossington,Wicketkeeper,,,,47.44151697109313,,,,47.44151697109313,,85.65573770491804,55.1,OTHER_T20/FRANCHISE
df064e1a,Ravi Bishnoi,Bowler,India,,63.19612373251188,,53.32272727272728,63.431807456347336,47.689655172413794,63.19612373251188,55.005036503585266,,55.0,IPL/IPL
45eda7c8,CA Lynn,Batter,Australia,57.75150867007868,46.1353691106072,58.44737674035099,,,,54.95185399075165,,,55.0,IPL/IPL
60aa2db3,LG Pretorius,Batter,South Africa,,55.173420676912734,54.35057656055934,,,,54.864854133280204,,,54.9,INTL_T20/FULL_MEMBER
e62dd25d,K Rabada,Bowler,South Africa,71.66666666666667,68.37814638191998,24.374260004735973,68.25115562403698,24.960677768039734,50.55608755129959,63.75067559619039,54.77427594912706,,54.8,IPL/IPL
f708a0bc,GB Hogg,Bowler,Australia,,,28.82596188421431,66.81060606060606,33.70552147239264,41.11392405063291,28.82596188421431,54.679832612056735,,54.7,IPL/IPL
11614d87,D Pretorius,All-rounder,South Africa,,64.92123460996979,41.90073938622992,,63.501331338818254,29.793146871686112,56.28854890106734,50.8607621636437,,54.7,INTL_T20/FULL_MEMBER
33609a8c,Saim Ayub,All-rounder,Pakistan,,66.06494865166638,45.36589459550184,,61.182408376963345,21.67553939962476,58.30280338060467,46.36733251046137,,54.7,INTL_T20/FULL_MEMBER
2344bdd1,SR Dickson,Batter,,,,54.64757656197468,,,,54.64757656197468,,,54.6,OTHER_T20/FRANCHISE
9cb8d7a6,Imad Wasim,All-rounder,Pakistan,,54.636292955168116,31.095865502965204,,64.67418445428918,47.21018169913241,45.80863266059202,58.12518342110538,,54.4,INTL_T20/FULL_MEMBER
ad9c32a2,DJ Malan,Batter,England,,57.348213129364524,49.527681650377374,,,24.29411764705882,54.41551382474434,24.29411764705882,,54.4,INTL_T20/FULL_MEMBER
94eac556,CJ McKay,Bowler,Australia,,22.52243172674612,34.813915857605174,,16.692664368642294,54.4257443718228,34.813915857605174,54.4257443718228,,54.4,OTHER_T20/FRANCHISE
7f8ecc51,AM Phangiso,Bowler,South Africa,,,39.72865322379885,,55.44458077709612,52.64029151483603,39.72865322379885,54.392972303748586,,54.4,INTL_T20/FULL_MEMBER
8b3e9c7c,PP Shaw,Batter,India,57.17053921590252,,42.85141524762771,,,,54.30671442224756,,,54.3,IPL/IPL
390ff45b,Abdul Razzaq,All-rounder,Pakistan,,42.95381603435084,22.321995464852606,,59.184618162123144,11.185550082101805,42.95381603435084,59.184618162123144,,54.3,INTL_T20/FULL_MEMBER
07b6c3c1,LU Igalagamage,Batter,,,,54.29039747027979,,,,54.290397470279785,,,54.3,OTHER_T20/FRANCHISE
39a2dfa8,R Tewatia,All-rounder,,63.38583494517434,,46.909937888198755,44.98361849290135,,22.59722222222222,60.09065553377922,40.50633923876553,,54.2,IPL/IPL
4f7279a4,Raza Hasan,Bowler,Pakistan,,,,,54.21540558963873,,,54.21540558963873,,54.2,INTL_T20/FULL_MEMBER
800d2d97,JM Sharma,Wicketkeeper,India,52.020799601444764,28.399102310287105,46.25592055003819,,,,50.86782379116344,,67.46644012796376,54.2,IPL/IPL
e5437608,GF Linde,All-rounder,South Africa,,63.06950087799854,47.35692098208587,,51.645683672226966,38.704974507372185,57.17728341703129,46.79291773540642,,54.1,INTL_T20/FULL_MEMBER
d2d15439,Aayan Afzal Khan,Bowler,United Arab Emirates,,25.48004295025303,,,32.344344403683436,54.14889705882353,25.48004295025303,54.14889705882352,,54.1,OTHER_T20/FRANCHISE
2e8994e7,JP Duminy,All-rounder,South Africa,60.25413867879621,66.9400091465875,43.930978387171734,45.42492378048781,39.7529650603697,28.58231707317073,59.47713225200036,41.48054309436072,,54.1,IPL/IPL
e9c7f0d0,Fazalhaq Farooqi,Bowler,,,,,,,54.045109054857896,,54.045109054857896,,54.0,OTHER_T20/FRANCHISE
b68a30f0,IG Butler,Bowler,New Zealand,,,25.20889940059256,,53.971307220386976,22.378427107959027,25.20889940059256,53.971307220386976,,54.0,INTL_T20/FULL_MEMBER
67b9536c,SR Hain,Batter,,,,54.01043426855488,,,,54.010434268554874,,,54.0,OTHER_T20/FRANCHISE
dadb9703,B Mavuta,Bowler,Zimbabwe,,,,,53.907781724249276,,,53.907781724249276,,53.9,INTL_T20/FULL_MEMBER
03a83c50,V Viyaskanth,Bowler,Sri Lanka,,,35.728155339805824,,,53.876696832579185,35.728155339805824,53.876696832579185,,53.9,OTHER_T20/FRANCHISE
e798611a,HM Amla,Batter,South Africa,,61.15490462851809,41.76323554152161,,,,53.88302872089441,,,53.9,INTL_T20/FULL_MEMBER
dce2019b,F Behardien,Batter,South Africa,,57.620686637228,47.617108741086795,,,,53.86934492617504,,,53.9,INTL_T20/FULL_MEMBER
2ed569a0,RD Chahar,Bowler,India,59.223057644110284,,,56.341392649903284,21.544212020405546,43.80967308553515,59.223057644110284,53.83504873702966,,53.8,IPL/IPL
33b3d2df,GJ Delany,All-rounder,Ireland,,55.88223797687825,54.03869640676223,,51.72718826045278,48.18738273921201,55.19090988808473,50.39976118998749,,53.8,INTL_T20/FULL_MEMBER
4c4fa80b,SMSM Senanayake,Bowler,Sri Lanka,,49.12119013062409,21.419128832282045,,53.6633287156145,18.31174078709498,49.12119013062409,53.6633287156145,,53.7,INTL_T20/FULL_MEMBER
2e171977,AR Patel,All-rounder,India,54.41887401527009,37.000421713003526,30.838509316770185,62.6867982965544,54.75862805855326,36.79545454545455,46.52720623492846,56.82105417438914,,53.7,IPL/IPL
a24be938,VR Iyer,All-rounder,India,70.22143245235222,31.24087236271136,40.153112812364576,,22.431034482758623,29.249999999999996,64.20776852435469,29.249999999999996,,53.7,IPL/IPL
3ff033bb,MD Shanaka,All-rounder,Sri Lanka,,63.68457054949697,59.81320462751454,,41.92502617801048,20.04640095181439,62.23280832875355,33.720541718186944,,53.7,INTL_T20/FULL_MEMBER
91a4a398,Z Khan,Bowler,India,38.36734693877551,,,55.999999999999986,47.693251533742334,,38.36734693877551,53.55683868639479,,53.6,IPL/IPL
00ea847a,MA Agarwal,Batter,,59.61384059537412,,29.70541401273885,,,,53.63215527884707,,,53.6,IPL/IPL
c05edf8e,Harpreet Brar,All-rounder,,45.063052988688995,,,61.05691056910569,,42.38095238095238,45.063052988688995,57.321718931475026,,53.6,IPL/IPL
4e18e961,WCF Smeed,Batter,,,,53.45555869231523,,,,53.45555869231523,,,53.5,OTHER_T20/FRANCHISE
c5aef772,R Shepherd,All-rounder,West Indies,,70.06157019178174,51.04070599459373,30.06806579693704,31.220789171242494,34.70274390243902,62.92874611783624,31.0514483563387,,53.4,INTL_T20/FULL_MEMBER
f0af99a7,D Ferreira,Wicketkeeper,South Africa,,59.04939516129033,45.779027405254055,,,,54.073007252776726,,50.71948998178507,53.4,INTL_T20/FULL_MEMBER
73e749e1,LE Bosman,Batter,South Africa,,53.41173696145124,17.404861303862297,,,,53.41173696145124,,,53.4,INTL_T20/FULL_MEMBER
eade4650,DJ Mitchell,All-rounder,New Zealand,,70.52402473763343,45.99185369011653,,38.64350309376488,29.03278295423403,61.32446059481458,35.0394830414408,,53.4,INTL_T20/FULL_MEMBER
4ec96094,GR Adair,Batter,Ireland,,53.33709701801868,29.701841080763508,,,19.405707561047368,53.33709701801868,19.405707561047368,,53.3,INTL_T20/FULL_MEMBER
808f425a,JP Faulkner,All-rounder,Australia,48.75958856421465,38.2377195336206,41.1610304388786,52.94583465315173,66.59162303664922,56.12127371273713,44.989337587765725,56.83359760796391,,53.3,IPL/IPL
495d42a5,R Ashwin,All-rounder,India,25.720753878350962,46.08881295090573,16.62298603651987,65.62710260723297,55.215138369483924,19.172413793103452,31.711359487925893,62.5647601843656,,53.3,IPL/IPL
07793daf,JR Lennox,Bowler,New Zealand,,,,,,53.256221719457,,53.256221719457,,53.3,OTHER_T20/FRANCHISE
fc55ec67,MR Adair,All-rounder,Ireland,,49.28937734119234,32.886973520526034,,64.50703897614892,46.20235711685475,43.13847590844247,57.6427832789136,,53.3,INTL_T20/FULL_MEMBER
a90e53ec,MW Short,All-rounder,Australia,,58.619183323319916,55.52340408835877,,43.16346713205352,44.74284199363733,57.458266110209486,43.755732705147445,,53.3,INTL_T20/FULL_MEMBER
4f629497,SE Bond,Bowler,New Zealand,,,,,53.22872074528517,,,53.22872074528517,,53.2,INTL_T20/FULL_MEMBER
e94915e6,SM Curran,All-rounder,England,64.5807341818623,56.11993945439344,53.35300713240104,34.53564727954972,39.17548205848551,33.03603814884302,60.7813764425759,35.470664604677665,,53.2,IPL/IPL
56ab442f,NM Coulter-Nile,All-rounder,Australia,,42.28406431306438,23.29898575744497,67.57478140819146,50.23599102468213,52.5035569105691,35.1646598547071,60.97940013767077,,53.2,IPL/IPL
2e9fdf9b,DAJ Bracewell,All-rounder,New Zealand,,58.385259174551166,59.21638972809667,,46.5668948852195,30.273067188219045,58.69693313213073,40.456709498844326,,53.2,INTL_T20/FULL_MEMBER
f233bbb4,ST Jayasuriya,All-rounder,Sri Lanka,49.2020592020592,38.91996735923671,18.59340659340659,55.19308943089432,57.61459212970783,17.453580901856764,46.17791454240553,55.905296107015936,,53.0,IPL/IPL
7dcb9bc9,M Shahrukh Khan,Batter,,56.09243697478991,,40.70264411497083,,,,53.01447840282609,,,53.0,IPL/IPL
8e514b4c,Abdul Samad,Batter,,55.81483152237869,,41.75663190312872,,,,53.003191598528694,,,53.0,IPL/IPL
736123bb,DN Wellalage,All-rounder,Sri Lanka,,41.82915137319163,31.69098785840506,,59.35846422338569,59.65372039589961,38.02734005514666,59.4691852880784,,53.0,INTL_T20/FULL_MEMBER
a1d3540a,PJ Moor,Batter,Zimbabwe,,52.937566137566144,22.861249862120644,,,,52.937566137566144,,,52.9,INTL_T20/FULL_MEMBER
cf494ffe,PR Stirling,Batter,Ireland,,54.28466704205918,50.70977945460889,,64.83809523809525,26.388157894736842,52.944084196765324,50.41936873433585,,52.9,INTL_T20/FULL_MEMBER
be620896,I Wijesundera,Bowler,,,,,,,52.907407407407405,,52.907407407407405,,52.9,OTHER_T20/FRANCHISE
2be41edb,MJ Guptill,Batter,New Zealand,,61.56650615916766,38.18228014097204,,,,52.7974214023443,,,52.8,INTL_T20/FULL_MEMBER
04a418e8,R Parag,All-rounder,India,67.87581007967793,28.32887741360198,42.51552795031056,27.91438526630164,22.072281167108756,34.78947368421053,62.803753653804456,29.28940294988342,,52.7,IPL/IPL
48fd7349,MEK Hussey,Batter,Australia,53.81775112971805,61.487416955086125,33.603977133021885,,,,52.70310148655564,,,52.7,IPL/IPL
57efa3be,SB Styris,All-rounder,New Zealand,,50.63211488432755,37.146094087181694,,67.12490650710546,36.51031894934333,45.574857085397845,55.64443617294466,,52.6,INTL_T20/FULL_MEMBER
0f721006,JO Holder,All-rounder,West Indies,33.54210674590881,69.37153928052177,40.06591595715462,65.25406504065042,44.05189063408959,41.74596075275473,43.478036261248924,56.42730579582585,,52.5,IPL/IPL
23393635,D Forrester,Batter,South Africa,,26.042339418453103,52.37789091540232,,,45.717948717948715,52.37789091540232,45.717948717948715,,52.4,OTHER_T20/FRANCHISE
4af9f5d4,CD Fletcher,Wicketkeeper,,,,48.081915584469776,,,,48.081915584469776,,69.67213114754098,52.4,OTHER_T20/FRANCHISE
32198ae0,MC Henriques,All-rounder,Australia,58.10051947633842,65.11687061709031,37.75344075193017,47.170731707317074,38.828388598022116,26.237804878048784,56.802545452865154,41.94520690560309,,52.3,IPL/IPL
bd77eb62,A Symonds,All-rounder,Australia,51.30110541069445,67.78083303796495,,48.943089430894304,30.335916230366497,,56.14808412459754,43.47039143073907,,52.3,IPL/IPL
64c34cd0,Shoaib Malik,All-rounder,Pakistan,,67.3141333330035,41.31923464249748,,46.37045216563542,29.68020401902132,57.566046324063734,40.11160911065513,,52.3,INTL_T20/FULL_MEMBER
83c3e8e3,SH Johnson,Bowler,Australia,,,40.51690039554117,,55.47626735550533,46.98551360842845,40.51690039554117,52.29223470035149,,52.3,INTL_T20/FULL_MEMBER
0a476045,S Dhawan,Batter,India,52.619502541881324,51.27841800984658,26.442396696190755,,,,52.22506591481228,,,52.2,IPL/IPL
5d1e7582,BKG Mendis,Wicketkeeper,Sri Lanka,,51.49306698485846,55.18003078920245,,,,52.87567841148745,,49.477838494231925,52.2,INTL_T20/FULL_MEMBER
a2316f90,J Dawood,Bowler,,,,,,,52.23981900452488,,52.23981900452488,,52.2,OTHER_T20/FRANCHISE
ffdba4e2,BG Charlesworth,Batter,,,,52.19355867346939,,,,52.19355867346939,,,52.2,OTHER_T20/FRANCHISE
9868bc75,BMAJ Mendis,All-rounder,Sri Lanka,,39.97567485973738,18.1677145423369,,64.1109947643979,55.823340108401084,31.7976897407122,61.0031242683991,,52.2,INTL_T20/FULL_MEMBER
21e5f325,TA Blundell,Batter,New Zealand,,22.855423681839856,52.05647643353145,,,,52.05647643353145,,,52.1,OTHER_T20/FRANCHISE
0f12f9df,NLTC Perera,All-rounder,Sri Lanka,53.82633761132868,72.42713907559101,56.8735093019558,45.95408895265423,15.798952879581153,30.562056190182155,58.93361373098833,36.10650002001515,,52.1,IPL/IPL
ec0b9258,M Tharupathi,Bowler,,,,52.41331484049931,,,51.91911764705881,52.41331484049931,51.91911764705881,,51.9,OTHER_T20/FRANCHISE
a15618fe,JM Vince,Batter,England,,49.187664399092974,56.49943102365557,,,,51.92957688330395,,,51.9,INTL_T20/FULL_MEMBER
888e32bf,Abdur Razzak,Bowler,Bangladesh,,27.707961849471282,,,57.457668711656446,42.62605042016807,27.707961849471282,51.8958118523483,,51.9,INTL_T20/FULL_MEMBER
30a45b23,SPD Smith,Batter,Australia,51.73246564755999,48.75616414307659,56.891996557659205,,64.768,,51.76231990795402,64.768,,51.8,IPL/IPL
c89474d1,TJ Murtagh,Bowler,Ireland,,,,,51.78310523831996,20.710371421066455,,51.78310523831996,,51.8,INTL_T20/FULL_MEMBER
fe366f34,C Connolly,All-rounder,Australia,,39.79472785913059,36.04040785498489,,,57.43998716302952,38.38685785757595,57.43998716302952,,51.7,OTHER_T20/FRANCHISE
2c25d4f5,D Padikkal,Batter,India,55.91524087306017,,34.471096718942356,,,,51.6264120422366,,,51.6,IPL/IPL
aa844d38,M Lakshan,Bowler,,,,,,,51.62443438914027,,51.62443438914027,,51.6,OTHER_T20/FRANCHISE
7fca84b7,BA King,Batter,West Indies,,54.14446378034419,47.36568411313881,,,,51.602421405142174,,,51.6,INTL_T20/FULL_MEMBER
c03449e0,GD Elliott,All-rounder,New Zealand,,38.4239353641149,27.439444532782108,,67.32984293193718,44.98238482384824,34.3047513023651,58.94954614140383,,51.6,INTL_T20/FULL_MEMBER
d8699ab7,ML Hayden,Batter,Australia,51.63749870412607,32.2798840796177,22.401384815900943,,,,51.63749870412607,,,51.6,IPL/IPL
4b6f6b73,S Colombage,Bowler,,,,,,,51.49492900608519,,51.49492900608519,,51.5,OTHER_T20/FRANCHISE
dd09ff8e,B Lee,All-rounder,Australia,,53.992385017530964,,45.97791072250345,50.48833888624465,37.037645811240715,53.992385017530964,45.76447802674934,,51.5,INTL_T20/FULL_MEMBER
5b8c830e,KH Pandya,All-rounder,India,58.52318327005641,54.46756797419028,28.76430205949657,59.184733514001806,35.017801047120415,24.42307692307692,53.045447264505896,47.928751908642724,,51.5,IPL/IPL
f62772e5,P Negi,All-rounder,India,36.11625323954091,,29.161490683229815,67.61232349165597,,22.93589743589743,34.72530072827869,58.67703828050426,,51.5,IPL/IPL
72918338,AHT Donald,Batter,,,,51.39841352989598,,,,51.39841352989598,,,51.4,OTHER_T20/FRANCHISE
2911de16,Hasan Ali,All-rounder,Pakistan,,57.423408858867134,39.28247734138973,,51.84509266184659,51.405037416851435,50.62055953981311,51.6800719449734,,51.4,INTL_T20/FULL_MEMBER
6c79c098,DA Payne,Bowler,,,,29.224014848657905,,,51.44104093250203,29.224014848657905,51.44104093250203,,51.4,OTHER_T20/FRANCHISE
1dc12ab9,SK Raina,Batter,India,50.39311775750455,62.31647663760341,36.233605964099596,55.22727272727273,48.53469387755102,,51.250030708518516,53.25886718323692,,51.3,IPL/IPL
922e1b19,Z Crawley,Batter,,,,51.34535442626331,,,,51.34535442626331,,,51.3,OTHER_T20/FRANCHISE
944533a5,KK Nair,Batter,,53.31492913659682,,43.07147731704147,,,,51.266238772685746,,,51.3,IPL/IPL
fcc21ace,A Kamboj,Bowler,,,,,51.19318181818182,,22.95426371399624,,51.19318181818182,,51.2,IPL/IPL
bd93fea4,PM Siddle,Bowler,Australia,,,32.59243957859946,,,51.176275808336584,32.59243957859946,51.176275808336584,,51.2,OTHER_T20/FRANCHISE
3d7e087f,SK Trivedi,Bowler,,,,,51.21212121212122,,,,51.21212121212122,,51.2,IPL/IPL
5bb5a915,M Morkel,Bowler,South Africa,73.05555555555556,,,59.50802139037433,33.62709009984362,46.69297719087635,73.05555555555556,51.115531937816954,,51.1,IPL/IPL
b8704508,LM Jongwe,All-rounder,Zimbabwe,,40.739701165759136,,,55.47616055846422,,40.739701165759136,55.47616055846422,,51.1,INTL_T20/FULL_MEMBER
1fc6ef83,SD Hope,Wicketkeeper,West Indies,,57.62156713164777,38.89412652779339,,,,50.59877690520237,,53.02064359441409,51.1,INTL_T20/FULL_MEMBER
e38bce7a,MG Bracewell,All-rounder,New Zealand,,56.936713448928955,47.44056219624327,,58.23776614310647,24.283536585365855,53.375656729171816,45.50493005895374,,51.0,INTL_T20/FULL_MEMBER
47b4ad09,JG Myburgh,Batter,,,,50.907299587259324,,,,50.907299587259324,,,50.9,OTHER_T20/FRANCHISE
fe4ebca0,JA Haynes,Batter,,,,50.924171729949045,,,,50.924171729949045,,,50.9,OTHER_T20/FRANCHISE
ab965cad,HWR Cartwright,Batter,,,,50.90354800337589,,,,50.90354800337589,,,50.9,OTHER_T20/FRANCHISE
3b417422,T Panyangara,Bowler,Zimbabwe,,,,,50.89161554192229,,,50.89161554192229,,50.9,INTL_T20/FULL_MEMBER
b57f8a9a,BJ Hodge,Batter,Australia,54.12177626437423,44.868979857050036,48.10726807456585,75.45454545454544,,,50.906400934071925,75.45454545454544,,50.9,IPL/IPL
ff3f6fc1,Mohammad Haris,Wicketkeeper,Pakistan,,50.420698924731184,47.0563925972832,,,,49.15908405193819,,57.98724954462659,50.9,INTL_T20/FULL_MEMBER
3c6ffae8,YK Pathan,All-rounder,India,60.480229763686026,54.852166727253035,26.638972809667667,47.422680412371136,34.92146596858639,,53.99702546147502,43.74585263478739,,50.9,IPL/IPL
b529630e,PM Pushpakumara,Bowler,,,,,,,50.76764705882353,,50.76764705882353,,50.8,OTHER_T20/FRANCHISE
3086f7a4,Mohammad Nawaz (3),All-rounder,Pakistan,,46.9467176404594,33.46054736093833,,69.97308677731982,28.89608890171742,41.889403785639,54.56921257396891,,50.8,INTL_T20/FULL_MEMBER
85dcb721,TJ Moores,Wicketkeeper,,,,40.6113990669732,,,,40.6113990669732,,91.39344262295081,50.8,OTHER_T20/FRANCHISE
7ca5e05d,RS Bopara,All-rounder,England,52.3853599196065,56.703717923078166,48.98073551900338,,52.41790936992237,34.97950207268871,52.954255760383944,45.87850663345975,,50.8,IPL/IPL
9f77963a,Gulbadin Naib,Batter,,,,50.65685809207403,,,36.412280701754376,50.65685809207403,36.412280701754376,,50.7,OTHER_T20/FRANCHISE
1e66c162,JD Unadkat,Bowler,India,72.17054263565892,,40.872727272727275,51.36713286713287,50.546693933197005,47.44614209320092,65.91097956307259,50.573874517559105,,50.6,IPL/IPL
508a1ea7,SE Marsh,Batter,Australia,59.79894134722104,29.929795918367347,48.377108195015055,,,,50.61838001717672,,,50.6,IPL/IPL
9219eff0,JDS Neesham,All-rounder,New Zealand,,57.897818478400715,54.64225186058508,,40.921000581733566,29.04052158479331,56.67698099671985,36.465820957880965,,50.6,INTL_T20/FULL_MEMBER
f3982af9,DP Hughes,Batter,,,,50.62735810395993,,,,50.62735810395993,,,50.6,OTHER_T20/FRANCHISE
90de905a,K Gowtham,All-rounder,,63.14819152392538,,28.203194321206745,39.243902439024396,,31.64189189189189,56.15919208338165,37.7235003295979,,50.6,IPL/IPL
119678fd,KV Sharma,All-rounder,India,34.304033619102114,,26.666666666666664,66.01865136298422,,27.065217391304348,32.776560228615025,58.22796456864825,,50.6,IPL/IPL
c1fdfb46,P Rathnayake,Batter,Sri Lanka,,56.54128447851804,40.624677457189776,,,,50.572556845519934,,,50.6,INTL_T20/FULL_MEMBER
331ea488,UT Khawaja,Batter,Australia,,31.017823486776415,50.528236997610286,,,,50.528236997610286,,,50.5,OTHER_T20/FRANCHISE
012829ff,JW Hastings,All-rounder,Australia,,21.709758158837378,52.185476909797146,,14.29868154158215,46.53533458411508,52.185476909797146,46.53533458411508,,50.5,OTHER_T20/FRANCHISE
d346d939,RA Whiteley,Batter,,,,50.350255799892864,,,24.899425287356323,50.350255799892864,24.899425287356323,,50.4,OTHER_T20/FRANCHISE
ded9240e,PJ Cummins,All-rounder,Australia,58.447809132740645,45.325738676614336,34.120845921450154,50.9242618741977,56.241623036649216,22.190991345397325,51.51824703701549,47.94361158549052,,50.4,IPL/IPL
ec5160d7,J Broad,Batter,Germany,,29.460038092487615,50.341274873931816,,16.967927242832182,,50.341274873931816,16.967927242832182,,50.3,OTHER_T20/FRANCHISE
a05d0552,JJ Weatherley,Batter,,,,50.33741086796163,,,,50.33741086796163,,,50.3,OTHER_T20/FRANCHISE
68ddabdb,Mohammad Sami,Bowler,Pakistan,,,31.32281553398058,,55.678410750803394,41.42105263157894,31.322815533980584,50.33190145609422,,50.3,INTL_T20/FULL_MEMBER
aa467af0,Tanvir Islam,Bowler,Bangladesh,,22.195959086715646,34.31553398058253,,17.615077311853863,50.33235294117645,34.31553398058253,50.33235294117645,,50.3,OTHER_T20/FRANCHISE
5750bcb4,E Malinga,Bowler,Sri Lanka,,,,60.16216216216216,28.6159509202454,46.76518026565465,,50.266062067206846,,50.3,IPL/IPL
9103ecdb,Muhammad Rohid,Bowler,United Arab Emirates,,,,,19.601931697395045,50.220588235294116,,50.220588235294116,,50.2,OTHER_T20/FRANCHISE
26a8b2fe,Hassan Nawaz,Batter,Pakistan,,55.725378580550995,40.919093814963,,,,50.1730217934555,,,50.2,INTL_T20/FULL_MEMBER
7ab1eab7,Salman Mirza,Bowler,Pakistan,,,,,65.7922290388548,24.332352941176467,,50.24477550222542,,50.2,INTL_T20/FULL_MEMBER
7d608e12,DM de Silva,All-rounder,Sri Lanka,,41.8887441100736,36.82748628152167,,62.90680628272251,40.55086258179655,39.990772424366625,54.523327394875274,,50.2,INTL_T20/FULL_MEMBER
b8527c3d,Rasikh Salam,Bowler,,,,16.24877629243479,50.05681818181818,,20.297173572228445,16.24877629243479,50.05681818181818,,50.1,IPL/IPL
ffd3fc37,S von Berg,Bowler,,,,43.74725963044159,,,50.06170703575548,43.74725963044159,50.06170703575548,,50.1,OTHER_T20/FRANCHISE
26ff4c29,RJ Peterson,All-rounder,South Africa,,34.5077754961127,24.936744712990933,,64.71041303083189,47.52032520325202,30.918638952442034,58.264130095489435,,50.1,INTL_T20/FULL_MEMBER
a818c1be,TA Boult,Bowler,New Zealand,58.757259001161444,54.505183495749534,55.6715210355987,49.67532467532468,54.002087720904676,44.92362428842503,57.231379429974055,50.04426037868473,,50.0,IPL/IPL
d1305df0,AGS Gous,Wicketkeeper,United States of America,,35.18753740120923,52.60710773985109,,,,52.60710773985109,,39.70990035358406,50.0,OTHER_T20/FRANCHISE
f3abd0c9,DR Briggs,Bowler,England,,,52.698272601185224,,16.222483697090375,49.95798319327731,52.698272601185224,49.95798319327731,,50.0,OTHER_T20/FRANCHISE
5cdf8304,JA Davies,Bowler,Australia,,,,,23.324152002119742,49.89814814814815,,49.89814814814815,,49.9,OTHER_T20/FRANCHISE
f9d99806,Tajinder Singh,Batter,,,,49.88398649543228,,,38.953125,49.88398649543228,38.953125,,49.9,OTHER_T20/FRANCHISE
addfb70e,SW Tait,Bowler,Australia,,,,51.75,49.35263803680982,42.729049153908136,,49.797516882288676,,49.8,IPL/IPL
2742086d,RR O'Donnell,Batter,,,,49.74036086035102,,,,49.74036086035102,,,49.7,OTHER_T20/FRANCHISE
3eb7c45d,Imran Nazir,Batter,Pakistan,,49.681532847308574,24.58858499411495,,,,49.681532847308574,,,49.7,INTL_T20/FULL_MEMBER
94734e80,JG Walker,Bowler,,,,,,,49.69349845201237,,49.69349845201237,,49.7,OTHER_T20/FRANCHISE
ee95065d,Irfan Khan,Batter,Pakistan,,54.771176618795664,41.198476445464394,,,,49.68141405379644,,,49.7,INTL_T20/FULL_MEMBER
b63e358a,RK Bhui,Batter,,,,49.57743881997988,,,,49.57743881997988,,,49.6,OTHER_T20/SMAT
29ede60b,AL Davies,Wicketkeeper,,,,38.590085808113415,,,,38.590085808113415,,93.85245901639344,49.6,OTHER_T20/FRANCHISE
24ad97e7,BF Calitz,Batter,Ireland,,49.61985492832611,25.09054517090792,,,,49.61985492832611,,,49.6,INTL_T20/FULL_MEMBER
6843a783,Shan Masood,Batter,Pakistan,,46.332581506676746,54.79726743709532,,,,49.50683873058371,,,49.5,INTL_T20/FULL_MEMBER
ed90abe4,AP Devcich,All-rounder,New Zealand,,26.563588850174213,55.76032225579053,,19.948275862068968,34.84712543554007,55.76032225579052,34.84712543554007,,49.5,OTHER_T20/FRANCHISE
77b1aa15,Harshit Rana,Bowler,India,,,,53.77562862669246,39.32858895705522,18.40756916842023,,49.52649931209327,,49.5,IPL/IPL
4b685e2d,DW Lawrence,All-rounder,,,,54.004975124378106,,,39.095353238015136,54.004975124378106,39.095353238015136,,49.5,OTHER_T20/FRANCHISE
8eb611d0,Mosharraf Hossain,Bowler,,,,,,,49.408463385354146,,49.408463385354146,,49.4,OTHER_T20/FRANCHISE
0994d0ae,V Shankar,All-rounder,India,56.96536895167032,24.53251587182831,45.6751609089715,40.42847725774555,15.151477832512313,24.16368797308663,54.70732734313055,37.17551940081376,,49.4,IPL/IPL
b552a935,AC Thomas,Bowler,,,,41.844660194174764,,,49.44992553983618,41.844660194174764,49.44992553983618,,49.4,OTHER_T20/FRANCHISE
e174dadd,Mohammad Amir,Bowler,Pakistan,,47.55815882230977,33.282261326860834,,52.24890446976337,44.580600532896085,42.204697261516415,49.373290493438134,,49.4,INTL_T20/FULL_MEMBER
e3a949be,D Cleaver,Wicketkeeper,New Zealand,,51.166004729565856,45.7104085946657,,,,49.1201561789783,,50.43260473588343,49.4,INTL_T20/FULL_MEMBER
9dad0f2e,Mahedi Hasan,All-rounder,Bangladesh,,33.75425655793671,40.675885041443955,,63.532374577506786,40.82342717118759,36.34986723925193,55.016519300137084,,49.4,INTL_T20/FULL_MEMBER
647e7d44,J Brown,Batter,,,,49.31697352179279,,,,49.31697352179279,,,49.3,OTHER_T20/FRANCHISE
45a7e761,Shaheen Shah Afridi,All-rounder,Pakistan,,44.276466069448304,24.116034463466487,,60.84055389734306,44.430399550706035,36.71630421720512,54.68674601735417,,49.3,INTL_T20/FULL_MEMBER
80fe764d,Tanzid Hasan,Batter,Bangladesh,,49.891398337112626,48.25438898450946,,,,49.27751982988644,,,49.3,INTL_T20/FULL_MEMBER
4c61a0f9,NW Bracken,Bowler,Australia,,,,,49.29661440581687,,,49.29661440581687,,49.3,INTL_T20/FULL_MEMBER
e087956b,BA Stokes,All-rounder,England,60.17646720882432,55.925194407685865,38.24269889224572,34.69857340082835,28.765195711792572,38.58231707317073,55.823583761052916,33.797790529420766,,49.2,IPL/IPL
64775749,RP Meredith,Bowler,Australia,,,24.41208198489752,,20.121160314661402,49.17146858743497,24.41208198489752,49.17146858743497,,49.2,OTHER_T20/FRANCHISE
f19ccfad,Washington Sundar,All-rounder,India,62.23545833875341,46.942171882476956,23.744454303460515,39.10960916838084,54.24200116346713,28.35810810810811,52.63848611939036,41.2799820081115,,49.2,IPL/IPL
acdc62f5,A Nortje,Bowler,South Africa,,29.541298324317193,45.50037341299477,47.28551136363637,50.84014353513139,54.28635620915032,35.52595148257128,49.22429613333721,,49.2,IPL/IPL
1c2a64cd,A Ashish Reddy,Batter,,49.21879262743215,,18.233674874026555,57.7922077922078,,17.910215807417405,49.21879262743215,57.79220779220779,,49.2,IPL/IPL
5d664346,TB Robinson,Batter,New Zealand,,53.36036057221242,42.295868280377746,,,,49.21117596277442,,,49.2,INTL_T20/FULL_MEMBER
eba6a852,SCJ Broad,Bowler,England,,52.94368524557204,22.43875390391313,,49.244488422719186,20.552497129348197,52.94368524557204,49.244488422719186,,49.2,INTL_T20/FULL_MEMBER
fef92afc,SC Kuggeleijn,All-rounder,New Zealand,,,52.687767863416006,,37.25470157068063,47.001133843983055,52.687767863416006,40.90961367316904,,49.2,OTHER_T20/FRANCHISE
7c7d63a2,AJ Tye,All-rounder,Australia,,27.804064117415443,38.56813483860709,57.96747967479675,56.0694858370251,51.86918604651163,31.84059063786231,56.57823717111107,,49.2,IPL/IPL
d1a60072,N Wadhera,Batter,,49.10375364838354,,24.89501389557424,,,,49.10375364838354,,,49.1,IPL/IPL
f32012f4,M Bryant,Batter,,,,49.14324133267765,,,,49.14324133267765,,,49.1,OTHER_T20/FRANCHISE
86e0f3f0,WL Madsen,Batter,Italy,,29.980124197264253,49.06251682317538,,,25.833333333333336,49.06251682317538,25.833333333333336,,49.1,OTHER_T20/FRANCHISE
8e9a5d20,A Verma,Bowler,,,,,,,49.097523219814235,,49.097523219814235,,49.1,OTHER_T20/FRANCHISE
e412cb64,HF Gurney,Bowler,England,,,,,,49.09139637163276,,49.09139637163276,,49.1,OTHER_T20/FRANCHISE
2c1438ef,L Delport,Bowler,,,,,,,49.04340028694405,,49.04340028694405,,49.0,OTHER_T20/FRANCHISE
876dbe2d,DR Mousley,All-rounder,England,,,52.14442847505353,,15.836206896551726,41.619565217391305,52.14442847505353,41.619565217391305,,49.0,OTHER_T20/FRANCHISE
b8cc58c9,RR Hendricks,Batter,South Africa,,49.545654656924505,47.980051400939026,,,,48.95855343592995,,,49.0,INTL_T20/FULL_MEMBER
da934ee8,MK Lomror,Batter,,52.24963715529753,,35.96071816951108,,,24.830769230769228,48.99185335814024,24.830769230769228,,49.0,IPL/IPL
29e253dd,Iftikhar Ahmed,All-rounder,Pakistan,,59.72526998873116,44.74823766364551,,39.28573695065842,33.744497323022,54.10888286682404,37.20777209029476,,49.0,INTL_T20/FULL_MEMBER
9ab63e7b,Mohammad Hafeez,All-rounder,Pakistan,,55.19857927133773,37.93476873324539,,58.66918300255691,33.12195121951219,48.7246503195531,49.08897108391514,,49.0,INTL_T20/FULL_MEMBER
f088b960,SN Khan,Batter,,53.75647043262528,,29.327456778889896,,,,48.8706677018782,,,48.9,IPL/IPL
086f5984,Junaid Khan,Bowler,Pakistan,,,11.750704666457878,,14.828385130583346,48.88477289650037,11.750704666457878,48.88477289650037,,48.9,OTHER_T20/FRANCHISE
f0a0204e,MS Crane,Bowler,England,,,36.242718446601934,,,48.88888888888888,36.242718446601934,48.88888888888888,,48.9,OTHER_T20/FRANCHISE
fd2bf2a0,Umar Akmal,Wicketkeeper,Pakistan,,43.73565144532887,43.52290350960663,,,,43.655870969433025,,69.33060109289619,48.8,INTL_T20/FULL_MEMBER
2f9d0389,LH Ferguson,Bowler,New Zealand,,38.88397263114244,42.47199402539208,41.07219251336898,68.39396901320579,46.88970588235294,40.22948065398605,48.77526364367578,,48.8,IPL/IPL
a343262c,JE Root,All-rounder,England,,57.26331532533278,42.457772589947815,,,41.58976964769648,51.711236799563416,41.58976964769648,,48.7,INTL_T20/FULL_MEMBER
3812d56b,MH Yardy,Bowler,England,,,22.868043403918044,,48.65544843704353,15.486770685579195,22.868043403918044,48.65544843704353,,48.7,INTL_T20/FULL_MEMBER
5673a3fc,NL McCullum,All-rounder,New Zealand,,18.255369136544203,16.15252416756176,,61.778823161678524,20.551724137931036,18.255369136544203,61.778823161678524,,48.7,INTL_T20/FULL_MEMBER
edc7ddb6,J Weatherald,Batter,,,,48.681904807863916,,,,48.681904807863916,,,48.7,OTHER_T20/FRANCHISE
97290faf,S Joseph,Bowler,West Indies,,,,,53.28644369681378,41.12778904665315,,48.72694820300354,,48.7,INTL_T20/FULL_MEMBER
a3690f55,Khuzaima Tanveer,Bowler,United Arab Emirates,,,,,,48.57563025210084,,48.57563025210084,,48.6,OTHER_T20/FRANCHISE
a86a37ab,Mohammad Ali,Bowler,Pakistan,,,,,16.661849784807973,48.64705882352941,,48.64705882352941,,48.6,OTHER_T20/FRANCHISE
9531d48f,VS Halambage,Batter,,,,48.58519793459552,,,,48.58519793459552,,,48.6,OTHER_T20/FRANCHISE
cdd875d9,JA Turner,Bowler,England,,,,,,48.46778711484593,,48.46778711484593,,48.5,OTHER_T20/FRANCHISE
c15fb753,W Luxton,Batter,,,,48.453635728531225,,,,48.453635728531225,,,48.5,OTHER_T20/FRANCHISE
5bbabe59,TL Chatara,Bowler,Zimbabwe,,28.209666643628907,,,48.50710469028301,,28.209666643628907,48.50710469028301,,48.5,INTL_T20/FULL_MEMBER
759ac88f,MM Sharma,Bowler,India,39.409937888198755,,,48.54681139755766,17.54135053656738,16.789195659515734,39.409937888198755,48.54681139755766,,48.5,IPL/IPL
6aed7e79,PV Tambe,Bowler,,,,,48.43750000000001,,26.687716955340058,,48.43750000000001,,48.4,IPL/IPL
469ea22b,KMDN Kulasekara,All-rounder,Sri Lanka,,28.37015372035145,,,56.8738219895288,28.27586206896552,28.37015372035145,56.8738219895288,,48.3,INTL_T20/FULL_MEMBER
3eac9d95,JDP Oram,All-rounder,New Zealand,,58.59580659542998,14.557823129251704,,24.34387434554974,23.35632183908046,58.59580659542998,24.34387434554974,,48.3,INTL_T20/FULL_MEMBER
97bdec3d,G Motie,All-rounder,West Indies,,38.74954875553888,14.784323598522995,,56.63321149856762,55.642216642754654,29.76258932165792,56.261588427637754,,48.3,INTL_T20/FULL_MEMBER
d405c0d5,AM Hardie,All-rounder,Australia,,53.87673061883886,48.318123773631925,,42.45026178010471,36.13276053215077,51.792253051886256,40.081198812121976,,48.3,INTL_T20/FULL_MEMBER
9f0270e0,AG Cremer,Bowler,Zimbabwe,,30.175478609440876,,,48.227962544397805,20.871771179175433,30.175478609440876,48.227962544397805,,48.2,INTL_T20/FULL_MEMBER
aed5be04,JMR Taylor,Batter,,,,48.15155928408941,,,39.02777777777777,48.15155928408941,39.02777777777777,,48.2,OTHER_T20/FRANCHISE
d34a2268,MDE Holden,Batter,,,,48.18795131791252,,,,48.18795131791252,,,48.2,OTHER_T20/FRANCHISE
fc2fffb5,Abdullah Shafique,Batter,Pakistan,,24.63423630981658,48.20092420215361,,,,48.20092420215361,,,48.2,OTHER_T20/FRANCHISE
6e6fb538,JL du Plooy,Batter,,,,48.13725219159391,,,,48.13725219159391,,,48.1,OTHER_T20/FRANCHISE
104e88a4,AJ Hose,Batter,,,,48.09016064257027,,,,48.09016064257027,,,48.1,OTHER_T20/FRANCHISE
be24ead0,Ramandeep Singh,Batter,India,51.16527512984024,,35.91520700636943,,,,48.11526150514607,,,48.1,IPL/IPL
62af8546,Mohammad Nabi,All-rounder,,50.36721093472562,,38.115671083724685,46.973684210526315,,53.218641114982574,47.916902964525434,48.22267559141756,,48.1,IPL/IPL
9eb1455b,NT Ellis,All-rounder,Australia,,21.324051135937264,21.991089525412065,,67.66309457502507,45.850486986413486,21.57419053199031,59.483366729295724,,48.1,INTL_T20/FULL_MEMBER
89f64c19,LMP Simmons,Batter,West Indies,52.09425008953311,42.654433266264256,40.873291367267264,,,,48.051152075376024,,,48.1,IPL/IPL
b3a28446,Mohammad Saifuddin,All-rounder,Bangladesh,,53.99436498471085,43.145015105740185,,40.06993974118345,49.890243902439025,49.925858780096846,43.75255380165429,,48.1,INTL_T20/FULL_MEMBER
a756e61a,SB Harper,Wicketkeeper,,,,42.175141132372836,,,,42.175141132372836,,71.31147540983606,48.0,OTHER_T20/FRANCHISE
cca50cd6,LJ Wright,Batter,England,,46.18136479283071,51.01142019816718,,55.39714285714285,24.895161290322584,47.99263556983188,43.95889976958525,,48.0,INTL_T20/FULL_MEMBER
1558d83b,GS Sandhu,Bowler,,,,39.44174757281554,,,48.03749191984486,39.44174757281554,48.03749191984486,,48.0,OTHER_T20/FRANCHISE
ccdd8308,ST Finn,Bowler,England,,,23.220064724919094,,53.256792287467135,39.2485294117647,23.220064724919094,48.00369370907872,,48.0,INTL_T20/FULL_MEMBER
59792462,KM Jarvis,Bowler,Zimbabwe,,,,,47.95375176970269,21.51267274569402,,47.95375176970269,,48.0,INTL_T20/FULL_MEMBER
218d4d78,MT Renshaw,Batter,Australia,,28.982697109612626,48.03737978092539,,24.40722713726516,41.237804878048784,48.03737978092539,41.237804878048784,,48.0,OTHER_T20/FRANCHISE
a21ea40c,CK Coventry,Batter,Zimbabwe,,47.998548752834466,24.54921229025643,,,,47.998548752834466,,,48.0,INTL_T20/FULL_MEMBER
abfeb126,M Kartik,Bowler,India,,,,47.92857142857143,,,,47.92857142857143,,47.9,IPL/IPL
ce820073,Sandeep Sharma,Bowler,India,44.866434378629506,,,53.86708860759493,,23.599257884972168,44.866434378629506,47.81352246307038,,47.8,IPL/IPL
d2babdd5,E Chigumbura,Batter,Zimbabwe,,47.840960901532334,28.98006457018223,,40.96190476190476,21.58046484260077,47.840960901532334,40.96190476190476,,47.8,INTL_T20/FULL_MEMBER
cdac5a3d,M Shiraz,Bowler,,,,,,,47.76470588235294,,47.76470588235294,,47.8,OTHER_T20/FRANCHISE
244048f6,Arshdeep Singh,Bowler,India,,46.147833298776696,,50.785123966942145,50.43644039844317,31.59451659451659,46.147833298776696,47.819361968953565,,47.8,IPL/IPL
4ec07775,RN ten Doeschate,Batter,Netherlands,50.82395984518626,33.04958302792499,35.73003944493121,,26.879706240732855,42.68749999999999,47.80517576513524,42.68749999999999,,47.8,IPL/IPL
1c513d54,LJ Evans,Wicketkeeper,,,,35.47753163328675,,,,35.47753163328675,,96.72131147540983,47.7,OTHER_T20/FRANCHISE
c8065f31,SC Getkate,All-rounder,Ireland,,38.55126959149263,22.672582076308785,,51.633675392670156,20.8762677484787,38.55126959149263,51.633675392670156,,47.7,INTL_T20/FULL_MEMBER
ee8f1a6d,Azam Khan,Wicketkeeper,Pakistan,,49.21005639097744,46.52403101751029,,,,48.202796875927255,,45.787795992714024,47.7,INTL_T20/FULL_MEMBER
7d7ab238,MR Gillespie,Bowler,New Zealand,,,,,47.69325153374233,,,47.69325153374233,,47.7,INTL_T20/FULL_MEMBER
77255a9e,RA Tripathi,Batter,India,49.808944603568094,27.873350502581825,39.09548453139217,,,,47.66625258913291,,,47.7,IPL/IPL
7c503806,J Botha,All-rounder,South Africa,31.15943276822538,44.70919103941873,30.629080986258653,56.09258337481334,58.79001893728418,32.55979767184035,34.467319568728705,53.237024409985096,,47.6,IPL/IPL
af294a6c,Craig Cachopa,Batter,Portugal,,23.40768968975123,47.569577270773024,,,,47.569577270773024,,,47.6,OTHER_T20/FRANCHISE
9e707e02,KS Carlson,Batter,,,,47.59126858135932,,,,47.59126858135932,,,47.6,OTHER_T20/FRANCHISE
5791b840,Yasir Ali Chowdhury,Batter,Bangladesh,,53.39591740752738,37.683230767277216,,,,47.50365991743356,,,47.5,INTL_T20/FULL_MEMBER
f1eb3c73,DMW Rawlins,All-rounder,Bermuda,,37.96899916632821,51.47012961699639,,22.85971786833856,38.17073170731707,51.47012961699639,38.17073170731707,,47.5,OTHER_T20/FRANCHISE
bfc60227,SG Budinger,Batter,,,,47.53918798894035,,,,47.53918798894035,,,47.5,OTHER_T20/FRANCHISE
51a3c5ef,MJ McClenaghan,Bowler,New Zealand,56.111111111111114,,30.81279561862086,55.807938540332906,39.09885591112585,28.539277736411023,51.05144801261306,47.54036876244286,,47.5,IPL/IPL
a94e08ea,Mushfiqur Rahim,Wicketkeeper,Bangladesh,,37.541125832053254,38.38992711503574,,,,37.85942631317168,,85.98360655737704,47.5,INTL_T20/FULL_MEMBER
0fa5042b,L Ronchi,Wicketkeeper,New Zealand,,42.376640832286,54.37807276302852,,,,46.87717780631445,,49.61445051608987,47.4,INTL_T20/FULL_MEMBER
bed90114,JA Clarkson,Batter,New Zealand,,29.811762648739318,47.3913594577646,,27.13742421128353,23.21428571428571,47.3913594577646,23.21428571428571,,47.4,OTHER_T20/FRANCHISE
22ae3041,Fawad Ahmed,Bowler,Australia,,,18.774583022155838,,,47.38296206056388,18.774583022155838,47.38296206056388,,47.4,OTHER_T20/FRANCHISE
b08252b8,RP Burl,All-rounder,Zimbabwe,,59.50046641779741,33.17942992250099,,49.356314136125654,30.53353658536585,49.630077732061245,42.29777255459073,,47.4,INTL_T20/FULL_MEMBER
c5f40e35,SW Currie,Bowler,,,,38.86363636363636,,,47.41161309884779,38.86363636363636,47.41161309884779,,47.4,OTHER_T20/FRANCHISE
0a12e736,TMJ Smith,Bowler,,,,44.62951089943213,,,47.35748269896194,44.62951089943213,47.35748269896194,,47.4,OTHER_T20/FRANCHISE
f24c6701,M Theekshana,Bowler,Sri Lanka,,23.317126269956457,33.91726466863655,46.284734133790735,54.59712802534889,39.88595438175269,27.29217816946149,47.40301564387457,,47.4,IPL/IPL
1be67d37,RTM Mendis,All-rounder,Sri Lanka,,17.35857700581627,46.15985813739657,,21.371473354231973,47.816176470588225,46.15985813739657,47.816176470588225,,47.3,OTHER_T20/FRANCHISE
8305580c,MA Carberry,Batter,England,,,47.334393852466135,,,,47.334393852466135,,,47.3,OTHER_T20/FRANCHISE
b8d490fd,AJ Finch,Batter,Australia,41.173460306158766,64.73910354799244,42.271065244279534,,,25.944444444444443,47.229511857335304,25.944444444444443,,47.2,IPL/IPL
afe57f7a,SC Williams,All-rounder,Zimbabwe,,59.74869529320236,30.64954682779456,,43.323886584619565,,48.83651461867443,43.323886584619565,,47.2,INTL_T20/FULL_MEMBER
d48c0f40,LA Patterson-White,Bowler,,,,54.76646549462083,,,47.21568627450981,54.76646549462083,47.21568627450981,,47.2,OTHER_T20/FRANCHISE
2cec2a92,Abbas Afridi,All-rounder,Pakistan,,36.57955289328085,41.823024328192076,,60.72372909981422,34.0609756097561,38.54585468137255,50.72519654104242,,47.1,INTL_T20/FULL_MEMBER
ed8faea2,TGR Clark,Batter,,,,47.0662118731112,,,,47.0662118731112,,,47.1,OTHER_T20/FRANCHISE
79aad751,PADLR Sandakan,Bowler,Sri Lanka,,,,,53.740578439964935,35.86096256684492,,47.03572248754492,,47.0,INTL_T20/FULL_MEMBER
96a6a7ad,NM Lyon,Bowler,Australia,,,,,,46.95780051150894,,46.95780051150894,,47.0,OTHER_T20/FRANCHISE
4fd09cfc,G Clark,Batter,,,,46.97566958268283,,,,46.97566958268283,,,47.0,OTHER_T20/FRANCHISE
b03db6fa,MJG Rippon,All-rounder,Netherlands,,,31.148523535717757,,72.07716472009666,23.21175166297117,31.148523535717754,53.7526348236746,,47.0,INTL_T20/FULL_MEMBER
402f8494,RJ Gleeson,Bowler,England,,,10.515102481121898,,21.593604483761506,47.00956768249469,10.515102481121898,47.00956768249469,,47.0,OTHER_T20/FRANCHISE
41eb4a4f,R Vinay Kumar,All-rounder,India,32.83303210086393,,20.297249334516415,58.21646341463415,18.474645030425965,37.921052631578945,30.325875547594425,54.1573812580231,,47.0,IPL/IPL
6b8eb6e5,S Sreesanth,Bowler,India,,27.234736510561106,,47.016949152542374,15.784071755544431,17.877114102378542,27.234736510561106,47.016949152542374,,47.0,IPL/IPL
d0513f63,CL White,Batter,Australia,45.88982777198056,62.702331750310194,25.32264773379231,,,,47.00787676083473,,,47.0,IPL/IPL
5426de63,HB Shipley,All-rounder,New Zealand,,,42.31276832564796,,15.344827586206899,48.929480381760335,42.31276832564796,48.929480381760335,,46.9,OTHER_T20/FRANCHISE
7e4c8ba3,SA Northeast,Batter,,,,46.862626138443694,,,,46.862626138443694,,,46.9,OTHER_T20/FRANCHISE
4eb02f2e,KTH Ratnayake,Bowler,,,,30.094390507011862,,,46.89741750358681,30.09439050701186,46.89741750358681,,46.9,OTHER_T20/FRANCHISE
7f048519,DJ Willey,All-rounder,England,,45.66495242877768,47.50325554745286,,52.999706806282724,37.44860783285251,46.35431609828087,47.16804469124639,,46.9,INTL_T20/FULL_MEMBER
09a9d073,J Charles,Wicketkeeper,West Indies,,45.15944457064971,39.75527868343424,,,,43.13288236294391,,61.88069216757741,46.9,INTL_T20/FULL_MEMBER
6ce9f3eb,EA Brookes,Batter,,,,46.765514116535456,,,42.43589743589743,46.765514116535456,42.43589743589743,,46.8,OTHER_T20/FRANCHISE
c290033d,Ihsanullah,Bowler,Pakistan,,,,,,46.826680672268914,,46.826680672268914,,46.8,OTHER_T20/FRANCHISE
3a60e0b5,WD Parnell,All-rounder,South Africa,,24.021212167125903,33.572694814112005,64.5045731707317,41.37438710213579,39.855658691937236,27.603018159745687,55.02468948176355,,46.8,IPL/IPL
3b041a12,Tamim Iqbal,Batter,Bangladesh,,49.29439949733896,42.5581592780388,,,,46.7683094151014,,,46.8,INTL_T20/FULL_MEMBER
6755cd5c,CB Cooke,Wicketkeeper,,,,38.09229118963631,,,,38.09229118963631,,81.14754098360656,46.7,OTHER_T20/FRANCHISE
29b89ae8,WB Rankin,Bowler,Ireland,,47.82836408874145,,,60.06339468302659,24.07563025210084,47.82836408874145,46.56798302142943,,46.6,INTL_T20/FULL_MEMBER
dadbdb68,JA Duffy,Bowler,New Zealand,,50.16603773584906,40.607899382171226,,55.00937608519504,32.480667547918046,46.58173585321987,46.56111038371617,,46.6,INTL_T20/FULL_MEMBER
db3643f3,Umer Khan,Bowler,,,,,,,46.647058823529406,,46.647058823529406,,46.6,OTHER_T20/FRANCHISE
33742f04,Usman Qadir,Bowler,Pakistan,,,32.37117251680358,,56.92550394390885,29.405162064825927,32.37117251680358,46.60537573925275,,46.6,INTL_T20/FULL_MEMBER
1399b39c,Anmolpreet Singh,Batter,,,,46.52112385466703,,,,46.52112385466703,,,46.5,OTHER_T20/SMAT
90f47cf2,MH Wessels,Batter,,,,46.48100092678405,,,,46.48100092678405,,,46.5,OTHER_T20/FRANCHISE
48bf9d5c,Cheepurapalli Stephen,Bowler,,,,,,,46.50000000000001,,46.50000000000001,,46.5,OTHER_T20/SMAT
193ef196,Sharjeel Khan,Batter,Pakistan,,50.54006857142858,39.672608802557164,,,,46.4647711581018,,,46.5,INTL_T20/FULL_MEMBER
fd835ab3,DJ Hussey,All-rounder,Australia,52.91854451010904,45.845427562206176,38.630972362090176,32.21296847114812,60.15833729969856,,49.00712945093049,40.43219459719237,,46.4,IPL/IPL
59ea70a4,HT Tector,Batter,Ireland,,45.66457234579225,47.685469872178324,,60.33544973544973,51.634146341463406,46.422408918187024,57.07246096270485,,46.4,INTL_T20/FULL_MEMBER
93b4fc78,MK Pandey,Batter,India,43.38585942359527,58.773280927185695,37.57640985606751,,,,46.36129736436371,,,46.4,IPL/IPL
c285c86e,Mohammad Shahid,Bowler,Bangladesh,,,,,,46.38562091503268,,46.38562091503268,,46.4,OTHER_T20/FRANCHISE
33cb3411,Younis Khan,Batter,Pakistan,,46.40771392081737,,,,,46.40771392081737,,,46.4,INTL_T20/FULL_MEMBER
68e26ec9,M Kelly,Bowler,,,,41.78640776699029,,,46.29581447963801,41.78640776699029,46.29581447963801,,46.3,OTHER_T20/FRANCHISE
6834d1f2,B Stanlake,Bowler,Australia,,,,,56.68420813451489,29.03497615262321,,46.31574614130551,,46.3,INTL_T20/FULL_MEMBER
c654af19,R McLaren,All-rounder,South Africa,,,38.379618870555426,,61.20167539267017,30.66056910569105,38.379618870555426,49.748760535052995,,46.3,INTL_T20/FULL_MEMBER
e01895bb,DT Johnston,Bowler,Ireland,,71.62720298569354,,,46.33865030674847,,71.62720298569354,46.33865030674847,,46.3,INTL_T20/FULL_MEMBER
c9c0fe50,AZ Lees,Batter,,,,46.286350370425794,,,,46.286350370425794,,,46.3,OTHER_T20/FRANCHISE
a5c48ed1,C Wickramasinghe,Batter,Sri Lanka,,25.075952104494217,46.18349400416585,,18.77953868143982,,46.18349400416585,18.77953868143982,,46.2,OTHER_T20/FRANCHISE
c8f5f961,Anuj Rawat,Wicketkeeper,,40.99462365591397,,34.86796536796537,,,,39.76929199832425,,71.8384074941452,46.2,IPL/IPL
b1b7b7de,BJ Small,Bowler,,,,42.24421209858103,,,46.15749525616698,42.24421209858103,46.15749525616698,,46.2,OTHER_T20/FRANCHISE
b53136ce,AW McKenzie,Bowler,,,,,,,46.25,,46.25,,46.2,OTHER_T20/FRANCHISE
24bb1c2f,Haris Rauf,Bowler,Pakistan,,48.67980970811159,22.41935483870968,,51.63946830265849,37.20538101604278,38.83213913208587,46.226685570177594,,46.2,INTL_T20/FULL_MEMBER
e2db2409,M Ashwin,Bowler,,,,,48.64406779661017,,36.631493506493506,,46.241552938586835,,46.2,IPL/IPL
83d17bbc,MW Forde,All-rounder,West Indies,,55.96984723894522,35.55028053517479,,38.17355176490457,45.73515876668201,48.31250972503131,41.00915439057111,,46.1,INTL_T20/FULL_MEMBER
547c5509,M Mpongwana,Bowler,,,,35.94750089895721,,,46.136554621848745,35.94750089895721,46.136554621848745,,46.1,OTHER_T20/FRANCHISE
e94bc520,OJ Pope,Batter,,,,46.11163598943289,,,,46.11163598943289,,,46.1,OTHER_T20/FRANCHISE
4f1bb625,Yasir Khan,Batter,,,,46.055590784189384,,,,46.055590784189384,,,46.1,OTHER_T20/FRANCHISE
f5180fe6,MG Johnson,All-rounder,Australia,23.728937602782775,25.691295138857747,,55.940766550522646,62.57977404243593,41.655592935239696,24.306101583981295,55.457742381208526,,46.1,IPL/IPL
e9d6a2ce,Manpreet Singh,Wicketkeeper,Singapore,,34.12817890078297,,,25.255102040816325,,34.12817890078297,25.255102040816325,94.11764705882352,46.1,INTL_T20/ASSOCIATE_FRINGE
6feb46a4,LD McManus,Wicketkeeper,,,,36.879248142856014,,,,36.879248142856014,,82.78688524590164,46.1,OTHER_T20/FRANCHISE
d027ba9f,KS Williamson,Batter,New Zealand,41.80723415355187,55.830882951118596,47.351118760757316,,51.519999999999996,,46.144729044024366,51.519999999999996,,46.1,IPL/IPL
0bacade8,Rahmanullah Gurbaz,Wicketkeeper,,,,43.04858299595142,,,,43.04858299595142,,58.40163934426229,46.1,OTHER_T20/FRANCHISE
dfc4d8b5,KW Richardson,Bowler,Australia,,,38.63425590494131,,51.74261663575404,36.425370148059216,38.63425590494131,45.99864920286848,,46.0,INTL_T20/FULL_MEMBER
607ed7c2,Shohidul Islam,Bowler,Bangladesh,,,26.33681852128454,,,45.99069627851141,26.33681852128454,45.99069627851141,,46.0,OTHER_T20/FRANCHISE
5935d694,Rishad Hossain,All-rounder,Bangladesh,,31.124836572002472,31.528477117600985,,60.970165378542355,37.9228525980912,31.276201776601916,52.32742308587317,,46.0,INTL_T20/FULL_MEMBER
35205dfc,DR Smith,All-rounder,West Indies,57.15551490920556,49.44207563616265,35.04130684704435,39.14834066373451,26.197789412449097,15.348780487804875,51.91002388162065,32.340768824523714,,46.0,IPL/IPL
2cdce1be,C Sakariya,Bowler,India,,,,46.83116883116883,,42.46399055489965,,45.957733175914996,,46.0,IPL/IPL
fce581b5,Khushdil Shah,All-rounder,Pakistan,,31.126473518552515,55.332865774708665,,,48.506775067750674,40.20387061461108,48.506775067750674,,46.0,OTHER_T20/FRANCHISE
08548b13,PHKD Mendis,All-rounder,Sri Lanka,,56.08167663525142,51.15492659140297,,30.513089005235607,19.575046904315197,54.23414536880825,26.411323217390454,,45.9,INTL_T20/FULL_MEMBER
270e4c23,MS Pepper,Batter,,,,45.92285705364844,,,,45.92285705364844,,,45.9,OTHER_T20/FRANCHISE
eafe8a94,BI Kellaway,All-rounder,,,,39.6288303841174,,,48.658536585365844,39.6288303841174,48.658536585365844,,45.9,OTHER_T20/FRANCHISE
3feda4fa,RL Chase,All-rounder,West Indies,,48.86520923681178,36.43672373279624,,42.576893542757425,53.29946560701562,44.204527172805946,46.59785806685424,,45.9,INTL_T20/FULL_MEMBER
1d105638,M Budaza,Bowler,,,,,,,45.90844402277038,,45.90844402277038,,45.9,OTHER_T20/FRANCHISE
f78e7113,S Prasanna,All-rounder,Sri Lanka,,51.11108492106905,46.16494029636023,,42.29850986709626,29.764227642276417,49.25628068680324,37.59815403278882,,45.8,INTL_T20/FULL_MEMBER
23eeb873,DL Chahar,Bowler,India,74.48979591836735,,,46.50847457627118,44.94171779141105,44.5244066278549,74.48979591836735,45.81917518779371,,45.8,IPL/IPL
cf73ad76,JEC Franklin,All-rounder,New Zealand,,40.803888762770654,35.9682411023506,,61.836903062033954,26.905764966740577,38.99052089011313,48.737726276298936,,45.8,INTL_T20/FULL_MEMBER
bafb9238,Usman Khan,Wicketkeeper,Pakistan,,39.6352534562212,54.40222052180599,,,,45.17286610581549,,48.255919854280506,45.8,INTL_T20/FULL_MEMBER
4a461c24,LA Dawson,All-rounder,England,,,34.7850336974204,,53.870105989018,44.42327042567004,34.7850336974204,50.32754265276251,,45.7,INTL_T20/FULL_MEMBER
19b9f399,CJ Green,All-rounder,Australia,,,48.52781061634338,,,39.00223577235772,48.52781061634338,39.00223577235772,,45.7,OTHER_T20/FRANCHISE
8f6dd463,Azmatullah Omarzai,All-rounder,,,,51.21763055675442,,,32.81628638867034,51.21763055675442,32.81628638867034,,45.7,OTHER_T20/FRANCHISE
987187b9,Zeeshan Ali,Wicketkeeper,Hong Kong,,35.19320174986072,,,,,35.19320174986072,,87.74509803921569,45.7,INTL_T20/ASSOCIATE_FRINGE
6f049d41,CD Nash,Batter,,,,45.71472033578407,,,34.66666666666667,45.71472033578407,34.66666666666667,,45.7,OTHER_T20/FRANCHISE
7ec9711d,P Subrayen,Bowler,South Africa,,,46.447064262598246,,26.893235013122997,45.65513897866839,46.447064262598246,45.65513897866839,,45.7,OTHER_T20/FRANCHISE
adf454e9,Rahul Singh,Batter,,,,45.71519563239308,,,,45.71519563239308,,,45.7,OTHER_T20/SMAT
06c2de82,L Gregory,All-rounder,England,,19.0017047519292,54.60868939720904,,14.820954907161804,24.695255669661957,54.608689397209034,24.695255669661957,,45.6,OTHER_T20/FRANCHISE
91ffa6c6,JD Ryder,Batter,New Zealand,46.87399864286657,41.217544243751135,48.06143654631483,,,,45.63800072860495,,,45.6,IPL/IPL
0bec3a6c,BAC Howell,All-rounder,,,,46.20490492269416,,,44.178536585365855,46.20490492269416,44.178536585365855,,45.6,OTHER_T20/FRANCHISE
c13e8df5,T Mathew,Bowler,,,,,,,45.59803921568627,,45.59803921568627,,45.6,OTHER_T20/FRANCHISE
568473e4,MW Tromp,Batter,,,,45.64757617597549,,,,45.64757617597549,,,45.6,OTHER_T20/FRANCHISE
60dd8960,Kabir Ali,Bowler,,,,,,,45.595588235294116,,45.595588235294116,,45.6,OTHER_T20/FRANCHISE
4948a916,Ashutosh Aman,Bowler,,,,13.859340659340658,,,45.532467532467535,13.859340659340658,45.532467532467535,,45.5,OTHER_T20/SMAT
489aaf0a,Parvez Hossain Emon,Batter,Bangladesh,,45.858873713137285,44.913781122716244,,,,45.50446399172939,,,45.5,INTL_T20/FULL_MEMBER
ab01e323,SA Zaib,All-rounder,,,,48.39606755485117,,,38.580751483190504,48.39606755485117,38.580751483190504,,45.5,OTHER_T20/FRANCHISE
03521fd3,HM Nicholls,Batter,New Zealand,,22.335567654783972,45.47599762796685,,,,45.47599762796685,,,45.5,OTHER_T20/FRANCHISE
4c5d73db,CR Woakes,All-rounder,England,,39.97439888088811,34.491679854217615,59.319105691056905,37.29130890052355,25.253574432296045,37.91837924588667,48.702326804609434,,45.5,IPL/IPL
d7c6af50,DL Vettori,All-rounder,New Zealand,,35.0236669446512,14.911689518940273,56.17720258835242,59.17326190186291,31.036443562110037,27.4816754100096,53.155103562793684,,45.5,IPL/IPL
26cd5968,V Lahiru,Bowler,,,,30.66019417475728,,,45.4313725490196,30.660194174757276,45.4313725490196,,45.4,OTHER_T20/FRANCHISE
0494fa6e,Vishnu Vinod,Batter,,,,45.406493618277054,,,,45.406493618277054,,,45.4,OTHER_T20/SMAT
896d78ad,AD Mathews,All-rounder,Sri Lanka,47.35965237046708,57.10314809610881,44.444391993957694,37.54030591153369,34.88090383025627,32.85764540337712,49.35823724540111,36.17305631499085,,45.4,IPL/IPL
64d43928,Sohail Tanvir,All-rounder,Pakistan,,42.24240728618358,17.26873831103438,,51.38253137206018,49.47915027537372,32.87728142050263,50.66876346080275,,45.3,INTL_T20/FULL_MEMBER
8d92a2c3,MA Wood,Bowler,England,,,22.639735864514797,,45.261126603457896,27.300556691535412,22.639735864514797,45.261126603457896,,45.3,INTL_T20/FULL_MEMBER
ac2e7ec0,T Murphy,Bowler,,,,,,,45.25716440422323,,45.25716440422323,,45.3,OTHER_T20/FRANCHISE
f846de6a,MN Samuels,All-rounder,West Indies,,51.04221034845425,44.03249576302409,,40.29523425963217,33.89766702014846,48.41356737891793,37.896146544825775,,45.3,INTL_T20/FULL_MEMBER
10435ca2,CDJ Dent,Batter,,,,45.2934029607253,,,,45.2934029607253,,,45.3,OTHER_T20/FRANCHISE
7d92277a,Mujeeb Ur Rahman,Bowler,,,,32.74343232438606,45.27272727272727,,44.78950403690888,32.74343232438606,45.176082625563595,,45.2,IPL/IPL
76388dc8,S Badree,Bowler,West Indies,,32.85974402955535,32.217107465684634,,49.77353198948292,37.46628407460545,32.61875531810383,45.15831402140387,,45.2,INTL_T20/FULL_MEMBER
3edb58fc,AD Mascarenhas,Bowler,England,,68.07771096827702,21.282394551715285,,45.2457334076966,23.13351435325903,68.07771096827702,45.2457334076966,,45.2,INTL_T20/FULL_MEMBER
5fcb6fb1,Azeem Rafiq,Bowler,,,,,,,45.221132897603475,,45.221132897603475,,45.2,OTHER_T20/FRANCHISE
f2c936d7,MJ Owen,All-rounder,Australia,,57.37102532868485,45.20347250027299,,,27.578095684803003,52.8081930180304,27.578095684803007,,45.2,INTL_T20/FULL_MEMBER
1f7adc8a,Arafat Sunny,All-rounder,Bangladesh,,,16.033484390735147,,63.79156792504823,47.67154672784351,16.033484390735147,57.74655997609646,,45.2,INTL_T20/FULL_MEMBER
42ee1d76,CWJ Allison,Batter,,,,45.07124993958041,,,,45.07124993958041,,,45.1,OTHER_T20/FRANCHISE
80ad39ac,Hasan Mahmud,Bowler,Bangladesh,,,15.220012527403696,,45.57241122885294,44.27364110201042,15.220012527403695,45.085372431287,,45.1,INTL_T20/FULL_MEMBER
3f5f39cd,Al-Amin Hossain,Bowler,Bangladesh,,,15.38263849229012,,63.340149965916844,14.684550743374276,15.38263849229012,45.09430025746338,,45.1,INTL_T20/FULL_MEMBER
770494eb,DAS Gunaratne,Batter,Sri Lanka,,51.706920634920635,34.16882222768625,,43.44444444444444,,45.13013373220774,43.44444444444444,,45.1,INTL_T20/FULL_MEMBER
647a48da,AJ Pienaar,Batter,,,,45.133600894691334,,,,45.133600894691334,,,45.1,OTHER_T20/FRANCHISE
b42d5053,MWT Boyle,Batter,,,,45.053600164720606,,,,45.053600164720606,,,45.1,OTHER_T20/FRANCHISE
ea27a674,AJ Blake,Batter,,,,45.01744182381015,,,,45.01744182381015,,,45.0,OTHER_T20/FRANCHISE
e9987a94,C Overton,All-rounder,,,,50.884525008392075,,,31.403276993296245,50.884525008392075,31.403276993296245,,45.0,OTHER_T20/FRANCHISE
172dff15,C Bosch,All-rounder,South Africa,,28.878983799453323,25.377643504531726,,63.09626527050611,34.90771259063942,27.56598118885772,52.5255580155561,,45.0,INTL_T20/FULL_MEMBER
9bab2b81,Ashar Zaidi,All-rounder,,,,46.75312090292424,,,40.60998619420156,46.75312090292424,40.60998619420156,,44.9,OTHER_T20/FRANCHISE
dcf81436,S Kaul,Bowler,India,,,,48.285714285714285,21.078617094136053,31.16077026421854,,44.86072548141513,,44.9,IPL/IPL
2254ab79,Sarfraz Ahmed,Wicketkeeper,Pakistan,,47.622983870967744,26.619384341787693,,,,39.74663404752523,,65.45537340619308,44.9,INTL_T20/FULL_MEMBER
53597be1,BRM Taylor,Batter,Zimbabwe,,52.272091467493766,32.698315776874914,,,,44.93192558351169,,,44.9,INTL_T20/FULL_MEMBER
ff154ecd,JM Cox,Wicketkeeper,England,,26.098331648129424,46.08156945953872,,,,46.08156945953872,,39.78624236579878,44.8,OTHER_T20/FRANCHISE
e94d2d50,NA McSweeney,Batter,,,,44.75763696184152,,,,44.75763696184152,,,44.8,OTHER_T20/FRANCHISE
6d9560f3,Maaz Sadaqat,Batter,,,,44.849407558529755,,,,44.849407558529755,,,44.8,OTHER_T20/FRANCHISE
1d2f290a,JA Thompson,All-rounder,,,,49.763385716824494,,,33.25237127371274,49.763385716824494,33.25237127371274,,44.8,OTHER_T20/FRANCHISE
616a8149,L Pope,Bowler,,,,,,,44.84014514896868,,44.84014514896868,,44.8,OTHER_T20/FRANCHISE
e824e6ee,TWM Latham,Wicketkeeper,New Zealand,,41.08117037137436,51.19959051389536,,,,44.87557792481974,,44.1575591985428,44.7,INTL_T20/FULL_MEMBER
3122c016,KI Simmonds,Bowler,,,,,,,44.73739495798319,,44.73739495798319,,44.7,OTHER_T20/FRANCHISE
1747ea18,DS Airee,All-rounder,Nepal,,37.416622587729975,46.251538547611055,,22.219932716568547,41.159474671669784,46.251538547611055,41.159474671669784,,44.7,OTHER_T20/FRANCHISE
c16d4035,SW Billings,Wicketkeeper,England,36.52073732718894,43.52335408002698,38.46772686578403,,,,38.563439946187714,,69.30176077717061,44.7,IPL/IPL
c38d3503,Shivam Mavi,Bowler,India,,,16.115386650658298,44.73887814313346,22.260124525651875,19.32739119666779,16.115386650658298,44.73887814313346,,44.7,IPL/IPL
3cf5ae43,Yasir Arafat,All-rounder,Pakistan,,36.93947913535014,17.144099606335253,,58.941012216404886,38.31326219512195,29.516211811969555,51.20560595842378,,44.7,INTL_T20/FULL_MEMBER
eba62359,ML Pettini,Batter,,,,44.63278795453924,,,,44.63278795453924,,,44.6,OTHER_T20/FRANCHISE
b215a7be,N Vimukthi,Bowler,,,,39.65314751017851,,,44.56932773109244,39.65314751017851,44.56932773109244,,44.6,OTHER_T20/FRANCHISE
310bddc0,Punit Bisht,Batter,,,,44.606460418562335,,,,44.606460418562335,,,44.6,OTHER_T20/SMAT
27c5715d,Khurram Shahzad,Bowler,,,,,,,44.60477941176472,,44.60477941176472,,44.6,OTHER_T20/FRANCHISE
5da34add,MG Hogan,Bowler,,,,30.09405339805825,,,44.62362911266201,30.09405339805825,44.62362911266201,,44.6,OTHER_T20/FRANCHISE
3c77ca9d,WJ Durston,Batter,,,,44.55078596302628,,,43.30341880341881,44.55078596302628,43.30341880341881,,44.6,OTHER_T20/FRANCHISE
6667067e,Syed Aziz,Wicketkeeper,Malaysia,,33.40598777428059,,,23.083056478405318,,33.40598777428059,23.083056478405318,89.2156862745098,44.6,INTL_T20/ASSOCIATE_FRINGE
b08e58e2,LR Morris,Bowler,,,,,,,44.470588235294116,,44.470588235294116,,44.5,OTHER_T20/FRANCHISE
9d50c7e1,MP Siboto,Bowler,,,,22.434769417475728,,,44.49845201238389,22.434769417475728,44.49845201238389,,44.5,OTHER_T20/FRANCHISE
0480aba6,Enamul Haque jnr,Bowler,,,,,,,44.53703703703704,,44.53703703703704,,44.5,OTHER_T20/FRANCHISE
6ef13460,A Balbirnie,Batter,Ireland,,38.85475474930714,53.96851201282626,,,,44.52241372312681,,,44.5,INTL_T20/FULL_MEMBER
d68e7f48,R Rampaul,Bowler,West Indies,,,38.078846719623414,,41.73300613496933,49.18347338935574,38.078846719623414,44.526931355364226,,44.5,INTL_T20/FULL_MEMBER
3d0ed2f9,JT Ball,Bowler,England,,,21.244559758955475,,,44.5068493150685,21.244559758955475,44.5068493150685,,44.5,OTHER_T20/FRANCHISE
57590dbb,PI Walter,All-rounder,,,,55.30211480362537,,,19.021263289555968,55.30211480362538,19.021263289555968,,44.4,OTHER_T20/FRANCHISE
782fb776,LV van Beek,All-rounder,Netherlands,,10.66953015802528,47.52848251010082,,26.121951219512198,37.10922081549059,47.52848251010082,37.10922081549059,,44.4,OTHER_T20/FRANCHISE
6dd8b88c,Usama Mir,All-rounder,Pakistan,,18.66727410700926,34.80445308943426,,16.03448275862069,48.54238037609383,34.80445308943426,48.54238037609383,,44.4,OTHER_T20/FRANCHISE
732c038e,KIC Asalanka,Batter,Sri Lanka,,41.92673479204092,48.42156680480007,,42.93333333333334,35.522727272727266,44.362296796825596,40.15435606060606,,44.4,INTL_T20/FULL_MEMBER
324a6ee1,OB Cox,Wicketkeeper,,,,33.140478510462586,,,,33.140478510462586,,89.34426229508196,44.4,OTHER_T20/FRANCHISE
e1e7f950,Akshay Karnewar,Bowler,,,,26.81318681318681,,,44.41411418769909,26.813186813186807,44.41411418769909,,44.4,OTHER_T20/SMAT
e35b7b91,Muhammad Naeem,Batter,,,,44.323708627613904,,,,44.323708627613904,,,44.3,OTHER_T20/FRANCHISE
1abb78f8,SN Thakur,Bowler,India,74.14850686037127,,,48.32184750733137,46.33500890560063,24.775510204081634,74.14850686037127,44.29318726141122,,44.3,IPL/IPL
4b2d6789,TS Chisoro,Bowler,Zimbabwe,,,,,44.333484016790436,,,44.333484016790436,,44.3,INTL_T20/FULL_MEMBER
478a63e7,C Campher,All-rounder,Ireland,,50.20540052901039,50.16993957703927,,24.03560209424084,41.162347560975604,50.192102672021214,30.458131644266373,,44.3,INTL_T20/FULL_MEMBER
53bc7b84,Aftab Ahmed,Batter,Bangladesh,,44.293978332073564,17.527020989553936,,,,44.293978332073564,,,44.3,INTL_T20/FULL_MEMBER
58431ca0,MADI Hemantha,All-rounder,Sri Lanka,,17.551569054168937,24.659723326442993,,18.20689655172414,52.74424119241191,24.659723326442993,52.74424119241191,,44.3,OTHER_T20/FRANCHISE
e30c9b2d,L Croospulle,Batter,Sri Lanka,,,44.33653369552066,,,,44.33653369552066,,,44.3,OTHER_T20/FRANCHISE
d2c2b2d5,SR Tendulkar,Batter,India,44.28310581688549,,,,,,44.28310581688549,,,44.3,IPL/IPL
9f7932a7,HD Ward,Batter,,,,44.33708861419706,,,,44.33708861419706,,,44.3,OTHER_T20/FRANCHISE
4751caa3,CBRLS Kumara,Bowler,Sri Lanka,,,,,50.8680981595092,33.100556438791735,,44.20527001424015,,44.2,INTL_T20/FULL_MEMBER
bd4ea627,Faheem Ashraf,All-rounder,Pakistan,,49.720328212468424,44.77259737078468,,37.54659685863875,32.125098347757664,47.86492914683702,35.51353491705834,,44.2,INTL_T20/FULL_MEMBER
c8a3f688,SN Netravalkar,Bowler,United States of America,,21.364160175523647,,,19.680951128367607,44.168592436974784,21.364160175523647,44.168592436974784,,44.2,OTHER_T20/FRANCHISE
45966141,GA Edwards,Bowler,,,,,,,44.101851851851855,,44.101851851851855,,44.1,OTHER_T20/FRANCHISE
cfe70281,VD Philander,All-rounder,South Africa,,15.411906008849748,53.92683567581768,,17.379310344827584,21.064760302775444,53.92683567581768,21.064760302775444,,44.1,OTHER_T20/FRANCHISE
18c78b11,RE Levi,Batter,South Africa,,45.225424660163895,42.1814189826238,,,,44.08392253108636,,,44.1,INTL_T20/FULL_MEMBER
8b248d88,R Frylinck,All-rounder,South Africa,,,43.29590920225361,,24.25626959247649,44.47776545947277,43.29590920225361,44.47776545947277,,44.1,OTHER_T20/FRANCHISE
c9945bdf,Simi Singh,All-rounder,Ireland,,23.98393730859067,28.027966742252453,,52.554638743455484,29.333333333333336,23.98393730859067,52.554638743455484,,44.0,INTL_T20/FULL_MEMBER
f92c9151,TC Bruce,Batter,New Zealand,,36.14940339354133,56.97326581749989,,,41.67929292929293,43.95835180252579,41.67929292929293,,44.0,INTL_T20/FULL_MEMBER
e4cdf230,AS Roy,All-rounder,,,,44.494232475598935,48.187211601845746,,21.28787878787879,44.494232475598935,42.80734503905236,,44.0,OTHER_T20/SMAT
aae9ce90,JF Mooney,Batter,Ireland,,43.99080459770116,,,70.05142857142859,,43.99080459770116,70.05142857142859,,44.0,INTL_T20/FULL_MEMBER
5724e517,Tanush Kotian,Bowler,,,,,,,44.04935064935064,,44.04935064935064,,44.0,OTHER_T20/SMAT
d2d4bb0a,TR Birt,Batter,Australia,,20.993460602534675,44.01031966694616,,,,44.01031966694616,,,44.0,OTHER_T20/FRANCHISE
a9520ac2,J Mubarak,Batter,Sri Lanka,,43.88593233926567,22.44603987971719,,,19.46048126630651,43.88593233926567,19.46048126630651,,43.9,INTL_T20/FULL_MEMBER
b970a03f,M Klinger,Batter,Australia,,26.62939259672154,43.81666794566802,,,,43.81666794566802,,,43.8,OTHER_T20/FRANCHISE
38c276e1,N McAndrew,All-rounder,,,,49.51922075216167,,,30.49461699695122,49.51922075216167,30.49461699695122,,43.8,OTHER_T20/FRANCHISE
055be93a,HTRY Thornton,Bowler,,,,,,,43.76143790849673,,43.76143790849673,,43.8,OTHER_T20/FRANCHISE
c03e2850,M Vohra,Batter,,44.061952198744656,,42.77345882620564,,,,43.804253524236856,,,43.8,IPL/IPL
5056011d,GJ Bailey,Batter,Australia,37.60900586649754,56.44812439261419,47.18504001863181,,,,43.75519062084685,,,43.8,IPL/IPL
e0407c01,IC Pandey,Bowler,,,,,46.58741258741259,,32.44897959183673,,43.75972598829742,,43.8,IPL/IPL
f76d7466,JN Malan,Batter,South Africa,,48.35227497314716,36.00681552741578,,,,43.722727680997885,,,43.7,INTL_T20/FULL_MEMBER
786b7fe8,Zahir Khan,Bowler,,,,16.56075316269491,,,43.742647058823536,16.56075316269491,43.742647058823536,,43.7,OTHER_T20/FRANCHISE
33155d1b,IR Bell,Batter,England,,28.178927300639383,43.70674412545094,,,,43.70674412545094,,,43.7,OTHER_T20/FRANCHISE
5318ee68,Nahid Rana,Bowler,Bangladesh,,,,,21.8959352860207,43.73529411764706,,43.73529411764706,,43.7,OTHER_T20/FRANCHISE
45d38a84,Al Islam,Bowler,,,,,,,43.55555555555555,,43.55555555555555,,43.6,OTHER_T20/FRANCHISE
85e0cf10,M Prasidh Krishna,Bowler,India,,,,49.312379110251456,16.80916684199309,20.920821114369502,,43.63406751107507,,43.6,IPL/IPL
b52ffbbd,FA Allen,All-rounder,West Indies,,48.98530468199667,45.43109458517313,,33.375624010714716,35.07637997432606,47.65247589568784,34.01340749706897,,43.6,INTL_T20/FULL_MEMBER
3b8679bf,Hunain Shah,Bowler,,,,,,,43.473684210526315,,43.473684210526315,,43.5,OTHER_T20/FRANCHISE
13c35c9e,TG Southee,Bowler,New Zealand,,73.05301679452623,46.2672457843638,41.675889328063235,55.615012630819194,30.532805429864254,63.00835266571532,43.489207569022376,,43.5,IPL/IPL
f21043a5,MDKJ Perera,Wicketkeeper,Sri Lanka,,49.42194130127298,41.51896119115946,,,,46.45832375998041,,31.64845173041894,43.5,INTL_T20/FULL_MEMBER
1f1b4c89,JC Tongue,Bowler,England,,,,,20.672346100523377,43.483859397417504,,43.483859397417504,,43.5,OTHER_T20/FRANCHISE
45df0e72,CJ Bowes,Batter,New Zealand,,41.004133190118154,47.46587481467595,,,,43.42728629932733,,,43.4,INTL_T20/FULL_MEMBER
a386e91b,PD Collingwood,All-rounder,England,,46.73639084230186,37.54491970106535,,47.41062079281974,36.82030129124821,43.28958916433817,43.43925097973042,,43.4,INTL_T20/FULL_MEMBER
c8179c68,SB Jakati,Bowler,,,,18.24118804385622,43.378787878787875,,24.157824158505008,18.24118804385622,43.378787878787875,,43.4,IPL/IPL
26d76ad9,Virat Singh,Batter,,,,43.35499663725916,,,,43.35499663725916,,,43.4,OTHER_T20/SMAT
151d88b3,RO Gordon,Bowler,,,,,,,43.42436974789916,,43.42436974789916,,43.4,OTHER_T20/FRANCHISE
b40ee8a8,PC de Silva,All-rounder,Sri Lanka,,,28.85699899295065,,22.11912225705329,49.65040650406504,28.856998992950654,49.65040650406504,,43.4,OTHER_T20/FRANCHISE
8f938a32,DJ Bell-Drummond,Batter,,,,43.389656841652325,,,,43.389656841652325,,,43.4,OTHER_T20/FRANCHISE
f655d740,CG Harrison,All-rounder,,,,23.172205438066463,,,52.016260162601625,23.172205438066463,52.016260162601625,,43.4,OTHER_T20/FRANCHISE
0a7c6649,HRC Came,Batter,,,,43.41102017399042,,,,43.41102017399042,,,43.4,OTHER_T20/FRANCHISE
6b71e6cf,KC Sangakkara,Wicketkeeper,Sri Lanka,28.291044361778912,50.32824658155171,38.651920013464164,,,,35.3544762644749,,75.45840922890103,43.4,IPL/IPL
9df3a2f4,ACR Birch,Bowler,,,,41.74246295350025,,,43.256302521008394,41.74246295350025,43.256302521008394,,43.3,OTHER_T20/FRANCHISE
7bf96684,OA Shah,Batter,England,45.88542513070815,45.90839002267573,28.533194000491754,,,,43.28833168416758,,,43.3,IPL/IPL
3b53243a,XC Bartlett,All-rounder,Australia,,35.654176493270086,35.376363357058736,,49.66239393392309,41.614964430894304,35.54999656719083,46.64460787028729,,43.3,INTL_T20/FULL_MEMBER
70d205c9,AT Rayudu,Batter,India,46.39146581048318,19.53640953593022,31.009126205819953,,,,43.31499788955054,,,43.3,IPL/IPL
23638956,SR Harmer,All-rounder,,,,44.955746563976,,,39.52047437905571,44.955746563976,39.52047437905571,,43.3,OTHER_T20/FRANCHISE
24d94623,Ankit Sharma,Bowler,,,,,46.234848484848484,,31.4025974025974,,43.268398268398265,,43.3,IPL/IPL
e1891e00,BV Sears,All-rounder,New Zealand,,,23.41012084592145,,55.834678164459504,44.974847560975604,23.41012084592145,51.76224168815304,,43.3,INTL_T20/FULL_MEMBER
86dc8f2e,JH Kallis,All-rounder,South Africa,42.452387861495595,52.78949995665833,35.196374622356494,41.9641181988743,43.83067675004848,38.43597560975609,43.948263899415416,41.901536448300114,,43.3,IPL/IPL
d1523761,D Ramdin,Wicketkeeper,West Indies,,41.1123000173898,23.63392502889475,,,,34.557909396704154,,77.55464480874318,43.2,INTL_T20/FULL_MEMBER
52c952d9,T Sangha,Bowler,Australia,,,,,20.94296397367568,43.15546218487395,,43.15546218487395,,43.2,OTHER_T20/FRANCHISE
a63dfe8a,JJG Sales,Bowler,,,,,,,43.188804554079695,,43.188804554079695,,43.2,OTHER_T20/FRANCHISE
0404d43c,Liton Das,Wicketkeeper,Bangladesh,,44.7718770924416,29.431666678988524,,,,39.01929818739669,,59.59319975713419,43.1,INTL_T20/FULL_MEMBER
f05fe9b1,JA Simpson,Wicketkeeper,,,,31.792787823119873,,,,31.792787823119873,,88.11475409836066,43.1,OTHER_T20/FRANCHISE
3581a798,RM Yates,Batter,,,,43.05890227576975,,,,43.05890227576975,,,43.1,OTHER_T20/FRANCHISE
93f25f4f,BR Hampton,All-rounder,,,,45.42993260515918,,,37.6078431372549,45.42993260515918,37.6078431372549,,43.1,OTHER_T20/FRANCHISE
58043739,TT Bresnan,All-rounder,England,,49.133980809482274,43.006728920626195,,29.38908002991773,42.578960617587825,46.83626135116125,34.33528525029401,,43.1,INTL_T20/FULL_MEMBER
d18f9182,DPMD Jayawardene,Batter,Sri Lanka,39.213696780938854,59.50100504718017,30.54355589967338,,,,42.98500271530936,,,43.0,IPL/IPL
8bdac857,JW Wells,Batter,,,,42.9696715812608,,,,42.9696715812608,,,43.0,OTHER_T20/FRANCHISE
4125d931,J Suchith,Bowler,,,,39.6,48.03787878787879,,22.945565073224646,39.6,43.01941604494795,,43.0,IPL/IPL
afa78c3a,CS Delport,All-rounder,,,,49.03183394875238,,,28.913062610007543,49.03183394875238,28.913062610007543,,43.0,OTHER_T20/FRANCHISE
c05f9d20,SSD Arachchige,Batter,,,,42.86587984591427,,,56.838383838383834,42.86587984591427,56.83838383838384,,42.9,OTHER_T20/FRANCHISE
bd17b45f,STR Binny,All-rounder,India,43.45157290362771,,27.27272727272727,47.04502814258912,16.69514106583072,32.11764705882353,40.21580377744762,44.059551925836,,42.9,IPL/IPL
caf69bf7,DR Sams,All-rounder,Australia,,,47.31347694732693,,26.385107620709714,42.64416766925516,47.31347694732693,32.482255138914255,,42.9,OTHER_T20/FRANCHISE
d3868bd0,JH Davey,All-rounder,Scotland,,27.47858371988628,44.446803298767044,,19.080459770114942,39.262195121951216,44.446803298767044,39.262195121951216,,42.9,OTHER_T20/FRANCHISE
542fd5a6,IA Cockbain,Batter,,,,42.88876991061301,,,,42.88876991061301,,,42.9,OTHER_T20/FRANCHISE
a2421394,AC Agar,All-rounder,Australia,,22.226002413184638,34.20257592622039,,60.615407629020204,31.974254742547426,26.717217480573048,49.87497529659291,,42.9,INTL_T20/FULL_MEMBER
a968d8eb,Dilbar Hussain,Bowler,,,,,,,42.87058823529411,,42.87058823529411,,42.9,OTHER_T20/FRANCHISE
c834c290,JL Smith,Wicketkeeper,England,,29.654204491161018,44.730488891067914,,,,44.730488891067914,,35.51912568306011,42.9,OTHER_T20/FRANCHISE
d86d276e,W Sahan,Bowler,,,,45.188973647711514,,,42.85813148788928,45.188973647711514,42.85813148788928,,42.9,OTHER_T20/FRANCHISE
641ac5ff,IS Sodhi,Bowler,New Zealand,,65.89391112032621,37.116145271485074,,48.76961894063769,32.85249554367202,55.102248927010784,42.80069766677556,,42.8,INTL_T20/FULL_MEMBER
9d80c5e1,S Nadeem,Bowler,,27.41496598639456,,,45.35828877005348,,32.81018981018981,27.41496598639456,42.848668978080745,,42.8,IPL/IPL
2f49c897,Mohammed Siraj,Bowler,India,43.699633699633694,,,45.535714285714285,40.08942331288343,36.680047225501774,43.699633699633694,42.84579148347469,,42.8,IPL/IPL
a457cfb5,Mayank Dagar,Bowler,,,,,,,42.82792207792208,,42.82792207792208,,42.8,OTHER_T20/SMAT
f59b3bd1,Waqas Maqsood,Bowler,Pakistan,,,,,,42.83333333333333,,42.83333333333333,,42.8,OTHER_T20/FRANCHISE
bc773eeb,JM Bird,Bowler,,,,29.625520110957005,,,42.84852941176471,29.625520110957005,42.84852941176471,,42.8,OTHER_T20/FRANCHISE
3d5d51a5,T Marumani,Batter,Zimbabwe,,42.804979555409844,,,,,42.804979555409844,,,42.8,INTL_T20/FULL_MEMBER
dabbd0ae,B Fernando,Bowler,Sri Lanka,,,,,34.35844053037799,56.55640913081649,,42.68267875554242,,42.7,INTL_T20/FULL_MEMBER
a879b92c,W Madhevere,All-rounder,Zimbabwe,,34.96811786543756,,,46.0,,34.96811786543756,46.0,,42.7,INTL_T20/FULL_MEMBER
5e3054d0,PG Dooley,Bowler,,,,,,,42.730550284629985,,42.730550284629985,,42.7,OTHER_T20/FRANCHISE
8dc152d1,D Jansen,All-rounder,South Africa,,,42.851208459214504,,22.909090909090907,42.324390243902435,42.851208459214504,42.324390243902435,,42.7,OTHER_T20/FRANCHISE
8cf9814c,Mohammed Shami,Bowler,India,54.62585034013605,,23.439499156361606,46.893227577791336,32.7079754601227,22.348588797221016,54.62585034013605,42.721094602006445,,42.7,IPL/IPL
35f4cf7e,Kamran Ghulam,Batter,,,,42.550193352258745,,,,42.550193352258745,,,42.6,OTHER_T20/FRANCHISE
5708d0b6,AV Wankhade,Batter,,,,42.58741713245808,,,,42.58741713245808,,,42.6,OTHER_T20/SMAT
9ca68676,AM Ghazanfar,Bowler,,,,,,,42.574229691876745,,42.574229691876745,,42.6,OTHER_T20/FRANCHISE
be768595,MJ Cosgrove,Batter,,,,42.61668100975329,,,,42.61668100975329,,,42.6,OTHER_T20/FRANCHISE
ca92a578,IA Karim,Wicketkeeper,Kenya,,28.277047522750255,,,,,28.277047522750255,,100.0,42.6,INTL_T20/ASSOCIATE_FRINGE
732f711b,MJ Hay,Batter,New Zealand,,43.065843621399175,41.9262048192771,,,,42.638479070603395,,,42.6,INTL_T20/FULL_MEMBER
dc9dd038,Sachin Baby,Batter,,,,42.58598726114649,,,,42.58598726114649,,,42.6,OTHER_T20/SMAT
fa433be6,M Labuschagne,All-rounder,Australia,,,43.85902617020441,,,39.17057124518613,43.85902617020441,39.17057124518613,,42.5,OTHER_T20/FRANCHISE
c03c6200,DJG Sammy,All-rounder,West Indies,40.54469621984299,64.91894100325197,33.5793411019997,,43.96820561637316,20.513568446495274,45.59345414801874,35.17271667766895,,42.5,IPL/IPL
ba377b40,GL van Buuren,All-rounder,,,,48.77643504531721,,,27.73491655969191,48.77643504531721,27.734916559691914,,42.5,OTHER_T20/FRANCHISE
f8fd6e3f,Ahmed Shehzad,Batter,Pakistan,,48.5816923582003,32.231110667158426,,,,42.450224224059596,,,42.5,INTL_T20/FULL_MEMBER
6eb146d2,Gurkeerat Singh,Batter,,44.27036231532418,,35.57781112199902,,,,42.53185207665914,,,42.5,IPL/IPL
4933f499,JP Behrendorff,Bowler,Australia,,,37.29398531849396,,42.38773006134969,42.64206074586697,37.29398531849396,42.483104068043666,,42.5,INTL_T20/FULL_MEMBER
dddca1d6,SB Wagh,Bowler,,,,,,,42.491145218417955,,42.491145218417955,,42.5,OTHER_T20/SMAT
a3ae63f4,GJ Snyman,Batter,South Africa,,,42.549948091686474,,,36.27777777777777,42.549948091686474,36.27777777777777,,42.5,OTHER_T20/FRANCHISE
9a2fc964,BC Fortuin,All-rounder,South Africa,,29.96512156477005,12.851208459214503,,55.88702121796638,41.5927337398374,23.54740415018672,50.526663413668004,,42.4,INTL_T20/FULL_MEMBER
81c08fa3,Umran Malik,Bowler,India,,,,42.44789356984479,21.326962587968747,25.86649089139202,,42.44789356984479,,42.4,IPL/IPL
b63ab531,LA Pomersbach,Batter,Australia,,,42.40274756797992,,,,42.40274756797992,,,42.4,OTHER_T20/FRANCHISE
22bd731a,DG Brownlie,Batter,New Zealand,,16.392808255343052,42.40257995646099,,,,42.40257995646099,,,42.4,OTHER_T20/FRANCHISE
4c0f3806,BA Raine,All-rounder,,,,29.534641651222422,,,47.948170731707314,29.534641651222422,47.948170731707314,,42.4,OTHER_T20/FRANCHISE
1d48795b,F Singh,Bowler,,,,,,,42.35185185185185,,42.35185185185185,,42.4,OTHER_T20/FRANCHISE
86f84b37,AM Tribe,Batter,Jersey,,30.952728182761184,42.37973250381688,,25.96716211545109,,42.37973250381688,25.96716211545109,,42.4,OTHER_T20/FRANCHISE
10b79140,TS Muyeye,Batter,,,,42.30857916227968,,,,42.30857916227968,,,42.3,OTHER_T20/FRANCHISE
a73321d3,A Shahzad,Bowler,England,,,,,18.86971492079659,42.27229601518027,,42.27229601518027,,42.3,OTHER_T20/FRANCHISE
78c12883,S Baker,Bowler,England,,,,,,42.34271099744245,,42.34271099744245,,42.3,OTHER_T20/FRANCHISE
f079e8fe,Jay Bista,Batter,,,,42.33149454049136,,,,42.33149454049136,,,42.3,OTHER_T20/SMAT
b2a55ac1,Utkarsh Singh,Bowler,,,,,,,42.29970029970029,,42.29970029970029,,42.3,OTHER_T20/SMAT
a9da7784,KJ Abbott,Bowler,South Africa,,,50.81451794987581,,52.36985100788782,25.434468524251805,50.81451794987581,42.269082576524305,,42.3,INTL_T20/FULL_MEMBER
28c78fb3,Harpreet Singh,Batter,United Arab Emirates,,,42.24601910828026,,,,42.24601910828026,,,42.2,OTHER_T20/SMAT
1a156c88,DJM Short,All-rounder,Australia,,43.58715451166566,54.671989641778154,,,29.39286394817073,47.74396768545785,29.39286394817073,,42.2,INTL_T20/FULL_MEMBER
5d096f3d,RR Powar,Bowler,,,,,42.15964523281596,,,,42.15964523281596,,42.2,IPL/IPL
dec8e038,J Theron,All-rounder,United States of America,,,13.344842468709539,,60.80596053161497,44.31994261119081,13.344842468709537,54.62370381145591,,42.2,INTL_T20/FULL_MEMBER
25eeb281,PC Valthaty,Batter,,42.24126171742855,,,,,,42.24126171742855,,,42.2,IPL/IPL
7dfb8890,S Muthusamy,All-rounder,South Africa,,18.230468936270974,20.577794561933537,,19.59549071618037,51.47855340622372,20.577794561933537,51.47855340622372,,42.2,OTHER_T20/FRANCHISE
4167f30b,IG Holland,Bowler,United States of America,,23.826158483382237,45.377562028047464,,28.546259869656247,42.15126050420168,45.377562028047464,42.15126050420168,,42.2,OTHER_T20/FRANCHISE
a8ffcd4f,THS Rew,Batter,,,,42.109380833993576,,,,42.109380833993576,,,42.1,OTHER_T20/FRANCHISE
45f56920,JD Cook,Bowler,,,,,,,42.141868512110726,,42.141868512110726,,42.1,OTHER_T20/FRANCHISE
818c9e0d,KR Brown,Batter,,,,42.05268337472933,,,,42.05268337472933,,,42.1,OTHER_T20/FRANCHISE
e0557f7f,DE Bernard,Bowler,West Indies,,,,,,42.076923076923066,,42.076923076923066,,42.1,OTHER_T20/FRANCHISE
42a5c1c7,JH Wharton,Batter,,,,42.0896983108687,,,,42.0896983108687,,,42.1,OTHER_T20/FRANCHISE
9061a703,J Little,Bowler,Ireland,,56.9435099289025,32.48143917761279,,43.50992421508481,39.611640430820216,47.77023339716885,42.04806779598558,,42.0,INTL_T20/FULL_MEMBER
5bdcdb72,TM Dilshan,All-rounder,Sri Lanka,43.728411536630716,53.31048529134835,36.82057007749901,33.99390243902439,38.774869109947645,30.810728411338165,45.08775375644037,34.711668002602266,,42.0,IPL/IPL
342d8ade,CRD Fernando,Bowler,Sri Lanka,,,,,41.97382413087935,,,41.97382413087935,,42.0,INTL_T20/FULL_MEMBER
f7d267f7,NP Kenjige,Bowler,United States of America,,14.348556872107801,,,27.083338416086264,41.955882352941174,14.348556872107801,41.955882352941174,,42.0,OTHER_T20/FRANCHISE
dda5aae5,JK Fuller,All-rounder,,,,46.92162035658056,,,30.584349593495936,46.92162035658056,30.584349593495936,,42.0,OTHER_T20/FRANCHISE
75de770f,T Taibu,Batter,Zimbabwe,,41.854625982946786,,,,,41.854625982946786,,,41.9,INTL_T20/FULL_MEMBER
7955eb15,RK Kleinveldt,All-rounder,South Africa,,,43.69537466490788,,21.458128078817733,37.639918304522844,43.69537466490788,37.639918304522844,,41.9,OTHER_T20/FRANCHISE
f54dbda7,WMH Rhodes,All-rounder,,,,34.96097683786505,,,44.91951219512195,34.96097683786505,44.91951219512195,,41.9,OTHER_T20/FRANCHISE
961b8ff1,TP Alsop,Wicketkeeper,,,,40.44730514469412,,,,40.44730514469412,,47.540983606557376,41.9,OTHER_T20/FRANCHISE
0bf15e52,Harmeet Singh (2),All-rounder,United States of America,,25.615754332918833,24.532018245364604,,24.45114942528736,49.289365136298414,24.532018245364604,49.289365136298414,,41.9,OTHER_T20/FRANCHISE
8919756f,Mosaddek Hossain,All-rounder,Bangladesh,,30.833522115141957,23.385364216179923,,59.39389781549017,28.252490553074544,28.04046290303119,47.7158700920843,,41.8,INTL_T20/FULL_MEMBER
4b31f3a3,Yash Thakur,Bowler,India,,,,40.432432432432435,,47.43934114665822,,41.83381417527759,,41.8,IPL/IPL
486065b3,Hassan Khan,All-rounder,,,,50.768356020231515,,,20.71326370441922,50.768356020231515,20.71326370441922,,41.8,OTHER_T20/FRANCHISE
f836b33d,T Kohler-Cadmore,Wicketkeeper,,,,38.244972062087115,,,,38.244972062087115,,56.147540983606554,41.8,OTHER_T20/FRANCHISE
709b0bac,SS Tiwary,Batter,,44.27892272821518,,31.99197995960851,,,,41.82153417449384,,,41.8,IPL/IPL
56b93d46,BJ Webster,All-rounder,,,,47.22873196487562,,,28.909030982201713,47.22873196487562,28.909030982201713,,41.7,OTHER_T20/FRANCHISE
7671203a,M Montgomery,All-rounder,Germany,,,46.16366288155016,,,31.438245978204463,46.16366288155016,31.43824597820446,,41.7,OTHER_T20/FRANCHISE
cc1e8c68,UT Yadav,Bowler,India,59.0702947845805,,26.878738227167958,41.745677635248185,20.76740253641532,19.502097448650638,59.0702947845805,41.745677635248185,,41.7,IPL/IPL
a7bc76a0,E Leie,Bowler,South Africa,,,,,,41.66577540106951,,41.66577540106951,,41.7,OTHER_T20/FRANCHISE
25a42048,T Westley,Batter,,,,41.559134497172366,,,37.357142857142854,41.559134497172366,37.357142857142854,,41.6,OTHER_T20/FRANCHISE
11df3dc8,MJ Lumb,Batter,England,,47.685933527696804,31.554041015521655,,,,41.636473835631115,,,41.6,INTL_T20/FULL_MEMBER
7c3b3b78,VG Arora,Bowler,,,,,43.43540669856459,,34.27792207792207,,41.60390977443608,,41.6,IPL/IPL
eb2d5fe7,Anwar Ali,All-rounder,Pakistan,,51.68140582452301,40.69540353905912,,33.00352213231795,18.939525559639158,47.56165496747405,27.7295234175634,,41.6,INTL_T20/FULL_MEMBER
e3bc992b,WAR Fraine,Batter,,,,41.625624948774686,,,,41.625624948774686,,,41.6,OTHER_T20/FRANCHISE
bb34fd31,Shoriful Islam,Bowler,Bangladesh,,47.90611345328327,27.554611650485434,,39.332822085889575,45.10110294117647,40.27430027723408,41.49592740662216,,41.5,INTL_T20/FULL_MEMBER
6287d981,MJ Ackerman,Batter,,,,41.528091959675436,,,,41.528091959675436,,,41.5,OTHER_T20/FRANCHISE
edb3d4f8,KC Cariappa,Bowler,,,,,,,41.54299754299754,,41.54299754299754,,41.5,OTHER_T20/SMAT
3204c99f,G Coetzee,All-rounder,South Africa,,50.790020600202006,19.920065458207453,,40.09762384212647,46.43708425720621,39.213787421954045,42.47492149778137,,41.5,INTL_T20/FULL_MEMBER
dd572696,Haider Ali,Bowler,United Arab Emirates,,25.09342135529105,,,28.45719882290296,41.52321981424148,25.09342135529105,41.52321981424148,,41.5,OTHER_T20/FRANCHISE
c8ad0749,AK Perera,Batter,Sri Lanka,,21.249274230852436,41.53510281728416,,,,41.53510281728416,,,41.5,OTHER_T20/FRANCHISE
f3b26fe4,Kashif Ali,Batter,,,,41.40422707780273,,,,41.40422707780273,,,41.4,OTHER_T20/FRANCHISE
0ebb3444,L Scott,Batter,,,,41.352246922865525,,,32.214285714285715,41.352246922865525,32.214285714285715,,41.4,OTHER_T20/FRANCHISE
3fca55af,S Sohal,Batter,United States of America,41.37614407156186,27.132697295193246,,,,,41.37614407156186,,,41.4,IPL/IPL
7ed9fd56,WU Tharanga,Batter,Sri Lanka,,44.97896987366375,35.42338287389922,,,,41.395624748752056,,,41.4,INTL_T20/FULL_MEMBER
efe3fcc5,R Vasconcelos,Batter,,,,41.35007014854135,,,,41.35007014854135,,,41.4,OTHER_T20/FRANCHISE
c41043e6,BR McDermott,Wicketkeeper,Australia,,27.814887765720233,49.448828631155116,,,,35.92761559025831,,62.9143897996357,41.3,INTL_T20/FULL_MEMBER
29e95537,AM Rahane,Batter,India,45.83352078679597,31.307914911996544,40.03275705186533,,,,41.33200475785652,,,41.3,IPL/IPL
7b5235a6,Pappu Roy,Bowler,,,,,,,41.31428571428571,,41.31428571428571,,41.3,OTHER_T20/SMAT
18e6906e,A Choudhary,Bowler,,,,,,,41.2708719851577,,41.2708719851577,,41.3,OTHER_T20/SMAT
59559bc2,J Overton,All-rounder,England,,24.623348906444757,49.411777968165225,,58.04188481675392,21.90319565604415,33.91900980458993,44.489876381487754,,41.3,INTL_T20/FULL_MEMBER
0164b064,MG Neser,All-rounder,,,,37.799004798293936,,,42.77512195121951,37.799004798293936,42.77512195121951,,41.3,OTHER_T20/FRANCHISE
73c18486,KR Mayers,All-rounder,West Indies,,58.063029031543515,39.13170675742858,,18.106615897191812,20.19822329688814,50.96378317875041,18.890968672077932,,41.3,INTL_T20/FULL_MEMBER
e1b9f3a9,BJ Dwarshuis,All-rounder,Australia,,23.747513595991737,46.58115428690489,,43.675392670157066,47.64370553861788,32.310128855084166,45.16350999582987,,41.3,INTL_T20/FULL_MEMBER
ede05b97,HG Kuhn,Batter,South Africa,,23.731237664577208,41.34145967416901,,,,41.34145967416901,,,41.3,OTHER_T20/FRANCHISE
782c0568,JC Hildreth,Batter,,,,41.23178013590708,,,,41.23178013590708,,,41.2,OTHER_T20/FRANCHISE
2e966563,RM Hira,Bowler,New Zealand,,,,,36.39146947122407,49.12241653418124,,41.165574619833,,41.2,INTL_T20/FULL_MEMBER
be8b147b,C Seleka,Bowler,,,,,,,41.18643263757116,,41.18643263757116,,41.2,OTHER_T20/FRANCHISE
7c18b36c,M Marais,Batter,,,,41.09381496300601,,,,41.09381496300601,,,41.1,OTHER_T20/FRANCHISE
0184dc35,R Dravid,Batter,India,41.12003052384301,,,,,,41.12003052384301,,,41.1,IPL/IPL
bf1d7d3e,Mahmudullah,All-rounder,Bangladesh,,41.45928825935865,43.49538317518403,,38.98705016899728,37.358695652173914,42.22282385279316,38.37641722518851,,41.1,INTL_T20/FULL_MEMBER
81049310,J Yadav,Bowler,,,,,44.5974025974026,,27.260330578512395,,41.129988193624555,,41.1,IPL/IPL
4b57e452,M Vijay,Batter,India,41.061211515756966,25.03392534584755,26.9047842900495,,,,41.061211515756966,,,41.1,IPL/IPL
97da28bd,WT Smale,Batter,,,,41.01064817370273,,,,41.01064817370273,,,41.0,OTHER_T20/FRANCHISE
4d7f517e,AJ Hosein,All-rounder,West Indies,,40.179657311839854,17.72270760186168,,45.68927214865004,43.55969606975862,31.75830117059804,44.89068111906576,,41.0,INTL_T20/FULL_MEMBER
d3611425,LI Meriwala,Bowler,,,,,,,41.03376623376624,,41.03376623376624,,41.0,OTHER_T20/SMAT
6ed11905,M Nabe,Bowler,,,,,,,41.022058823529406,,41.022058823529406,,41.0,OTHER_T20/FRANCHISE
e84ac20c,MJ Henry,All-rounder,New Zealand,,26.0731153097734,38.95041150119803,,48.148691099476444,40.32075368050978,30.902101381557635,45.21321456736395,,40.9,INTL_T20/FULL_MEMBER
51a60c16,CJ Boyce,All-rounder,Australia,,,23.53630586519429,,25.275862068965516,48.28628858191236,23.53630586519429,48.28628858191236,,40.9,OTHER_T20/FRANCHISE
23cca426,OF Smith,All-rounder,West Indies,,55.44903980046605,29.79364022735419,,36.34949183862027,17.86982865081815,45.8282649605491,29.419618143194473,,40.9,INTL_T20/FULL_MEMBER
c374f37f,JWA Taylor,Batter,,,,40.82001972019184,,,,40.82001972019184,,,40.8,OTHER_T20/FRANCHISE
88a004e9,AM Lilley,All-rounder,,,,45.15558912386707,,,30.701623567440496,45.15558912386707,30.701623567440492,,40.8,OTHER_T20/FRANCHISE
8abdf100,CJ Anderson,All-rounder,New Zealand,45.50659447919722,54.012483255809386,34.706316307173466,29.47923533289387,27.309618548990276,27.539972899729,46.0130249475467,28.645941771943242,,40.8,IPL/IPL
05f96194,MA Jones,Batter,Scotland,,33.85583461070959,40.79697143552565,,,,40.79697143552565,,,40.8,OTHER_T20/FRANCHISE
27af6414,BJ Rohrer,Batter,Australia,,,40.822274971156205,,,,40.822274971156205,,,40.8,OTHER_T20/FRANCHISE
23ac69e6,RJ Quiney,Batter,,,,40.81563572072546,,,,40.81563572072546,,,40.8,OTHER_T20/FRANCHISE
5fed6272,CN Miles,Bowler,,,,19.487349220358926,,,40.82051282051282,19.487349220358926,40.82051282051282,,40.8,OTHER_T20/FRANCHISE
7081848a,GH Roderick,Batter,,,,40.72960175131071,,,,40.72960175131071,,,40.7,OTHER_T20/FRANCHISE
58be5e46,JA Chohan,Bowler,,,,32.10471567267684,,,40.6953125,32.10471567267684,40.6953125,,40.7,OTHER_T20/FRANCHISE
ba9258a7,TB Abell,Batter,,,,40.70973482306951,,,,40.70973482306951,,,40.7,OTHER_T20/FRANCHISE
e87aeca2,J Hermann,Batter,South Africa,,24.797324602555257,40.696984118171166,,,,40.696984118171166,,,40.7,OTHER_T20/FRANCHISE
e03b66ec,Mohammad Asif,Bowler,Pakistan,,,,,40.70636099451082,,,40.70636099451082,,40.7,INTL_T20/FULL_MEMBER
69c994e4,SHA Rance,Bowler,New Zealand,,17.951805661982867,,,20.670320583504605,40.74999999999999,17.951805661982867,40.74999999999999,,40.7,OTHER_T20/FRANCHISE
bca21d18,DI Stevens,All-rounder,,,,47.03250338576936,,,25.777509926262056,47.03250338576936,25.777509926262056,,40.7,OTHER_T20/FRANCHISE
4a36c370,N Madziva,Bowler,Zimbabwe,,,,,40.649325153374235,,,40.649325153374235,,40.6,INTL_T20/FULL_MEMBER
bdc0670a,LBK Hollman,All-rounder,,,,40.87791007641727,,,39.84257206208425,40.87791007641727,39.84257206208425,,40.6,OTHER_T20/FRANCHISE
2bb09eb2,Mohammad Ashraful,Batter,Bangladesh,,48.95937803692907,26.763462011310544,,,,40.63590952732211,,,40.6,INTL_T20/FULL_MEMBER
fb24e76c,Monu Kumar,Bowler,,,,,,,40.542319749216304,,40.542319749216304,,40.5,OTHER_T20/SMAT
a1d95bd8,LB Williams,Bowler,South Africa,,26.447854032759693,18.928571428571427,,36.66621222449444,46.94570135746606,23.62812305618909,40.52102064935879,,40.5,INTL_T20/FULL_MEMBER
21b97584,Mrittunjoy Chowdhury,Bowler,Bangladesh,,,,,,40.46224165341812,,40.46224165341812,,40.5,OTHER_T20/FRANCHISE
ee0c05c0,NA Sowter,Bowler,,,,32.935081872192434,,,40.47996037793356,32.935081872192434,40.47996037793356,,40.5,OTHER_T20/FRANCHISE
b56dc5f7,BE Hendricks,Bowler,South Africa,,,25.85436893203883,,40.83662803908203,40.023847376788545,25.85436893203883,40.53183529072197,,40.5,INTL_T20/FULL_MEMBER
9a963804,LE Plunkett,All-rounder,England,,,32.21906285172679,,48.33695612926521,37.080011897679945,32.21906285172679,44.11560204242073,,40.5,INTL_T20/FULL_MEMBER
dded65e7,IR Jaggi,Batter,,,,40.47534396473283,,,,40.47534396473283,,,40.5,OTHER_T20/SMAT
ccc04a61,Rajat Dey,Batter,,,,40.48813437435792,,,,40.48813437435792,,,40.5,OTHER_T20/SMAT
ef18b66e,Taskin Ahmed,All-rounder,Bangladesh,,26.533335724598043,12.904369044852428,,49.60250848627813,47.195012085255996,21.422473219693437,48.69969733589483,,40.5,INTL_T20/FULL_MEMBER
26a85969,R Dhawan,All-rounder,India,37.50083981479761,,31.74948240165631,43.888091822094694,,34.95238095238095,36.35056833216935,42.100949648151946,,40.4,IPL/IPL
574665e2,Mohammad Asghar,Bowler,,,,,,,40.409007352941174,,40.409007352941174,,40.4,OTHER_T20/FRANCHISE
afe7d695,JM Tashkoff,Batter,,,,40.359919268912385,,,,40.359919268912385,,,40.4,OTHER_T20/FRANCHISE
765a4731,Mukesh Choudhary,Bowler,,,,22.776656583903787,40.32167832167832,,22.515066917547163,22.776656583903787,40.32167832167832,,40.3,IPL/IPL
8f607eea,NA Rathva,Bowler,,,,30.771428571428572,,,40.32046332046332,30.771428571428572,40.32046332046332,,40.3,OTHER_T20/SMAT
663b5e34,PN Mankad,Batter,,,,40.32821796038357,,,28.07142857142857,40.32821796038357,28.07142857142857,,40.3,OTHER_T20/SMAT
4d6d6280,Salman Butt,Batter,Pakistan,,40.296704980842904,18.641233766233764,,,,40.296704980842904,,,40.3,INTL_T20/FULL_MEMBER
3540beff,SNJ O'Keefe,All-rounder,Australia,,20.88580916315467,13.773288016112792,,18.20344827586207,51.60569105691057,13.77328801611279,51.60569105691057,,40.3,OTHER_T20/FRANCHISE
9489623e,Asif Afridi,Bowler,,,,,,,40.319734345351044,,40.319734345351044,,40.3,OTHER_T20/FRANCHISE
8c7d6cbe,MW Machan,Batter,Scotland,,33.204976456321646,40.30629971237584,,20.830200390504576,,40.30629971237584,20.830200390504576,,40.3,OTHER_T20/FRANCHISE
fdf7491e,IC Porel,Bowler,,,,,,,40.2140762463343,,40.2140762463343,,40.2,OTHER_T20/SMAT
55f33b32,JL Ontong,Batter,South Africa,,52.00816326530612,20.438866379448584,,,,40.16967693310954,,,40.2,INTL_T20/FULL_MEMBER
a1d053dd,SS Cottrell,Bowler,West Indies,,32.74401594212915,39.44174757281553,,41.51345937147865,38.090036014405754,35.25566530363654,40.229675612576315,,40.2,INTL_T20/FULL_MEMBER
a82eb3fb,TP Ura,Batter,Papua New Guinea,,40.16553124037389,,,,,40.16553124037389,,,40.2,INTL_T20/ASSOCIATE_FRINGE
e871a7a1,BW Sanderson,Bowler,,,,36.699029126213595,,,40.195736434108525,36.699029126213595,40.195736434108525,,40.2,OTHER_T20/FRANCHISE
1cb14aa4,CJ Dala,Bowler,South Africa,,,38.180347160929685,,42.92706203135651,35.699060036385696,38.180347160929685,40.216561283242456,,40.2,INTL_T20/FULL_MEMBER
5fa06777,IK Pathan,All-rounder,India,33.62407347241007,50.60682185120611,46.4710666976528,37.57674516400337,54.37151832460732,27.448283649503157,39.79680955089549,40.256169226979324,,40.1,IPL/IPL
9d704f6f,SZ Mulani,Bowler,,,,,,,40.0747545137789,,40.0747545137789,,40.1,OTHER_T20/SMAT
a9fd84fb,M Markande,Bowler,India,,,,42.59504132231405,,30.121212121212118,,40.10027548209367,,40.1,IPL/IPL
a55e0360,CP Savage,Batter,,,,40.10999580555114,,,33.6,40.10999580555114,33.6,,40.1,OTHER_T20/FRANCHISE
99d7d5b7,Akif Javed,Bowler,,,,33.165048543689316,,,40.05128205128206,33.165048543689316,40.05128205128206,,40.1,OTHER_T20/FRANCHISE
0ecb4de6,Rehan Ahmed,All-rounder,England,,,34.29806517966188,,46.49130890052356,35.62027299172074,34.29806517966188,42.414670434722495,,40.0,INTL_T20/FULL_MEMBER
e5218454,JB Lintott,Bowler,,,,38.793027360988525,,,40.012737378415935,38.793027360988525,40.012737378415935,,40.0,OTHER_T20/FRANCHISE
66b30f71,AB Dinda,Bowler,India,,,,44.015151515151516,25.643393940307696,23.972621972621972,,40.006645606645606,,40.0,IPL/IPL
eef2536f,Avesh Khan,Bowler,India,,,,42.62230552952202,38.83918464278646,31.722488038277515,,40.041552684151455,,40.0,IPL/IPL
72861603,GC Smith,Batter,South Africa,34.631347426158754,52.847040461008724,20.480022396957878,,,,39.98890420111463,,,40.0,IPL/IPL
d8417b91,JT Todd,Batter,,,,39.988580171024225,,,,39.988580171024225,,,40.0,OTHER_T20/FRANCHISE
d12143bf,JM Anderson,Bowler,England,,,,,37.3414224039991,44.45008912655971,,40.00717242495932,,40.0,INTL_T20/FULL_MEMBER
149d0c18,PF Younghusband,Bowler,,,,32.74655084312723,,,40.015948632974315,32.74655084312723,40.015948632974315,,40.0,OTHER_T20/FRANCHISE
249abedf,Jalaj S Saxena,Bowler,,,,,,,39.97402597402598,,39.97402597402598,,40.0,OTHER_T20/SMAT
d07c1b2f,Saud Shakeel,Batter,,,,39.88364908114289,,,48.55,39.88364908114289,48.55,,39.9,OTHER_T20/FRANCHISE
673314ef,Rohan Kadam,Batter,,,,39.910836149746515,,,,39.910836149746515,,,39.9,OTHER_T20/SMAT
2728e7e9,P Dogra,Batter,,,,39.87876034754433,,,,39.87876034754433,,,39.9,OTHER_T20/SMAT
817c1746,Elias Sunny,Bowler,Bangladesh,,,,,24.685719337464867,39.90740740740741,,39.90740740740741,,39.9,OTHER_T20/FRANCHISE
f3cb53a1,MV Boucher,Wicketkeeper,South Africa,42.32961435847683,29.11557006315071,22.20019436345967,,,,38.443130742204445,,45.541204393663406,39.9,IPL/IPL
48ad3373,BM Tickner,Bowler,New Zealand,,,,,37.87239263803681,43.24981844589687,,39.88892731598433,,39.9,INTL_T20/FULL_MEMBER
6f02fe2a,Waseem Muhammad,Batter,United Arab Emirates,,37.88237009845903,39.87598557495287,,16.43555903812558,,39.87598557495287,16.43555903812558,,39.9,OTHER_T20/FRANCHISE
1cfac535,CP Wood,Bowler,,,,44.423186750428336,,,39.832545078332835,44.423186750428336,39.832545078332835,,39.8,OTHER_T20/FRANCHISE
8d5d991e,Qais Ahmad,All-rounder,,,,25.054014464890592,,,46.115901295731696,25.054014464890592,46.115901295731696,,39.8,OTHER_T20/FRANCHISE
c18496e1,Bipul Sharma,All-rounder,,,,25.527950310559007,48.491208167895635,,35.41935483870968,25.527950310559007,45.87683750205844,,39.8,IPL/IPL
58c2fac4,A Athanaze,Batter,West Indies,,51.07075324675325,20.98403819359069,,,,39.788235101817286,,,39.8,INTL_T20/FULL_MEMBER
ed12fcd7,BWM Mike,All-rounder,,,,46.66360173387626,,,23.84290757381258,46.66360173387626,23.84290757381258,,39.8,OTHER_T20/FRANCHISE
70542bef,HJH Marshall,Batter,New Zealand,,,39.76705188099336,,,,39.76705188099336,,,39.8,OTHER_T20/FRANCHISE
ff077124,Kamran Akmal,Wicketkeeper,Pakistan,,30.39897631414512,39.994588453775684,,,,33.99733086650658,,62.89617486338798,39.8,INTL_T20/FULL_MEMBER
7a6dc294,JC Silk,Batter,,,,39.800466503014405,,,,39.800466503014405,,,39.8,OTHER_T20/FRANCHISE
aceb7654,JDF Vandersay,Bowler,Sri Lanka,,,,,31.83764417177914,52.89984101748808,,39.73596798891999,,39.7,INTL_T20/FULL_MEMBER
1c06d60a,MD Rae,Bowler,,,,,,,39.72321428571428,,39.72321428571428,,39.7,OTHER_T20/FRANCHISE
cb461421,Divyang Hinganekar,Bowler,,,,,,,39.69995521719659,,39.69995521719659,,39.7,OTHER_T20/SMAT
10a91f35,Shoaib Akhtar,Bowler,Pakistan,,,,,39.67852760736197,,,39.67852760736197,,39.7,INTL_T20/FULL_MEMBER
8479a24a,KK Jennings,Batter,,,,39.67146337104859,,,43.67521367521367,39.67146337104859,43.67521367521367,,39.7,OTHER_T20/FRANCHISE
cb9b8664,W O'Rourke,Bowler,New Zealand,,,,,21.332083021800557,39.68166089965398,,39.68166089965398,,39.7,OTHER_T20/FRANCHISE
b11d8647,Ashwin Hebbar,Batter,,,,39.716029723991504,,,,39.716029723991504,,,39.7,OTHER_T20/SMAT
e01aafc1,AN Petersen,Batter,South Africa,,,39.74246034101218,,,,39.74246034101218,,,39.7,OTHER_T20/FRANCHISE
03df7a25,DA Douthwaite,All-rounder,,,,43.436731539380304,,,31.104621309370984,43.436731539380304,31.104621309370984,,39.7,OTHER_T20/FRANCHISE
e734d090,CN Ackermann,All-rounder,Netherlands,,26.072847994421394,44.96623422783011,,17.058429118773944,27.39824070371851,44.96623422783011,27.39824070371851,,39.7,OTHER_T20/FRANCHISE
ee1b6c27,N Thushara,Bowler,Sri Lanka,,,19.18284789644013,,37.204767747589834,43.56927244582043,19.18284789644013,39.5914570094263,,39.6,INTL_T20/FULL_MEMBER
50ceaef6,P Kurup,Wicketkeeper,Bahrain,,26.48133815600954,,,,,26.48133815600954,,92.15686274509804,39.6,INTL_T20/ASSOCIATE_FRINGE
30f92334,ZGF Foulkes,All-rounder,New Zealand,,49.62064891238022,23.966401171839237,,33.75714027802853,46.600897376898295,40.000306009677345,38.57354919010469,,39.6,INTL_T20/FULL_MEMBER
8716233e,ZE Green,Wicketkeeper,Namibia,,25.205994618845686,,,,,25.205994618845686,,97.05882352941177,39.6,INTL_T20/ASSOCIATE_FRINGE
4531f249,RK Patel,Batter,,,,39.57215710916227,,,,39.57215710916227,,,39.6,OTHER_T20/FRANCHISE
1bae756b,ADS Fletcher,Wicketkeeper,West Indies,,23.249243951612904,41.66249381719918,,,,30.154212651207757,,77.54098360655738,39.6,INTL_T20/FULL_MEMBER
5fef85ee,R Mutumbami,Wicketkeeper,Zimbabwe,,36.67637805742645,,,,,36.67637805742645,,51.11111111111111,39.6,INTL_T20/FULL_MEMBER
fdedb37c,SM Katich,Batter,Australia,,,39.634807451379864,,,,39.634807451379864,,,39.6,OTHER_T20/FRANCHISE
d3cc2954,S Simetu,Bowler,,,,,,,39.46296296296296,,39.46296296296296,,39.5,OTHER_T20/FRANCHISE
5a22d91c,EMDY Munaweera,All-rounder,Sri Lanka,,52.24067191122259,26.31028309276043,,,32.34242618741977,42.516776104299275,32.34242618741977,,39.5,INTL_T20/FULL_MEMBER
a6c17509,TE Albert,Batter,,,,39.46187618648893,,,,39.46187618648893,,,39.5,OTHER_T20/FRANCHISE
0b7363da,Mehedi Hasan Rana,Bowler,,,,23.999653259361995,,,39.466063348416284,23.999653259361995,39.466063348416284,,39.5,OTHER_T20/FRANCHISE
e7de4f6b,RR Emrit,All-rounder,West Indies,,17.12981280278901,21.073549328055005,,16.258620689655174,47.35255234189509,21.073549328055005,47.35255234189509,,39.5,OTHER_T20/FRANCHISE
f986ca1a,HV Patel,All-rounder,India,23.9600412545618,45.99369802112882,31.495719321806277,48.37248923959828,37.83560209424083,31.805555555555557,30.598807156290228,43.253227400652506,,39.5,IPL/IPL
80ffea17,Upendra Yadav,Wicketkeeper,,,,29.587471352177232,,,,29.587471352177236,,78.57142857142857,39.4,OTHER_T20/SMAT
42537f07,JA Rudolph,Batter,South Africa,,,39.367230384565026,,,31.299999999999997,39.367230384565026,31.299999999999997,,39.4,OTHER_T20/FRANCHISE
cc8531c2,Vishal Kushwah,Batter,,,,39.39969721690565,,,,39.39969721690565,,,39.4,OTHER_T20/SMAT
acc1aeda,SP Jackson,Wicketkeeper,,,,33.752186588921276,,,,33.752186588921276,,61.7096018735363,39.3,OTHER_T20/SMAT
a63775d6,Rahat Ali,Bowler,,,,,,,39.26934984520124,,39.26934984520124,,39.3,OTHER_T20/FRANCHISE
1c17e270,RV Uthappa,Wicketkeeper,India,39.93314727072111,40.0022465437788,34.8783185840708,,,,39.192197785987986,,39.97267759562842,39.3,IPL/IPL
cf9d3356,Chetan Bist,Wicketkeeper,,,,30.43394536497984,,,,30.433945364979845,,75.0,39.3,OTHER_T20/SMAT
01ada0ed,A Nagwaswalla,Bowler,,,,,,,39.28571428571428,,39.28571428571428,,39.3,OTHER_T20/SMAT
6c7a68d0,Shubham Ranjane,All-rounder,United States of America,,29.21510602595071,43.15858550839482,,20.32758620689655,30.168098669623056,43.15858550839482,30.168098669623056,,39.3,OTHER_T20/FRANCHISE
a81d6706,C Jonker,Batter,South Africa,,,39.22599750876121,,,,39.22599750876121,,,39.2,OTHER_T20/FRANCHISE
9c643d7b,JM Coles,All-rounder,,,,45.00255031977086,,,25.733536585365854,45.00255031977086,25.733536585365854,,39.2,OTHER_T20/FRANCHISE
70d57519,AAP Atkinson,Bowler,England,,,37.16402657128257,,20.920680613740707,39.242381289865335,37.16402657128257,39.242381289865335,,39.2,OTHER_T20/FRANCHISE
4c895bc1,KJ McClure,Batter,,,,39.223054379680875,,,,39.223054379680875,,,39.2,OTHER_T20/FRANCHISE
4d9f9686,Soumya Sarkar,Batter,Bangladesh,,43.13989417989418,32.455767933890954,,33.18571428571429,25.763888888888886,39.13334683764296,30.40252976190476,,39.1,INTL_T20/FULL_MEMBER
d2a989fc,DS Kulkarni,Bowler,India,57.61904761904762,,,42.49617672047578,,25.503578054598464,57.61904761904762,39.09765698730032,,39.1,IPL/IPL
156d0ea2,SR Mukkamalla,Batter,United States of America,,33.41847218450595,38.98934513564461,,,,38.98934513564461,,,39.0,OTHER_T20/FRANCHISE
c13e34f4,Haider Ali,Batter,Pakistan,,38.78980586726619,39.052840993604036,,,,38.888444039642884,,,38.9,INTL_T20/FULL_MEMBER
6042bf26,NJ Rimmington,Bowler,,,,30.485436893203882,,,38.86914765906363,30.48543689320388,38.86914765906363,,38.9,OTHER_T20/FRANCHISE
ab474682,SJ Croft,All-rounder,,,,39.353006255052975,,,37.99791399229782,39.353006255052975,37.99791399229782,,38.9,OTHER_T20/FRANCHISE
c3576908,MA Abbas,Batter,,,,38.882514183719,,,,38.882514183719,,,38.9,OTHER_T20/FRANCHISE
5dbdecf1,Khaled Ahmed,Bowler,Bangladesh,,,43.6497662711255,,,38.93004769475357,43.6497662711255,38.93004769475357,,38.9,OTHER_T20/FRANCHISE
502b2c81,XJ Doherty,Bowler,Australia,,,,,42.60161446561189,32.63800904977376,,38.86526243467259,,38.9,INTL_T20/FULL_MEMBER
c6a9148d,SA Piolet,Bowler,,,,,,,38.85588235294117,,38.85588235294117,,38.9,OTHER_T20/FRANCHISE
56feceb0,K Mungroo,Bowler,,,,,,,38.75075414781297,,38.75075414781297,,38.8,OTHER_T20/FRANCHISE
12bffe91,LL Tsotsobe,Bowler,South Africa,,,,,38.83918464278646,23.728900048456012,,38.83918464278646,,38.8,INTL_T20/FULL_MEMBER
0f6db197,S Mahmood,Bowler,England,,,15.811932352020046,,42.54451261077028,32.555694618272845,15.811932352020044,38.79870586358374,,38.8,INTL_T20/FULL_MEMBER
f2ab7a69,JA Leaning,Batter,,,,38.805120169366496,,,44.668238993710695,38.805120169366496,44.668238993710695,,38.8,OTHER_T20/FRANCHISE
fbd4f01f,AY Patel,Bowler,New Zealand,,,27.006472491909385,,30.573193766648874,38.792956656346746,27.00647249190938,38.792956656346746,,38.8,OTHER_T20/FRANCHISE
89c16049,Agha Salman,Batter,Pakistan,,44.781363111282246,28.86735811520665,,53.32244897959184,29.58064516129032,38.813611237753896,44.41927254772877,,38.8,INTL_T20/FULL_MEMBER
42172c3c,JT Smuts,All-rounder,South Africa,,35.1733989071256,44.403952668680766,,39.318198952879584,38.30305358171692,38.63485656770879,38.937519438693585,,38.8,INTL_T20/FULL_MEMBER
45963d9e,N Dickwella,Wicketkeeper,Sri Lanka,,39.695691583084844,31.6237611913264,,,,36.66871768617542,,47.44535519125683,38.8,INTL_T20/FULL_MEMBER
94d7f855,C de Grandhomme,All-rounder,New Zealand,48.84842033814637,39.04107359645004,41.675226586102724,,29.36226755732082,13.367831245880026,45.32060458991574,23.36435394053052,,38.7,IPL/IPL
ad962377,WR Smith,All-rounder,,,,28.75755287009063,,,42.94692863595302,28.75755287009063,42.94692863595302,,38.7,OTHER_T20/FRANCHISE
ad212f96,RF Higgins,All-rounder,,,,42.37202672226714,,,30.137616498116202,42.37202672226714,30.137616498116202,,38.7,OTHER_T20/FRANCHISE
ac5ae4af,I Udana,All-rounder,Sri Lanka,,42.95411298888796,33.90209728972371,,37.18763400648217,35.74908536585366,39.55960710170136,36.648178266246475,,38.7,INTL_T20/FULL_MEMBER
0e63259d,J Campbell,Batter,Zimbabwe,,38.68099485296764,,,,,38.68099485296764,,,38.7,INTL_T20/FULL_MEMBER
c96f6ac5,PWA Mulder,All-rounder,South Africa,,33.56828106925402,51.72852826931376,,46.061304140885284,16.1875,40.37837376927642,34.8586275880533,,38.7,INTL_T20/FULL_MEMBER
118e6f66,AR Schaw,Bowler,,,,,,,38.710407239819006,,38.710407239819006,,38.7,OTHER_T20/FRANCHISE
67af6f81,RW Price,Bowler,Zimbabwe,,,,,38.651288343558285,,,38.651288343558285,,38.7,INTL_T20/FULL_MEMBER
da9f58aa,Hasan Murad,Bowler,Bangladesh,,,,,,38.56481481481481,,38.56481481481481,,38.6,OTHER_T20/FRANCHISE
78cb83f3,KOK Williams,Bowler,West Indies,,,17.489038521766364,,38.70289219982472,38.48657289002557,17.489038521766364,38.621772458650035,,38.6,INTL_T20/FULL_MEMBER
ae091d39,SA Asnodkar,Batter,,38.55602618405853,,22.688335653057322,,,,38.55602618405853,,,38.6,IPL/IPL
a316d663,GC Viljoen,All-rounder,,,,24.902937584367162,,,44.492048450889904,24.902937584367162,44.492048450889904,,38.6,OTHER_T20/FRANCHISE
3ed4e2ad,C Rumistrzewicz,Bowler,Spain,,17.2420202058495,,,38.568188231433695,,17.2420202058495,38.568188231433695,,38.6,INTL_T20/ASSOCIATE_FRINGE
60f4c586,OG Robinson,Wicketkeeper,,,,35.758622934727626,,,,35.758622934727626,,50.0,38.6,OTHER_T20/FRANCHISE
9c7d7cda,JKH Naik,Bowler,,,,,,,38.64705882352941,,38.64705882352941,,38.6,OTHER_T20/FRANCHISE
350bb1b1,AF Milne,All-rounder,New Zealand,,18.853381929146163,13.615682914731476,,47.552237797669314,48.67031118587047,16.889244798740652,47.97151531824474,,38.6,INTL_T20/FULL_MEMBER
521595e7,JEK Rew,Batter,,,,38.51469141873617,,,,38.51469141873617,,,38.5,OTHER_T20/FRANCHISE
aa1210d8,CF Parkinson,All-rounder,,,,11.312750900136571,,,50.14537231465028,11.312750900136571,50.14537231465028,,38.5,OTHER_T20/FRANCHISE
cad11a02,W Boshoff,Wicketkeeper,Sweden,,29.234824831387016,,,,,29.234824831387016,,75.49019607843137,38.5,INTL_T20/ASSOCIATE_FRINGE
3b8e7647,SP Krishnamurthi,Batter,United States of America,,31.673894449299503,38.54538059824976,,,,38.54538059824976,,,38.5,OTHER_T20/FRANCHISE
826e1017,I Liyanage,Wicketkeeper,Qatar,,30.947871926468128,,,,,30.947871926468128,,68.62745098039215,38.5,INTL_T20/ASSOCIATE_FRINGE
b3118300,Wahab Riaz,All-rounder,Pakistan,,43.249029295981785,22.594176937678796,,36.94338244246926,44.40421082875749,35.50345966161816,39.74119308732734,,38.5,INTL_T20/FULL_MEMBER
0e0d43b4,SJ Mullaney,All-rounder,,,,39.39835605998749,,,36.08207888719512,39.39835605998749,36.08207888719512,,38.4,OTHER_T20/FRANCHISE
9e1b7792,EJ Byrom,Batter,,,,38.42027721707904,,,,38.42027721707904,,,38.4,OTHER_T20/FRANCHISE
a00e1842,Writtick Chatterjee,Bowler,,,,,,,38.392207792207785,,38.392207792207785,,38.4,OTHER_T20/SMAT
ebf25cf2,Priyank Panchal,Batter,,,,38.39775117173416,,,,38.39775117173416,,,38.4,OTHER_T20/SMAT
84212ffb,J Liyanage,Batter,Sri Lanka,,37.74599431306915,39.4160451329126,,,13.830645161290324,38.37226337051044,13.830645161290324,,38.4,INTL_T20/FULL_MEMBER
eec5fe00,ZN Gibson,Bowler,,,,,,,38.423529411764704,,38.423529411764704,,38.4,OTHER_T20/FRANCHISE
0b60eb09,KA Maharaj,All-rounder,South Africa,,17.791273145864825,12.94725238834,,50.75895287958115,43.27475427739352,15.974765361793015,47.95237840376079,,38.4,INTL_T20/FULL_MEMBER
9d710afe,DR Flynn,Batter,New Zealand,,24.349854923073476,38.39864839692722,,,,38.39864839692722,,,38.4,OTHER_T20/FRANCHISE
a4b810d0,MJ Waite,All-rounder,,,,30.96991440080564,,,41.50381097560975,30.96991440080564,41.50381097560975,,38.3,OTHER_T20/FRANCHISE
d86f6c69,GP Smith,Batter,,,,38.34577407373856,,,,38.34577407373856,,,38.3,OTHER_T20/FRANCHISE
f6d8a7ab,K Kartikeya,Bowler,,,,,,,38.343656343656335,,38.343656343656335,,38.3,OTHER_T20/SMAT
cfad138c,CK Kapugedera,Batter,Sri Lanka,,38.34983302411874,15.060507894977658,,,,38.34983302411874,,,38.3,INTL_T20/FULL_MEMBER
c0c411cb,Naveen-ul-Haq,Bowler,,,,41.20961324208181,,,38.30625740228977,41.20961324208181,38.30625740228977,,38.3,OTHER_T20/FRANCHISE
cd56a813,Jaker Ali,Wicketkeeper,Bangladesh,,45.053283410138256,27.724441080577545,,,,38.55496753655299,,37.39526411657559,38.3,INTL_T20/FULL_MEMBER
de063a39,LD Madushanka,Batter,Sri Lanka,,19.463594546796926,38.34370662372994,,,51.875,38.34370662372994,51.875,,38.3,OTHER_T20/FRANCHISE
806c4e58,CP Jewell,Batter,,,,38.27643433168583,,,,38.27643433168583,,,38.3,OTHER_T20/FRANCHISE
415c6ccf,Usman Patel,Wicketkeeper,Kuwait,,25.174576592517695,,,,,25.174576592517695,,90.68627450980392,38.3,INTL_T20/ASSOCIATE_FRINGE
fe5b4367,ZJ Chappell,All-rounder,,,,37.90648173578687,,,38.49170054200541,37.90648173578687,38.49170054200541,,38.3,OTHER_T20/FRANCHISE
d285acaf,CE McConchie,All-rounder,New Zealand,,44.44346601863393,32.59911215241384,,33.79508658880387,35.210302337398375,40.00183331880139,34.32579249452681,,38.3,INTL_T20/FULL_MEMBER
39181592,PE Kruger,All-rounder,South Africa,,22.706074787101276,38.109264853977834,,20.9551724137931,38.19223363286264,38.109264853977834,38.19223363286264,,38.2,OTHER_T20/FRANCHISE
d92d8446,G Mahlokwana,Bowler,,,,,,,38.16764705882353,,38.16764705882353,,38.2,OTHER_T20/FRANCHISE
56ef4f99,FJ Heldreich,Bowler,,,,,,,38.227508650519034,,38.227508650519034,,38.2,OTHER_T20/FRANCHISE
0095ce38,CJ Simmons,Batter,,,,38.19255252301724,,,,38.19255252301724,,,38.2,OTHER_T20/FRANCHISE
54e52590,Vijaykumar Vyshak,Bowler,,,,18.25401219067281,38.23863636363636,,19.79093009118541,18.25401219067281,38.23863636363636,,38.2,IPL/IPL
a1b69936,DG Bedingham,Batter,,,,38.22378226947623,,,,38.22378226947623,,,38.2,OTHER_T20/FRANCHISE
8820c9ef,JS Lenton,Wicketkeeper,,,,24.489795918367346,,,,24.489795918367346,,93.18181818181817,38.2,OTHER_T20/FRINGE
8254ea06,HP Patel,Bowler,,,,,,,38.21645021645021,,38.21645021645021,,38.2,OTHER_T20/SMAT
1f84183a,Nikhil Chaudhary,All-rounder,Australia,,,41.722054380664645,,19.692789968652036,30.058823529411768,41.722054380664645,30.058823529411764,,38.2,OTHER_T20/FRANCHISE
383dd431,TD Astle,Bowler,New Zealand,,,43.2371449119022,,22.753168277148138,38.16339869281046,43.2371449119022,38.16339869281046,,38.2,OTHER_T20/FRANCHISE
1ab18b25,AGH Orr,Batter,,,,38.05217605114335,,,,38.05217605114335,,,38.1,OTHER_T20/FRANCHISE
62175638,Karim Janat,Batter,,,,38.12525875348595,,,37.58796296296296,38.12525875348595,37.58796296296296,,38.1,OTHER_T20/FRANCHISE
9170ff49,Parvez Rasool,Bowler,India,,,33.77142857142857,,,38.07575757575757,33.77142857142857,38.07575757575757,,38.1,OTHER_T20/SMAT
9b4935c8,CJ Ferguson,Batter,Australia,,20.03452860710569,38.05518369775398,,,,38.05518369775398,,,38.1,OTHER_T20/FRANCHISE
c5cc48bc,MJJ Critchley,All-rounder,,,,36.016989053242824,,,38.92630555139907,36.016989053242824,38.92630555139907,,38.1,OTHER_T20/FRANCHISE
3766056b,BJ McCarthy,All-rounder,Ireland,,30.152012697615604,24.521489133612707,,37.431929358443384,50.823874296435264,28.040566361114514,42.45390871019033,,38.1,INTL_T20/FULL_MEMBER
75e72109,L Dawatage,Wicketkeeper,,,,24.365079365079364,,,,24.365079365079364,,93.18181818181817,38.1,OTHER_T20/FRINGE
fe11caa6,WP Saha,Wicketkeeper,,33.108265764451964,,26.63101604278075,,,,31.81281582011772,,62.79274004683842,38.0,IPL/IPL
8891669e,CD Hinchliffe,Bowler,,,,27.83261416756562,,,37.963235294117645,27.83261416756562,37.963235294117645,,38.0,OTHER_T20/FRANCHISE
d167edd3,SM Boland,Bowler,Australia,,,27.459546925566343,,19.39790756508639,37.95502983802217,27.459546925566343,37.95502983802217,,38.0,OTHER_T20/FRANCHISE
d29be810,AW O'Brien,Bowler,,,,,,,37.99264705882353,,37.99264705882353,,38.0,OTHER_T20/FRANCHISE
8361e524,SSB Magala,All-rounder,South Africa,,26.501865073427247,31.072507552870093,,15.317733990147781,40.99646618625277,31.072507552870093,40.99646618625277,,38.0,OTHER_T20/FRANCHISE
5f39537c,Ravi Teja,Bowler,,,,22.509890109890108,,,37.896103896103895,22.509890109890108,37.896103896103895,,37.9,OTHER_T20/SMAT
ab6b1c45,AL Phehlukwayo,All-rounder,South Africa,,26.62719612528162,32.89047139500312,,51.15597638409268,26.011312580231063,28.97592435142718,41.72672745764457,,37.9,INTL_T20/FULL_MEMBER
8ce2080b,TJG Pringle,All-rounder,Netherlands,,14.0954591375354,30.006042296072504,,22.936206896551724,41.21382663150956,30.006042296072504,41.21382663150956,,37.9,OTHER_T20/FRANCHISE
e1d1b294,HH Gibbs,Batter,South Africa,38.49995731238795,44.32390250245858,24.977658409672177,,,,37.92759877449824,,,37.9,IPL/IPL
35f173a0,MP Breetzke,Batter,South Africa,,32.928646534451524,46.17374738889369,,,,37.89555935486733,,,37.9,INTL_T20/FULL_MEMBER
734344b3,RJ Das,Batter,,,,37.88286820752397,,,,37.88286820752397,,,37.9,OTHER_T20/FRANCHISE
b21ed464,SA Patterson,Bowler,,,,,,,37.897727272727266,,37.897727272727266,,37.9,OTHER_T20/FRANCHISE
087210b1,DJ Vilas,Wicketkeeper,South Africa,,,36.23902762351761,,,,36.23902762351761,,44.298457087753135,37.9,OTHER_T20/FRANCHISE
00b195ae,TH Aspinwall,Bowler,,,,,,,37.930672268907564,,37.930672268907564,,37.9,OTHER_T20/FRANCHISE
7b1e20ea,ZS Ansari,Bowler,,,,51.22501427755569,,,37.93061840120664,51.22501427755569,37.93061840120664,,37.9,OTHER_T20/FRANCHISE
d6663a9a,EJ Pollock,Batter,,,,37.867213213757275,,,,37.867213213757275,,,37.9,OTHER_T20/FRANCHISE
58c481c6,JJ Cobb,All-rounder,,,,43.87040451995135,,,24.053084648493538,43.87040451995135,24.053084648493538,,37.9,OTHER_T20/FRANCHISE
0a4736eb,Asif Ali,Batter,Bahrain,,34.9147617673332,42.60084174492828,,67.07238095238095,,37.79704175893135,67.07238095238095,,37.8,INTL_T20/FULL_MEMBER
79f8472d,Mohammad Mohsin,Bowler,United States of America,,21.646139868889776,34.28173318950018,,24.47298967984139,37.75735294117647,34.28173318950018,37.75735294117647,,37.8,OTHER_T20/FRANCHISE
2a2e6343,DT Christian,All-rounder,Australia,28.54918624243478,42.38307245450551,47.14818243835884,47.19893292682927,29.257627730637306,23.364262990455988,34.79750722484107,39.13840613732528,,37.8,IPL/IPL
711249d1,Shamim Hossain,Batter,Bangladesh,,32.15186360964139,47.19425166102197,,39.7936507936508,,37.792759128909104,39.7936507936508,,37.8,INTL_T20/FULL_MEMBER
552b228c,Anshuman Rath,Batter,Hong Kong,,37.78599204126084,,,19.146412965287986,,37.78599204126084,19.146412965287986,,37.8,INTL_T20/ASSOCIATE_FRINGE
75cbed9b,SS Eskinazi,Batter,,,,37.80845077409531,,,,37.80845077409531,,,37.8,OTHER_T20/FRANCHISE
f6c84b9f,SJ Thakor,Bowler,,,,51.03116191669277,,,37.846638655462186,51.03116191669277,37.846638655462186,,37.8,OTHER_T20/FRANCHISE
30d8136b,AR Ramjani,All-rounder,Uganda,,31.834118017998758,,,40.28663793103448,,31.834118017998758,40.28663793103448,,37.8,INTL_T20/ASSOCIATE_FRINGE
32a8161e,JW Jenner,Batter,Jersey,,37.83332422230179,,,,,37.83332422230179,,,37.8,INTL_T20/ASSOCIATE_FRINGE
09a71776,Satyajeet Bachhav,Bowler,,,,,,,37.73730814639905,,37.73730814639905,,37.7,OTHER_T20/SMAT
557550a4,Hamza Dar,Batter,Spain,,37.692116195160885,,,21.588150412770187,,37.692116195160885,21.588150412770187,,37.7,INTL_T20/ASSOCIATE_FRINGE
a96b36af,D Maisuria,Bowler,Botswana,,17.765057389361097,,,37.707935330935186,,17.765057389361097,37.707935330935186,,37.7,INTL_T20/ASSOCIATE_FRINGE
510e33d3,Mohammad Ihsan,Batter,Spain,,37.67216039667825,,,,,37.67216039667825,,,37.7,INTL_T20/ASSOCIATE_FRINGE
73ad96ed,DJ Hooda,Batter,India,30.89615996002063,52.23834638447971,40.682699664984696,39.90723562152134,,25.371428571428574,37.69968752188001,37.000074211502785,,37.7,IPL/IPL
bf7842c9,TAM Siriwardana,Batter,Sri Lanka,,37.712402228381066,21.20761263932107,,51.322857142857146,,37.712402228381066,51.322857142857146,,37.7,INTL_T20/FULL_MEMBER
1a8eebbe,Shafiul Islam,Bowler,Bangladesh,,,28.408845738942823,,45.16591683708248,25.32855093256815,28.408845738942823,37.7269046228896,,37.7,INTL_T20/FULL_MEMBER
97f437ed,NF Kelly,Batter,New Zealand,,26.055581014948658,37.67997633836143,,,,37.67997633836143,,,37.7,OTHER_T20/FRANCHISE
e6e154e3,FL Walker,Bowler,,,,,,,37.60504201680672,,37.60504201680672,,37.6,OTHER_T20/FRANCHISE
34819e70,Samarth Vyas,Batter,,,,37.59854839626934,,,,37.59854839626934,,,37.6,OTHER_T20/SMAT
d76b0d2d,S Shillingford,Bowler,,,,,,,37.64460784313725,,37.64460784313725,,37.6,OTHER_T20/FRANCHISE
6c882e9a,PBB Rajapaksa,Batter,Sri Lanka,,35.60227182889617,40.96226586093195,,,,37.612269590909584,,,37.6,INTL_T20/FULL_MEMBER
9fc0ef64,PJ Sangwan,Bowler,,,,,38.880382775119614,,32.37940630797773,,37.58018748169123,,37.6,IPL/IPL
b5da6c24,PA Patel,Wicketkeeper,India,34.43556016724143,,39.67792207792208,,,,35.48403254937755,,45.52758261774655,37.5,IPL/IPL
a97fbc2c,PTM Dabare,Batter,,,,37.5394905601446,,,,37.5394905601446,,,37.5,OTHER_T20/FRANCHISE
63a1874a,AK Kitchen,All-rounder,New Zealand,,23.106295825228194,40.561874296546414,,19.572884012539184,30.38039399624765,40.561874296546414,30.380393996247648,,37.5,OTHER_T20/FRANCHISE
74be2916,D Doyle-Calle,Batter,Spain,,37.45112301914168,,,26.43621673003802,,37.45112301914168,26.43621673003802,,37.5,INTL_T20/ASSOCIATE_FRINGE
e00a9155,SD Heazlett,Batter,,,,37.540760444374904,,,,37.540760444374904,,,37.5,OTHER_T20/FRANCHISE
e5652e3d,Imran Qayyum,Bowler,,,,,,,37.47087658592849,,37.47087658592849,,37.5,OTHER_T20/FRANCHISE
33085ffb,D Elgar,Batter,,,,37.47754029471375,,,51.94117647058823,37.47754029471375,51.94117647058823,,37.5,OTHER_T20/FRANCHISE
007113d7,HAM Shah,Batter,Denmark,,37.54710462710872,,,34.84522795553326,,37.54710462710872,34.84522795553326,,37.5,INTL_T20/ASSOCIATE_FRINGE
0605de92,HD Rutherford,Batter,New Zealand,,29.694682018348317,37.533811968118094,,,,37.533811968118094,,,37.5,OTHER_T20/FRANCHISE
1c790f4f,Rumman Raees,Bowler,Pakistan,,,,,20.13618802439447,37.479127134724855,,37.479127134724855,,37.5,OTHER_T20/FRANCHISE
e86754b2,TK Curran,All-rounder,England,,34.59489405202794,49.55530962728403,,27.727578887788315,36.63435480508651,40.205049892748974,31.067619856775135,,37.5,INTL_T20/FULL_MEMBER
4b167ede,AWJ Auguste,Batter,West Indies,,26.585807688567904,37.40418135125535,,,,37.40418135125535,,,37.4,OTHER_T20/FRANCHISE
bab08c8b,NJ Selman,Batter,,,,37.383137994153486,,,,37.383137994153486,,,37.4,OTHER_T20/FRANCHISE
8afe73e2,WA Young,Batter,New Zealand,,28.977866614409827,51.53007460851631,,,,37.43494461219976,,,37.4,INTL_T20/FULL_MEMBER
7f3ad1ed,SR Thompson,All-rounder,Ireland,,36.55610654279916,13.978704525288379,,37.71234986141054,15.478260869565217,36.55610654279916,37.71234986141054,,37.4,INTL_T20/FULL_MEMBER
dc2abe5e,Ahsan Ali,Batter,Pakistan,,,37.44437386735149,,,,37.44437386735149,,,37.4,OTHER_T20/FRANCHISE
6ba6ca1f,S Jayathilake,Bowler,,,,46.650485436893206,,,37.37018255578093,46.650485436893206,37.37018255578093,,37.4,OTHER_T20/FRANCHISE
7147f314,Sabbir Rahman,Batter,Bangladesh,,39.52107132161041,33.72048164013016,,,,37.34585019105531,,,37.3,INTL_T20/FULL_MEMBER
035cb925,AG Prince,Batter,South Africa,,,37.31321897760533,,,,37.31321897760533,,,37.3,OTHER_T20/FRANCHISE
18fac429,SR Patel,All-rounder,England,,36.894881284382436,41.71307586842838,,30.888529271775347,39.16533454185894,38.70170425339966,33.99233124805669,,37.3,INTL_T20/FULL_MEMBER
415d30b6,Virandeep Singh,All-rounder,Malaysia,,31.589087667418216,,,39.71535458685751,,31.589087667418216,39.71535458685751,,37.3,INTL_T20/ASSOCIATE_FRINGE
e1592949,KS Leverock,Batter,Bermuda,,37.34707614776464,,,29.482878248411687,,37.34707614776464,29.482878248411687,,37.3,INTL_T20/ASSOCIATE_FRINGE
93cad673,NN Gilchrist,Bowler,,,,,,,37.26470588235294,,37.26470588235294,,37.3,OTHER_T20/FRANCHISE
1bb0993e,Abu Jayed,Bowler,Bangladesh,,,,,,37.286868268434134,,37.286868268434134,,37.3,OTHER_T20/FRANCHISE
c4d9634c,RRS Cornwall,All-rounder,,,,38.468402529043516,,,34.666399229781774,38.468402529043516,34.666399229781774,,37.3,OTHER_T20/FRANCHISE
dfb51f40,LJ Carter,Batter,,,,37.250229882347384,,,,37.250229882347384,,,37.3,OTHER_T20/FRANCHISE
f9e6e7ef,Shahbaz Ahmed,All-rounder,India,42.88382850026685,,18.85980479148181,34.89681050656661,,37.06410256410257,38.07902375850984,35.3302689180738,,37.3,IPL/IPL
3f61a062,BTJ Wheal,Bowler,Scotland,,23.672141230025858,,,16.853435706830467,37.15415821501014,23.672141230025858,37.15415821501014,,37.2,OTHER_T20/FRANCHISE
855a210c,AP Tare,Wicketkeeper,,30.595786701777484,,32.769230769230774,,,,31.030475515268137,,61.85597189695551,37.2,IPL/IPL
57a76baa,MP Dunn,Bowler,,,,,,,37.19031141868513,,37.19031141868513,,37.2,OTHER_T20/FRANCHISE
fde53ec1,Adil Butt,Batter,Eswatini,,37.183330539468784,,,25.376883156921178,,37.183330539468784,25.376883156921178,,37.2,INTL_T20/ASSOCIATE_FRINGE
d816fc1c,JJ Huo,Batter,Mozambique,,37.232934567153755,,,26.535864762100502,,37.232934567153755,26.535864762100502,,37.2,INTL_T20/ASSOCIATE_FRINGE
93e06301,PD Trego,Batter,,,,37.1764826135412,,,27.56565656565656,37.1764826135412,27.56565656565656,,37.2,OTHER_T20/FRANCHISE
a48fc79d,EC Joyce,Batter,Ireland,,37.24950845241094,22.764799175658034,,,,37.24950845241094,,,37.2,INTL_T20/FULL_MEMBER
6232e1ed,GJ McCarter,Bowler,Ireland,,,,,,37.21977124183007,,37.21977124183007,,37.2,OTHER_T20/FRANCHISE
890b877d,VB van Jaarsveld,Batter,South Africa,,19.004172049135953,37.17551562180927,,,,37.17551562180927,,,37.2,OTHER_T20/FRANCHISE
580ae7f2,IDA Damarell,Wicketkeeper,Guernsey,,25.75328614762386,,,,,25.75328614762386,,82.84313725490196,37.2,INTL_T20/ASSOCIATE_FRINGE
e6e9b619,Tanmay Agarwal,Batter,,,,37.12385765715868,,,,37.12385765715868,,,37.1,OTHER_T20/SMAT
b2dadc51,II Selemani,Batter,Tanzania,,37.050332433088535,,,,,37.050332433088535,,,37.1,INTL_T20/ASSOCIATE_FRINGE
c556b9d2,G Sesay,Bowler,Sierra Leone,,16.80612554730976,,,37.05573883045933,,16.80612554730976,37.05573883045933,,37.1,INTL_T20/ASSOCIATE_FRINGE
0890552f,A Manohar,Batter,,37.11531056544534,,27.748338962514097,,,,37.11531056544534,,,37.1,IPL/IPL
d26e0405,MK Andersson,All-rounder,,,,41.98514602215508,,,25.5670731707317,41.98514602215508,25.5670731707317,,37.1,OTHER_T20/FRANCHISE
9f812582,LPJ Kimber,Batter,,,,37.13407476058078,,,27.607142857142854,37.13407476058078,27.607142857142858,,37.1,OTHER_T20/FRANCHISE
3576e47e,S Badrinath,Batter,India,37.13359164420485,,,,,,37.13359164420485,,,37.1,IPL/IPL
5d2eea49,Kartik Tyagi,Bowler,,,,,37.125,,16.382713947990545,,37.125,,37.1,IPL/IPL
cbd91942,M Taniyama,Bowler,Japan,,28.317824004276368,,,37.09469770412622,,28.317824004276368,37.09469770412622,,37.1,INTL_T20/ASSOCIATE_FRINGE
2b85c8e6,JL Jaggesar,Bowler,,,,,,,36.99240986717268,,36.99240986717268,,37.0,OTHER_T20/FRANCHISE
37654b75,Nasum Ahmed,All-rounder,Bangladesh,,20.61362037580168,20.904665995300437,,42.520376963350785,46.487364090508365,20.722762483113712,44.007997136034874,,37.0,INTL_T20/FULL_MEMBER
d2a6c0e6,EJG Morgan,Batter,England,29.058107556967187,54.53843674441836,39.43260010213538,,,,36.98436373560521,,,37.0,IPL/IPL
bf814547,K Verreynne,Batter,,,,36.97487910826981,,,,36.97487910826981,,,37.0,OTHER_T20/FRANCHISE
46ad7e01,KJ Stagno,Batter,Gibraltar,,37.003234335916055,,,,,37.003234335916055,,,37.0,INTL_T20/ASSOCIATE_FRINGE
1125ebe4,R Satheesan,Batter,Romania,,37.02037255138868,,,16.836238002260814,,37.02037255138868,16.836238002260814,,37.0,INTL_T20/ASSOCIATE_FRINGE
cbabd6ad,NS Dhaliwal,Batter,Canada,,37.0341037865539,,,27.648166940704964,,37.0341037865539,27.648166940704964,,37.0,INTL_T20/ASSOCIATE_FRINGE
97188292,JR Dean,Batter,,,,36.984123686865686,,,,36.984123686865686,,,37.0,OTHER_T20/FRANCHISE
c4ecc42c,Joshua Asia,Bowler,Nigeria,,13.028329320832613,,,36.96384916941922,,13.028329320832613,36.96384916941922,,37.0,INTL_T20/ASSOCIATE_FRINGE
d0b643e1,Manan Ali,Batter,Saudi Arabia,,36.913103816952244,,,19.517110266159698,,36.913103816952244,19.517110266159698,,36.9,INTL_T20/ASSOCIATE_FRINGE
dab18aa5,DL Brangman,Bowler,Bermuda,,27.6504538508555,,,36.86706549808618,,27.6504538508555,36.86706549808618,,36.9,INTL_T20/ASSOCIATE_FRINGE
3f1066d0,Waqar Salamkheil,Bowler,,,,,,,36.931789737171464,,36.931789737171464,,36.9,OTHER_T20/FRANCHISE
f5821615,JS Patel,All-rounder,New Zealand,,17.000181940609142,15.805468790004607,,25.48478701825558,45.94691535150645,15.805468790004607,45.94691535150645,,36.9,OTHER_T20/FRANCHISE
a8f91f78,Abbas Ghani,Batter,Hungary,,36.8950003274615,,,25.17814202034734,,36.8950003274615,25.17814202034734,,36.9,INTL_T20/ASSOCIATE_FRINGE
96275259,B Ito-Davis,Bowler,Japan,,29.313489247191733,,,36.88005181177217,,29.313489247191733,36.88005181177217,,36.9,INTL_T20/ASSOCIATE_FRINGE
81c36ee9,M Jansen,All-rounder,South Africa,28.347139948167346,62.479086563450394,35.28119916337439,34.006687647521645,33.674461896451426,37.84864075203252,37.92023548426916,34.49992417543072,,36.9,IPL/IPL
b0946605,AS Joseph,All-rounder,West Indies,,29.49391805069415,15.940871817004746,44.1990771259064,42.06065085720152,34.157536985205915,24.41152571306062,42.15823953762511,,36.8,IPL/IPL
0af3426f,SS Mundhe,Batter,,,,36.843285562632694,,,19.545454545454547,36.843285562632694,19.545454545454547,,36.8,OTHER_T20/SMAT
60cc80ac,Razmal Shigiwal,Batter,Austria,,36.839850489485386,,,,,36.839850489485386,,,36.8,INTL_T20/ASSOCIATE_FRINGE
60500956,RV Patel,Batter,,,,36.772027600849256,,,,36.772027600849256,,,36.8,OTHER_T20/SMAT
37ee5d23,C Nunes,Wicketkeeper,Portugal,,32.67614567698096,,,,,32.67614567698096,,53.431372549019606,36.8,INTL_T20/ASSOCIATE_FRINGE
98d05440,B Regmi,Bowler,Nepal,,17.89875064129927,,,36.8100357686986,,17.89875064129927,36.8100357686986,,36.8,INTL_T20/ASSOCIATE_FRINGE
d7725664,RA Reifer,All-rounder,West Indies,,,28.750326358584164,,,40.21917344173441,28.750326358584164,40.21917344173441,,36.8,OTHER_T20/FRANCHISE
1ac2a995,HR Walsh,All-rounder,West Indies,,30.22859294995382,28.608593487747566,,43.54963082292925,33.640033641715725,29.62109315162647,39.833531879974174,,36.8,INTL_T20/FULL_MEMBER
30ffaf85,A Mundra,Batter,Sweden,,36.79652304477892,,,,,36.79652304477892,,,36.8,INTL_T20/ASSOCIATE_FRINGE
ed6894af,D Foxcroft,All-rounder,New Zealand,,21.733308241746496,42.284865022902245,,,23.916666666666668,42.284865022902245,23.916666666666668,,36.8,OTHER_T20/FRANCHISE
903c1d37,RM Pyrah,Bowler,,,,,,,36.842979127134726,,36.842979127134726,,36.8,OTHER_T20/FRANCHISE
c01ca5af,CV Anto,Batter,Kuwait,,36.676195110468925,,,,,36.676195110468925,,,36.7,INTL_T20/ASSOCIATE_FRINGE
2687fff2,KC D'Souza,Batter,Bulgaria,,36.6833092854509,,,23.468662798510707,,36.6833092854509,23.468662798510707,,36.7,INTL_T20/ASSOCIATE_FRINGE
5b616bf0,LA Burns,Bowler,Spain,,30.306218518960765,,,36.7153345710953,,30.306218518960765,36.7153345710953,,36.7,INTL_T20/ASSOCIATE_FRINGE
73f1f6b0,TA Lammonby,All-rounder,,,,45.07718412448784,,,17.169207317073173,45.07718412448784,17.169207317073173,,36.7,OTHER_T20/FRANCHISE
c27518d2,Ziaur Rahman,All-rounder,Bangladesh,,23.039875571656165,38.18970891478445,,13.182758620689656,33.235449002217294,38.18970891478445,33.235449002217294,,36.7,OTHER_T20/FRANCHISE
1ee08e9a,JA Richardson,All-rounder,Australia,,,22.28771614064408,,37.99677809101893,50.897018970189706,22.28771614064408,42.83436842070797,,36.7,INTL_T20/FULL_MEMBER
8dd02a98,LD Chandimal,Wicketkeeper,Sri Lanka,,25.044894366197184,46.56950947466476,,,,33.11662503187252,,50.60109289617486,36.6,INTL_T20/FULL_MEMBER
f987245c,AM Ellis,Bowler,New Zealand,,24.980149626861273,42.028791429527956,,16.296503591393268,36.64915966386555,42.028791429527956,36.64915966386555,,36.6,OTHER_T20/FRANCHISE
7eae4418,Misbah-ul-Haq,Batter,Pakistan,,42.69662961119407,26.513628859461168,,,,36.62800432929423,,,36.6,INTL_T20/FULL_MEMBER
492ff0c2,R Mondol,Bowler,Bangladesh,,,,,17.647582717388904,36.63725490196079,,36.63725490196079,,36.6,OTHER_T20/FRANCHISE
9d1d34bd,Taijul Islam,Bowler,Bangladesh,,,20.50201278711816,,,36.60327540106952,20.50201278711816,36.60327540106952,,36.6,OTHER_T20/FRANCHISE
9e0bd203,B Ward,All-rounder,Jersey,,29.324361483197336,,,39.737312947299934,,29.324361483197336,39.737312947299934,,36.6,INTL_T20/ASSOCIATE_FRINGE
9385de2e,SS Prabhudessai,Batter,,,,36.628291344404005,,,,36.628291344404005,,,36.6,OTHER_T20/SMAT
30afc92b,Salman Irshad,Bowler,,,,20.735687981252095,,,36.64262934089298,20.735687981252095,36.64262934089298,,36.6,OTHER_T20/FRANCHISE
9679838c,BL D'Oliveira,All-rounder,,,,40.39192716361469,,,27.735365853658536,40.39192716361469,27.735365853658536,,36.6,OTHER_T20/FRANCHISE
a38e7be7,S Daniel,Batter,,,,36.61284770418078,,,,36.61284770418078,,,36.6,OTHER_T20/FRANCHISE
de00b96c,Mayank Mishra,Bowler,,,,,,,36.49750249750249,,36.49750249750249,,36.5,OTHER_T20/SMAT
462d7c62,D Paterson,Bowler,South Africa,,,30.355987055016183,,18.51049628456472,36.526232114467405,30.355987055016183,36.526232114467405,,36.5,OTHER_T20/FRANCHISE
95a5e066,MG Erasmus,All-rounder,Namibia,,33.905000427523994,24.154721347303457,,34.93504959848843,41.83727134146342,24.154721347303457,41.83727134146342,,36.5,OTHER_T20/FRANCHISE
077da288,CP Singh,Bowler,,,,,,,36.467532467532465,,36.467532467532465,,36.5,OTHER_T20/SMAT
9048c17e,DM Gondaria,Batter,Kenya,,36.45252493836563,,,32.52076888295139,,36.45252493836563,32.52076888295139,,36.5,INTL_T20/ASSOCIATE_FRINGE
725529bc,SC Ganguly,Batter,,36.446983789529625,,,55.19480519480519,,,36.446983789529625,55.1948051948052,,36.4,IPL/IPL
4c4a06fb,Nasir Jamshed,Batter,Pakistan,,36.369607535321826,22.425245619373843,,,,36.369607535321826,,,36.4,INTL_T20/FULL_MEMBER
6a0537aa,N Boje,Bowler,South Africa,,,,,,36.39915966386555,,36.39915966386555,,36.4,OTHER_T20/FRANCHISE
a143d606,P Pushparajan,Batter,Malta,,36.39162496249162,,,21.423533655328335,,36.39162496249162,21.423533655328335,,36.4,INTL_T20/ASSOCIATE_FRINGE
5eea345c,Khalid Latif,Batter,Pakistan,,37.90845049130763,33.82347600764125,,,,36.37658505993274,,,36.4,INTL_T20/FULL_MEMBER
b2a79f17,B Laughlin,Bowler,Australia,,,26.0124826629681,,17.16358662222752,36.41214177978884,26.0124826629681,36.41214177978884,,36.4,OTHER_T20/FRANCHISE
54745c20,V Chopra,Batter,,,,36.432332750749275,,,,36.432332750749275,,,36.4,OTHER_T20/FRANCHISE
75224f22,KMA Paul,All-rounder,West Indies,,42.85661460502965,36.01491691842901,,31.838743455497386,19.762639735772353,40.2909779725544,27.310204560600496,,36.4,INTL_T20/FULL_MEMBER
ec02b798,WTS Porterfield,Batter,Ireland,,31.4489913780955,44.35935969338969,,,,36.290379496330814,,,36.3,INTL_T20/FULL_MEMBER
3cf06094,Bilal Tahir,Batter,Kuwait,,36.34482537343341,,,29.18142680975381,,36.34482537343341,29.18142680975381,,36.3,INTL_T20/ASSOCIATE_FRINGE
cad40f5e,BA Carse,All-rounder,England,,,29.743840687630318,,51.188332086761406,18.818207600680655,29.743840687630314,39.04953540448112,,36.3,INTL_T20/FULL_MEMBER
0b0cc297,Tanzim Hasan Sakib,All-rounder,Bangladesh,,34.232039463288885,19.278281302450488,,41.44549156486329,36.533675166297115,28.624380152974485,39.60356041540097,,36.3,INTL_T20/FULL_MEMBER
28217d89,ML Revis,All-rounder,,,,45.43536901165299,,,15.116869918699186,45.43536901165299,15.116869918699186,,36.3,OTHER_T20/FRANCHISE
34b37279,BGF Green,All-rounder,,,,36.36140483383686,,,36.21397703054701,36.36140483383686,36.21397703054701,,36.3,OTHER_T20/FRANCHISE
31366b7e,G Mckeon,Batter,France,,36.3454755330954,,,25.024922385863952,,36.3454755330954,25.024922385863952,,36.3,INTL_T20/ASSOCIATE_FRINGE
bb345e0b,G Gambhir,Batter,India,37.22861140667038,33.7678158106276,20.721860856636237,,,,36.21073034901074,,,36.2,IPL/IPL
8209da53,H Singh,Batter,Germany,,36.15964904736286,,,18.04596439681991,,36.15964904736286,18.04596439681991,,36.2,INTL_T20/ASSOCIATE_FRINGE
5451a2c1,B Chipli,Batter,,36.15671867440735,,,,,,36.15671867440735,,,36.2,IPL/IPL
b424d3d3,Muhammad Asim,Batter,Qatar,,36.05317747895524,,,26.292390299044293,,36.05317747895524,26.292390299044293,,36.1,INTL_T20/ASSOCIATE_FRINGE
31ee319e,Ajay Mandal,Bowler,,,,28.971428571428575,,,36.14110214110214,28.971428571428575,36.14110214110214,,36.1,OTHER_T20/SMAT
ffe699c0,CJ Jordan,All-rounder,England,,34.690213531325995,33.19090066106308,34.548780487804876,44.13409241091852,34.194882831181246,34.1279712049774,36.89202382008974,,36.1,IPL/IPL
89394502,MA Baig,Bowler,Malawi,,27.35201018635425,,,36.0805428724996,,27.35201018635425,36.0805428724996,,36.1,INTL_T20/ASSOCIATE_FRINGE
55a73018,Waqar Ali,Bowler,Cyprus,,20.387231258728427,,,36.10191927948722,,20.387231258728427,36.10191927948722,,36.1,INTL_T20/ASSOCIATE_FRINGE
a15347c2,GJ Muchall,Batter,,,,36.090453651340056,,,,36.090453651340056,,,36.1,OTHER_T20/FRANCHISE
14fd10b5,Haider Butt,Batter,Bahrain,,36.06496085633881,,,27.59524714828897,,36.06496085633881,27.59524714828897,,36.1,INTL_T20/ASSOCIATE_FRINGE
9c821d2e,RA Herman,Batter,South Africa,,40.514516594516586,28.671899059546917,,,,36.07353501890296,,,36.1,INTL_T20/FULL_MEMBER
78eb4223,KAJ Roach,Bowler,West Indies,,,,,43.941362608976426,23.05550284629981,,36.10916519797269,,36.1,INTL_T20/FULL_MEMBER
44a18ad8,J Royal,Bowler,,,,,,,36.07590132827325,,36.07590132827325,,36.1,OTHER_T20/FRANCHISE
04bc296f,D Sabir,Bowler,Bermuda,,32.290294284020625,,,36.11764618039795,,32.290294284020625,36.11764618039795,,36.1,INTL_T20/ASSOCIATE_FRINGE
2b7609f1,H Ssenyondo,Bowler,Uganda,,14.140517130179463,,,36.07566451292794,,14.140517130179463,36.07566451292794,,36.1,INTL_T20/ASSOCIATE_FRINGE
2af838ee,N Pradeep,Bowler,Sri Lanka,,,,,34.33537832310839,38.92459324155194,,36.05633391752472,,36.1,INTL_T20/FULL_MEMBER
5d499f67,M Subasingha,Batter,,,,36.11837827500477,,,51.8,36.11837827500477,51.8,,36.1,OTHER_T20/FRANCHISE
62e07f92,KH Devdhar,Batter,,,,36.01938745967408,,,,36.01938745967408,,,36.0,OTHER_T20/SMAT
4e1b4323,TS Kamunhukamwe,Batter,Zimbabwe,,35.964865306122455,,,,,35.964865306122455,,,36.0,INTL_T20/FULL_MEMBER
e938e1bc,P Kumar,All-rounder,India,17.451098358632606,16.47601809009485,19.642371234207967,43.93520203858755,15.394016227180527,13.003134796238246,17.451098358632606,43.93520203858755,,36.0,IPL/IPL
1ac746c8,Atharva Taide,Batter,,,,35.97704081632653,,,,35.97704081632653,,,36.0,OTHER_T20/SMAT
1670dcfd,Nayeem Hasan,Bowler,,,,18.14623786407767,,,36.034074605451934,18.14623786407767,36.034074605451934,,36.0,OTHER_T20/FRANCHISE
430f8b13,T Poynton,Batter,,,,36.04691418736169,,,,36.04691418736169,,,36.0,OTHER_T20/FRANCHISE
63d6f031,AP Rajeevan,Wicketkeeper,Tanzania,,24.18851876131958,,,,,24.18851876131958,,82.84313725490196,35.9,INTL_T20/ASSOCIATE_FRINGE
2af28253,Vraj Patel,Bowler,Kenya,,17.475928539024657,,,35.89159081064277,,17.475928539024657,35.89159081064277,,35.9,INTL_T20/ASSOCIATE_FRINGE
bbff906c,CAK Walton,Wicketkeeper,West Indies,,31.9125,30.896791580174074,,,,31.53160934256528,,53.30145719489981,35.9,INTL_T20/FULL_MEMBER
2461eef2,PA Reddy,Batter,,,,35.936988171064606,,,,35.936988171064606,,,35.9,OTHER_T20/SMAT
5ac8f17b,GJ Batty,Bowler,England,,,18.7035282974189,,,35.89145658263305,18.7035282974189,35.89145658263305,,35.9,OTHER_T20/FRANCHISE
7c30f4d0,Rahil Shah,Bowler,,,,,,,35.88589981447124,,35.88589981447124,,35.9,OTHER_T20/SMAT
d02c40ab,YS Samra,Batter,Canada,,35.84537606669143,,,,,35.84537606669143,,,35.8,INTL_T20/ASSOCIATE_FRINGE
2b55c3b4,JJ Peirson,Wicketkeeper,,,,25.627764283817125,,,,25.627764283817125,,76.63934426229508,35.8,OTHER_T20/FRANCHISE
ade90de7,S Midhun,Bowler,,,,,,,35.80290297937356,,35.80290297937356,,35.8,OTHER_T20/SMAT
b61a3e1a,LRPL Taylor,Batter,New Zealand,33.56043054566434,43.311362683438155,32.000813085365586,,,,35.76422096106298,,,35.8,IPL/IPL
036dcf9b,Saber Zakhil,Batter,Belgium,,35.79233429725649,,,23.15957044496968,,35.79233429725649,23.15957044496968,,35.8,INTL_T20/ASSOCIATE_FRINGE
a9a09cb8,S Wickramasekara,Batter,Czech Republic,,35.76757693322813,,,27.577738903784528,,35.76757693322813,27.577738903784528,,35.8,INTL_T20/ASSOCIATE_FRINGE
0fdabe05,V Sibanda,Batter,Zimbabwe,,35.82519068233354,,,,,35.82519068233354,,,35.8,INTL_T20/FULL_MEMBER
23fa9ea9,Abdul Waheed,Batter,Saudi Arabia,,35.789472996250076,,,19.938422493650634,,35.789472996250076,19.938422493650634,,35.8,INTL_T20/ASSOCIATE_FRINGE
9f998ed8,CW Perchard,Bowler,Jersey,,24.45321603359724,,,35.80283898592568,,24.45321603359724,35.80283898592568,,35.8,INTL_T20/ASSOCIATE_FRINGE
c63671e9,Naseem Khushi,Batter,Oman,,35.769778989712606,,,,,35.769778989712606,,,35.8,INTL_T20/ASSOCIATE_FRINGE
a7553f15,Faisal Khan,Batter,Saudi Arabia,,35.82531806966975,,,12.46554396601925,,35.82531806966975,12.46554396601925,,35.8,INTL_T20/ASSOCIATE_FRINGE
8728a058,R Clarke,All-rounder,,,,30.296478333408487,,,38.14430894308943,30.29647833340849,38.14430894308943,,35.8,OTHER_T20/FRANCHISE
7b953689,MP Kuhnemann,Bowler,Australia,,18.522154885087993,31.086752270591923,,14.861494068941319,35.8086164043082,31.086752270591923,35.8086164043082,,35.8,OTHER_T20/FRANCHISE
0d677597,W Barresi,Wicketkeeper,Netherlands,,26.42704363381815,,,19.81168831168831,,26.42704363381815,19.81168831168831,73.0392156862745,35.7,INTL_T20/ASSOCIATE_FRINGE
626af7ff,C Hinze,Bowler,Japan,,25.84658236574559,,,35.74647888578746,,25.84658236574559,35.74647888578746,,35.7,INTL_T20/ASSOCIATE_FRINGE
d365d463,Nurul Hasan,Wicketkeeper,Bangladesh,,27.031020090548953,23.4221664202831,,,,25.677699964199256,,75.6648451730419,35.7,INTL_T20/FULL_MEMBER
245c97cb,TS Mills,Bowler,England,,,37.9368932038835,,29.443762781186095,46.052878598247815,37.9368932038835,35.67218121258424,,35.7,INTL_T20/FULL_MEMBER
15de1f5d,WA Agar,Bowler,,,,32.28290183387271,,,35.666666666666664,32.28290183387271,35.666666666666664,,35.7,OTHER_T20/FRANCHISE
77841dcc,J Symes,Batter,,,,35.69347287107614,,,,35.69347287107614,,,35.7,OTHER_T20/FRANCHISE
f939ffa9,RC Davies,Batter,,,,35.74793353307409,,,,35.74793353307409,,,35.7,OTHER_T20/FRANCHISE
5ad8c974,I Kaia,Batter,Zimbabwe,,35.574121441169055,,,,,35.574121441169055,,,35.6,INTL_T20/FULL_MEMBER
662c47a6,Y Nagar,Batter,,35.58099582358343,,18.41901707163804,,,,35.58099582358343,,,35.6,IPL/IPL
a8e3170f,Mohammad Irfan,Bowler,Pakistan,,,,,33.87255623721882,38.55210997442455,,35.627388888670964,,35.6,INTL_T20/FULL_MEMBER
864c199e,AC Voges,Batter,Australia,,26.882788974833623,35.55506305420247,,,,35.55506305420247,,,35.6,OTHER_T20/FRANCHISE
97e434a6,DP Sibley,Batter,,,,35.64441311163019,,,21.75,35.64441311163019,21.75,,35.6,OTHER_T20/FRANCHISE
f2800ef3,Yasir Shah,Bowler,Pakistan,,,27.288600062637016,,,35.5841784989858,27.288600062637016,35.5841784989858,,35.6,OTHER_T20/FRANCHISE
ebb1f8e8,T Muller,Bowler,,,,,,,35.49074074074073,,35.49074074074073,,35.5,OTHER_T20/FRANCHISE
f56cd097,Rubel Hossain,Bowler,Bangladesh,,28.83512336719884,31.974632007516444,,28.47650667629015,47.2215269086358,30.012439107317938,35.50588926341977,,35.5,INTL_T20/FULL_MEMBER
dcbea954,Aasif Sheikh,Wicketkeeper,Nepal,,30.14773620941467,19.7087427563618,,,,26.233113664519845,,72.70499108734403,35.5,INTL_T20/ASSOCIATE_FRINGE
373954ca,Fayaz Khan,Batter,Germany,,35.49564952289026,,,25.28563903486547,,35.49564952289026,25.28563903486547,,35.5,INTL_T20/ASSOCIATE_FRINGE
1a628a92,Mohammad Kamran,Bowler,Spain,,28.003645121206034,,,35.501119439948205,,28.003645121206034,35.501119439948205,,35.5,INTL_T20/ASSOCIATE_FRINGE
14af45c4,KDA Lukies,Bowler,Philippines,,28.308153693554814,,,35.453527483937656,,28.308153693554814,35.453527483937656,,35.5,INTL_T20/ASSOCIATE_FRINGE
7e00711f,Faheem Nazir,Batter,Switzerland,,35.474565086208,,,28.270412129769046,,35.474565086208,28.270412129769046,,35.5,INTL_T20/ASSOCIATE_FRINGE
10b58586,AR Easwaran,Batter,,,,35.46872156505914,,,,35.46872156505914,,,35.5,OTHER_T20/SMAT
bb4da4d3,D Visser,Batter,Samoa,,35.47041138555657,,,31.31181459841155,,35.47041138555657,31.31181459841155,,35.5,INTL_T20/ASSOCIATE_FRINGE
9de271ef,P Utseya,Bowler,Zimbabwe,,45.344955421936554,,,35.48401679044237,,45.344955421936554,35.48401679044237,,35.5,INTL_T20/FULL_MEMBER
a2f46292,KK Ahmed,Bowler,India,,,,40.73726273726273,23.922605002359603,33.24522536287242,,35.4097926973784,,35.4,IPL/IPL
1a2676c5,SA Abbott,All-rounder,Australia,,23.185494246659808,15.4997600022588,,43.714717859220485,38.79763923307682,20.303343905009427,41.87081337441661,,35.4,INTL_T20/FULL_MEMBER
f6b4f746,Ahmed Faiz Mohammad Noor,Batter,Malaysia,,35.417304917646305,,,20.926830786621665,,35.417304917646305,20.926830786621665,,35.4,INTL_T20/ASSOCIATE_FRINGE
95a06106,GLS Scrimshaw,Bowler,,,,18.226288274831962,,,35.391606080634496,18.226288274831962,35.391606080634496,,35.4,OTHER_T20/FRANCHISE
3cf54e77,Khawaja Nafay,Batter,Pakistan,,25.02619383913914,35.374139414802066,,,,35.374139414802066,,,35.4,OTHER_T20/FRANCHISE
5680f1ad,CO Obuya,Batter,Kenya,,35.428617635012884,,,25.42596253504999,,35.428617635012884,25.42596253504999,,35.4,INTL_T20/ASSOCIATE_FRINGE
6fe2c1c0,A Carter,Bowler,,,,,,,35.39819004524887,,35.39819004524887,,35.4,OTHER_T20/FRANCHISE
ff4805ee,Md Ariyan,Batter,Romania,,35.42729520318164,,,,,35.42729520318164,,,35.4,INTL_T20/ASSOCIATE_FRINGE
b25a3800,Meet Bhavsar,Batter,Kuwait,,35.4318847295673,,,29.36245820257227,,35.4318847295673,29.36245820257227,,35.4,INTL_T20/ASSOCIATE_FRINGE
e3aa97a2,JM Gibson,Batter,,,,35.35356463447776,,,35.916666666666664,35.35356463447776,35.916666666666664,,35.4,OTHER_T20/FRANCHISE
125fa4de,JF Carter,Batter,,,,35.374029594928224,,,,35.374029594928224,,,35.4,OTHER_T20/FRANCHISE
02bce9a8,NCR Larkin,Batter,,,,35.39494713548069,,,,35.39494713548069,,,35.4,OTHER_T20/FRANCHISE
9238dd92,YM Nkanya,Bowler,Tanzania,,10.690517744272135,,,35.342494053179074,,10.690517744272135,35.342494053179074,,35.3,INTL_T20/ASSOCIATE_FRINGE
6c6aca89,TS Roland-Jones,Bowler,,,,50.48543689320388,,,35.27889576883385,50.48543689320388,35.27889576883385,,35.3,OTHER_T20/FRANCHISE
39180894,BC Cullen,Bowler,,,,35.32092772384034,,,35.269207683073226,35.32092772384034,35.269207683073226,,35.3,OTHER_T20/FRANCHISE
5afd4539,MS Bisla,Wicketkeeper,,28.20020481310804,,,,,,28.20020481310804,,63.934426229508205,35.3,IPL/IPL
e03ca117,K Kato-Stafford,Bowler,Japan,,28.847631711798467,,,35.34345678369334,,28.847631711798467,35.34345678369334,,35.3,INTL_T20/ASSOCIATE_FRINGE
364ee2cf,SJ Benn,Bowler,West Indies,,,,,36.263803680981596,33.68464052287581,,35.29661749669192,,35.3,INTL_T20/FULL_MEMBER
0a67aec0,Akash Deep,Bowler,,,,,,,35.304985337243394,,35.304985337243394,,35.3,OTHER_T20/SMAT
596982e6,Ali Dawood,Bowler,Bahrain,,24.860776308174785,,,35.32895772739225,,24.860776308174785,35.32895772739225,,35.3,INTL_T20/ASSOCIATE_FRINGE
5c14bd52,Manan Bashir,Batter,Bulgaria,,35.289245426393634,,,,,35.289245426393634,,,35.3,INTL_T20/ASSOCIATE_FRINGE
5c756df3,Abul Hasan,Bowler,Bangladesh,,,32.54997144488863,,,35.174632352941174,32.54997144488863,35.174632352941174,,35.2,OTHER_T20/FRANCHISE
33290a80,K Kadowaki-Fleming,Batter,Japan,,35.208750423301005,,,,,35.208750423301005,,,35.2,INTL_T20/ASSOCIATE_FRINGE
f9f21866,Pratham Singh,Batter,,,,35.21357077862992,,,,35.21357077862992,,,35.2,OTHER_T20/SMAT
68c56d09,KA Jamieson,All-rounder,New Zealand,,35.742218248168015,34.38782000318015,,25.307225130890053,51.36553273427471,35.23431890629757,35.079090482159295,,35.2,INTL_T20/FULL_MEMBER
05b1aef8,NG Smith,All-rounder,New Zealand,,,34.016006784332426,,,35.64735772357723,34.016006784332426,35.64735772357723,,35.2,OTHER_T20/FRANCHISE
1e960f2a,C Kieswetter,Wicketkeeper,England,,40.66402649769586,29.870592530117445,,,,36.61648875985395,,29.362477231329688,35.2,INTL_T20/FULL_MEMBER
df1f2f29,Fiaz Ahmed,Batter,Bahrain,,35.241809977494555,,,,,35.241809977494555,,,35.2,INTL_T20/ASSOCIATE_FRINGE
a7e8ff19,BD Cotton,Bowler,,,,,,,35.23148148148148,,35.23148148148148,,35.2,OTHER_T20/FRANCHISE
04ef663a,WG Bosisto,Batter,,,,35.20583378811413,,,48.758620689655174,35.20583378811413,48.758620689655174,,35.2,OTHER_T20/FRANCHISE
ff1e12a0,AJ Turner,Batter,Australia,,22.875356742023406,55.36822837999227,,,49.46491228070176,35.06018360626173,49.46491228070176,,35.1,INTL_T20/FULL_MEMBER
e9630504,Shaiman Anwar,Batter,United Arab Emirates,,35.08010079736681,,,,,35.08010079736681,,,35.1,INTL_T20/ASSOCIATE_FRINGE
209e91e6,B Kohler-Cadmore,Batter,Germany,,35.10924390212512,,,,,35.10924390212512,,,35.1,INTL_T20/ASSOCIATE_FRINGE
ef9f75f8,MW Chu,Wicketkeeper,,,,39.25762045231072,,,,39.25762045231072,,18.442622950819672,35.1,OTHER_T20/FRANCHISE
073126d6,LS Barkania,Bowler,Tanzania,,20.78637992067922,,,35.068827477167275,,20.78637992067922,35.068827477167275,,35.1,INTL_T20/ASSOCIATE_FRINGE
82e81007,Hamza Tariq,Wicketkeeper,Canada,,33.840523064635356,,,,,33.840523064635356,,40.01782531194296,35.1,INTL_T20/ASSOCIATE_FRINGE
40c041ea,Imam-ul-Haq,Batter,Pakistan,,,35.08824071797393,,,,35.08824071797393,,,35.1,OTHER_T20/FRANCHISE
d1d83db3,T Gwandu,Bowler,Zimbabwe,,,,,35.05899008966494,,,35.05899008966494,,35.1,INTL_T20/FULL_MEMBER
cf59b3f0,Urvil Patel,Batter,,,,35.05373648993542,,,,35.05373648993542,,,35.1,OTHER_T20/SMAT
541f85c9,SP Goswami,Wicketkeeper,,25.672043010752688,,39.025409373235455,,,,28.342716283249242,,61.57786885245902,35.0,IPL/IPL
529eb9e0,OC McCoy,Bowler,West Indies,,49.85710515899195,30.314256515074085,,35.98793038687869,33.34984520123839,42.52853691752275,34.99864844226357,,35.0,INTL_T20/FULL_MEMBER
7fcc57bf,Atif Mehmood,Bowler,Spain,,27.786362962257083,,,34.99037962014577,,27.786362962257083,34.99037962014577,,35.0,INTL_T20/ASSOCIATE_FRINGE
8998a68f,Sumit Kumar,All-rounder,,,,27.416484807789157,,,38.24999999999999,27.416484807789157,38.24999999999999,,35.0,OTHER_T20/SMAT
dfe5db8a,PA Raikes,Batter,Gibraltar,,35.02891251542383,,,,,35.02891251542383,,,35.0,INTL_T20/ASSOCIATE_FRINGE
74a1c1e3,WER Somerville,Bowler,,,,52.28425026968716,,,34.98823529411764,52.28425026968716,34.98823529411764,,35.0,OTHER_T20/FRANCHISE
a8e56914,D Olivier,Bowler,,,,,,,35.0,,35.0,,35.0,OTHER_T20/FRANCHISE
4312e0fd,NR Hobson,Batter,,,,34.99369835557442,,,,34.99369835557442,,,35.0,OTHER_T20/FRANCHISE
aa8914ad,BNJ Lockrose,Bowler,,,,44.08036677454153,,,35.03473091364205,44.08036677454153,35.03473091364205,,35.0,OTHER_T20/FRANCHISE
b6bad765,Shaheryar Butt,Batter,Belgium,,34.90243083774621,,,,,34.90243083774621,,,34.9,INTL_T20/ASSOCIATE_FRINGE
c6e10e5c,NK Patel,Bowler,United States of America,,30.025579149471675,,,34.93689451681122,,30.025579149471675,34.93689451681122,,34.9,INTL_T20/ASSOCIATE_FRINGE
82342b13,B Bhandari,Wicketkeeper,Nepal,,25.490957252466202,21.486880466472304,,,,23.98942845771849,,78.6541889483066,34.9,INTL_T20/ASSOCIATE_FRINGE
69cbffb8,Rajjakuddin Ahmed,Batter,,,,34.893937670609645,,,33.857142857142854,34.893937670609645,33.857142857142854,,34.9,OTHER_T20/SMAT
66162077,J Bishop,Bowler,,,,,,,34.880455407969635,,34.880455407969635,,34.9,OTHER_T20/FRANCHISE
5787be00,S Davizi,Batter,Czech Republic,,34.877786824305325,,,21.413132771554825,,34.877786824305325,21.413132771554825,,34.9,INTL_T20/ASSOCIATE_FRINGE
a12672e0,J Baker,Batter,Cayman Islands,,34.92857429780997,,,22.51623583486701,,34.92857429780997,22.51623583486701,,34.9,INTL_T20/ASSOCIATE_FRINGE
dd6e32da,JB Cracknell,Batter,,,,34.854907038703445,,,,34.854907038703445,,,34.9,OTHER_T20/FRANCHISE
2327fdc7,AA Rahayu,Bowler,Indonesia,,28.028143440676505,,,34.86372063780114,,28.028143440676505,34.86372063780114,,34.9,INTL_T20/ASSOCIATE_FRINGE
d300d274,Saim Hussain,Batter,Bulgaria,,34.891506336909096,,,,,34.891506336909096,,,34.9,INTL_T20/ASSOCIATE_FRINGE
634a7b21,BN Cooper,Batter,Netherlands,,34.940643220787,,,,,34.940643220787,,,34.9,INTL_T20/ASSOCIATE_FRINGE
2e11c706,BCJ Cutting,All-rounder,Australia,,22.677435817960287,40.95798971176615,,12.905172413793103,20.73170731707317,40.95798971176615,20.73170731707317,,34.9,OTHER_T20/FRANCHISE
ac3c3cab,TAR Scriven,Bowler,,,,,,,34.807302231237315,,34.807302231237315,,34.8,OTHER_T20/FRANCHISE
867a45a7,TAI Taylor,All-rounder,,,,32.90974320241691,,,35.627717391304344,32.90974320241691,35.627717391304344,,34.8,OTHER_T20/FRANCHISE
f32d890a,PJ Malan,Batter,,,,34.68729051544524,,,,34.68729051544524,,,34.7,OTHER_T20/FRANCHISE
d4b8ea98,Sayan Ghosh,Bowler,,,,,,,34.675324675324674,,34.675324675324674,,34.7,OTHER_T20/SMAT
a61bcb94,K Pierre,Bowler,West Indies,,,47.7109783420463,,30.4559509202454,41.77905308464848,47.7109783420463,34.70211423189655,,34.7,INTL_T20/FULL_MEMBER
305c31f2,BBA Geddes,Batter,,,,34.737174260953594,,,,34.737174260953594,,,34.7,OTHER_T20/FRANCHISE
3bc10d5b,Pankaj Jaswal,Bowler,,,,41.26451612903226,,,34.71333544504276,41.26451612903226,34.71333544504276,,34.7,OTHER_T20/SMAT
2d7f2ba0,WB Marshall,Batter,,,,34.746987951807235,,,,34.746987951807235,,,34.7,OTHER_T20/FRANCHISE
5d6a1f76,Zeeshan Kukikhel,Batter,Hungary,,34.623627918032355,,,24.40534374678861,,34.623627918032355,24.40534374678861,,34.6,INTL_T20/ASSOCIATE_FRINGE
465aa633,N Burger,Bowler,South Africa,,18.78770557479946,21.73139158576052,,17.1396178546488,34.602941176470594,21.73139158576052,34.602941176470594,,34.6,OTHER_T20/FRANCHISE
ed5a5510,P Dubey,Bowler,,,,,,,34.61183261183261,,34.61183261183261,,34.6,OTHER_T20/SMAT
c439461b,Ahmed Hassan,Wicketkeeper,Switzerland,,29.30481090312768,,,,,29.30481090312768,,55.88235294117647,34.6,INTL_T20/ASSOCIATE_FRINGE
b80dd12c,Jatinder Singh,Batter,Oman,,34.60136448717392,,,20.199446940891807,,34.60136448717392,20.199446940891807,,34.6,INTL_T20/ASSOCIATE_FRINGE
46a7ac78,DM Nakrani,All-rounder,Uganda,,32.50410772453643,,,35.49978973927671,,32.50410772453643,35.49978973927671,,34.6,INTL_T20/ASSOCIATE_FRINGE
b471ff6c,K Fubler,Bowler,Bermuda,,,,,34.64303605902364,,,34.64303605902364,,34.6,INTL_T20/ASSOCIATE_FRINGE
b56f5b6f,AE Paraam,Batter,Singapore,,34.5730005929466,,,18.72053942222249,,34.5730005929466,18.72053942222249,,34.6,INTL_T20/ASSOCIATE_FRINGE
1f943bef,H Rathod,Bowler,Qatar,,32.46587031118088,,,34.6028732059881,,32.46587031118088,34.6028732059881,,34.6,INTL_T20/ASSOCIATE_FRINGE
9e9af5f2,Mohammad Wasim,All-rounder,Pakistan,,27.36553888644781,31.209088620342392,,47.78337377091049,19.211532670882264,28.806870036658275,37.0689333583999,,34.6,INTL_T20/FULL_MEMBER
78fcc740,Pavandeep Singh,Bowler,Malaysia,,16.732929490250463,,,34.61810170485813,,16.732929490250463,34.61810170485813,,34.6,INTL_T20/ASSOCIATE_FRINGE
5ec41cd7,Jasdeep Singh,Bowler,United States of America,,22.17810433789011,,,18.407219587947502,34.45404411764706,22.17810433789011,34.45404411764706,,34.5,OTHER_T20/FRANCHISE
1786a21b,BJ Curran,Batter,Zimbabwe,,27.050410404746643,34.452501249236576,,,,34.452501249236576,,,34.5,OTHER_T20/FRANCHISE
1957c6b7,LWP Wells,All-rounder,,,,38.186647189668335,,,25.8278483127297,38.186647189668335,25.8278483127297,,34.5,OTHER_T20/FRANCHISE
f1e0417f,Mehboob Ali,Batter,Malta,,34.470809167906445,,,22.694320688046922,,34.470809167906445,22.694320688046922,,34.5,INTL_T20/ASSOCIATE_FRINGE
7050a1e7,DB Das,Batter,,34.544917092086905,,16.55546072737207,,,,34.544917092086905,,,34.5,IPL/IPL
9d3940b3,Himanshu Rana,Batter,,,,34.51423371896529,,,,34.51423371896529,,,34.5,OTHER_T20/SMAT
6d2b9724,T Manders,Batter,Bermuda,,34.506864125794486,,,,,34.506864125794486,,,34.5,INTL_T20/ASSOCIATE_FRINGE
fdb8ed0d,SD Parry,Bowler,England,,,38.23300970873786,,16.858420088501582,34.48080065359476,38.23300970873786,34.48080065359476,,34.5,OTHER_T20/FRANCHISE
cd8d2859,DG Nalkande,Bowler,,,,,,,34.53030303030303,,34.53030303030303,,34.5,OTHER_T20/SMAT
b8d18afc,Nabil Samad,Bowler,,,,,,,34.52488687782805,,34.52488687782805,,34.5,OTHER_T20/FRANCHISE
71647ced,AJA Wheater,Wicketkeeper,,,,29.665607276911693,,,,29.66560727691169,,53.68852459016394,34.5,OTHER_T20/FRANCHISE
cde067e1,J Kariko,Bowler,Papua New Guinea,,20.93667695106646,,,34.38276169859186,,20.93667695106646,34.38276169859186,,34.4,INTL_T20/ASSOCIATE_FRINGE
aef39fe4,Muhammad Tanveer,Batter,Qatar,,34.42355555690727,,,14.870773815640737,,34.42355555690727,14.870773815640737,,34.4,INTL_T20/ASSOCIATE_FRINGE
cf0b9a0d,Khalid Ahmadi,Bowler,Belgium,,36.48264025159589,,,34.36953194408736,,36.48264025159589,34.36953194408736,,34.4,INTL_T20/ASSOCIATE_FRINGE
61c48027,Kuldeep,Batter,Portugal,,34.42037445723375,,,,,34.42037445723375,,,34.4,INTL_T20/ASSOCIATE_FRINGE
afbc53ba,Ahmer Bin Nisar,Batter,Bahrain,,34.35815381069547,,,21.01403622838984,,34.35815381069547,21.01403622838984,,34.4,INTL_T20/ASSOCIATE_FRINGE
01549705,J van Heerden,Batter,Germany,,34.4020510565673,,,28.260132566026105,,34.4020510565673,28.260132566026105,,34.4,INTL_T20/ASSOCIATE_FRINGE
3e6e9a5f,S Gill,Bowler,Kenya,,33.728842308357144,,,34.436577578442986,,33.728842308357144,34.436577578442986,,34.4,INTL_T20/ASSOCIATE_FRINGE
2af1b6d2,AN Ahmed,Bowler,,,,,,,34.39905548996458,,34.39905548996458,,34.4,OTHER_T20/SMAT
723ca856,Khizer Ahmed,Wicketkeeper,Norway,,21.401169163317498,,,,,21.401169163317498,,85.7843137254902,34.3,INTL_T20/ASSOCIATE_FRINGE
dac6aabc,Mahidul Islam Ankon,Wicketkeeper,,,,36.73513429591678,,,,36.73513429591678,,24.59016393442623,34.3,OTHER_T20/FRANCHISE
e342e5fb,CR Brathwaite,All-rounder,West Indies,,31.243369607188576,45.34061601945324,,23.29964690125411,38.398628048780495,36.52983701178782,28.961764831576502,,34.3,INTL_T20/FULL_MEMBER
63bfb5fc,Chintan Gaja,Bowler,,,,,,,34.31168831168831,,34.31168831168831,,34.3,OTHER_T20/SMAT
9f2be73d,S Ravichandran,All-rounder,Japan,,22.19236199233955,,,39.495141065830715,,22.19236199233955,39.495141065830715,,34.3,INTL_T20/ASSOCIATE_FRINGE
6a63c29c,SVE Bharathi,Bowler,Germany,,15.013392668829876,,,34.32347098146214,,15.013392668829876,34.32347098146214,,34.3,INTL_T20/ASSOCIATE_FRINGE
f422728b,H Kerr,All-rounder,,,,30.24762624082865,,,35.99802725968436,30.24762624082865,35.99802725968436,,34.3,OTHER_T20/FRANCHISE
8f02f6a8,J Mosca,Batter,Italy,,34.27449935069042,,,,,34.27449935069042,,,34.3,INTL_T20/ASSOCIATE_FRINGE
f787e0eb,J Edwards,All-rounder,Australia,,,21.909797151488995,,,39.55284552845528,21.909797151488995,39.55284552845528,,34.3,OTHER_T20/FRANCHISE
43f4087c,NA Rock,Wicketkeeper,Ireland,,24.947580645161292,25.067408781694496,,,,24.947580645161292,,71.94444444444444,34.3,INTL_T20/FULL_MEMBER
95fcbfb7,TK Patel,Bowler,United States of America,,23.66363186698195,,,34.30015177641545,,23.66363186698195,34.30015177641545,,34.3,INTL_T20/ASSOCIATE_FRINGE
653a7fa8,PV Vuniwaqa,Batter,Fiji,,34.15095292930364,,,19.941580796143533,,34.15095292930364,19.941580796143533,,34.2,INTL_T20/ASSOCIATE_FRINGE
8bf61e65,JA Brooks,Bowler,,,,,,,34.18181818181818,,34.18181818181818,,34.2,OTHER_T20/FRANCHISE
0c7f11be,DL Lloyd,Batter,,,,34.16946036051027,,,29.28086419753086,34.16946036051027,29.28086419753086,,34.2,OTHER_T20/FRANCHISE
ed47cb25,LP Goldsworthy,All-rounder,,,,24.52802268943831,,,38.29681757434012,24.52802268943831,38.29681757434012,,34.2,OTHER_T20/FRANCHISE
14810ee7,Kaleem Sana,Bowler,Canada,,25.5383494656853,,,34.18478136052846,,25.5383494656853,34.18478136052846,,34.2,INTL_T20/ASSOCIATE_FRINGE
3b30b8c4,Amit Verma,Batter,,,,34.14761403328539,,,15.599999999999998,34.14761403328539,15.599999999999996,,34.1,OTHER_T20/SMAT
2a6ccc1c,S Chandramohan,Batter,Singapore,,34.06030490338107,,,,,34.06030490338107,,,34.1,INTL_T20/ASSOCIATE_FRINGE
26e5cabf,MK Tiwary,Batter,India,36.570673262047926,,24.162992155030373,,,30.377777777777776,34.08913704064442,30.37777777777778,,34.1,IPL/IPL
609d6c7c,W Peatfield,Bowler,Guernsey,,25.355244263328068,,,34.12079727719781,,25.355244263328068,34.12079727719781,,34.1,INTL_T20/ASSOCIATE_FRINGE
78dfe704,V Permaul,Bowler,West Indies,,,23.661700703046534,,,34.05495356037151,23.661700703046534,34.05495356037151,,34.1,OTHER_T20/FRANCHISE
80b2fb19,Prince Yadav,Bowler,India,,,,34.09090909090909,23.06604468782482,,,34.09090909090909,,34.1,IPL/IPL
4ba2c04d,AJ Nair,Bowler,,,,46.146844660194176,,,34.095588235294116,46.146844660194176,34.095588235294116,,34.1,OTHER_T20/FRANCHISE
7fa6bd8e,RR Patel,All-rounder,Kenya,,34.6060165986191,,,32.850795755968164,,34.6060165986191,32.850795755968164,,34.1,INTL_T20/ASSOCIATE_FRINGE
17aa4f1d,Aaron Jones,Batter,United States of America,,31.005431221285455,34.10941393815749,,26.60443401175841,,34.10941393815749,26.60443401175841,,34.1,OTHER_T20/FRANCHISE
94238673,HK Bennett,Bowler,New Zealand,,,,,33.87691314175008,34.40344062153163,,34.07436094666816,,34.1,INTL_T20/FULL_MEMBER
afa2ebba,Kamran Ahmadzai,Batter,France,,34.123174511583315,,,19.239380237479097,,34.123174511583315,19.239380237479097,,34.1,INTL_T20/ASSOCIATE_FRINGE
42581e6d,K Kubota,Bowler,Japan,,,,,34.071422307819724,,,34.071422307819724,,34.1,INTL_T20/ASSOCIATE_FRINGE
626c5379,R Sathish,Batter,,34.055567074435,,,,,23.140515517769334,34.055567074435,23.140515517769334,,34.1,IPL/IPL
fb3e0d39,C Karunaratne,All-rounder,Sri Lanka,,26.334247627562853,56.98776682680402,,30.144851657940666,16.50844277673546,37.82931732727829,25.031198327488713,,34.0,INTL_T20/FULL_MEMBER
327b58d3,PVD Chameera,Bowler,Sri Lanka,,26.735996498260647,,24.07792207792208,55.11205592809246,38.81818181818182,26.735996498260647,34.047494501503635,,34.0,IPL/IPL
a354c917,NT Broom,Batter,New Zealand,,23.738376436072677,34.00089516228178,,,,34.00089516228178,,,34.0,OTHER_T20/FRANCHISE
fcf6b0f6,RR Simmonds,Bowler,West Indies,,,,,,34.00683994528043,,34.00683994528043,,34.0,OTHER_T20/FRANCHISE
dbfb8218,DT Tiripano,Bowler,Zimbabwe,,55.82905982905984,,,33.959100204498974,,55.82905982905984,33.959100204498974,,34.0,INTL_T20/FULL_MEMBER
b0358c6d,WAE Burton,Batter,Serbia,,34.038187805073576,,,19.27348835858507,,34.038187805073576,19.27348835858507,,34.0,INTL_T20/ASSOCIATE_FRINGE
69d03465,AT Carey,Wicketkeeper,Australia,,20.624775985663085,46.640176214873456,,,,30.38055107161697,,48.62780813600486,34.0,INTL_T20/FULL_MEMBER
40c1eeeb,Aniruddha Joshi,Batter,,,,34.01496896529312,,,,34.01496896529312,,,34.0,OTHER_T20/SMAT
f1c61793,JD Wildermuth,All-rounder,Australia,,,37.610969091331626,,,25.66429539295393,37.610969091331626,25.66429539295393,,34.0,OTHER_T20/FRANCHISE
3ad06915,J Coetzee,Bowler,Thailand,,31.541724369976777,14.975316183891294,,38.125773120986196,27.156128619420894,25.32932130019472,34.012156432899204,,34.0,INTL_T20/ASSOCIATE_FRINGE
b98b5e1c,Sohaib Maqsood,Batter,Pakistan,,30.866011589821113,38.87777146587758,,,,33.87042154334229,,,33.9,INTL_T20/FULL_MEMBER
2c535f08,F Damiao Couana,Batter,Mozambique,,33.92902715842986,,,23.131642981928152,,33.92902715842986,23.131642981928152,,33.9,INTL_T20/ASSOCIATE_FRINGE
53ace082,Arun Yadav,Batter,Tanzania,,33.927269070350285,,,24.51772318217185,,33.927269070350285,24.51772318217185,,33.9,INTL_T20/ASSOCIATE_FRINGE
101b1180,V Shukla,Batter,Oman,,33.94911753321966,,,,,33.94911753321966,,,33.9,INTL_T20/ASSOCIATE_FRINGE
79f5bc26,BG Lister,Bowler,New Zealand,,,30.757907923582838,,35.19705521472393,31.702361226180614,30.757907923582835,33.886544969020186,,33.9,INTL_T20/FULL_MEMBER
92b7602a,AR Nedd,Bowler,,,,,,,33.89421252371916,,33.89421252371916,,33.9,OTHER_T20/FRANCHISE
d96165b5,D Myers,Batter,Zimbabwe,,33.88545359872344,,,,,33.88545359872344,,,33.9,INTL_T20/FULL_MEMBER
bbce4647,EP Gulbis,Batter,,,,33.927892019204634,,,25.60526315789474,33.927892019204634,25.60526315789474,,33.9,OTHER_T20/FRANCHISE
fe763256,Y Venugopal Rao,Batter,,33.895884459106085,,,37.532467532467535,,,33.895884459106085,37.532467532467535,,33.9,IPL/IPL
f7b3d625,JCT Boyle,Batter,,,,33.89602924597891,,,,33.89602924597891,,,33.9,OTHER_T20/FRANCHISE
f0e722e0,Usman Shinwari,Bowler,Pakistan,,,37.15085884988798,,33.018404907975466,35.24743230625584,37.15085884988798,33.8542901823306,,33.9,INTL_T20/FULL_MEMBER
6f4c73ce,RS Primus,All-rounder,,,,30.652708494344125,,,35.35213414634146,30.652708494344125,35.35213414634146,,33.9,OTHER_T20/FRANCHISE
5bdeeed4,Shivam Sharma,Bowler,Canada,,,,,33.85586146494306,,,33.85586146494306,,33.9,INTL_T20/ASSOCIATE_FRINGE
8108e2d2,DKH Mitchell,All-rounder,,,,35.52870090634441,,,29.978016688061615,35.52870090634441,29.978016688061615,,33.9,OTHER_T20/FRANCHISE
51a125b3,T Nightingale,Batter,Guernsey,,33.77652914281373,,,19.986880793340873,,33.77652914281373,19.986880793340873,,33.8,INTL_T20/ASSOCIATE_FRINGE
b7621723,Muhammad Usman,Batter,Hungary,,33.753558179686365,,,,,33.753558179686365,,,33.8,INTL_T20/ASSOCIATE_FRINGE
b7824537,B Niaz,Batter,Belgium,,33.810884845179345,,,31.864374398594933,,33.810884845179345,31.864374398594933,,33.8,INTL_T20/ASSOCIATE_FRINGE
b67bfaae,GE Mathurin,Bowler,West Indies,,,,,24.51630339468294,33.77828054298642,,33.77828054298642,,33.8,OTHER_T20/FRANCHISE
c2e5539b,LM Benkenstein,All-rounder,,,,40.28438197819519,,,18.54104699583581,40.28438197819519,18.54104699583581,,33.8,OTHER_T20/FRANCHISE
c2c975f9,S Sesazi,Batter,Uganda,,33.788439965882084,,,,,33.788439965882084,,,33.8,INTL_T20/ASSOCIATE_FRINGE
aedc3b7c,NS Naik,Wicketkeeper,,,,30.534632034632033,,,,30.534632034632033,,46.77985948477752,33.8,OTHER_T20/SMAT
06bcade5,ASF Sirah,Bowler,Philippines,,31.654211954486858,,,33.81040997225533,,31.654211954486858,33.81040997225533,,33.8,INTL_T20/ASSOCIATE_FRINGE
c2f12310,PS Athavale,Wicketkeeper,Oman,,29.56434349270548,,,,,29.56434349270548,,50.98039215686274,33.8,INTL_T20/ASSOCIATE_FRINGE
e8c95491,HB Dickson,Batter,Cook Islands,,33.84790903193637,,,26.21094851505498,,33.84790903193637,26.21094851505498,,33.8,INTL_T20/ASSOCIATE_FRINGE
2cffab74,Mukesh Kumar,Bowler,India,,,,28.631578947368425,49.591745677635245,27.921150278293133,,33.76505632957383,,33.8,IPL/IPL
e737a5fe,C Rushworth,Bowler,,,,,,,33.80360531309297,,33.80360531309297,,33.8,OTHER_T20/FRANCHISE
bd920a2c,M Wright,Batter,,,,33.8040086613736,,,,33.8040086613736,,,33.8,OTHER_T20/FRANCHISE
d74d1090,MTC Waller,Bowler,,,,24.95145631067961,,,33.83031674208145,24.95145631067961,33.83031674208145,,33.8,OTHER_T20/FRANCHISE
fbb6d1a7,Shahzaib Jamil,Batter,Qatar,,33.784100914505125,,,,,33.784100914505125,,,33.8,INTL_T20/ASSOCIATE_FRINGE
321be7e3,A Ashok,Bowler,New Zealand,,,31.364424410540913,,,33.73242467718795,31.364424410540913,33.73242467718795,,33.7,OTHER_T20/FRANCHISE
91cd48e0,JF Smith,Batter,South Africa,,39.32529324486996,24.33449614785673,,,,33.70374433348999,,,33.7,INTL_T20/FULL_MEMBER
7cc15633,JHK Adams,Batter,,,,33.704576394178005,,,,33.704576394178005,,,33.7,OTHER_T20/FRANCHISE
7c840f73,R Pathan,Batter,Canada,,33.73450457838804,,,,,33.73450457838804,,,33.7,INTL_T20/ASSOCIATE_FRINGE
b59db04f,SA Edwards,Wicketkeeper,Netherlands,,31.606755948081968,19.79008746355685,,,,27.17550526638505,,59.73707664884136,33.7,INTL_T20/ASSOCIATE_FRINGE
6a97c7a4,Karanbir Singh,All-rounder,Austria,,37.796835253628615,,,24.021220159151195,,37.796835253628615,24.021220159151195,,33.7,INTL_T20/ASSOCIATE_FRINGE
7f74b21d,ACF Stokes,Bowler,Guernsey,,15.465516015866717,,,33.699205994039126,,15.465516015866717,33.699205994039126,,33.7,INTL_T20/ASSOCIATE_FRINGE
fbb8cf87,E Beukes,Batter,Cambodia,,33.698992871667635,,,21.733489504021822,,33.698992871667635,21.733489504021822,,33.7,INTL_T20/ASSOCIATE_FRINGE
8f70fff7,S Conteh,Bowler,Sierra Leone,,21.000556884842744,,,33.72936596637907,,21.000556884842744,33.72936596637907,,33.7,INTL_T20/ASSOCIATE_FRINGE
254c7802,Ashish Yadav,Bowler,,,,,,,33.599999999999994,,33.599999999999994,,33.6,OTHER_T20/SMAT
9ffd1ac1,T Bavuma,Batter,South Africa,,29.78292933021615,39.85597161522984,,,,33.56032018709628,,,33.6,INTL_T20/FULL_MEMBER
1911dcbc,AAP Rivero,Bowler,Argentina,,26.258442968015807,,,33.60737493338352,,26.258442968015807,33.60737493338352,,33.6,INTL_T20/ASSOCIATE_FRINGE
9b6e1b3f,J Fraser-McGurk,Batter,Australia,,26.956686410683673,33.6116287130326,,,,33.6116287130326,,,33.6,OTHER_T20/FRANCHISE
4db71b2e,Sohail Ahmed,Batter,Bahrain,,33.5658195528853,,,18.99015260507656,,33.5658195528853,18.99015260507656,,33.6,INTL_T20/ASSOCIATE_FRINGE
6b07035d,K Alleyne,Batter,,,,33.59127581755594,,,,33.59127581755594,,,33.6,OTHER_T20/FRANCHISE
22b98d7c,TW Hartley,All-rounder,,,,14.230264022067514,,,41.83109234938503,14.230264022067514,41.83109234938503,,33.6,OTHER_T20/FRANCHISE
4f034a50,FIN Khushi,Batter,,,,33.63102555996581,,,,33.63102555996581,,,33.6,OTHER_T20/FRANCHISE
089ebf89,K Juma,Bowler,Tanzania,,19.245547994141372,,,33.59576434210102,,19.245547994141372,33.59576434210102,,33.6,INTL_T20/ASSOCIATE_FRINGE
76307fc7,SS Majumder,Bowler,,,,,,,33.620379620379616,,33.620379620379616,,33.6,OTHER_T20/SMAT
47c449c5,Dayyaan Galiem,Bowler,South Africa,,,50.85098558399529,,,33.54341736694677,50.85098558399529,33.54341736694677,,33.5,OTHER_T20/FRANCHISE
10f42013,WJ Lubbe,All-rounder,South Africa,,,36.119374080099156,,,27.318562110039707,36.119374080099156,27.318562110039704,,33.5,OTHER_T20/FRANCHISE
e2c882d1,AN Lascu,Batter,Romania,,33.535504627762506,,,20.854744630562124,,33.535504627762506,20.854744630562124,,33.5,INTL_T20/ASSOCIATE_FRINGE
31b01074,Kasey Aldridge,Bowler,,,,43.64424410540916,,,33.51565464895636,43.64424410540916,33.51565464895636,,33.5,OTHER_T20/FRANCHISE
1252f71a,MRJ Watt,All-rounder,Scotland,,18.62674065000376,39.67270896273918,,22.59347735770669,19.19259882253995,39.67270896273918,19.19259882253995,,33.5,OTHER_T20/FRANCHISE
4312e8f9,A Sheth,Bowler,,,,31.81512605042017,,,33.52380952380952,31.81512605042017,33.52380952380952,,33.5,OTHER_T20/SMAT
e9e37173,A Busing-Volschenk,Batter,Namibia,,33.51999641682597,,,,,33.51999641682597,,,33.5,INTL_T20/ASSOCIATE_FRINGE
4f78497c,W Clark,Batter,,,,33.48607168314569,,,,33.48607168314569,,,33.5,OTHER_T20/FRANCHISE
fb0d68b4,AI Ross,Batter,,,,33.450018527689366,,,,33.450018527689366,,,33.5,OTHER_T20/FRANCHISE
0d38ab25,H Fennell,Bowler,Argentina,,22.922535543194478,,,33.376820417568204,,22.922535543194478,33.376820417568204,,33.4,INTL_T20/ASSOCIATE_FRINGE
ec483176,Taranjeet Singh,All-rounder,Romania,,37.27599880293282,,,24.338196286472147,,37.27599880293282,24.338196286472147,,33.4,INTL_T20/ASSOCIATE_FRINGE
46966c2b,CK Leopard,Batter,,,,33.44038820347416,,,,33.44038820347416,,,33.4,OTHER_T20/FRANCHISE
7d7233a9,AW Gorvin,Bowler,,,,,,,33.43252595155709,,33.43252595155709,,33.4,OTHER_T20/FRANCHISE
28adcce9,Anwar Rahman,Bowler,Malaysia,,13.861288697094926,,,33.42024260292847,,13.861288697094926,33.42024260292847,,33.4,INTL_T20/ASSOCIATE_FRINGE
aac9f784,DA Cosker,Bowler,,,,,,,33.388746803069054,,33.388746803069054,,33.4,OTHER_T20/FRANCHISE
39086549,JR Philippe,Wicketkeeper,Australia,,21.629320276497694,50.82132260346047,,,,32.576321149108736,,36.83060109289618,33.4,INTL_T20/FULL_MEMBER
5d99a16a,BJ Horne,Wicketkeeper,,,,33.52966534204085,,,,33.52966534204085,,32.78688524590164,33.4,OTHER_T20/FRANCHISE
08df0bd3,A Rangaswamy,Bowler,Botswana,,26.970912708226102,,,33.41018658092528,,26.970912708226102,33.41018658092528,,33.4,INTL_T20/ASSOCIATE_FRINGE
6f14ddcb,Maaz Khan,Batter,Lesotho,,33.27993841487226,,,,,33.27993841487226,,,33.3,INTL_T20/ASSOCIATE_FRINGE
00d69fa4,SO Tikolo,Batter,Kenya,,33.3150891890135,,,27.847605590381256,,33.3150891890135,27.847605590381256,,33.3,INTL_T20/ASSOCIATE_FRINGE
1ccf9e7e,JL Finnie,Batter,,,,33.332283214490616,,,,33.332283214490616,,,33.3,OTHER_T20/FRANCHISE
fbfea9c2,E Jones,Bowler,,,,55.74603985692387,,,33.34325681492109,55.74603985692387,33.34325681492109,,33.3,OTHER_T20/FRANCHISE
8db7f47f,RJW Topley,Bowler,England,,,29.336569579288028,,28.35868169496362,41.45775571375046,29.336569579288028,33.27083445200868,,33.3,INTL_T20/FULL_MEMBER
f219df21,Sahil Chauhan,Batter,Estonia,,33.26858381089891,,,28.877682663652244,,33.26858381089891,28.877682663652244,,33.3,INTL_T20/ASSOCIATE_FRINGE
72b245dd,Anamul Haque,Wicketkeeper,Bangladesh,,32.99483624094799,29.296951819075705,,,,31.608129582745885,,40.16393442622951,33.3,INTL_T20/FULL_MEMBER
c988daa1,I Takahashi,All-rounder,Japan,,31.02128510797896,,,34.28312159709619,,31.02128510797896,34.28312159709619,,33.3,INTL_T20/ASSOCIATE_FRINGE
71440756,P Coughlin,All-rounder,,,,34.55159802830339,,,30.024390243902438,34.55159802830339,30.024390243902435,,33.2,OTHER_T20/FRANCHISE
e3540b8c,DS Bajwa,Batter,Canada,,33.18234776298414,,,16.281032635025028,,33.18234776298414,16.281032635025028,,33.2,INTL_T20/ASSOCIATE_FRINGE
884905a1,S Heath,Wicketkeeper,Denmark,,32.85031353289547,,,,,32.85031353289547,,34.80392156862745,33.2,INTL_T20/ASSOCIATE_FRINGE
06cad4f0,A Sharafu,Batter,United Arab Emirates,,35.53205162884838,33.203800625241485,,,,33.203800625241485,,,33.2,OTHER_T20/FRANCHISE
21dbacff,Abdul Samad,Bowler,Japan,,20.236857648951325,,,33.22450816655622,,20.236857648951325,33.22450816655622,,33.2,INTL_T20/ASSOCIATE_FRINGE
2d94751e,Omid Mailk Khel,Batter,Belgium,,33.21754077752827,,,,,33.21754077752827,,,33.2,INTL_T20/ASSOCIATE_FRINGE
0c94f480,UBT Chand,Batter,,35.1781641539054,,25.08893677953109,,,,33.16031867903053,,,33.2,IPL/IPL
66a7f213,Anas Khan,Bowler,Hong Kong,,24.535902643265718,,,33.159290861558404,,24.535902643265718,33.159290861558404,,33.2,INTL_T20/ASSOCIATE_FRINGE
344c6d55,JJ Carson,Bowler,,,,42.42718446601941,,,33.165329768270944,42.42718446601941,33.165329768270944,,33.2,OTHER_T20/FRANCHISE
ec9fc54b,Akshay Wakhare,Bowler,,,,,,,33.17922077922078,,33.17922077922078,,33.2,OTHER_T20/SMAT
b9fd3959,Iqbal Hussain,Bowler,Qatar,,31.184750060731467,,,33.17249481387873,,31.184750060731467,33.17249481387873,,33.2,INTL_T20/ASSOCIATE_FRINGE
99464591,MJ North,Batter,Australia,,,33.15170987583984,,,46.65,33.15170987583984,46.65,,33.2,OTHER_T20/FRANCHISE
79209272,Yasir Ali,All-rounder,Spain,,20.829750593189544,,,38.53501055594651,,20.829750593189544,38.53501055594651,,33.2,INTL_T20/ASSOCIATE_FRINGE
7b5b6311,CV Milind,Bowler,,,,37.78064516129032,,,33.152043078872346,37.78064516129032,33.152043078872346,,33.2,OTHER_T20/SMAT
1062bebb,Siyabonga Mahima,Bowler,,,,,,,33.24434389140271,,33.24434389140271,,33.2,OTHER_T20/FRANCHISE
a84468fe,DJ Jacobs,Batter,,,,33.15798874597616,,,,33.15798874597616,,,33.2,OTHER_T20/FRANCHISE
206efeb1,PR Surve,Batter,Indonesia,,33.19377396145372,,,18.838855428415687,,33.19377396145372,18.838855428415687,,33.2,INTL_T20/ASSOCIATE_FRINGE
2498e163,JR Hopes,All-rounder,Australia,,,22.80829442460862,37.10801393728223,42.589738219895295,31.88639281129653,22.80829442460862,37.69520183903764,,33.2,IPL/IPL
dfc3f02d,OJ Price,All-rounder,,,,27.833836858006045,,,35.357723577235774,27.833836858006045,35.357723577235774,,33.1,OTHER_T20/FRANCHISE
208f22ea,DJ Worrall,Bowler,,,,28.33262980160405,,,33.1131221719457,28.332629801604053,33.1131221719457,,33.1,OTHER_T20/FRANCHISE
9c9af282,Naseem Shah,All-rounder,Pakistan,,28.757950805706756,25.8616081803393,,32.469620738092196,40.38862161557395,27.671822321193957,35.439246067147856,,33.1,INTL_T20/FULL_MEMBER
ad8cb396,RP Jones,Batter,,,,33.07132288552707,,,,33.07132288552707,,,33.1,OTHER_T20/FRANCHISE
a8e54ef4,Aamer Jamal,All-rounder,Pakistan,,28.797829246916486,36.41238670694864,,14.10477453580902,25.296747967479668,36.41238670694864,25.296747967479668,,33.1,OTHER_T20/FRANCHISE
d6dcb0c9,Mohammad Shahzad,Wicketkeeper,,,,33.66731296238126,,,,33.66731296238126,,30.737704918032787,33.1,OTHER_T20/FRANCHISE
8bd9fd13,L Steenkamp,Batter,Namibia,,33.089011697092765,,,,,33.089011697092765,,,33.1,INTL_T20/ASSOCIATE_FRINGE
b3e9555a,Aziz Mohammad,Batter,Belgium,,33.10741037510706,,,23.408352371090015,,33.10741037510706,23.408352371090015,,33.1,INTL_T20/ASSOCIATE_FRINGE
8a58f203,R Ugarkar,Bowler,,,,,,,33.08728652751423,,33.08728652751423,,33.1,OTHER_T20/FRANCHISE
f50433e9,LA Dunbar,Batter,Serbia,,33.0819551200322,,,,,33.0819551200322,,,33.1,INTL_T20/ASSOCIATE_FRINGE
d2a2bb1a,KNM Fernando,Wicketkeeper,,,,38.21326916110334,,,,38.21326916110334,,12.704918032786885,33.1,OTHER_T20/FRANCHISE
e9173fb0,SR Bhudia,Batter,Kenya,,33.096302647123466,,,29.2834189703011,,33.096302647123466,29.2834189703011,,33.1,INTL_T20/ASSOCIATE_FRINGE
7f3f108f,CF Hughes,Batter,,,,33.10184336604303,,,,33.10184336604303,,,33.1,OTHER_T20/FRANCHISE
779b7f4d,Roosh Kalaria,Bowler,,,,,,,33.05271199388846,,33.05271199388846,,33.1,OTHER_T20/SMAT
c3f37533,Hari Nishaanth,Batter,,,,32.98598234267024,,,,32.98598234267024,,,33.0,OTHER_T20/SMAT
86b4bf88,MJ Swepson,Bowler,Australia,,28.703815460963064,34.500693481276,,25.61576974923639,32.96634615384615,34.500693481276,32.96634615384615,,33.0,OTHER_T20/FRANCHISE
5995707a,R Ankad,Bowler,Mexico,,20.609501041514978,,,32.98736176339774,,20.609501041514978,32.98736176339774,,33.0,INTL_T20/ASSOCIATE_FRINGE
903560ed,MT Steketee,All-rounder,,,,13.131066400977051,,,41.49761704513597,13.131066400977051,41.49761704513597,,33.0,OTHER_T20/FRANCHISE
d4eef961,M de Lange,All-rounder,South Africa,,,29.45102560025441,,15.993842364532018,34.540213028712564,29.45102560025441,34.540213028712564,,33.0,OTHER_T20/FRANCHISE
12314277,Arshad Khan,Bowler,,,,,32.95454545454545,,,,32.95454545454545,,33.0,IPL/IPL
b3b39bed,Aqib Ilyas,All-rounder,Oman,,24.32730435433189,,,36.68805132317563,,24.32730435433189,36.68805132317563,,33.0,INTL_T20/ASSOCIATE_FRINGE
30c917bf,AV Lazarus,Batter,Thailand,,32.98274602738454,,,17.175986537868667,,32.98274602738454,17.175986537868667,,33.0,INTL_T20/ASSOCIATE_FRINGE
bf976fb0,AS Samra,Batter,Philippines,,33.01283426588128,,,15.836501901140686,,33.01283426588128,15.836501901140686,,33.0,INTL_T20/ASSOCIATE_FRINGE
90b73986,D Norotam,Batter,Portugal,,32.899737555848155,,,,,32.899737555848155,,,32.9,INTL_T20/ASSOCIATE_FRINGE
14318ae4,MS Maker,Batter,Tanzania,,32.86919815715273,,,,,32.86919815715273,,,32.9,INTL_T20/ASSOCIATE_FRINGE
27159c6a,RM Haq,Bowler,Scotland,,20.652877540400674,,,32.88641359731707,,20.652877540400674,32.88641359731707,,32.9,INTL_T20/ASSOCIATE_FRINGE
c78a879c,RI Walker,Bowler,,,,,,,32.92156862745098,,32.92156862745098,,32.9,OTHER_T20/FRANCHISE
2b43be58,Edward Fleming,Bowler,Portugal,,25.315611278112677,,,32.85355981961198,,25.315611278112677,32.85355981961198,,32.9,INTL_T20/ASSOCIATE_FRINGE
b720a5d6,DB Ravi Teja,Batter,,34.94194484760523,,24.850732070477296,,,,32.92370229217964,,,32.9,IPL/IPL
4833efb4,N Master,Bowler,Botswana,,29.017998488290765,,,32.93985852284968,,29.017998488290765,32.93985852284968,,32.9,INTL_T20/ASSOCIATE_FRINGE
0f71478c,YSD Seneveratne,Batter,Cayman Islands,,32.85547317028234,,,19.32526788800553,,32.85547317028234,19.32526788800553,,32.9,INTL_T20/ASSOCIATE_FRINGE
1b7c4d69,M Mohammed,Bowler,,,,36.36825396825397,,,32.94583465315172,36.36825396825397,32.94583465315172,,32.9,OTHER_T20/SMAT
ea1eba98,SA Mothoa,Bowler,,,,,,,32.8921568627451,,32.8921568627451,,32.9,OTHER_T20/FRANCHISE
39e2c0fd,BMJ Allison,Bowler,,,,,,,32.86363636363636,,32.86363636363636,,32.9,OTHER_T20/FRANCHISE
a7e20a07,JL Lawlor,Batter,,,,32.856233095647895,,,,32.856233095647895,,,32.9,OTHER_T20/FRANCHISE
6b74c13b,Mirza Ahsan,Batter,Austria,,32.8679894724048,,,,,32.8679894724048,,,32.9,INTL_T20/ASSOCIATE_FRINGE
1db6e336,BS McKinney,Batter,,,,32.7731615236456,,,,32.7731615236456,,,32.8,OTHER_T20/FRANCHISE
8a0ae9da,EC Sen,Batter,,,,32.84461252653928,,,,32.84461252653928,,,32.8,OTHER_T20/SMAT
bb4b445b,Hussain Talat,All-rounder,Pakistan,,37.36891056968892,37.474320241691835,,,22.139448568398727,37.40843919669001,22.139448568398727,,32.8,INTL_T20/FULL_MEMBER
8812869d,Nikhil Gangta,Batter,,,,32.84822565969063,,,,32.84822565969063,,,32.8,OTHER_T20/SMAT
3be224b0,Sameen Gul,Bowler,,,,,,,32.786096256684495,,32.786096256684495,,32.8,OTHER_T20/FRANCHISE
7081491e,AA Obanda,Batter,Kenya,,32.816558503082405,,,,,32.816558503082405,,,32.8,INTL_T20/ASSOCIATE_FRINGE
95c434f7,GDR Eranga,Bowler,Canada,,,,,32.78789913692511,,,32.78789913692511,,32.8,INTL_T20/ASSOCIATE_FRINGE
6ea2710f,D Moriarty,Bowler,,,,28.995519044062732,,,32.83716965046888,28.995519044062732,32.83716965046888,,32.8,OTHER_T20/FRANCHISE
0edcb652,Subhransu Senapati,Batter,,,,32.776273885350314,,,,32.776273885350314,,,32.8,OTHER_T20/SMAT
5ec126fa,I Manack,Bowler,,,,,,,32.82390648567119,,32.82390648567119,,32.8,OTHER_T20/FRANCHISE
0f21680d,GG White,All-rounder,,,,33.783091812176764,,,30.414776612719397,33.783091812176764,30.414776612719397,,32.8,OTHER_T20/FRANCHISE
f8ef3653,Ibrahim Rahimi,Batter,Norway,,32.71510499028254,,,17.8114017058884,,32.71510499028254,17.8114017058884,,32.7,INTL_T20/ASSOCIATE_FRINGE
6be7b49d,LI Georgeson,Batter,,,,32.72933912520831,,,,32.72933912520831,,,32.7,OTHER_T20/FRANCHISE
8e38d470,Robert Raina,Bowler,Thailand,,26.54783742711384,,,32.66444229047134,,26.54783742711384,32.66444229047134,,32.7,INTL_T20/ASSOCIATE_FRINGE
658c2e71,MGSM Fernando,Bowler,Italy,,24.995398840709758,,,32.73146484383206,,24.995398840709758,32.73146484383206,,32.7,INTL_T20/ASSOCIATE_FRINGE
b78b3ffd,S Nadigotla,Wicketkeeper,Romania,,21.218835764841828,,,26.142857142857142,,21.218835764841828,26.142857142857142,78.43137254901961,32.7,INTL_T20/ASSOCIATE_FRINGE
bbbb7f1e,JE Poysden,Bowler,,,,,,,32.714555052790345,,32.714555052790345,,32.7,OTHER_T20/FRANCHISE
5ef3c310,M Shahbaz Butt,Bowler,Norway,,18.535302767529373,,,32.66925575818797,,18.535302767529373,32.66925575818797,,32.7,INTL_T20/ASSOCIATE_FRINGE
023f6b02,Nadeem Ahmed,Bowler,Hong Kong,,23.238268725427417,,,32.7135448565329,,23.238268725427417,32.7135448565329,,32.7,INTL_T20/ASSOCIATE_FRINGE
e1824e7d,Iqbal Hossain,Batter,Austria,,32.66355263502139,,,,,32.66355263502139,,,32.7,INTL_T20/ASSOCIATE_FRINGE
7cd0a092,Haris Sohail,Batter,Pakistan,,32.691596059940736,16.77127457261582,,,,32.691596059940736,,,32.7,INTL_T20/FULL_MEMBER
e3eb9e46,Nizakat Khan,Batter,Hong Kong,,32.67187104368751,,,29.63179896354801,,32.67187104368751,29.63179896354801,,32.7,INTL_T20/ASSOCIATE_FRINGE
91ae10e1,SC de Oliveira,Bowler,Portugal,,30.169583345263668,,,32.59088647551404,,30.169583345263668,32.59088647551404,,32.6,INTL_T20/ASSOCIATE_FRINGE
b0ef0346,Faisal Javed,Batter,Qatar,,32.572997930726395,,,,,32.572997930726395,,,32.6,INTL_T20/ASSOCIATE_FRINGE
fc4375ef,BFW de Leede,All-rounder,Netherlands,,23.04662576687117,38.585655141546376,,23.99550224887556,18.714939024390244,38.585655141546376,18.714939024390244,,32.6,OTHER_T20/FRANCHISE
28392e11,Zaman Khan,Bowler,Pakistan,,,,,17.416589420244065,32.57738095238095,,32.57738095238095,,32.6,OTHER_T20/FRANCHISE
5a8dc41e,Yasar Haroon,Bowler,Brazil,,27.328785881846844,,,32.64598312891529,,27.328785881846844,32.64598312891529,,32.6,INTL_T20/ASSOCIATE_FRINGE
3f778477,Muhammad Fahad,Batter,Turkey,,32.590432300537245,,,24.418509402939062,,32.590432300537245,24.418509402939062,,32.6,INTL_T20/ASSOCIATE_FRINGE
4e520f6c,OR Newton,Bowler,,,,24.310679611650485,,,32.64772727272727,24.310679611650485,32.64772727272727,,32.6,OTHER_T20/FRANCHISE
8299b9a2,Sher Sahak,Batter,Norway,,32.58624527741867,,,31.99337281569882,,32.58624527741867,31.99337281569882,,32.6,INTL_T20/ASSOCIATE_FRINGE
c88bc84a,Miles Hammond,Batter,,,,32.564221902186,,,,32.564221902186,,,32.6,OTHER_T20/FRANCHISE
3f9b1a96,Zeeshan Khan,Batter,Malta,,32.605886909388396,,,,,32.605886909388396,,,32.6,INTL_T20/ASSOCIATE_FRINGE
9920dd86,CA Soper,Bowler,Papua New Guinea,,24.433212410093912,,,32.585811717927086,,24.433212410093912,32.585811717927086,,32.6,INTL_T20/ASSOCIATE_FRINGE
9fd3a210,Zafar Gohar,Bowler,,,,25.380258899676374,,,32.569541375872376,25.380258899676374,32.569541375872376,,32.6,OTHER_T20/FRANCHISE
5c124657,Irfan Ahmed,Batter,Hong Kong,,32.57948654711353,,,25.877427808036174,,32.57948654711353,25.877427808036174,,32.6,INTL_T20/ASSOCIATE_FRINGE
bf64dc29,KD Petersen,Batter,,,,32.55125458100624,,,,32.55125458100624,,,32.6,OTHER_T20/FRANCHISE
c2a6e61f,S Grover,Batter,Czech Republic,,32.57235342477577,,,,,32.57235342477577,,,32.6,INTL_T20/ASSOCIATE_FRINGE
17bc032c,C Munoz-Mills,Batter,Spain,,32.644152626108806,,,21.373993142814435,,32.644152626108806,21.373993142814435,,32.6,INTL_T20/ASSOCIATE_FRINGE
60c28835,C Kellaway,Batter,,,,32.557288868246985,,,,32.557288868246985,,,32.6,OTHER_T20/FRANCHISE
6575e3bc,Nazmul Islam,Bowler,Bangladesh,,,17.480582524271846,,18.772356255279192,32.58536585365854,17.480582524271846,32.58536585365854,,32.6,OTHER_T20/FRANCHISE
71b7b75a,Asghar Ali Khan,Batter,Luxembourg,,32.50503371132537,,,,,32.50503371132537,,,32.5,INTL_T20/ASSOCIATE_FRINGE
52f96571,RJ Trott,Bowler,Bermuda,,21.141033571101808,,,32.45206553256172,,21.141033571101808,32.45206553256172,,32.5,INTL_T20/ASSOCIATE_FRINGE
5f25b104,Sheikh Rasik,Batter,Hungary,,32.546355476025944,,,26.012946551714812,,32.546355476025944,26.012946551714812,,32.5,INTL_T20/ASSOCIATE_FRINGE
0c0ef3fb,Baltej Singh,Bowler,,,,,,,32.5019305019305,,32.5019305019305,,32.5,OTHER_T20/SMAT
90701232,MB Bacon,Bowler,,,,23.349514563106794,,,32.496204933586334,23.349514563106794,32.496204933586334,,32.5,OTHER_T20/FRANCHISE
8012d0b8,CAK Rajitha,Bowler,Sri Lanka,,,,,23.585865030674846,47.448358413132695,,32.53430004909654,,32.5,INTL_T20/FULL_MEMBER
6829b373,Zeshan Arif,Batter,Austria,,32.48792531966342,,,,,32.48792531966342,,,32.5,INTL_T20/ASSOCIATE_FRINGE
f7ce1f24,Ravi Chauhan,Batter,,,,32.49912627181736,,,,32.49912627181736,,,32.5,OTHER_T20/SMAT
7ee25c46,Raja Adeel,Bowler,Spain,,14.422987305908952,,,32.454294101377094,,14.422987305908952,32.454294101377094,,32.5,INTL_T20/ASSOCIATE_FRINGE
30acd4b7,SP Gomes,Batter,Portugal,,32.54594611638763,,,,,32.54594611638763,,,32.5,INTL_T20/ASSOCIATE_FRINGE
d4f9dbd4,CA Pujara,Batter,,31.336473317605396,,37.30944215020648,,,,32.53106708412561,,,32.5,IPL/IPL
4c5a72e2,R Edwards,Bowler,Cayman Islands,,18.102597850245445,,,32.5100210186111,,18.102597850245445,32.5100210186111,,32.5,INTL_T20/ASSOCIATE_FRINGE
3a3e7d82,BW Aitchison,Bowler,,,,,,,32.529411764705884,,32.529411764705884,,32.5,OTHER_T20/FRANCHISE
a82e0db7,FFZ Nhaduate,Batter,Mozambique,,32.5135938688648,,,,,32.5135938688648,,,32.5,INTL_T20/ASSOCIATE_FRINGE
ff2b190e,Dylan Steyn,Batter,Czech Republic,,32.49512186091161,,,,,32.49512186091161,,,32.5,INTL_T20/ASSOCIATE_FRINGE
4861d29b,Mohammad Naveed,Bowler,United Arab Emirates,,30.214384388623667,,,32.51142965723865,,30.214384388623667,32.51142965723865,,32.5,INTL_T20/ASSOCIATE_FRINGE
ff014c34,HG Munsey,Batter,Scotland,,37.71524260304456,32.44235900518172,,,,32.44235900518172,,,32.4,OTHER_T20/FRANCHISE
8f3f2d61,RD Harrison,Bowler,,,,,,,32.38823529411765,,32.38823529411765,,32.4,OTHER_T20/FRANCHISE
ebcfef83,Himmat Singh,Batter,,,,32.41807033878579,,,,32.41807033878579,,,32.4,OTHER_T20/SMAT
c4450a69,SP Crook,All-rounder,,,,38.942598187311184,,,17.138692768506633,38.942598187311184,17.138692768506633,,32.4,OTHER_T20/FRANCHISE
8cbcff3b,JM De Caires,Batter,,,,32.419243868899635,,,33.74074074074073,32.419243868899635,33.74074074074073,,32.4,OTHER_T20/FRANCHISE
4bb7f51e,A Wright,Bowler,Cayman Islands,,12.90454774089867,,,32.445405003410066,,12.90454774089867,32.445405003410066,,32.4,INTL_T20/ASSOCIATE_FRINGE
a5501504,AP Yadav,Wicketkeeper,Thailand,,23.344259380659786,,,,,23.344259380659786,,68.62745098039215,32.4,INTL_T20/ASSOCIATE_FRINGE
90a41671,L Karlsson,Bowler,Sweden,,23.26632947911029,,,32.39189081087903,,23.26632947911029,32.39189081087903,,32.4,INTL_T20/ASSOCIATE_FRINGE
93a77ad4,M Chadha,Batter,Cambodia,,32.38421890879159,,,24.137789222389983,,32.38421890879159,24.137789222389983,,32.4,INTL_T20/ASSOCIATE_FRINGE
456f6d99,Mukhtar Ahmed,Batter,Pakistan,,30.159116285962263,32.393656257683794,,,,32.393656257683794,,,32.4,OTHER_T20/FRANCHISE
f6411545,LF Muller,Batter,Brazil,,32.381650201326806,,,25.145177782345083,,32.381650201326806,25.145177782345083,,32.4,INTL_T20/ASSOCIATE_FRINGE
44a5f2b2,Hamza Khan,Batter,Rwanda,,32.42589204317455,,,,,32.42589204317455,,,32.4,INTL_T20/ASSOCIATE_FRINGE
c6272773,Shivam Chauhan,Batter,,,,32.41600835470262,,,,32.41600835470262,,,32.4,OTHER_T20/SMAT
0f60513c,Akash Choudhary,Bowler,,,,,,,32.329313543599255,,32.329313543599255,,32.3,OTHER_T20/SMAT
8cae5b48,Aminuddin Ramly,Batter,Malaysia,,32.26210581712446,,,,,32.26210581712446,,,32.3,INTL_T20/ASSOCIATE_FRINGE
db31895a,AS Rajpoot,Bowler,,,,,29.388429752066116,,44.056465273856574,,32.322036856424205,,32.3,IPL/IPL
c31adb5c,TC Barker,Batter,Luxembourg,,32.320261915753186,,,,,32.320261915753186,,,32.3,INTL_T20/ASSOCIATE_FRINGE
ef503cfe,P Kumbhare,Bowler,Japan,,15.780668686811538,,,32.28823104857571,,15.780668686811538,32.28823104857571,,32.3,INTL_T20/ASSOCIATE_FRINGE
be0c9f5b,DN Phillips,Batter,,,,32.320656349889354,,,,32.320656349889354,,,32.3,OTHER_T20/FRANCHISE
0996f198,Luka Woods,Batter,Serbia,,32.34185523778001,,,22.525710831904547,,32.34185523778001,22.525710831904547,,32.3,INTL_T20/ASSOCIATE_FRINGE
c42aaf71,M Manhas,Batter,,32.333766269330525,,20.199945539351447,,,,32.333766269330525,,,32.3,IPL/IPL
611926bc,GR Napier,Bowler,,,,53.20118662351672,,,32.31818181818181,53.20118662351672,32.31818181818181,,32.3,OTHER_T20/FRANCHISE
5bfdc77a,James Bracey,Wicketkeeper,,,,24.410668785446177,,,,24.410668785446177,,63.934426229508205,32.3,OTHER_T20/FRANCHISE
a0f612b6,TD Andrews,Bowler,,,,,,,32.220588235294116,,32.220588235294116,,32.2,OTHER_T20/FRANCHISE
d7074ddc,Zaker Taqawi,Bowler,Sweden,,20.221013258557935,,,32.233569401507566,,20.221013258557935,32.233569401507566,,32.2,INTL_T20/ASSOCIATE_FRINGE
bc6d8229,Kumar Deobrat,Batter,,,,32.194183707676835,,,,32.194183707676835,,,32.2,OTHER_T20/SMAT
21db290f,Hammadullah Shinwari,Bowler,Finland,,17.96848715041874,,,32.21221430074227,,17.96848715041874,32.21221430074227,,32.2,INTL_T20/ASSOCIATE_FRINGE
be4cefab,CMW Read,Wicketkeeper,England,,,37.599224831991485,,,,37.599224831991485,,10.519125683060109,32.2,OTHER_T20/FRANCHISE
3b94297b,TL Tsolekile,Batter,,,,32.18000649612813,,,,32.18000649612813,,,32.2,OTHER_T20/FRANCHISE
72e361fe,N Davin,Batter,Namibia,,32.21907723973879,,,,,32.21907723973879,,,32.2,INTL_T20/ASSOCIATE_FRINGE
27df03d2,Shoaib Rafiq,Bowler,Mexico,,23.030677611726137,,,32.235698886083725,,23.030677611726137,32.235698886083725,,32.2,INTL_T20/ASSOCIATE_FRINGE
d3b84c59,MA Pollard,Batter,,,,32.244693057946066,,,,32.244693057946066,,,32.2,OTHER_T20/FRANCHISE
3029e282,Umar Amin,Batter,Pakistan,,27.535622351006047,32.22211001440163,,,,32.22211001440163,,,32.2,OTHER_T20/FRANCHISE
2fdd16fe,RG Aga,Bowler,Kenya,,31.478241516514608,,,32.098260822487056,,31.478241516514608,32.098260822487056,,32.1,INTL_T20/ASSOCIATE_FRINGE
77bedcce,Hadisullah Tarakhel,Batter,Belgium,,32.0553978398449,,,17.008386506105136,,32.0553978398449,17.008386506105136,,32.1,INTL_T20/ASSOCIATE_FRINGE
94a1827c,OGL Bascome,Batter,Bermuda,,32.10549006313137,,,28.457973046376086,,32.10549006313137,28.457973046376086,,32.1,INTL_T20/ASSOCIATE_FRINGE
414d8a10,J Miyaji,Bowler,Uganda,,28.532040146235794,,,32.06996202232141,,28.532040146235794,32.06996202232141,,32.1,INTL_T20/ASSOCIATE_FRINGE
13fc5c6d,DS Rathi,Bowler,,,,,32.0622009569378,,,,32.0622009569378,,32.1,IPL/IPL
cf6acc0d,R Sandaruwan,Batter,Kuwait,,35.9755503600232,25.680143989821403,,,,32.11477297119752,,,32.1,INTL_T20/ASSOCIATE_FRINGE
1efb8a28,AC Blizzard,Batter,,,,32.14511105647078,,,,32.14511105647078,,,32.1,OTHER_T20/FRANCHISE
331e137f,Walid Ghauri,Batter,Norway,,32.07883656291066,,,18.893467783372728,,32.07883656291066,18.893467783372728,,32.1,INTL_T20/ASSOCIATE_FRINGE
adca37a2,Jaspal Singh,Batter,Malta,,32.137032107810576,,,19.523229883876272,,32.137032107810576,19.523229883876272,,32.1,INTL_T20/ASSOCIATE_FRINGE
dd9de7ad,P Sisodiya,Bowler,,,,,,,32.05882352941176,,32.05882352941176,,32.1,OTHER_T20/FRANCHISE
ad427b5c,Lalit Yadav,All-rounder,,30.18789337282488,,44.8212187342622,,,29.611111111111114,33.114558445112344,29.611111111111118,,32.1,IPL/IPL
d278b70b,C Pyle,Wicketkeeper,Gibraltar,,24.50798064422938,,,,,24.50798064422938,,62.254901960784316,32.1,INTL_T20/ASSOCIATE_FRINGE
985b649e,Taranjit Singh,Batter,Cyprus,,32.13326618875936,,,31.0039976222453,,32.13326618875936,31.0039976222453,,32.1,INTL_T20/ASSOCIATE_FRINGE
5c037734,Choudry Share Ali,Batter,Sweden,,32.072951807387405,,,,,32.072951807387405,,,32.1,INTL_T20/ASSOCIATE_FRINGE
797ee165,SS Kang,Bowler,United Arab Emirates,,,,,32.06372765057421,,,32.06372765057421,,32.1,INTL_T20/ASSOCIATE_FRINGE
2278c4ca,R Sharma,Batter,Singapore,,32.11182014972958,,,,,32.11182014972958,,,32.1,INTL_T20/ASSOCIATE_FRINGE
cdf59953,SW Poynter,Wicketkeeper,Ireland,,31.240783410138253,32.11182170311187,,,,31.567422770003358,,34.12112932604736,32.1,INTL_T20/FULL_MEMBER
369cc49c,Rafiullah,Batter,Oman,,32.13385551724621,,,14.257844957940012,,32.13385551724621,14.257844957940012,,32.1,INTL_T20/ASSOCIATE_FRINGE
556df4f9,BS Smith,Batter,,,,32.09551506518685,,,,32.09551506518685,,,32.1,OTHER_T20/FRANCHISE
d73891ad,PK Mohanarangam,Bowler,Mexico,,21.692374716220705,,,31.97296398052883,,21.692374716220705,31.97296398052883,,32.0,INTL_T20/ASSOCIATE_FRINGE
3a0f6df2,Zulfiqar Babar,Bowler,Pakistan,,23.968605222660106,,,26.382447721968877,31.955882352941174,23.968605222660106,31.955882352941174,,32.0,OTHER_T20/FRANCHISE
0848ac5f,S Thakor,All-rounder,Tanzania,,22.030352894882757,,,36.22618351841029,,22.030352894882757,36.22618351841029,,32.0,INTL_T20/ASSOCIATE_FRINGE
2e89652e,H Bharadwaj,Bowler,Singapore,,27.088658879767387,,,31.954349812010648,,27.088658879767387,31.954349812010648,,32.0,INTL_T20/ASSOCIATE_FRINGE
d85b0f8b,M Gilkes,Batter,,,,31.95850423284383,,,,31.958504232843833,,,32.0,OTHER_T20/FRANCHISE
51e1ed69,SG Borthwick,All-rounder,England,,,24.904111388414556,,,35.11050785165385,24.904111388414556,35.11050785165385,,32.0,OTHER_T20/FRANCHISE
add288ea,MM Baig,Batter,Qatar,,31.955201148179555,,,30.793810933465053,,31.955201148179555,30.793810933465053,,32.0,INTL_T20/ASSOCIATE_FRINGE
8e3cb0e9,JJS Sangha,Batter,,,,31.984354082998664,,,,31.984354082998664,,,32.0,OTHER_T20/FRANCHISE
06fc82b8,T Musekiwa,Batter,Zimbabwe,,31.95890345298011,,,,,31.95890345298011,,,32.0,INTL_T20/FULL_MEMBER
7c8f533d,JS Paris,Bowler,,,,27.140473300970875,,,31.950819672131143,27.14047330097088,31.950819672131146,,32.0,OTHER_T20/FRANCHISE
7be8a0ed,JW Dernbach,Bowler,England,,,32.26661687826736,,33.877300613496935,28.844681708299753,32.26661687826736,31.990068524047988,,32.0,INTL_T20/FULL_MEMBER
ab1445ea,J Mees,Batter,Luxembourg,,31.95987025760513,,,,,31.95987025760513,,,32.0,INTL_T20/ASSOCIATE_FRINGE
a120e81b,Mohammed Qasim,Batter,Malta,,32.03092386768013,,,29.668146022748783,,32.03092386768013,29.668146022748783,,32.0,INTL_T20/ASSOCIATE_FRINGE
6b16f8ba,HZ Finch,Batter,,,,31.910558600950424,,,,31.910558600950424,,,31.9,OTHER_T20/FRANCHISE
35eb75af,Chirag Gandhi,Batter,,,,31.941878980891715,,,,31.94187898089172,,,31.9,OTHER_T20/SMAT
e204b898,Syed Maisam Ali,Bowler,Portugal,,28.355943318341183,,,31.906643820548897,,28.355943318341183,31.906643820548897,,31.9,INTL_T20/ASSOCIATE_FRINGE
8159d5fc,BD Guest,Wicketkeeper,,,,29.369122054264107,,,,29.36912205426411,,41.80327868852459,31.9,OTHER_T20/FRANCHISE
297b26da,Yashpal Singh,Batter,,,,31.937215650591448,,,,31.937215650591444,,,31.9,OTHER_T20/SMAT
1e98804a,RA Sealy,Batter,Cayman Islands,,31.927659275558014,,,,,31.927659275558014,,,31.9,INTL_T20/ASSOCIATE_FRINGE
0ba9de33,HER Tyler,Batter,Philippines,,31.89141968502553,,,23.713904018086527,,31.89141968502553,23.713904018086527,,31.9,INTL_T20/ASSOCIATE_FRINGE
6f4775f7,PJ Horton,Batter,,,,31.875720569352243,,,,31.87572056935224,,,31.9,OTHER_T20/FRANCHISE
6513502f,Faheem Nellancheri,Batter,Finland,,31.920784832571456,,,,,31.920784832571456,,,31.9,INTL_T20/ASSOCIATE_FRINGE
5491a9ff,G Gune,Batter,Singapore,,31.864035437421283,,,,,31.864035437421283,,,31.9,INTL_T20/ASSOCIATE_FRINGE
30df8c66,Simarjeet Singh,Bowler,,,,,,,31.937950937950937,,31.937950937950937,,31.9,OTHER_T20/SMAT
017faef2,Z Groenewald,Bowler,Namibia,,26.185391332550576,,,31.911665980209467,,26.185391332550576,31.911665980209467,,31.9,INTL_T20/ASSOCIATE_FRINGE
5661ef90,A Sharma,Batter,United Arab Emirates,,31.86677631213451,,,,,31.86677631213451,,,31.9,INTL_T20/ASSOCIATE_FRINGE
36d33dd0,RR Sarwan,Batter,West Indies,,31.944174015285128,19.672463751920624,,,,31.944174015285128,,,31.9,INTL_T20/FULL_MEMBER
ff36e706,Sirajullah Khadim,Bowler,Portugal,,22.147681121311543,,,31.9429080758086,,22.147681121311543,31.9429080758086,,31.9,INTL_T20/ASSOCIATE_FRINGE
1a448be0,B White,Bowler,Ireland,,,16.776561290089674,,31.917103097411342,27.400210928111974,16.776561290089674,31.917103097411342,,31.9,INTL_T20/FULL_MEMBER
269cc4ff,Riazat Ali Shah,All-rounder,Uganda,,36.39869391419594,,,21.41061705989111,,36.39869391419594,21.41061705989111,,31.9,INTL_T20/ASSOCIATE_FRINGE
1a3cc554,RK Paudel,Batter,Nepal,,36.407874605150255,24.242442314405828,,30.437320854050892,29.12797481452128,31.845837496121092,29.946316089227285,,31.8,INTL_T20/ASSOCIATE_FRINGE
a833f99c,JD Vandiar,Batter,,,,31.784650750719102,,,,31.784650750719102,,,31.8,OTHER_T20/FRANCHISE
61f05b05,Fawad Alam,Batter,Pakistan,,31.769244981943395,,,,,31.769244981943395,,,31.8,INTL_T20/FULL_MEMBER
ca72ea31,SJ Hughes-Pinan,Bowler,Spain,,21.669336365924675,,,31.802159153444087,,21.669336365924675,31.802159153444087,,31.8,INTL_T20/ASSOCIATE_FRINGE
c6d1b1e4,P Baron,Batter,Argentina,,31.77413918836111,,,,,31.77413918836111,,,31.8,INTL_T20/ASSOCIATE_FRINGE
89a7dd4a,JE Dunford,Wicketkeeper,Jersey,,19.089051774488315,,,,,19.089051774488315,,82.84313725490196,31.8,INTL_T20/ASSOCIATE_FRINGE
a699488a,Mukidul Islam,Bowler,,,,,,,31.792917166866744,,31.792917166866744,,31.8,OTHER_T20/FRANCHISE
91052c96,PW Borren,Batter,Netherlands,,31.75772826129013,,,22.198214469222073,,31.75772826129013,22.198214469222073,,31.8,INTL_T20/ASSOCIATE_FRINGE
e186f49c,Mashrafe Mortaza,All-rounder,Bangladesh,,37.72632464516213,25.656518707878227,,25.172187012032698,34.15126641651032,33.200147418680665,28.539341788711805,,31.8,INTL_T20/FULL_MEMBER
436c763a,BJ McMullen,Batter,Scotland,,35.11480711841611,31.83164693405657,,14.624954612407084,,31.831646934056575,14.624954612407084,,31.8,OTHER_T20/FRANCHISE
f277f531,FD Adams,All-rounder,,,,19.949647532729102,,,36.92673399390244,19.949647532729102,36.92673399390244,,31.8,OTHER_T20/FRANCHISE
016e5101,M Shezi,Bowler,,,,,,,31.786764705882348,,31.786764705882344,,31.8,OTHER_T20/FRANCHISE
2cc08c3c,Shahid Wasif,Batter,Hong Kong,,31.849417613126693,,,,,31.849417613126693,,,31.8,INTL_T20/ASSOCIATE_FRINGE
7fb32e5b,KD Mills,Bowler,New Zealand,,56.7051090069958,,,31.824098159509205,,56.7051090069958,31.824098159509205,,31.8,INTL_T20/FULL_MEMBER
fe2432c4,PB Gouge,Batter,Jersey,,31.65475236950563,,,,,31.65475236950563,,,31.7,INTL_T20/ASSOCIATE_FRINGE
934b36a6,Khawar Ali,Bowler,Oman,,32.39486393501431,,,31.689226681740983,,32.39486393501431,31.689226681740983,,31.7,INTL_T20/ASSOCIATE_FRINGE
19c56e6e,AJ Mosca,Batter,Italy,,31.735687304680972,,,,,31.735687304680972,,,31.7,INTL_T20/ASSOCIATE_FRINGE
b2e1d224,G Malla,Batter,Nepal,,31.65537532450252,,,,,31.65537532450252,,,31.7,INTL_T20/ASSOCIATE_FRINGE
d376bbaa,Adnan Ilyas,Batter,Oman,,31.714759311931,,,,,31.714759311931,,,31.7,INTL_T20/ASSOCIATE_FRINGE
1bdbf53b,B George,Batter,Malta,,31.66192398305898,,,14.212883714784853,,31.66192398305898,14.212883714784853,,31.7,INTL_T20/ASSOCIATE_FRINGE
02888f23,A Donovan,Batter,Philippines,,31.732558146101457,,,18.758409099513763,,31.732558146101457,18.758409099513763,,31.7,INTL_T20/ASSOCIATE_FRINGE
d5c38041,Samiullah Rahmani,Bowler,Sweden,,33.229190468461866,,,31.688123360189174,,33.229190468461866,31.688123360189174,,31.7,INTL_T20/ASSOCIATE_FRINGE
995fd3b2,M Gogev,Batter,Bulgaria,,31.740714463380996,,,12.916736460795399,,31.740714463380996,12.916736460795399,,31.7,INTL_T20/ASSOCIATE_FRINGE
ae78bc32,MS Gony,Bowler,,,,24.984349543788646,31.694915254237287,,22.16238391847643,24.984349543788646,31.694915254237284,,31.7,IPL/IPL
922e3dcc,Kamran Khan,Batter,Qatar,,31.6864510113609,,,,,31.6864510113609,,,31.7,INTL_T20/ASSOCIATE_FRINGE
0e6c2f00,AF Ifill,Bowler,Cayman Islands,,17.314592371447244,,,31.71813999784166,,17.314592371447244,31.71813999784166,,31.7,INTL_T20/ASSOCIATE_FRINGE
8de618ab,SA Ahmad,All-rounder,Denmark,,25.260506402171817,,,34.41459502806737,,25.260506402171817,34.41459502806737,,31.7,INTL_T20/ASSOCIATE_FRINGE
99926083,Nasibullah Arab,Batter,France,,31.735323509242473,,,,,31.735323509242473,,,31.7,INTL_T20/ASSOCIATE_FRINGE
705b8c5c,Mohammad Atif,Bowler,Spain,,,,,31.748824268688125,,,31.748824268688125,,31.7,INTL_T20/ASSOCIATE_FRINGE
bee290b6,Suboth Bhati,Bowler,,,,32.48253968253968,,,31.70431893687707,32.48253968253968,31.704318936877073,,31.7,OTHER_T20/SMAT
35f9a295,LJ Hill,Batter,,,,31.698807174941674,,,,31.698807174941678,,,31.7,OTHER_T20/FRANCHISE
90d6cdea,TB de Bruyn,Batter,South Africa,,,31.688318338087928,,,,31.68831833808793,,,31.7,OTHER_T20/FRANCHISE
6b4593ee,L Siaka,Batter,Papua New Guinea,,31.65806489741029,,,30.838937622032677,,31.65806489741029,30.838937622032677,,31.7,INTL_T20/ASSOCIATE_FRINGE
4b349dc0,KD Kesuma,Wicketkeeper,Indonesia,,18.903195990567184,,,,,18.903195990567184,,82.84313725490196,31.7,INTL_T20/ASSOCIATE_FRINGE
d510d457,EJH Eckersley,Wicketkeeper,,,,32.62592321511744,,,,32.62592321511744,,27.86885245901639,31.7,OTHER_T20/FRANCHISE
2e802011,Vishnu Solanki,Batter,,,,31.601546860782534,,,,31.601546860782538,,,31.6,OTHER_T20/SMAT
f60dc2a5,MA Beer,Bowler,,,,,,,31.558823529411764,,31.558823529411764,,31.6,OTHER_T20/FRANCHISE
54279e23,Alok Kapali,All-rounder,Bangladesh,,14.232380667364955,13.993900701134354,,,39.10049019607843,13.993900701134354,39.10049019607843,,31.6,OTHER_T20/FRANCHISE
025a092b,RH Patel,Bowler,,,,,,,31.621040723981896,,31.621040723981896,,31.6,OTHER_T20/FRANCHISE
a56f4b65,PL Mommsen,Batter,Scotland,,31.581666161221435,,,,,31.581666161221435,,,31.6,INTL_T20/ASSOCIATE_FRINGE
8b46fc4f,J Baguma,Bowler,Uganda,,19.82523716343979,,,31.55893603580803,,19.82523716343979,31.55893603580803,,31.6,INTL_T20/ASSOCIATE_FRINGE
3cbedf51,D Ndikubwimana,Wicketkeeper,Rwanda,,15.029509385853078,,,,,15.029509385853078,,98.0392156862745,31.6,INTL_T20/ASSOCIATE_FRINGE
21549344,K Motlanka,Batter,Botswana,,31.641145046240208,,,29.81043058267393,,31.641145046240208,29.81043058267393,,31.6,INTL_T20/ASSOCIATE_FRINGE
911d04ad,Gurinder Singh,Bowler,,,,39.25714285714285,,,31.63636363636363,39.25714285714285,31.63636363636363,,31.6,OTHER_T20/SMAT
d7b3a420,Jaskaran Singh,Bowler,Canada,,33.40921606838149,,,18.92142767562396,31.582417582417577,33.40921606838149,31.582417582417577,,31.6,OTHER_T20/SMAT
2964821b,Avishka Iroshan,Batter,Romania,,31.617595224033295,,,25.28067516185387,,31.617595224033295,25.28067516185387,,31.6,INTL_T20/ASSOCIATE_FRINGE
107c26fb,KT Maphaka,Bowler,South Africa,,,,,31.42340377187003,31.815257352941178,,31.57034886477171,,31.6,INTL_T20/FULL_MEMBER
f3171936,BW Hilfenhaus,Bowler,Australia,,16.808836531167017,34.27258017063843,,26.290092263958662,31.55968858131488,34.27258017063843,31.55968858131488,,31.6,OTHER_T20/FRANCHISE
86d7a2d2,Mansoor Safi,Batter,Austria,,31.606380083122076,,,,,31.606380083122076,,,31.6,INTL_T20/ASSOCIATE_FRINGE
fa0d1410,Irfan Ringku,Bowler,Romania,,35.22849191140311,,,31.629540448319368,,35.22849191140311,31.629540448319368,,31.6,INTL_T20/ASSOCIATE_FRINGE
fc362c5d,Qamar Mushtaque,Bowler,Norway,,29.34426553175613,,,31.540959050372713,,29.34426553175613,31.540959050372713,,31.5,INTL_T20/ASSOCIATE_FRINGE
755a77c6,GS Ballance,Batter,Zimbabwe,,,31.546573160432324,,,,31.546573160432324,,,31.5,OTHER_T20/FRANCHISE
008a024c,M Mooketsi,Bowler,Botswana,,13.269360829691326,,,31.493001208730245,,13.269360829691326,31.493001208730245,,31.5,INTL_T20/ASSOCIATE_FRINGE
8e6827f7,T Ntuli,Bowler,,,,,,,31.49264705882353,,31.49264705882353,,31.5,OTHER_T20/FRANCHISE
ae6746e0,Khurram Khan,Batter,United Arab Emirates,,31.510149380674193,,,30.556793941229603,,31.510149380674193,30.556793941229603,,31.5,INTL_T20/ASSOCIATE_FRINGE
46a9bea1,TU Deshpande,Bowler,India,,,,30.018716577540104,,37.21753246753247,,31.458479755538576,,31.5,IPL/IPL
4aad78d3,K Zondo,Batter,,,,31.548115363950128,,,38.214285714285715,31.548115363950124,38.214285714285715,,31.5,OTHER_T20/FRANCHISE
6821ac10,JJ van der Wath,Bowler,South Africa,,26.785420414477286,45.776699029126206,,19.973549102477207,31.53287197231834,45.776699029126206,31.53287197231834,,31.5,OTHER_T20/FRANCHISE
c7bdb5b5,NJ Reardon,Batter,Australia,,,31.498693185440178,,,,31.49869318544018,,,31.5,OTHER_T20/FRANCHISE
d3d096f5,DGAPD Wiswi,Bowler,Indonesia,,23.70270335244878,,,31.451605110531027,,23.70270335244878,31.451605110531027,,31.5,INTL_T20/ASSOCIATE_FRINGE
056b433b,Ishtiaq Ahmad,Bowler,Saudi Arabia,,28.428260530501365,,,31.459241561608,,28.428260530501365,31.459241561608,,31.5,INTL_T20/ASSOCIATE_FRINGE
f5390243,CD McMillan,Batter,New Zealand,,31.47438080088694,,,,,31.47438080088694,,,31.5,INTL_T20/ASSOCIATE_FRINGE
92f0e10e,Ahmed Aqeel,Batter,Malaysia,,31.54377998918031,,,20.702225315533298,,31.54377998918031,20.702225315533298,,31.5,INTL_T20/ASSOCIATE_FRINGE
a9b998d9,M Raikes,Batter,Gibraltar,,31.49797371159747,,,16.717615279592465,,31.49797371159747,16.717615279592465,,31.5,INTL_T20/ASSOCIATE_FRINGE
d3851cd8,Ehsan Khan,All-rounder,Hong Kong,,18.54044071616377,,,37.04854809437387,,18.54044071616377,37.04854809437387,,31.5,INTL_T20/ASSOCIATE_FRINGE
6892f9c3,Waji Ul Hassan,Batter,Saudi Arabia,,31.503272168539475,,,26.281819699928064,,31.503272168539475,26.281819699928064,,31.5,INTL_T20/ASSOCIATE_FRINGE
926c6d3c,Abdullah Mahmood,Bowler,Denmark,,19.167275678449982,,,31.46355564534495,,19.167275678449982,31.46355564534495,,31.5,INTL_T20/ASSOCIATE_FRINGE
5bb1a1c4,I Sharma,Bowler,India,45.138888888888886,,,33.40082644628099,23.336084774121584,36.68738404452691,45.138888888888886,31.377624667978022,,31.4,IPL/IPL
b018e1eb,L Louwrens,Batter,Namibia,,31.424487786144688,,,,,31.424487786144688,,,31.4,INTL_T20/ASSOCIATE_FRINGE
9244df4b,A Ashokan,Batter,Czech Republic,,31.395723808761574,,,24.560464837461033,,31.395723808761574,24.560464837461033,,31.4,INTL_T20/ASSOCIATE_FRINGE
dc670143,NJ Dexter,All-rounder,,,,27.539442766028866,,,33.045864262990456,27.539442766028866,33.045864262990456,,31.4,OTHER_T20/FRANCHISE
0c24fb7b,S Yeshi,Bowler,Bhutan,,17.336429208708978,,,31.399485231214687,,17.336429208708978,31.399485231214687,,31.4,INTL_T20/ASSOCIATE_FRINGE
e5ecb1ef,V Ravindran,Batter,Hungary,,31.43581726040185,,,20.309527244413175,,31.43581726040185,20.309527244413175,,31.4,INTL_T20/ASSOCIATE_FRINGE
be869ccf,GHS Garton,All-rounder,England,,,32.00106628754221,,,29.925474254742547,32.00106628754221,29.925474254742547,,31.4,OTHER_T20/FRANCHISE
74bace71,Hiten Dalal,Batter,,,,31.39642857142857,,,,31.396428571428565,,,31.4,OTHER_T20/SMAT
5de198db,Abdullah Akbarjan,Bowler,Austria,,17.427897988257513,,,31.4268108745879,,17.427897988257513,31.4268108745879,,31.4,INTL_T20/ASSOCIATE_FRINGE
f7e9a562,Kamrul Islam Rabbi,Bowler,,,,33.923370319001386,,,31.27172958735733,33.923370319001386,31.27172958735733,,31.3,OTHER_T20/FRANCHISE
5332fc2f,Hamid Mahmood,Bowler,Sweden,,32.155428513744454,,,31.311009023542624,,32.155428513744454,31.311009023542624,,31.3,INTL_T20/ASSOCIATE_FRINGE
c96311d4,CR Ervine,Batter,Zimbabwe,,31.29153831079757,,,,,31.29153831079757,,,31.3,INTL_T20/FULL_MEMBER
49556abb,T Bharaj,Batter,Denmark,,31.28836792955712,,,,,31.28836792955712,,,31.3,INTL_T20/ASSOCIATE_FRINGE
cb4f31e2,Bandaru Ayyappa,Bowler,,,,,,,31.33057851239669,,31.330578512396695,,31.3,OTHER_T20/SMAT
ad1730bc,Ariful Haque,Batter,Bangladesh,,21.66111328963842,31.32775239543842,,,14.635057471264368,31.32775239543842,14.635057471264368,,31.3,OTHER_T20/FRANCHISE
1efd12d1,PR Brown,Bowler,England,,,19.04751397469844,,17.14291661840907,31.301533433886373,19.04751397469844,31.301533433886373,,31.3,OTHER_T20/FRANCHISE
670e6804,Junaid Khan,Bowler,Finland,,31.991452901629923,,,31.31150703697019,,31.991452901629923,31.31150703697019,,31.3,INTL_T20/ASSOCIATE_FRINGE
57c95c3c,LH Rodrigues,Bowler,Brazil,,29.61615512574067,,,31.295111459631865,,29.61615512574067,31.295111459631865,,31.3,INTL_T20/ASSOCIATE_FRINGE
e21bc7f3,RD Berrington,Batter,Scotland,,36.89583784396945,21.868555746583862,,25.743601337517692,,31.260607057449857,25.743601337517692,,31.3,INTL_T20/ASSOCIATE_FRINGE
5b2acc3f,Shahid Afridi,Batter,Germany,,31.344364905392688,,,28.40873291542493,,31.344364905392688,28.40873291542493,,31.3,INTL_T20/ASSOCIATE_FRINGE
6a71ba3a,M Levitt,Batter,Netherlands,,35.97408649718575,23.48157596371882,,20.408797656972567,,31.28939504713565,20.408797656972567,,31.3,INTL_T20/ASSOCIATE_FRINGE
60fbf53a,D Potgieter,All-rounder,,,,25.18126888217522,,,33.79745493107105,25.18126888217522,33.79745493107105,,31.2,OTHER_T20/FRANCHISE
63d6e16e,Saeed Ahmed,Batter,Sweden,,31.173656245524242,,,19.826033248941993,,31.173656245524242,19.826033248941993,,31.2,INTL_T20/ASSOCIATE_FRINGE
ebb74564,A Simelane,Bowler,South Africa,,,20.72746552211105,,31.231083844580777,22.391207884314266,20.72746552211105,31.231083844580777,,31.2,INTL_T20/FULL_MEMBER
977b841a,SSJ Brooks,Batter,West Indies,,31.301974300831446,30.899825248515928,,,,31.151168406213124,,,31.2,INTL_T20/FULL_MEMBER
710dd98c,MN van Wyk,Wicketkeeper,South Africa,,30.4216380182002,31.624844744604875,,,,31.624844744604875,,29.296582020786456,31.2,OTHER_T20/FRANCHISE
c6097d68,O Thomas,Bowler,West Indies,,,,,32.091148115688,29.71311475409836,,31.199385605091887,,31.2,INTL_T20/FULL_MEMBER
a510bdd3,EG Barnard,All-rounder,,,,40.37895704715618,,,9.907560975609753,40.37895704715618,9.907560975609753,,31.2,OTHER_T20/FRANCHISE
a3ce3d1d,SJ Erwee,Batter,,,,31.188805457308042,,,,31.188805457308042,,,31.2,OTHER_T20/FRANCHISE
3f9d95f9,LJ Myott,Bowler,Philippines,,23.81430037523284,,,31.247736504983767,,23.81430037523284,31.247736504983767,,31.2,INTL_T20/ASSOCIATE_FRINGE
c58b0108,Mehedi Hasan Miraz,All-rounder,Bangladesh,,38.35498922436341,24.65520108650461,,26.557237866138394,26.158614759224513,33.21756867266636,26.407754201045684,,31.2,INTL_T20/FULL_MEMBER
c1b74851,ED Silva,Batter,Kuwait,,31.213659561677535,,,24.353780700852944,,31.213659561677535,24.353780700852944,,31.2,INTL_T20/ASSOCIATE_FRINGE
805b89d7,RP Sharma,Batter,,,,31.21260530100678,,,,31.212605301006775,,,31.2,OTHER_T20/SMAT
5ea3a7c6,Esam Rahman,Batter,Japan,,31.244353700062,,,14.279772497838927,,31.244353700062,14.279772497838927,,31.2,INTL_T20/ASSOCIATE_FRINGE
2513b4fe,Kashif Siddique,Batter,Saudi Arabia,,31.18928235476491,,,,,31.18928235476491,,,31.2,INTL_T20/ASSOCIATE_FRINGE
e855546b,WEL Buttleman,Batter,,,,31.189820506515854,,,,31.18982050651585,,,31.2,OTHER_T20/FRANCHISE
51355a30,LC Ngoepe,Batter,,,,31.170444489823705,,,,31.17044448982371,,,31.2,OTHER_T20/FRANCHISE
bbfa0b42,Mohammad Ilyas,Bowler,,,,,,,31.18709150326798,,31.18709150326798,,31.2,OTHER_T20/FRANCHISE
52b090a6,Lakshit Gupta,Batter,Cambodia,,31.24860111410509,,,16.042354331517828,,31.24860111410509,16.042354331517828,,31.2,INTL_T20/ASSOCIATE_FRINGE
9440ef41,Suyash Sharma,Bowler,,,,,31.090909090909093,,26.13563525835866,,31.090909090909093,,31.1,IPL/IPL
fecd828e,M Simpson-Parker,Batter,Austria,,31.08648418078603,,,,,31.08648418078603,,,31.1,INTL_T20/ASSOCIATE_FRINGE
c3a96caf,Mandeep Singh,Batter,India,27.25991240350899,26.143318226488915,46.26342840081892,,,,31.060615602970973,,,31.1,IPL/IPL
2deb4082,A Kheterpal,Batter,Hungary,,31.086394452595307,,,17.726009659849964,,31.086394452595307,17.726009659849964,,31.1,INTL_T20/ASSOCIATE_FRINGE
e56f4180,A Turkmen,Batter,Turkey,,31.0534642036636,,,20.16843821007319,,31.0534642036636,20.16843821007319,,31.1,INTL_T20/ASSOCIATE_FRINGE
f3c150bb,Saqlain Sajib,Bowler,Bangladesh,,,,,,31.10708898944193,,31.107088989441927,,31.1,OTHER_T20/FRANCHISE
c8a7b014,OJ Hairs,Batter,Scotland,,31.094192499990505,,,,,31.094192499990505,,,31.1,INTL_T20/ASSOCIATE_FRINGE
af42d9f2,K Thuchila,Bowler,Malawi,,12.467533228073352,,,31.063135329838687,,12.467533228073352,31.063135329838687,,31.1,INTL_T20/ASSOCIATE_FRINGE
f16e776a,Zubair Ali,Batter,Qatar,,31.101200632797067,,,,,31.101200632797067,,,31.1,INTL_T20/ASSOCIATE_FRINGE
70a9b353,Rahul Buddhi,Batter,,,,31.09326660600546,,,,31.09326660600546,,,31.1,OTHER_T20/SMAT
3daaabaa,Ahmed Wardak,Bowler,Germany,,28.76759678026665,,,31.103056788823416,,28.76759678026665,31.103056788823416,,31.1,INTL_T20/ASSOCIATE_FRINGE
1ca7c00f,M Carter,All-rounder,,,,13.768882175226587,,,38.54017216642754,13.768882175226587,38.54017216642754,,31.1,OTHER_T20/FRANCHISE
b43f7a6a,AR Patwa,Batter,Tanzania,,31.096523506031474,,,,,31.096523506031474,,,31.1,INTL_T20/ASSOCIATE_FRINGE
62e203d4,Junaid Siddique,Batter,Bangladesh,,29.77718172966638,31.090287681337593,,,,31.090287681337593,,,31.1,OTHER_T20/FRANCHISE
18eaf2fa,Amjad Javed,Bowler,United Arab Emirates,,33.09551617245605,,,31.059640908645456,,33.09551617245605,31.059640908645456,,31.1,INTL_T20/ASSOCIATE_FRINGE
e8511411,SJ Baard,Batter,Namibia,,31.14670887225965,,,,,31.14670887225965,,,31.1,INTL_T20/ASSOCIATE_FRINGE
8930a2a6,A Kalasi,Bowler,Thailand,,23.78948130727305,,,31.02369656964133,,23.78948130727305,31.02369656964133,,31.0,INTL_T20/ASSOCIATE_FRINGE
c9c356e2,P Florin,Bowler,Romania,,21.69126110828852,,,30.963657402806913,,21.69126110828852,30.963657402806913,,31.0,INTL_T20/ASSOCIATE_FRINGE
b38a9f73,OH Agbomadzie,All-rounder,Ghana,,17.437642571617907,,,36.81091954022988,,17.437642571617907,36.81091954022988,,31.0,INTL_T20/ASSOCIATE_FRINGE
298d9b83,Shariq Munir,Batter,Qatar,,31.01933819932487,,,15.882508221148907,,31.01933819932487,15.882508221148907,,31.0,INTL_T20/ASSOCIATE_FRINGE
1439e6b5,CM Carroll,Batter,Croatia,,30.977410978487402,,,16.44654079349897,,30.977410978487402,16.44654079349897,,31.0,INTL_T20/ASSOCIATE_FRINGE
3d8348d0,Sibsankar Roy,Batter,,,,31.03002729754322,,,,31.030027297543224,,,31.0,OTHER_T20/SMAT
894b2d25,MJ Potts,Bowler,England,,,49.85335760517799,,,31.004439511653718,49.85335760517799,31.00443951165372,,31.0,OTHER_T20/FRANCHISE
501fca0d,Sachin Mandy,Wicketkeeper,Germany,,18.782190833866405,,,,,18.782190833866405,,79.90196078431373,31.0,INTL_T20/ASSOCIATE_FRINGE
94113d54,AJ Parmar,Bowler,Norway,,14.950128998925225,,,30.99955649065928,,14.950128998925225,30.99955649065928,,31.0,INTL_T20/ASSOCIATE_FRINGE
823a57a9,S di Bartolomeo,Bowler,Italy,,,,,31.045253131375574,,,31.045253131375574,,31.0,INTL_T20/ASSOCIATE_FRINGE
838bc6ab,A Raza,Batter,Belgium,,31.009247789622194,,,,,31.009247789622194,,,31.0,INTL_T20/ASSOCIATE_FRINGE
239f7526,Parth Sahani,Batter,,,,30.99548401439325,,,,30.99548401439325,,,31.0,OTHER_T20/SMAT
8f8d30be,S Ashwathnarayana,Batter,Hungary,,30.90357970601793,,,,,30.90357970601793,,,30.9,INTL_T20/ASSOCIATE_FRINGE
96ce6752,Mirza Baig,Batter,Pakistan,,,30.935591660204395,,,,30.93559166020439,,,30.9,OTHER_T20/FRANCHISE
5152ab02,Habib Khan,Bowler,Estonia,,35.702628254207625,,,30.94431906315343,,35.702628254207625,30.94431906315343,,30.9,INTL_T20/ASSOCIATE_FRINGE
270b4de6,NMS Param,Batter,Singapore,,30.905239567130167,,,21.96229412094431,,30.905239567130167,21.96229412094431,,30.9,INTL_T20/ASSOCIATE_FRINGE
de6c2c6e,S Steel,All-rounder,,,,31.634633926849645,,,29.109756097560975,31.634633926849645,29.109756097560975,,30.9,OTHER_T20/FRANCHISE
6dba59e0,Syazrul Idrus,Bowler,Malaysia,,24.58743821251534,,,30.875868228023105,,24.58743821251534,30.875868228023105,,30.9,INTL_T20/ASSOCIATE_FRINGE
a446c7be,Vivek Singh,Batter,,,,30.89322023517883,,,,30.893220235178834,,,30.9,OTHER_T20/SMAT
9815de17,DP Michael,Batter,Samoa,,30.941202460372356,,,19.68152707840921,,30.941202460372356,19.68152707840921,,30.9,INTL_T20/ASSOCIATE_FRINGE
6033d30a,Ritwik Roy Chowdhury,Batter,,,,30.886750192482676,,,,30.886750192482673,,,30.9,OTHER_T20/SMAT
bb01f9e0,Shuvagata Hom,All-rounder,Bangladesh,,18.605297515592294,33.31117824773414,,18.471485411140584,24.80631276901005,33.31117824773414,24.80631276901005,,30.8,OTHER_T20/FRANCHISE
74c6c6e0,NR Welch,Batter,Zimbabwe,,23.374512292295712,30.822820694542877,,,,30.822820694542877,,,30.8,OTHER_T20/FRANCHISE
3ee0050f,PM Liyanagamage,Bowler,Sri Lanka,,18.377448021232016,,,23.79135036523863,30.825901328273243,18.377448021232016,30.82590132827324,,30.8,OTHER_T20/FRANCHISE
074acfb4,Asif Khan,Batter,United Arab Emirates,,36.799909501492,20.86296210996313,,,,30.823554229668673,,,30.8,INTL_T20/ASSOCIATE_FRINGE
ecdd8d60,Yasin Patel,Bowler,Kuwait,,28.455752978327432,,,30.832005660790337,,28.455752978327432,30.832005660790337,,30.8,INTL_T20/ASSOCIATE_FRINGE
68886c16,AR Naidoo,Batter,Cayman Islands,,30.788089952484484,,,,,30.788089952484484,,,30.8,INTL_T20/ASSOCIATE_FRINGE
6eea0b32,Nasir Hossain,All-rounder,Bangladesh,,29.818718222333814,29.405904623503766,,30.85764673463764,32.10556402439023,29.663913122772545,31.32561571829486,,30.8,INTL_T20/FULL_MEMBER
8a4e101e,Izaz Ali,Batter,Slovenia,,30.768846013898333,,,22.04444670327461,,30.768846013898333,22.04444670327461,,30.8,INTL_T20/ASSOCIATE_FRINGE
9ed95736,Naushad Shaikh,Batter,,,,30.844144027037565,,,,30.84414402703757,,,30.8,OTHER_T20/SMAT
760f445b,Monir Hossain,Bowler,,,,,,,30.840336134453782,,30.84033613445378,,30.8,OTHER_T20/FRANCHISE
cc9b822c,R Matsumura,Bowler,Japan,,,,,30.783638035804966,,,30.783638035804966,,30.8,INTL_T20/ASSOCIATE_FRINGE
ccae927b,Azim Kazi,Bowler,,,,33.599999999999994,,,30.824499824499824,33.599999999999994,30.824499824499828,,30.8,OTHER_T20/SMAT
9ab2914d,S Samarawickrama,Wicketkeeper,Sri Lanka,,28.22638248847926,33.3592813456825,,,,30.15121955993047,,33.20582877959927,30.8,INTL_T20/FULL_MEMBER
ad8d5827,M Stanikzai,Batter,Switzerland,,30.84141003235878,,,17.00192962428456,,30.84141003235878,17.00192962428456,,30.8,INTL_T20/ASSOCIATE_FRINGE
973006cc,Amir Zaib,Batter,Portugal,,30.801434665007626,,,22.587975835694465,,30.801434665007626,22.587975835694465,,30.8,INTL_T20/ASSOCIATE_FRINGE
8db0c0e1,Sagar Udeshi,Bowler,,,,,,,30.816838334079712,,30.816838334079716,,30.8,OTHER_T20/SMAT
c672e80e,J Clark,All-rounder,,,,32.80515152458965,,,26.235772357723572,32.80515152458965,26.235772357723572,,30.8,OTHER_T20/FRANCHISE
e0ac7144,OJ Hannon-Dalby,Bowler,,,,22.83980582524272,,,30.78003314001657,22.83980582524272,30.78003314001657,,30.8,OTHER_T20/FRANCHISE
1ad0b441,K Noema-Barnett,All-rounder,,,,35.17681145064633,,,20.146341463414636,35.17681145064633,20.146341463414636,,30.7,OTHER_T20/FRANCHISE
04cf2e94,A Morris,Bowler,Cayman Islands,,15.739817504259882,,,30.744289869742175,,15.739817504259882,30.744289869742175,,30.7,INTL_T20/ASSOCIATE_FRINGE
07ac9c54,C Roberts,Batter,France,,30.665336538333186,,,22.473324940910494,,30.665336538333186,22.473324940910494,,30.7,INTL_T20/ASSOCIATE_FRINGE
7d990412,Suman Ghimire,Batter,Portugal,,30.724421846763157,,,19.75594842163283,,30.724421846763157,19.75594842163283,,30.7,INTL_T20/ASSOCIATE_FRINGE
37d8d19a,Muslim Yar,Bowler,Germany,,32.88082686592688,,,30.69113161269012,,32.88082686592688,30.69113161269012,,30.7,INTL_T20/ASSOCIATE_FRINGE
cdc9bbec,H Deshan,Batter,Switzerland,,30.707346767449366,,,25.046398667637714,,30.707346767449366,25.046398667637714,,30.7,INTL_T20/ASSOCIATE_FRINGE
0a2184d9,D Lakshan,Batter,,,,30.748286378597093,,,48.0135135135135,30.748286378597097,48.0135135135135,,30.7,OTHER_T20/FRANCHISE
f69f1d8a,Umaid Asif,Bowler,,,,53.267363704256915,,,30.719556243550056,53.267363704256915,30.719556243550056,,30.7,OTHER_T20/FRANCHISE
3377f988,Y Jasti,Bowler,Mexico,,15.94495171958691,,,30.726984874815727,,15.94495171958691,30.726984874815727,,30.7,INTL_T20/ASSOCIATE_FRINGE
056e3558,A Augastin,Batter,Tanzania,,30.748968506878,,,30.16443196999281,,30.748968506878,30.16443196999281,,30.7,INTL_T20/ASSOCIATE_FRINGE
fa73f373,Vikas Yadav,Bowler,,,,,,,30.701298701298704,,30.7012987012987,,30.7,OTHER_T20/SMAT
585dda5d,KNA Bandara,Batter,Sri Lanka,,25.643579654929468,30.700300374138585,,,,30.700300374138585,,,30.7,OTHER_T20/FRANCHISE
643e4882,Bilal Masud,Batter,Estonia,,30.74256382800627,,,23.774413026194097,,30.74256382800627,23.774413026194097,,30.7,INTL_T20/ASSOCIATE_FRINGE
8b261d84,MH Cross,Wicketkeeper,Scotland,,28.01026570048309,19.503924646781787,,,,24.8203878053451,,53.72103386809269,30.6,INTL_T20/ASSOCIATE_FRINGE
69be866a,Anureet Singh,Bowler,,,,,33.08108108108108,,20.577331759149942,,30.580331216694855,,30.6,IPL/IPL
3a026eb4,Rizwan Cheema,Batter,Canada,,30.603028722670132,,,18.050548855111593,,30.603028722670132,18.050548855111593,,30.6,INTL_T20/ASSOCIATE_FRINGE
5902f2eb,Saud Munir,Bowler,Denmark,,20.173373680634434,,,30.584551423639116,,20.173373680634434,30.584551423639116,,30.6,INTL_T20/ASSOCIATE_FRINGE
99d63244,KM Jadhav,Wicketkeeper,India,28.809043778801843,25.48283671405872,37.16883116883117,,,,30.481001256807712,,31.08574030705178,30.6,IPL/IPL
389ae08a,Puneet Datey,Bowler,,,,,,,30.58441558441558,,30.58441558441558,,30.6,OTHER_T20/SMAT
c28a293e,HS Gericke,Batter,Malta,,30.60455672076838,,,,,30.60455672076838,,,30.6,INTL_T20/ASSOCIATE_FRINGE
bb5f73de,Mohammad Khan Rafah,Bowler,France,,29.77443182409841,,,30.59113428902554,,29.77443182409841,30.59113428902554,,30.6,INTL_T20/ASSOCIATE_FRINGE
f427e63e,NRJ Croes,Batter,Netherlands,,30.62624613136769,,,,,30.62624613136769,,,30.6,INTL_T20/ASSOCIATE_FRINGE
b17d629e,Shadnan Khan,Batter,Austria,,30.565465295685726,,,25.973538690782036,,30.565465295685726,25.973538690782036,,30.6,INTL_T20/ASSOCIATE_FRINGE
1066a976,AL Hughes,All-rounder,,,,33.09047951041909,,,24.656948678861795,33.09047951041909,24.656948678861795,,30.6,OTHER_T20/FRANCHISE
b93b87ae,Zain Ul Abidin,All-rounder,Saudi Arabia,,24.260706187423228,,,33.31862068965517,,24.260706187423228,33.31862068965517,,30.6,INTL_T20/ASSOCIATE_FRINGE
d99cc23a,T van der Gugten,All-rounder,Netherlands,,26.617996136737723,34.37059415911379,,23.16696914700545,21.953683173195365,34.37059415911379,21.953683173195365,,30.6,OTHER_T20/FRANCHISE
64212089,TN Walallawita,Bowler,,,,,,,30.56176470588235,,30.561764705882354,,30.6,OTHER_T20/FRANCHISE
53f27a35,BB Samantray,Batter,,,,30.46108727369709,,,,30.461087273697093,,,30.5,OTHER_T20/SMAT
f80682f8,Ravinderpal Singh,Batter,Canada,,30.500408371202642,,,23.919250333984174,,30.500408371202642,23.919250333984174,,30.5,INTL_T20/ASSOCIATE_FRINGE
395695ce,C Kyewuta,Bowler,Uganda,,28.98463684394438,,,30.538528395684434,,28.98463684394438,30.538528395684434,,30.5,INTL_T20/ASSOCIATE_FRINGE
dc002962,Tillakaratne Sampath,Batter,,,,30.51202360462257,,,27.4,30.51202360462257,27.4,,30.5,OTHER_T20/FRANCHISE
0ea54eca,O Davies,Batter,,,,30.506898341665988,,,,30.506898341665988,,,30.5,OTHER_T20/FRANCHISE
3dcd1e8d,ME Milnes,Bowler,,,,50.73837506387327,,,30.508594346829643,50.73837506387327,30.508594346829643,,30.5,OTHER_T20/FRANCHISE
679cd31e,SJ Cook,Bowler,,,,27.891816920943135,,,30.50098863074641,27.891816920943135,30.50098863074641,,30.5,OTHER_T20/FRANCHISE
288dd46e,Shykat Ali,Batter,,,,30.54008095875566,,,,30.540080958755663,,,30.5,OTHER_T20/FRANCHISE
537f5ab2,DL Piedt,Bowler,,,,,,,30.484981226533165,,30.48498122653317,,30.5,OTHER_T20/FRANCHISE
bf19d427,SF Tiai,Bowler,Samoa,,31.29040054362068,,,30.546500678804513,,31.29040054362068,30.546500678804513,,30.5,INTL_T20/ASSOCIATE_FRINGE
c90346a0,D Jansen,Batter,Isle of Man,,30.49655565557497,,,20.12880656321721,,30.49655565557497,20.12880656321721,,30.5,INTL_T20/ASSOCIATE_FRINGE
fccc2d5a,Usman Arif,Batter,Norway,,30.487107365504134,,,23.416786558421542,,30.487107365504134,23.416786558421542,,30.5,INTL_T20/ASSOCIATE_FRINGE
7daedf2f,KB Arun Karthik,Batter,,,,30.389757734303913,,,,30.389757734303913,,,30.4,OTHER_T20/SMAT
3bd52be1,Mustafa Omer,Batter,France,,30.421729742034618,,,,,30.421729742034618,,,30.4,INTL_T20/ASSOCIATE_FRINGE
6adabee6,Nouman Sarwar,Batter,Qatar,,30.380886707806088,,,21.797119514952215,,30.380886707806088,21.797119514952215,,30.4,INTL_T20/ASSOCIATE_FRINGE
c5928dec,HDRL Thirimanne,Batter,Sri Lanka,,30.3683115574272,,,,,30.3683115574272,,,30.4,INTL_T20/FULL_MEMBER
ae4d0b45,Jonte Smith,Bowler,Bermuda,,21.4033882440283,,,30.38446531380917,,21.4033882440283,30.38446531380917,,30.4,INTL_T20/ASSOCIATE_FRINGE
272d796e,BR Dunk,Wicketkeeper,Australia,,25.703535594839945,27.719819039028057,,,,27.719819039028053,,40.93003321547198,30.4,OTHER_T20/FRANCHISE
f86ce673,AC Douglas,Batter,Bermuda,,30.44959721886267,,,33.26000631266791,,30.44959721886267,33.26000631266791,,30.4,INTL_T20/ASSOCIATE_FRINGE
ec106638,Rahmatullah Mangal,Bowler,France,,19.889669784415617,,,30.447248905723274,,19.889669784415617,30.447248905723274,,30.4,INTL_T20/ASSOCIATE_FRINGE
8c7b16c8,Nahidul Islam,All-rounder,,,,17.19804589573825,,,36.06240472560975,17.19804589573825,36.06240472560975,,30.4,OTHER_T20/FRANCHISE
14b14cd8,DM Bravo,Batter,West Indies,,31.01216696061141,29.392242439144326,,,,30.40469526506125,,,30.4,INTL_T20/FULL_MEMBER
602ebd4c,Sami Sohail,All-rounder,Malawi,,31.203244485221735,,,28.583671399594323,,31.203244485221735,28.583671399594323,,30.4,INTL_T20/ASSOCIATE_FRINGE
e68dd455,JS Foster,Wicketkeeper,England,,21.421238013755712,32.31844202862645,,,,32.31844202862645,,22.589199614271937,30.4,OTHER_T20/FRANCHISE
715941c3,MGK Burgess,Wicketkeeper,,,,28.67679833325821,,,,28.676798333258212,,37.295081967213115,30.4,OTHER_T20/FRANCHISE
5570c4c1,M Choamba,Bowler,Malawi,,19.26399451001416,,,30.351948636834408,,19.26399451001416,30.351948636834408,,30.4,INTL_T20/ASSOCIATE_FRINGE
44afbf2d,NJ Maddinson,Batter,Australia,,23.858571401054654,30.276450339171816,,,50.75520833333333,30.276450339171816,50.75520833333333,,30.3,OTHER_T20/FRANCHISE
52cb36a0,Manisankar Murasingh,All-rounder,,,,36.672582076308785,,,15.436170212765955,36.672582076308785,15.436170212765957,,30.3,OTHER_T20/SMAT
2ecd844a,BJ Currie,Bowler,Scotland,,19.490435292912764,,,33.80443024009633,30.254201680672267,19.490435292912764,30.254201680672264,,30.3,OTHER_T20/FRANCHISE
ea59139a,Wasim Ali,Batter,Oman,,30.296311028537303,,,20.686072406559994,,30.296311028537303,20.686072406559994,,30.3,INTL_T20/ASSOCIATE_FRINGE
eca6dcb2,Nihaduzzaman,Bowler,,,,,,,30.3125,,30.3125,,30.3,OTHER_T20/FRANCHISE
65cd62a9,A Martel,Bowler,Guernsey,,26.32254592123259,,,30.30209092544057,,26.32254592123259,30.30209092544057,,30.3,INTL_T20/ASSOCIATE_FRINGE
b0f2baf4,Sanvir Singh,Batter,,,,30.252598467102615,,,19.41107678729038,30.25259846710261,19.41107678729038,,30.3,OTHER_T20/FRINGE
98eacfe5,WAT Beer,All-rounder,,,,21.893252769385697,,,33.94384571752694,21.893252769385697,33.94384571752694,,30.3,OTHER_T20/FRANCHISE
ca322fd6,L Mbane,Bowler,,,,,,,30.295454545454547,,30.295454545454543,,30.3,OTHER_T20/FRANCHISE
8d14b938,RK Oliver,Batter,,,,30.289799504139005,,,,30.289799504139,,,30.3,OTHER_T20/FRANCHISE
a2ec22d2,A Mutreja,Batter,Singapore,,30.329284844804015,,,,,30.329284844804015,,,30.3,INTL_T20/ASSOCIATE_FRINGE
b91f2a31,KP Meiyappan,Bowler,United Arab Emirates,,22.997570645091685,,,30.26604375307219,,22.997570645091685,30.26604375307219,,30.3,INTL_T20/ASSOCIATE_FRINGE
c31d7da1,Jordan O'Brien,Wicketkeeper,Finland,,19.563887831076915,,,,,19.563887831076915,,73.0392156862745,30.3,INTL_T20/ASSOCIATE_FRINGE
50250426,Asad Shafiq,Batter,Pakistan,,31.45106575963719,28.447615346177336,,,,30.324771854589745,,,30.3,INTL_T20/FULL_MEMBER
e5d452d7,Saif Badar,Batter,,,,30.256920539300058,,,,30.25692053930006,,,30.3,OTHER_T20/FRANCHISE
fbb657bb,Babar Hayat,Batter,Hong Kong,,38.32372435130179,16.984257319741193,,,,30.321424214466564,,,30.3,INTL_T20/ASSOCIATE_FRINGE
78f719ea,IDM Latin,Batter,Gibraltar,,30.276415381879445,,,23.50259839687596,,30.276415381879445,23.50259839687596,,30.3,INTL_T20/ASSOCIATE_FRINGE
f8e6dbdd,DS Rosier,Batter,,,,30.255329708858106,,,,30.255329708858106,,,30.3,OTHER_T20/FRANCHISE
39fd9295,K Piet,Bowler,Botswana,,21.392367471294317,,,30.27874219056394,,21.392367471294317,30.27874219056394,,30.3,INTL_T20/ASSOCIATE_FRINGE
de8d3876,M Rawat,Wicketkeeper,,,,24.134453781512605,,,,24.134453781512605,,54.82488822652757,30.3,OTHER_T20/FRINGE
b82e3032,J Shaw,Bowler,,,,45.50037341299477,,,30.23351158645276,45.50037341299477,30.23351158645276,,30.2,OTHER_T20/FRANCHISE
1a9e9efe,Bilal Hassun,Bowler,Uganda,,26.127452550558893,,,30.153374284744388,,26.127452550558893,30.153374284744388,,30.2,INTL_T20/ASSOCIATE_FRINGE
2d45d7d2,MPGT Ketiyage,Batter,Cyprus,,30.156217330585246,,,23.11157640530264,,30.156217330585246,23.11157640530264,,30.2,INTL_T20/ASSOCIATE_FRINGE
ff60c8ba,K Krishnakumar,Batter,Bulgaria,,30.24704974648712,,,,,30.24704974648712,,,30.2,INTL_T20/ASSOCIATE_FRINGE
6581d753,JM Kemp,Batter,South Africa,,30.246237341133266,,,,36.364197530864196,30.246237341133266,36.364197530864196,,30.2,INTL_T20/ASSOCIATE_FRINGE
ced0ec25,Ghulam Shabber,Batter,United Arab Emirates,,30.2236892041671,,,,,30.2236892041671,,,30.2,INTL_T20/ASSOCIATE_FRINGE
6a88d66d,Abdul Naser Baluch,Bowler,Sweden,,18.546863001597465,,,30.227477746992896,,18.546863001597465,30.227477746992896,,30.2,INTL_T20/ASSOCIATE_FRINGE
dcabd6bc,BKEL Milantha,Batter,,,,30.240717973936558,,,,30.240717973936558,,,30.2,OTHER_T20/FRANCHISE
6b46ce43,EJB Miles,Bowler,Jersey,,19.42267563828944,,,30.196840226184584,,19.42267563828944,30.196840226184584,,30.2,INTL_T20/ASSOCIATE_FRINGE
67e36e53,Jassim Khan,Batter,Qatar,,30.14474855875508,,,,,30.14474855875508,,,30.1,INTL_T20/ASSOCIATE_FRINGE
80f9fd4f,C Brennan,Batter,Jersey,,30.095832149923424,,,,,30.095832149923424,,,30.1,INTL_T20/ASSOCIATE_FRINGE
9c376401,CS MacLeod,Batter,Scotland,,29.049788380998283,30.070574456796034,,16.654873132724845,,30.07057445679603,16.654873132724845,,30.1,OTHER_T20/FRANCHISE
c391d077,L Nyarko,Bowler,Ghana,,19.934226661403056,,,30.101983096020167,,19.934226661403056,30.101983096020167,,30.1,INTL_T20/ASSOCIATE_FRINGE
4175d211,SK Springer,All-rounder,West Indies,,25.796650883905862,21.58610271903323,,17.96419098143236,33.74734888653234,21.58610271903323,33.74734888653234,,30.1,OTHER_T20/FRANCHISE
fe5175ce,Yasir Mohammad,Bowler,United States of America,,18.580403305018457,,,30.138674312954578,,18.580403305018457,30.138674312954578,,30.1,INTL_T20/ASSOCIATE_FRINGE
d7e51f87,GM Muthui,Bowler,Kenya,,20.847972964256666,,,30.067674332344964,,20.847972964256666,30.067674332344964,,30.1,INTL_T20/ASSOCIATE_FRINGE
ec4ae12d,Hamid Safi,Batter,Austria,,30.10566315623267,,,23.846439214880277,,30.10566315623267,23.846439214880277,,30.1,INTL_T20/ASSOCIATE_FRINGE
d6ac52e8,Akhilesh Sahani,Bowler,,,,25.040816326530614,,,30.129870129870127,25.040816326530614,30.129870129870127,,30.1,OTHER_T20/SMAT
509a7ca1,MD Gunathilaka,Batter,Sri Lanka,,25.1508662724349,38.402792990142395,,58.81428571428572,,30.120338791575207,58.81428571428572,,30.1,INTL_T20/FULL_MEMBER
9e62632a,Karanveer Kaushal,Batter,,,,30.127038566529013,,,,30.127038566529013,,,30.1,OTHER_T20/SMAT
b0f5175e,S Ramakrishnan,Batter,Czech Republic,,30.054530478410136,,,,,30.054530478410136,,,30.1,INTL_T20/ASSOCIATE_FRINGE
bdadf7da,JL Denly,Batter,England,,29.70174452003024,30.657218547848878,,,33.74250936329587,30.060047280462225,33.74250936329587,,30.1,INTL_T20/FULL_MEMBER
74a578d0,C Udekwe,Bowler,Nigeria,,22.341261011201087,,,30.14685795064773,,22.341261011201087,30.14685795064773,,30.1,INTL_T20/ASSOCIATE_FRINGE
62dad180,KB Pawan,Batter,,,,30.102707006369428,,,,30.102707006369425,,,30.1,OTHER_T20/SMAT
eddf25bd,CAJ Meschede,All-rounder,Germany,,28.73233791496548,32.656240744031756,,24.663793103448278,24.027734067663257,32.656240744031756,24.027734067663257,,30.1,OTHER_T20/FRANCHISE
3c6b4b2b,Aftab Hussain,Bowler,Hong Kong,,25.778062054039626,,,30.09908284293334,,25.778062054039626,30.09908284293334,,30.1,INTL_T20/ASSOCIATE_FRINGE
357484e9,Ilyas Ataullah,Batter,Turkey,,30.026688510267448,,,18.89915733223718,,30.026688510267448,18.89915733223718,,30.0,INTL_T20/ASSOCIATE_FRINGE
612a395c,S Singh,Wicketkeeper,Kenya,,14.777131782945734,,,,,14.777131782945734,,90.68627450980392,30.0,INTL_T20/ASSOCIATE_FRINGE
1bf9a8ef,Mohammad Irfan (4),Bowler,,,,,,,30.039215686274506,,30.039215686274506,,30.0,OTHER_T20/FRANCHISE
35c08a29,JM Blatherwick,Bowler,,,,54.80582524271844,,,30.01162790697674,54.80582524271845,30.01162790697674,,30.0,OTHER_T20/FRANCHISE
593513d5,TIF Triffitt,Batter,,,,29.97824827004812,,,,29.978248270048123,,,30.0,OTHER_T20/FRANCHISE
eff8b730,GRD Munasinghe,Bowler,Italy,,14.435793575115444,,,30.035476359031044,,14.435793575115444,30.035476359031044,,30.0,INTL_T20/ASSOCIATE_FRINGE
bb95564b,Saif Hassan,Batter,Bangladesh,,34.25278911564626,22.918945623764902,,48.16857142857143,,30.00259780619075,48.16857142857143,,30.0,INTL_T20/FULL_MEMBER
7ca68967,NA Greenwood,Batter,Jersey,,37.034465115435545,18.324188332064573,,29.33846494906534,22.100074682598954,30.01811132167143,26.624068599140447,,30.0,INTL_T20/ASSOCIATE_FRINGE
05de1a5a,GC Wilson,Wicketkeeper,Ireland,,23.141151187522155,20.142677282254304,,,,22.01672347304671,,62.131147540983605,30.0,INTL_T20/FULL_MEMBER
4e6ff836,JA Fitzgerald,Batter,Gibraltar,,29.956512669538284,,,13.178154777302542,,29.956512669538284,13.178154777302542,,30.0,INTL_T20/ASSOCIATE_FRINGE
011f6b42,RG Mukasa,Batter,Uganda,,29.985682459158692,,,22.500792141951838,,29.985682459158692,22.500792141951838,,30.0,INTL_T20/ASSOCIATE_FRINGE
2bfec670,H Kaushik,Batter,United Arab Emirates,,30.030786171730057,,,19.135701880587813,,30.030786171730057,19.135701880587813,,30.0,INTL_T20/ASSOCIATE_FRINGE
2318ba22,TLW Cooper,Batter,Netherlands,,30.984519425610795,29.95139260523486,,18.971897120784394,28.859649122807014,29.95139260523486,28.859649122807017,,30.0,OTHER_T20/FRANCHISE
1274d7ab,Nazmul Hossain Shanto,Batter,Bangladesh,,31.307102350911876,27.762312612939613,,,44.949999999999996,29.977806199172274,44.949999999999996,,30.0,INTL_T20/FULL_MEMBER
d2550980,Anand Singh,Batter,,,,29.988375011766184,,,26.759999999999998,29.988375011766184,26.759999999999998,,30.0,OTHER_T20/SMAT
dc1dd6c4,Ijaz Hussain,Bowler,Romania,,24.887075990466506,,,29.89091978182312,,24.887075990466506,29.89091978182312,,29.9,INTL_T20/ASSOCIATE_FRINGE
49b6c09f,JC Tredwell,Bowler,England,,,28.99676375404531,,32.52760736196319,25.550499445061043,28.996763754045315,29.911191893124887,,29.9,INTL_T20/FULL_MEMBER
a863ba68,Jake Egan,Batter,,,,29.85250993582343,,,,29.85250993582343,,,29.9,OTHER_T20/FRINGE
832b77c6,DKD Warnakulasuriya,Bowler,Italy,,,,,29.862963706805957,,,29.862963706805957,,29.9,INTL_T20/ASSOCIATE_FRINGE
7210d461,Yash Dayal,Bowler,,,,,30.387147335423194,,28.136587550380654,,29.93703537841468,,29.9,IPL/IPL
42bf1b7d,H Carlyon,All-rounder,Jersey,,29.571204737952463,,,30.02387267904509,,29.571204737952463,30.02387267904509,,29.9,INTL_T20/ASSOCIATE_FRINGE
6de0f650,WA Simpson,Batter,Singapore,,29.875560684901664,,,,,29.875560684901664,,,29.9,INTL_T20/ASSOCIATE_FRINGE
ffc308ee,O Muzondo,Bowler,Zimbabwe,,,,,29.94623150288684,,,29.94623150288684,,29.9,INTL_T20/ASSOCIATE_FRINGE
8d1dad51,A Javid,All-rounder,,,,30.177404623059083,,,29.36585365853658,30.177404623059086,29.365853658536576,,29.9,OTHER_T20/FRANCHISE
e16e7347,CG Williams,Batter,Namibia,,29.92575513134913,,,26.677617329233296,,29.92575513134913,26.677617329233296,,29.9,INTL_T20/ASSOCIATE_FRINGE
e0a2f58e,B van Zyl,Bowler,Botswana,,25.292674195277627,,,29.892051579548284,,25.292674195277627,29.892051579548284,,29.9,INTL_T20/ASSOCIATE_FRINGE
3bc94fb9,Arun Chaprana,Bowler,,,,,,,29.906493506493504,,29.906493506493504,,29.9,OTHER_T20/SMAT
5c805a60,AA Navicha,Batter,Mozambique,,29.923556143355253,,,22.14001265624239,,29.923556143355253,22.14001265624239,,29.9,INTL_T20/ASSOCIATE_FRINGE
f4ccbe6f,K Namchaikul,Bowler,Thailand,,14.55030248182591,,,29.934542137620845,,14.55030248182591,29.934542137620845,,29.9,INTL_T20/ASSOCIATE_FRINGE
8bee668b,G Burrows,Batter,Isle of Man,,29.91412178103309,,,,,29.91412178103309,,,29.9,INTL_T20/ASSOCIATE_FRINGE
e21ef7ec,Ronald Ebanks,Bowler,Cayman Islands,,16.981066497771764,,,29.867740176719238,,16.981066497771764,29.867740176719238,,29.9,INTL_T20/ASSOCIATE_FRINGE
f681481e,Muhammad Nadeem,Bowler,South Korea,,32.19595255626149,,,29.92525611934898,,32.19595255626149,29.92525611934898,,29.9,INTL_T20/ASSOCIATE_FRINGE
45642393,Muhammad Usman,Batter,United Arab Emirates,,29.947961675790037,,,,,29.947961675790037,,,29.9,INTL_T20/ASSOCIATE_FRINGE
5cf163a5,Zada Sher,Batter,France,,29.864870598416378,,,19.484448326653656,,29.864870598416378,19.484448326653656,,29.9,INTL_T20/ASSOCIATE_FRINGE
78a3ae4b,ZXM Vukusic,Batter,Croatia,,29.821452637870326,,,20.968153838248895,,29.821452637870326,20.968153838248895,,29.8,INTL_T20/ASSOCIATE_FRINGE
faa8cfba,MT Stanley,Bowler,,,,,,,29.816430020283974,,29.81643002028397,,29.8,OTHER_T20/FRANCHISE
7d5e0b78,J Allenby,All-rounder,,,,34.12181883352963,,,19.77879403794038,34.12181883352963,19.77879403794038,,29.8,OTHER_T20/FRANCHISE
2dcad6fa,Surinder Singh,Bowler,Philippines,,26.899144302620705,,,29.829626641010137,,26.899144302620705,29.829626641010137,,29.8,INTL_T20/ASSOCIATE_FRINGE
f752db61,JL Pattinson,Bowler,Australia,,,36.42125134843581,,18.521908835286595,29.75205198358413,36.42125134843581,29.75205198358413,,29.8,OTHER_T20/FRANCHISE
3748955d,Amir Ali,Batter,Oman,,29.83929172800785,,,20.569425033398417,,29.83929172800785,20.569425033398417,,29.8,INTL_T20/ASSOCIATE_FRINGE
4f1d3f68,J Santhanam,Bowler,Singapore,,24.823688346541502,,,29.8432265863843,,24.823688346541502,29.8432265863843,,29.8,INTL_T20/ASSOCIATE_FRINGE
40aea524,Abdul Wahid,Batter,Saudi Arabia,,29.764980364247975,,,23.501868649011346,,29.764980364247975,23.501868649011346,,29.8,INTL_T20/ASSOCIATE_FRINGE
5470418a,T Rossi,Batter,Argentina,,29.813604299609597,,,26.52436250659995,,29.813604299609597,26.52436250659995,,29.8,INTL_T20/ASSOCIATE_FRINGE
2c1f0acf,Sojib Miah,Batter,Czech Republic,,29.83141827913417,,,,,29.83141827913417,,,29.8,INTL_T20/ASSOCIATE_FRINGE
04a5b56e,OA Ramela,Batter,,,,29.813111157345237,,,,29.813111157345237,,,29.8,OTHER_T20/FRANCHISE
6ad2d5f7,LN Rajbanshi,Bowler,Nepal,,15.43140957579413,18.120439615041576,,30.414526905266545,28.787705775075988,16.43979584051192,29.804468981445087,,29.8,INTL_T20/ASSOCIATE_FRINGE
352e589f,Sahir Naqash,Bowler,Germany,,35.090389533266325,,,29.75510854851164,,35.090389533266325,29.75510854851164,,29.8,INTL_T20/ASSOCIATE_FRINGE
86a98b15,Shubham Pundir,Batter,,,,29.82860334908568,,,,29.82860334908568,,,29.8,OTHER_T20/SMAT
f4dfcbb4,S van Zyl,Batter,,,,29.81844962266649,,,,29.81844962266649,,,29.8,OTHER_T20/FRANCHISE
730b57de,WT O'Donnell,Batter,,,,29.823364888123923,,,,29.823364888123923,,,29.8,OTHER_T20/FRANCHISE
9b85a13a,Mohammad Ahnaff,Batter,Qatar,,29.805506952983706,,,,,29.805506952983706,,,29.8,INTL_T20/ASSOCIATE_FRINGE
3bf7c034,Sultan Ahmed,Wicketkeeper,Oman,,22.52866996141227,,,,,22.52866996141227,,58.82352941176471,29.8,INTL_T20/ASSOCIATE_FRINGE
498aacac,S Thanikaithasan,Batter,Denmark,,29.756875674405773,,,22.553037971431507,,29.756875674405773,22.553037971431507,,29.8,INTL_T20/ASSOCIATE_FRINGE
524943f1,A Davidson Soler,Wicketkeeper,Spain,,25.243572150801683,,,,,25.243572150801683,,48.03921568627451,29.8,INTL_T20/ASSOCIATE_FRINGE
01698fee,Z Pongolo,Bowler,,,,,,,29.752228163992868,,29.752228163992864,,29.8,OTHER_T20/FRANCHISE
b4bef2ed,Fazle Mahmud,Batter,,,,29.68737535174713,,,,29.687375351747125,,,29.7,OTHER_T20/FRANCHISE
955e8e86,A Mgijima,Batter,,,,29.679409366790466,,,,29.679409366790466,,,29.7,OTHER_T20/FRANCHISE
b699df47,MP O'Dowd,Batter,Netherlands,,35.33266091467242,20.394129910028525,,15.965311889836604,,29.730711787930957,15.965311889836604,,29.7,INTL_T20/ASSOCIATE_FRINGE
c2ce55cb,Akash Bhandari,Bowler,,,,,,,29.664335664335663,,29.664335664335667,,29.7,OTHER_T20/SMAT
9822fb85,Isa Zaroo,Batter,Bulgaria,,29.734754749544294,,,21.745655870180585,,29.734754749544294,21.745655870180585,,29.7,INTL_T20/ASSOCIATE_FRINGE
f0e293b0,Zahoor Khan,Bowler,United Arab Emirates,,14.54952847465231,,,30.914759629189756,29.668108419838525,14.54952847465231,29.66810841983852,,29.7,OTHER_T20/FRANCHISE
3df3f50b,Waheed Ahmed,Batter,United Arab Emirates,,29.703465581557342,,,24.430329359778028,,29.703465581557342,24.430329359778028,,29.7,INTL_T20/ASSOCIATE_FRINGE
41b63677,R Baruah,Batter,Estonia,,29.731807785768925,,,22.011188102823084,,29.731807785768925,22.011188102823084,,29.7,INTL_T20/ASSOCIATE_FRINGE
6e60a792,MJ Ansell,Bowler,Isle of Man,,21.95658913824123,,,29.69835155440834,,21.95658913824123,29.69835155440834,,29.7,INTL_T20/ASSOCIATE_FRINGE
5f77f23a,US Hathinjar,Batter,Cambodia,,29.69692462161342,,,,,29.69692462161342,,,29.7,INTL_T20/ASSOCIATE_FRINGE
399b0b94,CT Bancroft,Wicketkeeper,Australia,,,28.841766828735427,,,,28.841766828735427,,33.26502732240437,29.7,OTHER_T20/FRANCHISE
33b67317,Bilal Zalmai,All-rounder,Austria,,31.95938612371521,,,24.37832512315271,,31.95938612371521,24.37832512315271,,29.7,INTL_T20/ASSOCIATE_FRINGE
ad37baac,Tejwinder Singh,Bowler,Cyprus,,30.612425598721728,,,29.74836089784489,,30.612425598721728,29.74836089784489,,29.7,INTL_T20/ASSOCIATE_FRINGE
5947220c,R Thapliyal,Bowler,Belgium,,17.9824743329601,,,29.678108535645233,,17.9824743329601,29.678108535645233,,29.7,INTL_T20/ASSOCIATE_FRINGE
fc60e81a,B Parsons,Batter,,,,29.74491125007476,,,51.849999999999994,29.744911250074765,51.849999999999994,,29.7,OTHER_T20/FRANCHISE
8ba04532,Muhammad Asim,Batter,Zambia,,29.665784460580884,,,25.924102927575305,,29.665784460580884,25.924102927575305,,29.7,INTL_T20/ASSOCIATE_FRINGE
eb3c3cca,SG Mangela,Batter,Uganda,,29.705439172571545,,,,,29.705439172571545,,,29.7,INTL_T20/ASSOCIATE_FRINGE
22176fe7,MJ Richardson,Wicketkeeper,Germany,,26.423809222880255,27.781141644672154,,,,27.781141644672154,,37.4799099967856,29.7,OTHER_T20/FRANCHISE
3b282e51,Bashir Shah,Bowler,Denmark,,17.633754920725696,,,29.679652929070578,,17.633754920725696,29.679652929070578,,29.7,INTL_T20/ASSOCIATE_FRINGE
09ecc596,Aue Oru,Bowler,Papua New Guinea,,,,,29.68708781362095,,,29.68708781362095,,29.7,INTL_T20/ASSOCIATE_FRINGE
fa23405f,L Yamamoto-Lake,Batter,Japan,,29.71715068952813,,,,,29.71715068952813,,,29.7,INTL_T20/ASSOCIATE_FRINGE
1f13eba1,Muhammad Haziq Aiman,Wicketkeeper,Malaysia,,29.03928330685156,,,,,29.03928330685156,,32.35294117647059,29.7,INTL_T20/ASSOCIATE_FRINGE
b794a78d,T Sandeep,Batter,Eswatini,,29.603185374869554,,,,,29.603185374869554,,,29.6,INTL_T20/ASSOCIATE_FRINGE
b0c772ee,BJ Haddin,Wicketkeeper,Australia,,30.195519039534318,29.28856591542066,,,,29.855411617991695,,28.61870066788099,29.6,INTL_T20/FULL_MEMBER
fb3233d4,YS Chauhan,Batter,Sweden,,29.649663838582104,,,21.834485150549792,,29.649663838582104,21.834485150549792,,29.6,INTL_T20/ASSOCIATE_FRINGE
5493ad5c,Tanzeel Sheikh,Batter,Kenya,,29.563074712594222,,,,,29.563074712594222,,,29.6,INTL_T20/ASSOCIATE_FRINGE
ce794613,T Natarajan,Bowler,India,,,,31.297520661157026,24.19549569862039,22.665223665223664,,29.571061261970353,,29.6,IPL/IPL
97da4ec9,K Wakita,Bowler,Japan,,25.44156016413015,,,29.628671146799267,,25.44156016413015,29.628671146799267,,29.6,INTL_T20/ASSOCIATE_FRINGE
04029c44,Munir Dar,Bowler,Hong Kong,,28.62765213095188,,,29.632387720912803,,28.62765213095188,29.632387720912803,,29.6,INTL_T20/ASSOCIATE_FRINGE
24a93558,OE Taylor,Bowler,Cook Islands,,18.36232603183214,,,29.603177808642116,,18.36232603183214,29.603177808642116,,29.6,INTL_T20/ASSOCIATE_FRINGE
9c96b71f,J Martins,Batter,Portugal,,29.620421831114584,,,31.80834353191768,,29.620421831114584,31.80834353191768,,29.6,INTL_T20/ASSOCIATE_FRINGE
9f0ab09b,Q Stephens,Bowler,Cook Islands,,14.709494487852254,,,29.64713345951614,,14.709494487852254,29.64713345951614,,29.6,INTL_T20/ASSOCIATE_FRINGE
18261c22,SJ Myburgh,Batter,Netherlands,,29.564137807152548,,,,,29.564137807152548,,,29.6,INTL_T20/ASSOCIATE_FRINGE
9f9a728c,CR Kumarage,Batter,Singapore,,29.649066248146436,,,,,29.649066248146436,,,29.6,INTL_T20/ASSOCIATE_FRINGE
bf60e1d2,BI Dilruksha,Wicketkeeper,South Korea,,24.289855072463773,,,,,24.289855072463773,,50.98039215686274,29.6,INTL_T20/ASSOCIATE_FRINGE
a75a78eb,MR Swart,Batter,Netherlands,,29.574232442914216,,,27.209668531780764,,29.574232442914216,27.209668531780764,,29.6,INTL_T20/ASSOCIATE_FRINGE
a4bcaba7,G Venkateswaran,Batter,Luxembourg,,29.648826853292412,,,17.064126854491075,,29.648826853292412,17.064126854491075,,29.6,INTL_T20/ASSOCIATE_FRINGE
a69e2964,OJ Webster,Batter,Isle of Man,,29.566352737372544,,,25.582275716781425,,29.566352737372544,25.582275716781425,,29.6,INTL_T20/ASSOCIATE_FRINGE
9c20688d,Shashank Chandrakar,Batter,,,,29.61231033125938,,,,29.61231033125938,,,29.6,OTHER_T20/SMAT
792805ee,M Abdulla,Bowler,Malawi,,26.573067283102525,,,29.48024972556157,,26.573067283102525,29.48024972556157,,29.5,INTL_T20/ASSOCIATE_FRINGE
2b8f219a,KSA McKenzie,Batter,,,,29.484167964374503,,,,29.484167964374507,,,29.5,OTHER_T20/FRANCHISE
6bc04a3e,R Obuya,Batter,Uganda,,29.51951018552702,,,,,29.51951018552702,,,29.5,INTL_T20/ASSOCIATE_FRINGE
994d9d36,ER Links,Bowler,,,,,,,29.50678733031674,,29.50678733031674,,29.5,OTHER_T20/FRANCHISE
2bbab579,Arpit Vasavada,Batter,,,,29.51273885350318,,,,29.51273885350318,,,29.5,OTHER_T20/SMAT
94db3502,MK O'Riordan,Batter,,,,29.484706171625277,,,,29.484706171625277,,,29.5,OTHER_T20/FRANCHISE
709525fc,J Vijay,Batter,Portugal,,29.49596499967415,,,,,29.49596499967415,,,29.5,INTL_T20/ASSOCIATE_FRINGE
1439a13c,VE Tembo,Batter,Mozambique,,29.49704493647068,,,17.07393101708691,,29.49704493647068,17.07393101708691,,29.5,INTL_T20/ASSOCIATE_FRINGE
b5f30525,Ahmad Ramdoni,Wicketkeeper,Indonesia,,13.097100146622637,,,,,13.097100146622637,,95.09803921568627,29.5,INTL_T20/ASSOCIATE_FRINGE
467c28f9,C Hartmann,Batter,Isle of Man,,29.536732419196213,,,,,29.536732419196213,,,29.5,INTL_T20/ASSOCIATE_FRINGE
c156cc1f,I Danladi,All-rounder,Nigeria,,26.11232627122374,,,30.984482758620697,,26.11232627122374,30.984482758620697,,29.5,INTL_T20/ASSOCIATE_FRINGE
3c87f0c3,JN Frylinck,All-rounder,Namibia,,31.111900617447475,,,25.585037989479837,,31.111900617447475,25.585037989479837,,29.5,INTL_T20/ASSOCIATE_FRINGE
f28c7456,DK Ferns,Bowler,,,,42.67851550266207,,,29.487094837935174,42.67851550266207,29.487094837935178,,29.5,OTHER_T20/FRANCHISE
f3b158d9,C Carmichael,Batter,,,,29.4977036789249,,,22.25374810118222,29.497703678924903,22.25374810118222,,29.5,OTHER_T20/FRINGE
0a92f0e2,Ismail Kara,Batter,Zambia,,29.375076427187192,,,24.74389638980894,,29.375076427187192,24.74389638980894,,29.4,INTL_T20/ASSOCIATE_FRINGE
5bdf2343,Amir Butt,Batter,Mexico,,29.35965483986671,,,26.152594800123317,,29.35965483986671,26.152594800123317,,29.4,INTL_T20/ASSOCIATE_FRINGE
667f678b,Ghulam Mudassar,Bowler,,,,,,,29.42156862745098,,29.42156862745098,,29.4,OTHER_T20/FRANCHISE
7cb2d9d2,DM Dupavillon,Bowler,,,,23.543689320388346,,,29.446336429308566,23.543689320388346,29.446336429308566,,29.4,OTHER_T20/FRANCHISE
10e34eef,A Sokovagone,Batter,Fiji,,29.36056381972913,,,,,29.36056381972913,,,29.4,INTL_T20/ASSOCIATE_FRINGE
77708937,S de Livera,Batter,,,,29.382498370804818,,,,29.382498370804818,,,29.4,OTHER_T20/FRINGE
231daa19,Asif Shaikh,Bowler,Bahrain,,21.38750340689091,,,29.433964417074492,,21.38750340689091,29.433964417074492,,29.4,INTL_T20/ASSOCIATE_FRINGE
a28a7fba,A Johnson,Batter,Canada,,29.44608451614723,,,21.254061527825787,,29.44608451614723,21.254061527825787,,29.4,INTL_T20/ASSOCIATE_FRINGE
db1bf9c2,RN Patel,Batter,Kenya,,29.41425555290744,,,30.732866098037203,,29.41425555290744,30.732866098037203,,29.4,INTL_T20/ASSOCIATE_FRINGE
edc950ce,Sajid Khan Afridi,Batter,Greece,,29.355110188444353,,,15.188219093618333,,29.355110188444353,15.188219093618333,,29.4,INTL_T20/ASSOCIATE_FRINGE
8ff85f5c,R Pretorius,Batter,,,,29.35700440045708,,,24.56298394162472,29.35700440045708,24.56298394162472,,29.4,OTHER_T20/FRINGE
f88dc8de,RB Patel,Batter,Uganda,,29.360951351026394,,,,,29.360951351026394,,,29.4,INTL_T20/ASSOCIATE_FRINGE
44e00a4c,N Senamontree,All-rounder,Thailand,,8.28494550595938,,,38.46604774535809,,8.28494550595938,38.46604774535809,,29.4,INTL_T20/ASSOCIATE_FRINGE
c10747c3,Imran Arif,Bowler,Saudi Arabia,,28.963992240890278,,,29.417344157655346,,28.963992240890278,29.417344157655346,,29.4,INTL_T20/ASSOCIATE_FRINGE
81898acc,KJ Ferrary,Batter,Gibraltar,,29.444048571450658,,,29.357144178398933,,29.444048571450658,29.357144178398933,,29.4,INTL_T20/ASSOCIATE_FRINGE
fc63d916,AW Finch,Bowler,,,,22.988133764832796,,,29.39345738295318,22.988133764832796,29.393457382953176,,29.4,OTHER_T20/FRANCHISE
dfcdb11e,LT Bichard,Bowler,Guernsey,,22.36243664801087,,,29.419240355733315,,22.36243664801087,29.419240355733315,,29.4,INTL_T20/ASSOCIATE_FRINGE
652ee2b0,NI Standford,Batter,United States of America,,29.28093305277335,,,,,29.28093305277335,,,29.3,INTL_T20/ASSOCIATE_FRINGE
145903a5,Arjit Gupta,Batter,,,,29.349268565829075,,,,29.349268565829075,,,29.3,OTHER_T20/SMAT
2a00735b,Saran Aslam,Batter,Denmark,,29.26248504709065,,,22.266709718705915,,29.26248504709065,22.266709718705915,,29.3,INTL_T20/ASSOCIATE_FRINGE
940255af,A Mongar,Bowler,Bhutan,,18.509919717692704,,,29.285986130594996,,18.509919717692704,29.285986130594996,,29.3,INTL_T20/ASSOCIATE_FRINGE
b98cdbf0,AD Poynter,Batter,Ireland,,29.331394054410822,,,,,29.331394054410822,,,29.3,INTL_T20/ASSOCIATE_FRINGE
d3bdc89c,C Potgieter,Batter,Portugal,,29.287528162563515,,,,,29.287528162563515,,,29.3,INTL_T20/ASSOCIATE_FRINGE
fe5f2e48,RL Jangid,Bowler,,,,26.63054187192118,,,29.324675324675326,26.63054187192118,29.324675324675322,,29.3,OTHER_T20/SMAT
601544aa,Osama Mahmood,Batter,Switzerland,,29.325539096195058,,,22.767411642411645,,29.325539096195058,22.767411642411645,,29.3,INTL_T20/ASSOCIATE_FRINGE
ad5342dc,Faisal Mubashir,Batter,Germany,,29.260872925213476,,,,,29.260872925213476,,,29.3,INTL_T20/ASSOCIATE_FRINGE
518a21ed,Awais Ahmad,Batter,Sweden,,29.311430285193527,,,20.463623985201934,,29.311430285193527,20.463623985201934,,29.3,INTL_T20/ASSOCIATE_FRINGE
e7458e4b,Muhammad Kashif,Batter,Kuwait,,29.31354312316367,,,25.939296624657842,,29.31354312316367,25.939296624657842,,29.3,INTL_T20/ASSOCIATE_FRINGE
ac688e55,G Roelofsen,Wicketkeeper,,,,27.363430700645416,,,,27.36343070064542,,37.295081967213115,29.3,OTHER_T20/FRANCHISE
8f1e023f,Sidhant Singh,Batter,Singapore,,29.27758226468682,,,23.298557377669848,,29.27758226468682,23.298557377669848,,29.3,INTL_T20/ASSOCIATE_FRINGE
748f1901,T Vithushan,Bowler,,,,16.13755843781751,,,29.260293144208042,16.13755843781751,29.26029314420804,,29.3,OTHER_T20/FRINGE
74d12124,JP Greaves,Batter,West Indies,,,29.300615917942366,,,,29.300615917942366,,,29.3,OTHER_T20/FRANCHISE
c802af1c,Natim Hassam,Batter,Portugal,,29.26101588232248,,,23.20322202974294,,29.26101588232248,23.20322202974294,,29.3,INTL_T20/ASSOCIATE_FRINGE
438aef39,ZR Jaboneke,Batter,Tanzania,,29.30429332590561,,,21.326491110882746,,29.30429332590561,21.326491110882746,,29.3,INTL_T20/ASSOCIATE_FRINGE
4e3fd330,S Kushretha,Bowler,Luxembourg,,20.93215064141424,,,29.318005980780093,,20.93215064141424,29.318005980780093,,29.3,INTL_T20/ASSOCIATE_FRINGE
f4d1184a,Kulwinderjeet Singh,Batter,Philippines,,29.260063373751287,,,,,29.260063373751287,,,29.3,INTL_T20/ASSOCIATE_FRINGE
407d13cc,Ashiqullah Said,Bowler,Belgium,,26.791639695789996,,,29.32921881628281,,26.791639695789996,29.32921881628281,,29.3,INTL_T20/ASSOCIATE_FRINGE
1ff2f550,Sohail Akhtar,Batter,,,,29.279907947114587,,,,29.279907947114587,,,29.3,OTHER_T20/FRANCHISE
0e0afd8b,MO Jones,Bowler,Bermuda,,26.69060306351716,,,29.283102990802778,,26.69060306351716,29.283102990802778,,29.3,INTL_T20/ASSOCIATE_FRINGE
a77472dc,G Stewart,All-rounder,Italy,,32.40242870484555,31.27655493214405,,19.78831417624521,24.847560975609756,31.27655493214405,24.847560975609756,,29.3,OTHER_T20/FRANCHISE
4aad6842,Sheraz Sheikh,Batter,Belgium,,29.3172526876143,,,26.111875356171936,,29.3172526876143,26.111875356171936,,29.3,INTL_T20/ASSOCIATE_FRINGE
7183799b,M Deyal,Batter,,,,29.3093472792268,,,39.07432432432432,29.3093472792268,39.07432432432432,,29.3,OTHER_T20/FRANCHISE
cc6b0cda,Kalhan Challu,Batter,Hong Kong,,29.23178273294528,,,,,29.23178273294528,,,29.2,INTL_T20/ASSOCIATE_FRINGE
e8a552ef,Usman Khan,All-rounder,France,,20.79561726644286,,,32.84482758620689,,20.79561726644286,32.84482758620689,,29.2,INTL_T20/ASSOCIATE_FRINGE
62c713bf,AJ Staal,Batter,Netherlands,,29.199499554758,,,,,29.199499554758,,,29.2,INTL_T20/ASSOCIATE_FRINGE
0ff9728b,Ravi Kiran,Bowler,,,,,,,29.157635467980292,,29.157635467980292,,29.2,OTHER_T20/SMAT
22072cab,C De Freitas,Batter,Portugal,,30.726904792436795,26.72337034957846,,,,29.225579376364916,,,29.2,INTL_T20/ASSOCIATE_FRINGE
0ec2277a,H Jangariya,Batter,Eswatini,,29.17923730551155,,,,,29.17923730551155,,,29.2,INTL_T20/ASSOCIATE_FRINGE
72ef2c6b,V Jatinder Kumar,Bowler,Germany,,20.45044495911064,,,29.185448980696734,,20.45044495911064,29.185448980696734,,29.2,INTL_T20/ASSOCIATE_FRINGE
adbf0400,Basil Hameed,All-rounder,United Arab Emirates,,31.441316987665935,15.25925925925926,,30.811576354679804,,25.373045339513432,30.811576354679804,,29.2,INTL_T20/ASSOCIATE_FRINGE
917f66da,TM Johnson,Batter,,,,29.1536433112709,,,,29.1536433112709,,,29.2,OTHER_T20/FRANCHISE
145c2a1f,Govinda Poddar,Batter,,,,29.20838301277023,,,39.36,29.208383012770227,39.36,,29.2,OTHER_T20/SMAT
2a0d5d4a,Azharullah,Bowler,,,,,,,29.24916759156492,,29.24916759156492,,29.2,OTHER_T20/FRANCHISE
9550470d,WIA Fernando,Batter,Sri Lanka,,11.752320483749056,58.151609477423364,,,,29.152053856376916,,,29.2,INTL_T20/FULL_MEMBER
ed524599,RA Abolarin,Bowler,Nigeria,,27.090092721174145,,,29.19641230743505,,27.090092721174145,29.19641230743505,,29.2,INTL_T20/ASSOCIATE_FRINGE
ba603555,MNK Fernando,Batter,Sri Lanka,,,29.207616179001725,,,,29.207616179001725,,,29.2,OTHER_T20/FRANCHISE
59bff8c7,JV Chand,Batter,Zambia,,29.198577585550638,,,26.855023149024554,,29.198577585550638,26.855023149024554,,29.2,INTL_T20/ASSOCIATE_FRINGE
2d9451cc,MK Thakur,Bowler,Thailand,,32.553534020377576,,,29.05332512830101,,32.553534020377576,29.05332512830101,,29.1,INTL_T20/ASSOCIATE_FRINGE
6e397f37,Asif Javed,Bowler,Bahrain,,,,,29.120777095549624,,,29.120777095549624,,29.1,INTL_T20/ASSOCIATE_FRINGE
d0e2e8ea,H Niaz,Batter,France,,29.05080896693988,,,,,29.05080896693988,,,29.1,INTL_T20/ASSOCIATE_FRINGE
37138918,Afif Hossain,Batter,Bangladesh,,30.394551715186637,27.00356296189765,,53.61379310344827,28.83163265306122,29.122930932703266,44.32048293455312,,29.1,INTL_T20/FULL_MEMBER
02802468,Ali Nadeem,Batter,Canada,,29.074484275154155,,,,,29.074484275154155,,,29.1,INTL_T20/ASSOCIATE_FRINGE
cddafe26,V Aravind,Wicketkeeper,United Arab Emirates,,27.410727182682983,16.803767660910516,,,,23.433117362018308,,51.67112299465241,29.1,INTL_T20/ASSOCIATE_FRINGE
b690f34a,AA Barot,Batter,,,,29.13147345043202,,,,29.131473450432015,,,29.1,OTHER_T20/FRINGE
ef9acbcc,C Esterhuizen,Batter,South Africa,,30.654859882239016,29.061254293612294,,,,29.061254293612294,,,29.1,OTHER_T20/FRANCHISE
62b2aa65,M Dale-Bradley,Bowler,Guernsey,,29.207061624200612,,,29.095490510122623,,29.207061624200612,29.095490510122623,,29.1,INTL_T20/ASSOCIATE_FRINGE
63e1e352,Zaman Akhter,Bowler,,,,,,,29.088235294117645,,29.08823529411764,,29.1,OTHER_T20/FRANCHISE
a88e4013,KN Chaddha,Batter,Indonesia,,29.08146107806824,,,26.15736178193403,,29.08146107806824,26.15736178193403,,29.1,INTL_T20/ASSOCIATE_FRINGE
4180d897,JE Taylor,Bowler,West Indies,,67.67687029951182,46.313713592233015,,31.45463731504872,25.04607843137255,59.665686534282266,29.051427733670153,,29.1,INTL_T20/FULL_MEMBER
6caae2dc,Omar Rassol,Batter,Bulgaria,,29.1343558264243,,,14.566429301141893,,29.1343558264243,14.566429301141893,,29.1,INTL_T20/ASSOCIATE_FRINGE
13598ebc,A Krishna,Bowler,Singapore,,24.482118740505435,,,29.090439193256323,,24.482118740505435,29.090439193256323,,29.1,INTL_T20/ASSOCIATE_FRINGE
62fd0c5e,Sameer Minhas,Batter,,,,29.060272872101578,,,,29.060272872101578,,,29.1,OTHER_T20/FRINGE
d18d3a0f,Selim Salau,Batter,Nigeria,,29.041387022946875,,,,,29.041387022946875,,,29.0,INTL_T20/ASSOCIATE_FRINGE
c6889eb6,M Kasselman,Batter,Botswana,,29.04928781866567,,,,,29.04928781866567,,,29.0,INTL_T20/ASSOCIATE_FRINGE
f9f857dc,Awais Ahmed,Wicketkeeper,Spain,,19.095135779286437,,,,,19.095135779286437,,68.62745098039215,29.0,INTL_T20/ASSOCIATE_FRINGE
661e8a03,Ali Saleem,Batter,Norway,,29.02743043591392,,,,,29.02743043591392,,,29.0,INTL_T20/ASSOCIATE_FRINGE
ded9ff1e,JNT Seales,Bowler,West Indies,,,,,14.76439846818391,28.99632352941176,,28.99632352941176,,29.0,OTHER_T20/FRANCHISE
efcb778e,J Butler,Batter,Guernsey,,28.9826763137847,,,31.42493862683977,,28.9826763137847,31.42493862683977,,29.0,INTL_T20/ASSOCIATE_FRINGE
0a3d54b9,VR Aaron,Bowler,,,,,30.62937062937063,,22.33928571428571,,28.971353646353645,,29.0,IPL/IPL
679af2e2,Salman Nazar,Bowler,Canada,,,,,29.02690971591637,,,29.02690971591637,,29.0,INTL_T20/ASSOCIATE_FRINGE
26b59073,C Dickson,Bowler,Cook Islands,,28.60047555679979,,,29.043471586497375,,28.60047555679979,29.043471586497375,,29.0,INTL_T20/ASSOCIATE_FRINGE
7a6decc8,Luqman Butt,All-rounder,Cambodia,,36.03222805656753,,,12.44761273209549,,36.03222805656753,12.44761273209549,,29.0,INTL_T20/ASSOCIATE_FRINGE
75c8a26b,Lokesh Bam,Batter,Nepal,,33.659383694474265,21.27624627022142,,,,29.01570716037945,,,29.0,INTL_T20/ASSOCIATE_FRINGE
983f2f61,Swapnil Singh,All-rounder,,,,17.282608695652172,,,33.83720930232558,17.282608695652172,33.83720930232558,,28.9,OTHER_T20/SMAT
dba54d8e,JA Burrows,Bowler,Isle of Man,,21.006033263596766,,,28.884125568897115,,21.006033263596766,28.884125568897115,,28.9,INTL_T20/ASSOCIATE_FRINGE
f842c2cf,MJ Clarke,Batter,Australia,,28.864526748971194,,,37.0,,28.864526748971194,37.0,,28.9,INTL_T20/FULL_MEMBER
272fc5ad,HNA Conway,Bowler,,,,,,,28.860516934046345,,28.86051693404635,,28.9,OTHER_T20/FRANCHISE
353de846,FW McCann,Batter,,,,28.879600032784197,,,,28.879600032784197,,,28.9,OTHER_T20/FRANCHISE
60938c83,AJ Hodd,Wicketkeeper,,,,17.907235621521334,,,,17.907235621521334,,72.72727272727273,28.9,OTHER_T20/FRINGE
d28f4d1c,SMLD Samarakoon,Bowler,,,,39.78468524898214,,,28.886554621848738,39.78468524898214,28.886554621848735,,28.9,OTHER_T20/FRANCHISE
ea3ffd1b,NO Miller,Bowler,West Indies,,25.920511021199957,,,25.814650410134824,28.93181818181818,25.920511021199957,28.931818181818176,,28.9,OTHER_T20/FRANCHISE
884f72a1,TA Wood,Batter,,,,28.854620453520607,,,16.69941339289467,28.854620453520603,16.69941339289467,,28.9,OTHER_T20/FRINGE
7c38942a,Zahir Mohammed,Batter,Hungary,,28.896761704387682,,,,,28.896761704387682,,,28.9,INTL_T20/ASSOCIATE_FRINGE
fb0abc20,Haseeb Amjad,Bowler,Hong Kong,,25.312556011043128,,,28.877888799255963,,25.312556011043128,28.877888799255963,,28.9,INTL_T20/ASSOCIATE_FRINGE
8ac93ca2,P Chopra,Batter,,,,28.9074856274299,,,,28.9074856274299,,,28.9,OTHER_T20/SMAT
847b4bdd,HA Chohan,Bowler,Tanzania,,32.04146298123584,,,28.92420647375963,,32.04146298123584,28.92420647375963,,28.9,INTL_T20/ASSOCIATE_FRINGE
51a36d3e,GH Worker,Batter,New Zealand,,,28.85063435321611,,,,28.850634353216105,,,28.9,OTHER_T20/FRANCHISE
5338b9f5,Muhammad Muneeb,Batter,Belgium,,28.911676775396028,,,,,28.911676775396028,,,28.9,INTL_T20/ASSOCIATE_FRINGE
7f122e0b,Divyendra Singh,Wicketkeeper,Czech Republic,,20.498820357263234,,,,,20.498820357263234,,62.254901960784316,28.9,INTL_T20/ASSOCIATE_FRINGE
c46999c7,M Podosky,Batter,Philippines,,28.934440233098407,,,20.312485672276548,,28.934440233098407,20.312485672276548,,28.9,INTL_T20/ASSOCIATE_FRINGE
2a9eee66,Vikramjit Singh,Batter,Netherlands,,28.804187522440966,,,20.757789538588018,,28.804187522440966,20.757789538588018,,28.8,INTL_T20/ASSOCIATE_FRINGE
95382501,SN Swamy,Bowler,Sweden,,18.45667248484034,,,28.776200629501503,,18.45667248484034,28.776200629501503,,28.8,INTL_T20/ASSOCIATE_FRINGE
4c7543cf,S Sanandia,Bowler,,,,24.287896516604285,,,28.77165822357312,24.287896516604285,28.771658223573123,,28.8,OTHER_T20/FRINGE
f390904d,GH Bodi,Batter,South Africa,,,28.756103129720046,,,,28.756103129720046,,,28.8,OTHER_T20/FRANCHISE
0b07cb5e,OJR Groves,Batter,Slovenia,,28.80132377191243,,,,,28.80132377191243,,,28.8,INTL_T20/ASSOCIATE_FRINGE
6d36cb93,Shafat Ali Syed,Batter,Spain,,28.825578448511195,,,25.06656965221604,,28.825578448511195,25.06656965221604,,28.8,INTL_T20/ASSOCIATE_FRINGE
5748e866,TD Paine,Wicketkeeper,Australia,,18.952107637797283,29.471450433922985,,,,29.471450433922985,,26.352726883102964,28.8,OTHER_T20/FRANCHISE
29b322c7,Ateeq Iqbal,Bowler,Hong Kong,,19.4296901388758,,,28.83596248722744,,19.4296901388758,28.83596248722744,,28.8,INTL_T20/ASSOCIATE_FRINGE
53494306,Shahzeb Afridi,Batter,Qatar,,28.789951043523377,,,,,28.789951043523377,,,28.8,INTL_T20/ASSOCIATE_FRINGE
2fff8b43,AK Gokoel,Bowler,Suriname,,18.582369064108583,,,28.75053643031751,,18.582369064108583,28.75053643031751,,28.8,INTL_T20/ASSOCIATE_FRINGE
4948a447,Farhad Reza,All-rounder,Bangladesh,,,30.603933416266806,,24.672484002326932,24.09552845528455,30.603933416266802,24.456125672186037,,28.8,OTHER_T20/FRANCHISE
488b7e22,Anoop Orsu,Batter,Luxembourg,,28.819909353909544,,,17.740476779925448,,28.819909353909544,17.740476779925448,,28.8,INTL_T20/ASSOCIATE_FRINGE
96503059,Ahsan Malik,Bowler,Netherlands,,25.386144252086225,,,28.81830896427094,,25.386144252086225,28.81830896427094,,28.8,INTL_T20/ASSOCIATE_FRINGE
3a6c6e3a,Ammad Uddin,Batter,Bahrain,,28.782972513198743,,,,,28.782972513198743,,,28.8,INTL_T20/ASSOCIATE_FRINGE
69762509,DR Martyn,Batter,Australia,,28.812428168322672,,,,,28.812428168322672,,,28.8,INTL_T20/ASSOCIATE_FRINGE
02e83ac5,Naeem Islam,Batter,Bangladesh,,32.036325970717506,23.34310862164437,,,,28.77636946481508,,,28.8,INTL_T20/FULL_MEMBER
1deb4c0c,OB Nightingale,Batter,Guernsey,,28.75150169498869,,,,,28.75150169498869,,,28.8,INTL_T20/ASSOCIATE_FRINGE
0a15f357,Prashant Shukla,Bowler,Sweden,,,,,28.769093389931214,,,28.769093389931214,,28.8,INTL_T20/ASSOCIATE_FRINGE
faa7365d,DR Shorey,Batter,,,,28.80471916618413,,,,28.80471916618413,,,28.8,OTHER_T20/SMAT
9c86350f,H Desai,Batter,,,,28.824193548387097,,,,28.824193548387097,,,28.8,OTHER_T20/SMAT
d3347684,Nazmus Sakib,Bowler,Romania,,,,,28.83868523054972,,,28.83868523054972,,28.8,INTL_T20/ASSOCIATE_FRINGE
0085a7ce,JFA Field,Bowler,,,,,,,28.80802861685214,,28.808028616852145,,28.8,OTHER_T20/FRANCHISE
1fb04d31,AA Jasani,Batter,Tanzania,,28.668772948594412,,,,,28.668772948594412,,,28.7,INTL_T20/ASSOCIATE_FRINGE
1f4a78c5,Utkarsh Jain,Bowler,Cambodia,,27.2852277052918,,,28.672159694842932,,27.2852277052918,28.672159694842932,,28.7,INTL_T20/ASSOCIATE_FRINGE
b46b3d9b,Muhammad Siddiqui,Batter,Slovenia,,28.739605450323676,,,24.2393944474793,,28.739605450323676,24.2393944474793,,28.7,INTL_T20/ASSOCIATE_FRINGE
0348f9a5,TH Tector,Batter,Ireland,,26.456859780663066,32.51384535509677,,,,28.728229371075702,,,28.7,INTL_T20/ASSOCIATE_FRINGE
ecd51f8e,T Parima,Batter,Cook Islands,,28.695363107067912,,,,,28.695363107067912,,,28.7,INTL_T20/ASSOCIATE_FRINGE
f6e160d7,Shaof Hassan,Batter,Maldives,,28.74622576870798,,,,,28.74622576870798,,,28.7,INTL_T20/ASSOCIATE_FRINGE
9f308dfc,JP Kotze,Wicketkeeper,Namibia,,29.676646028390213,16.502354788069074,,,,24.736286813269786,,44.40730837789661,28.7,INTL_T20/ASSOCIATE_FRINGE
456884dd,LJ Leokaoke,Batter,Lesotho,,28.661175083649628,,,19.36415065255369,,28.661175083649628,19.36415065255369,,28.7,INTL_T20/ASSOCIATE_FRINGE
d55474ac,AK Mohan,Batter,Finland,,28.72407613677276,,,,,28.72407613677276,,,28.7,INTL_T20/ASSOCIATE_FRINGE
f25cebec,C Fortuin,Batter,,,,28.685593952805654,,,,28.68559395280565,,,28.7,OTHER_T20/FRANCHISE
26b6a4e9,SL Verma,Batter,Uganda,,29.936143204079052,26.58254648330508,,,23.182980988806236,28.678544433788808,23.182980988806236,,28.7,INTL_T20/ASSOCIATE_FRINGE
034d3c52,A Husain,Bowler,Argentina,,22.249894650704327,,,28.65554292159141,,22.249894650704327,28.65554292159141,,28.7,INTL_T20/ASSOCIATE_FRINGE
d482c8b8,Musawar Shah,Bowler,Qatar,,,,,28.664795360304566,,,28.664795360304566,,28.7,INTL_T20/ASSOCIATE_FRINGE
0b581ed6,J Sumerauer,All-rounder,Jersey,,30.676744466658192,,,23.922413793103445,,30.676744466658192,23.922413793103445,,28.7,INTL_T20/ASSOCIATE_FRINGE
4bc0a378,WP Masakadza,All-rounder,Zimbabwe,,14.435162351928405,,,34.777588903243355,,14.435162351928405,34.777588903243355,,28.7,INTL_T20/FULL_MEMBER
5ea51c25,Hazratullah,Batter,,,,28.635369466203006,,,,28.635369466203002,,,28.6,OTHER_T20/FRANCHISE
96fe3e9f,ZM Tribe,Batter,Jersey,,28.606228926103945,,,32.81641328199146,,28.606228926103945,32.81641328199146,,28.6,INTL_T20/ASSOCIATE_FRINGE
4bb02ef1,D Smit,Wicketkeeper,,,,29.613414066138798,,,,29.613414066138795,,24.59016393442623,28.6,OTHER_T20/FRANCHISE
576d6fdf,SS Shukla,Bowler,Bahrain,,,,,28.581434542480277,,,28.581434542480277,,28.6,INTL_T20/ASSOCIATE_FRINGE
7bf34437,C Pervez,Bowler,Canada,,,,,28.613191242525513,,,28.613191242525513,,28.6,INTL_T20/ASSOCIATE_FRINGE
1021b6e5,J Rasu,Batter,Vanuatu,,28.569126215988117,,,30.20626348782242,,28.569126215988117,30.20626348782242,,28.6,INTL_T20/ASSOCIATE_FRINGE
b7ccb3c9,CS Sandri,Batter,Italy,,28.645534321510535,,,28.65156844106464,,28.645534321510535,28.65156844106464,,28.6,INTL_T20/ASSOCIATE_FRINGE
5f419ace,WL Coetsee,Bowler,,,,40.24506733479487,,,28.573170731707314,40.24506733479487,28.573170731707314,,28.6,OTHER_T20/FRANCHISE
dd14abf5,R Sakurano-Thomas,Bowler,Japan,,27.179027880762753,,,28.60847215009447,,27.179027880762753,28.60847215009447,,28.6,INTL_T20/ASSOCIATE_FRINGE
34c3f7b9,Adam Senn,Bowler,Cyprus,,33.508335434650114,,,28.627076590119266,,33.508335434650114,28.627076590119266,,28.6,INTL_T20/ASSOCIATE_FRINGE
f705d984,Fabid Ahmed,Bowler,,,,18.09642857142857,,,28.621212121212118,18.09642857142857,28.621212121212114,,28.6,OTHER_T20/SMAT
c042b412,FJ Klaassen,Bowler,Netherlands,,19.283188561314553,44.75924954080295,,21.731862925195475,28.567147613762486,44.75924954080295,28.56714761376249,,28.6,OTHER_T20/FRANCHISE
37137c8b,BV Vitori,Bowler,Zimbabwe,,,,,28.648627704229902,,,28.648627704229902,,28.6,INTL_T20/FULL_MEMBER
f83b77f9,Raaz Mohammad,Bowler,Finland,,22.044733303628462,,,28.615952037118934,,22.044733303628462,28.615952037118934,,28.6,INTL_T20/ASSOCIATE_FRINGE
4d83491d,Aftab Kayani,Bowler,Romania,,23.507971585176403,,,28.63115886473066,,23.507971585176403,28.63115886473066,,28.6,INTL_T20/ASSOCIATE_FRINGE
8d646b49,Soyeb Pendi,Bowler,Zambia,,24.58570488065505,,,28.595400576898168,,24.58570488065505,28.595400576898168,,28.6,INTL_T20/ASSOCIATE_FRINGE
1d50ed62,S Hongsi,Batter,Thailand,,28.620126736494246,,,,,28.620126736494246,,,28.6,INTL_T20/ASSOCIATE_FRINGE
e53af640,Shivam Chaudhary,Batter,,,,28.591038340640253,,,,28.591038340640257,,,28.6,OTHER_T20/SMAT
8291f939,AL Menaria,Batter,,29.864301537588528,,23.700511828935394,,,,28.631543595857902,,,28.6,IPL/IPL
e5309baa,CP Rizwan,Batter,United Arab Emirates,,28.6140522165792,,,,,28.6140522165792,,,28.6,INTL_T20/ASSOCIATE_FRINGE
e22d3b5c,RI Keogh,Batter,,,,28.636042368754733,,,47.17528735632184,28.636042368754733,47.17528735632184,,28.6,OTHER_T20/FRANCHISE
556302a7,SM Ervine,Batter,,,,28.624228515794776,,,20.131313131313128,28.624228515794776,20.131313131313128,,28.6,OTHER_T20/FRANCHISE
7ccbb09f,Shahnawaz Dhani,Bowler,Pakistan,,,,,25.18488860187278,34.28982843137254,,28.59924103793519,,28.6,INTL_T20/FULL_MEMBER
a2198010,DS Thilakaratne,Bowler,,,,19.056079963105777,,,28.636601148260723,19.056079963105777,28.636601148260723,,28.6,OTHER_T20/FRINGE
866e9f3d,S Jegannathan,Batter,Indonesia,,28.552072871479506,,,33.333623382019816,,28.552072871479506,33.333623382019816,,28.6,INTL_T20/ASSOCIATE_FRINGE
8f3fde65,LC Hatcher,Bowler,,,,,,,28.512110726643595,,28.51211072664359,,28.5,OTHER_T20/FRANCHISE
97114e80,Mukhtar Hussain,Bowler,,,,,,,28.545006717420513,,28.545006717420517,,28.5,OTHER_T20/SMAT
66f9ecc2,Aamir Javed,Batter,Kuwait,,28.478347203054426,,,,,28.478347203054426,,,28.5,INTL_T20/ASSOCIATE_FRINGE
266473e2,Amoluk Singh,Batter,Ghana,,28.504026372302175,,,22.450784434624744,,28.504026372302175,22.450784434624744,,28.5,INTL_T20/ASSOCIATE_FRINGE
5f317fd4,JA Prestwidge,Bowler,,,,,,,28.532531194295892,,28.532531194295892,,28.5,OTHER_T20/FRANCHISE
c573d173,MWR Stokes,All-rounder,Guernsey,,32.51397241651571,,,19.06876503608661,,32.51397241651571,19.06876503608661,,28.5,INTL_T20/ASSOCIATE_FRINGE
72e60730,A Vala,All-rounder,Papua New Guinea,,26.39377755268822,,,29.379310344827587,,26.39377755268822,29.379310344827587,,28.5,INTL_T20/ASSOCIATE_FRINGE
cb932841,AKS Bains,Wicketkeeper,,,,21.785714285714285,,,,21.785714285714285,,55.35714285714286,28.5,OTHER_T20/SMAT
d2ec068c,Fitri Sham,Bowler,Malaysia,,25.668645242884082,,,28.48317816451834,,25.668645242884082,28.48317816451834,,28.5,INTL_T20/ASSOCIATE_FRINGE
238ce998,Q Sampson,Batter,,,,28.499691452238913,,,,28.499691452238913,,,28.5,OTHER_T20/FRINGE
02b93a83,U Arshad,Bowler,,,,47.83980582524271,,,28.52136514983352,47.83980582524271,28.521365149833517,,28.5,OTHER_T20/FRANCHISE
a7c226e1,FH Edwards,Bowler,West Indies,,,29.12274618585298,,29.46921688920967,26.920886075949362,29.122746185852982,28.513592834237052,,28.5,INTL_T20/FULL_MEMBER
21b67523,F Mutua,Bowler,Kenya,,25.476490011393977,,,28.548076714255803,,25.476490011393977,28.548076714255803,,28.5,INTL_T20/ASSOCIATE_FRINGE
bd54eef5,N Jagadeesan,Batter,,,,28.51852333290004,,,,28.518523332900042,,,28.5,OTHER_T20/SMAT
a17a9548,H Satheedevi,Batter,Croatia,,28.404946363454627,,,20.943794317130816,,28.404946363454627,20.943794317130816,,28.4,INTL_T20/ASSOCIATE_FRINGE
3e697d4a,Chaudhary Akram,Batter,Norway,,28.351225435960124,,,24.670533830632245,,28.351225435960124,24.670533830632245,,28.4,INTL_T20/ASSOCIATE_FRINGE
d28a7a2a,U U Bose,Batter,,,,28.41080126318043,,,,28.410801263180435,,,28.4,OTHER_T20/SMAT
39713d08,Mohammad Boota,Batter,United Arab Emirates,,28.42235732296413,,,20.234121504843937,,28.42235732296413,20.234121504843937,,28.4,INTL_T20/ASSOCIATE_FRINGE
2415a225,SJ Murdoch,Batter,,,,28.437763613322993,,,,28.437763613322993,,,28.4,OTHER_T20/FRANCHISE
a1cbdeeb,Rohit Sharma,Batter,Indonesia,,28.35433716607372,,,,,28.35433716607372,,,28.4,INTL_T20/ASSOCIATE_FRINGE
5b16a806,A Dananjaya,All-rounder,Sri Lanka,,19.578762960722663,14.326283987915408,,31.93507853403142,34.91599636741048,17.60908334591994,33.05292272154856,,28.4,INTL_T20/FULL_MEMBER
fa180043,Dipanjan Dey,Batter,Sweden,,28.435537077444614,,,,,28.435537077444614,,,28.4,INTL_T20/ASSOCIATE_FRINGE
87a6f411,H Lakov,Batter,Bulgaria,,28.386345486498755,,,20.94838840484715,,28.386345486498755,20.94838840484715,,28.4,INTL_T20/ASSOCIATE_FRINGE
65a60be7,V Ateak,Bowler,Ghana,,17.513738703235884,,,28.366591784580823,,17.513738703235884,28.366591784580823,,28.4,INTL_T20/ASSOCIATE_FRINGE
9a8e35ea,Eranga De Silva,Batter,Romania,,28.38985543408669,,,,,28.38985543408669,,,28.4,INTL_T20/ASSOCIATE_FRINGE
65b6943c,L Wood,All-rounder,England,,,12.468101956413339,,40.89424083769634,25.73711644374508,12.468101956413339,35.210319189964615,,28.4,INTL_T20/FULL_MEMBER
6d5e66b1,Muhammad Zafar Khan,Batter,Tanzania,,28.433785449467223,,,,,28.433785449467223,,,28.4,INTL_T20/ASSOCIATE_FRINGE
72898514,WT Root,Batter,,,,28.362976269927692,,,,28.36297626992769,,,28.4,OTHER_T20/FRANCHISE
32e97806,T Martin,Batter,Luxembourg,,28.44915477136809,,,,,28.44915477136809,,,28.4,INTL_T20/ASSOCIATE_FRINGE
c7105dab,JA McCollum,Batter,,,,28.4368227507072,,,,28.4368227507072,,,28.4,OTHER_T20/FRINGE
6709b2de,Musa Shaheen,Batter,Denmark,,28.425362886767623,,,,,28.425362886767623,,,28.4,INTL_T20/ASSOCIATE_FRINGE
d3b1d991,Mukhtar Ghulami,Batter,France,,28.36417343155314,,,,,28.36417343155314,,,28.4,INTL_T20/ASSOCIATE_FRINGE
60bec5c3,Muhammad Amir,All-rounder,Malaysia,,17.577555272600993,,,33.09310344827586,,17.577555272600993,33.09310344827586,,28.4,INTL_T20/ASSOCIATE_FRINGE
2e929b99,GO Jones,Wicketkeeper,Papua New Guinea,,25.581846742741586,26.659568175096126,,,,25.985992279874537,,37.945632798573975,28.4,INTL_T20/ASSOCIATE_FRINGE
b0f2d3bd,ND Laegsgaard,All-rounder,Denmark,,29.88991014222946,21.200000000000003,,36.22610837438424,17.44421906693712,26.63119383889341,29.18289988409157,,28.4,INTL_T20/ASSOCIATE_FRINGE
00cada13,JDM Evison,Bowler,,,,47.380608764103904,,,28.438914027149323,47.380608764103904,28.438914027149323,,28.4,OTHER_T20/FRANCHISE
95a15317,CG Benjamin,Batter,,,,28.400781255533598,,,,28.400781255533598,,,28.4,OTHER_T20/FRANCHISE
4a745f65,AR Nurse,All-rounder,West Indies,,,18.4944612286002,,37.472051857392174,24.09688346883469,18.4944612286002,32.45636371168312,,28.3,INTL_T20/FULL_MEMBER
1920c721,WKD Perkins,Batter,West Indies,,,28.327129554324042,,,,28.327129554324042,,,28.3,OTHER_T20/FRANCHISE
ff1e08eb,Azam Khalil,Bowler,Sweden,,27.248982807537224,,,28.310454000629118,,27.248982807537224,28.310454000629118,,28.3,INTL_T20/ASSOCIATE_FRINGE
dba4f593,Imran Ali,Bowler,Kuwait,,23.119895331322212,,,28.33781575032056,,23.119895331322212,28.33781575032056,,28.3,INTL_T20/ASSOCIATE_FRINGE
54c2b697,M Pretorius,All-rounder,,,,28.83223379986435,,,27.06190349946977,28.83223379986435,27.06190349946977,,28.3,OTHER_T20/FRANCHISE
b975210d,DAM Louis,Bowler,Qatar,,24.433588947028994,,,28.329000063734295,,24.433588947028994,28.329000063734295,,28.3,INTL_T20/ASSOCIATE_FRINGE
28b032ac,Lucky Ali,Bowler,Denmark,,27.06396223738824,,,28.300256278439957,,27.06396223738824,28.300256278439957,,28.3,INTL_T20/ASSOCIATE_FRINGE
13dd2a4b,Pankaj Rao,Bowler,,,,,,,28.273726273726272,,28.273726273726272,,28.3,OTHER_T20/SMAT
44d6a8b8,Ayan Khan,Batter,Oman,,28.272379296287465,,,13.228090487042625,,28.272379296287465,13.228090487042625,,28.3,INTL_T20/ASSOCIATE_FRINGE
6c6cc94c,Amandeep Khare,Batter,,,,28.2876718069058,,,,28.2876718069058,,,28.3,OTHER_T20/SMAT
dbeb6733,BG Randell,Bowler,,,,,,,28.28274139844617,,28.28274139844617,,28.3,OTHER_T20/FRANCHISE
523c8494,Walid Sahibzada,Batter,Belgium,,28.259128990093515,,,,,28.259128990093515,,,28.3,INTL_T20/ASSOCIATE_FRINGE
9c9f8dbc,H Davids,Batter,South Africa,,27.38479700303911,28.338996803540695,,,23.888888888888893,28.338996803540695,23.888888888888893,,28.3,OTHER_T20/FRANCHISE
31c04b7b,CJPF Kalugamage,Bowler,Italy,,20.785457044414148,,,28.315839222453892,,20.785457044414148,28.315839222453892,,28.3,INTL_T20/ASSOCIATE_FRINGE
e8e701f4,Naim Stanikzai,Batter,Switzerland,,28.268251074554367,,,,,28.268251074554367,,,28.3,INTL_T20/ASSOCIATE_FRINGE
f49935eb,BF Mailata,Batter,Samoa,,28.323797638219787,,,19.806918096804026,,28.323797638219787,19.806918096804026,,28.3,INTL_T20/ASSOCIATE_FRINGE
e741ed8f,Rizwan Butt,All-rounder,Bahrain,,18.82451743229089,,,32.41300940438872,,18.82451743229089,32.41300940438872,,28.3,INTL_T20/ASSOCIATE_FRINGE
c7aae1f0,M Kadyan,Batter,Bulgaria,,28.310366434368667,,,19.617069764911413,,28.310366434368667,19.617069764911413,,28.3,INTL_T20/ASSOCIATE_FRINGE
881b3f8e,TP Visee,Batter,Netherlands,,28.30230236398547,,,,,28.30230236398547,,,28.3,INTL_T20/ASSOCIATE_FRINGE
a06c81fd,M Bhaiji,Batter,Hungary,,28.251548221911083,,,,,28.251548221911083,,,28.3,INTL_T20/ASSOCIATE_FRINGE
3f9feb1e,S Sola,Bowler,Samoa,,17.573637793378616,,,28.33668940875713,,17.573637793378616,28.33668940875713,,28.3,INTL_T20/ASSOCIATE_FRINGE
1d6e8f52,T Taylor,Bowler,Cayman Islands,,18.77653027518997,,,28.253716133775388,,18.77653027518997,28.253716133775388,,28.3,INTL_T20/ASSOCIATE_FRINGE
bf2d865c,JJ Atkinson,Batter,Hong Kong,,28.186489829070737,,,,,28.186489829070737,,,28.2,INTL_T20/ASSOCIATE_FRINGE
3a922344,Shivank Vashisth,Bowler,,,,17.413871167216797,,,28.20415685391572,17.413871167216797,28.204156853915716,,28.2,OTHER_T20/FRINGE
a53029a1,R Hashu,Bowler,Portugal,,31.38010897021431,,,28.226645370339817,,31.38010897021431,28.226645370339817,,28.2,INTL_T20/ASSOCIATE_FRINGE
3c9ff356,MIA Patel,Bowler,Malawi,,24.928892960317754,,,28.176314311607147,,24.928892960317754,28.176314311607147,,28.2,INTL_T20/ASSOCIATE_FRINGE
45a34a2d,VD Adewoye,Batter,Nigeria,,28.23523020880105,,,23.237885109444044,,28.23523020880105,23.237885109444044,,28.2,INTL_T20/ASSOCIATE_FRINGE
795df06c,AS Hansra,Batter,Canada,,28.196331385728648,,,31.38685643818724,,28.196331385728648,31.38685643818724,,28.2,INTL_T20/ASSOCIATE_FRINGE
a790df98,S Snater,All-rounder,Netherlands,,18.682390574411375,28.6124298662063,,18.04655172413793,27.15772357723577,28.612429866206295,27.15772357723577,,28.2,OTHER_T20/FRANCHISE
bb9b51f4,JOA Gordon,Bowler,Canada,,20.184363908616113,,,28.154028393219512,,20.184363908616113,28.154028393219512,,28.2,INTL_T20/ASSOCIATE_FRINGE
9f2c6cd3,S Sarthak,Bowler,Bahrain,,26.256640946578308,,,28.19259407490356,,26.256640946578308,28.19259407490356,,28.2,INTL_T20/ASSOCIATE_FRINGE
4d7c5b56,IK Gamantika,All-rounder,Indonesia,,16.752946352864054,,,33.092820028342,,16.752946352864054,33.092820028342,,28.2,INTL_T20/ASSOCIATE_FRINGE
910584a7,Usman Waheed,Batter,Kuwait,,28.181824977692532,,,,,28.181824977692532,,,28.2,INTL_T20/ASSOCIATE_FRINGE
314f0889,Usman Khalid,Bowler,Saudi Arabia,,34.096829929165736,,,28.153237462333376,,34.096829929165736,28.153237462333376,,28.2,INTL_T20/ASSOCIATE_FRINGE
9d5440c0,Zubair Al Balushi,Batter,Oman,,28.15634790878073,,,19.711026615969583,,28.15634790878073,19.711026615969583,,28.2,INTL_T20/ASSOCIATE_FRINGE
45a62071,T Hinds,Bowler,West Indies,,,,,,28.196078431372552,,28.196078431372552,,28.2,OTHER_T20/FRANCHISE
5456bd0c,LN O'Connor,Bowler,,,,,,,28.235294117647058,,28.23529411764706,,28.2,OTHER_T20/FRANCHISE
fef40097,W Miyauchi,Wicketkeeper,Japan,,17.4432533377355,,,,,17.4432533377355,,71.07843137254902,28.2,INTL_T20/ASSOCIATE_FRINGE
2c1a21f0,Isaac Mohammed,Batter,,,,28.229885057471265,,,,28.229885057471265,,,28.2,OTHER_T20/FRANCHISE
75be3b2a,JC Balt,Bowler,Namibia,,25.93850325350596,,,28.148398453106974,,25.93850325350596,28.148398453106974,,28.1,INTL_T20/ASSOCIATE_FRINGE
be69e09d,BL Couch,Bowler,,,,41.22977346278317,,,28.114754098360653,41.22977346278317,28.114754098360653,,28.1,OTHER_T20/FRANCHISE
f7b2cbe8,C Viljoen,Bowler,Namibia,,27.65980342194276,16.869750921947677,,30.648061506564517,23.857915727993323,23.613533734444605,28.101756839600316,,28.1,INTL_T20/ASSOCIATE_FRINGE
dc67d315,Mohammed Irfan (2),Bowler,Uganda,,29.17990530884452,,,28.091282039332967,,29.17990530884452,28.091282039332967,,28.1,INTL_T20/ASSOCIATE_FRINGE
a573ad7a,LC Johnson,Batter,,,,28.093159811256687,,,,28.09315981125669,,,28.1,OTHER_T20/FRANCHISE
402ea377,Ronitkumar Ahir,Bowler,Panama,,,,,28.079673912169902,,,28.079673912169902,,28.1,INTL_T20/ASSOCIATE_FRINGE
793977d8,JA Tattersall,Batter,,,,28.136539057739384,,,,28.13653905773938,,,28.1,OTHER_T20/FRANCHISE
cf9ae594,Danial Ahmed,Bowler,United States of America,,20.253518981301237,,,28.13324408247629,,20.253518981301237,28.13324408247629,,28.1,INTL_T20/ASSOCIATE_FRINGE
49235be5,Gurpratap Singh,Batter,Cyprus,,28.130247965413766,,,30.765187716233342,,28.130247965413766,30.765187716233342,,28.1,INTL_T20/ASSOCIATE_FRINGE
ef6d6883,A Alexander,Batter,Indonesia,,28.09763596638092,,,29.854343078820264,,28.09763596638092,29.854343078820264,,28.1,INTL_T20/ASSOCIATE_FRINGE
a6bab2a9,K Gore,Batter,United States of America,,27.064057234074035,28.10946769810797,,30.66914243140479,,28.109467698107974,30.66914243140479,,28.1,OTHER_T20/FRANCHISE
7dde58c9,Mudassar Muhammad,Batter,Germany,,28.088539993854354,,,,,28.088539993854354,,,28.1,INTL_T20/ASSOCIATE_FRINGE
d1988788,Rohan Mustafa,All-rounder,United Arab Emirates,,23.025373549090446,24.709306609682415,,31.593842364532023,29.59451219512195,24.709306609682415,29.594512195121947,,28.1,OTHER_T20/FRANCHISE
40e4cf47,MF Hurst,Batter,,,,28.08029148132418,,,,28.080291481324178,,,28.1,OTHER_T20/FRANCHISE
bceb1b07,JJ Tucker,Batter,Bermuda,,28.113869289178837,,,19.24837779115346,,28.113869289178837,19.24837779115346,,28.1,INTL_T20/ASSOCIATE_FRINGE
1f3d7990,Saif-Ul Islam,Batter,Norway,,28.075958727398216,,,,,28.075958727398216,,,28.1,INTL_T20/ASSOCIATE_FRINGE
a2621507,GS Bajwa,Batter,Spain,,28.099623117330726,,,,,28.099623117330726,,,28.1,INTL_T20/ASSOCIATE_FRINGE
e770b214,DL Maddy,Batter,England,,28.070177288511097,,,,,28.070177288511097,,,28.1,INTL_T20/ASSOCIATE_FRINGE
c163432a,TC Smith,Batter,,,,28.100753732996992,,,,28.100753732996996,,,28.1,OTHER_T20/FRANCHISE
9a8f01b7,W Behr,Bowler,Germany,,24.249948578676246,,,28.11911929973338,,24.249948578676246,28.11911929973338,,28.1,INTL_T20/ASSOCIATE_FRINGE
f8cdc4d7,SA Jacobs,Bowler,,,,,,,28.13195548489666,,28.13195548489666,,28.1,OTHER_T20/FRANCHISE
951686f5,Dawood Ahmadzai,Bowler,France,,24.76088509695381,,,28.11528738790935,,24.76088509695381,28.11528738790935,,28.1,INTL_T20/ASSOCIATE_FRINGE
b822e99c,NB Singh,Bowler,,,,,,,28.09458044778195,,28.094580447781947,,28.1,OTHER_T20/FRINGE
1087dd78,Mohamed Arief,Batter,Malaysia,,28.092516947217653,,,,,28.092516947217653,,,28.1,INTL_T20/ASSOCIATE_FRINGE
71fa64d6,P Useni,All-rounder,Nigeria,,28.198048709233806,,,28.02272727272727,,28.198048709233806,28.02272727272727,,28.1,INTL_T20/ASSOCIATE_FRINGE
033e9d59,Arjun Vinod,Batter,Switzerland,,28.124635386728638,,,13.374536572255206,,28.124635386728638,13.374536572255206,,28.1,INTL_T20/ASSOCIATE_FRINGE
49691d7a,CB Mpofu,Bowler,Zimbabwe,,46.288778307646226,,,28.131216167448578,,46.288778307646226,28.131216167448578,,28.1,INTL_T20/FULL_MEMBER
ff1ec94d,R Klein,Batter,Netherlands,,28.025890742385556,,,,,28.025890742385556,,,28.0,INTL_T20/ASSOCIATE_FRINGE
10ae134c,Jai Sinh,Batter,Switzerland,,27.978162408049535,,,27.11181129527137,,27.978162408049535,27.11181129527137,,28.0,INTL_T20/ASSOCIATE_FRINGE
d424d06a,Nitesh Hooda,Bowler,Ghana,,,,,28.00808020652653,,,28.00808020652653,,28.0,INTL_T20/ASSOCIATE_FRINGE
454a7269,Haseeb Ghafoor,Batter,Saudi Arabia,,28.001598934261494,,,,,28.001598934261494,,,28.0,INTL_T20/ASSOCIATE_FRINGE
eeb035e2,Mohammed Asghar,Batter,Kuwait,,27.97367079666851,,,,,27.97367079666851,,,28.0,INTL_T20/ASSOCIATE_FRINGE
7f232d46,TF Rogers,Batter,,,,28.01620768789443,,,,28.016207687894426,,,28.0,OTHER_T20/FRANCHISE
456397e5,T Perera,Batter,Botswana,,27.979242568124675,,,20.907939974194726,,27.979242568124675,20.907939974194726,,28.0,INTL_T20/ASSOCIATE_FRINGE
6d5983d4,JC Darji,Batter,Tanzania,,27.988430440147326,,,30.544413396845734,,27.988430440147326,30.544413396845734,,28.0,INTL_T20/ASSOCIATE_FRINGE
dd7dd27a,S Godara,Bowler,Cambodia,,30.03718343430913,,,27.982329001914085,,30.03718343430913,27.982329001914085,,28.0,INTL_T20/ASSOCIATE_FRINGE
2597e56b,Khrievitso Kense,Bowler,,,,,,,27.967093904975204,,27.967093904975204,,28.0,OTHER_T20/FRINGE
f3a5c378,Aritra Dutta,Batter,Singapore,,27.976466002668325,,,,,27.976466002668325,,,28.0,INTL_T20/ASSOCIATE_FRINGE
e85d03d6,BM Scholtz,Bowler,Namibia,,21.237464651714305,,,28.048796150833358,,21.237464651714305,28.048796150833358,,28.0,INTL_T20/ASSOCIATE_FRINGE
36ea17c1,TL Moreki,Bowler,,,,,,,28.003460207612456,,28.00346020761246,,28.0,OTHER_T20/FRANCHISE
34dd3fd9,SSM Stanislaus,Batter,Malta,,28.011655636397734,,,,,28.011655636397734,,,28.0,INTL_T20/ASSOCIATE_FRINGE
0ba03cec,R van Tonder,Batter,,,,27.96979623563378,,,,27.96979623563378,,,28.0,OTHER_T20/FRANCHISE
5af592d2,G Snyman,Batter,Namibia,,27.956616052858703,,,27.17146490597061,,27.956616052858703,27.17146490597061,,28.0,INTL_T20/ASSOCIATE_FRINGE
3d7f02d4,RM Dorji,Batter,Bhutan,,27.97917372858081,,,19.907200111572735,,27.97917372858081,19.907200111572735,,28.0,INTL_T20/ASSOCIATE_FRINGE
a830c083,ND McKenzie,Batter,South Africa,,,28.045250770523957,,,,28.04525077052396,,,28.0,OTHER_T20/FRANCHISE
b2930573,Omid Rahimi,Batter,Belgium,,28.033740054710314,,,,,28.033740054710314,,,28.0,INTL_T20/ASSOCIATE_FRINGE
71ad618b,Saqlain Arshad,Batter,Qatar,,27.96874134919075,,,27.414053026410443,,27.96874134919075,27.414053026410443,,28.0,INTL_T20/ASSOCIATE_FRINGE
869b2e17,KS Dhariwal,Batter,,,,27.988415792240502,,,,27.988415792240502,,,28.0,OTHER_T20/FRINGE
06b387f1,Waseem Yaqoob,Bowler,Lesotho,,23.019950975942344,,,27.964473612973833,,23.019950975942344,27.964473612973833,,28.0,INTL_T20/ASSOCIATE_FRINGE
6020a3c6,KU Carty,Batter,West Indies,,27.187713091790652,27.924064600862387,,,,27.924064600862387,,,27.9,OTHER_T20/FRANCHISE
9656afbf,Ahmed Daniyal,Bowler,Pakistan,,,,,,27.882352941176475,,27.882352941176475,,27.9,OTHER_T20/FRANCHISE
72c38d77,Rasheed Ali Mamadkhel,Batter,Slovenia,,27.89209500899715,,,,,27.89209500899715,,,27.9,INTL_T20/ASSOCIATE_FRINGE
27e60d6e,AS Dale,Bowler,,,,,,,27.919117647058822,,27.919117647058822,,27.9,OTHER_T20/FRANCHISE
622be0d9,S Gooch,Batter,Estonia,,27.894746574350755,,,29.527393404315212,,27.894746574350755,29.527393404315212,,27.9,INTL_T20/ASSOCIATE_FRINGE
b18dbaff,A Prashar,Bowler,Hungary,,32.960814372951,,,27.902113100275976,,32.960814372951,27.902113100275976,,27.9,INTL_T20/ASSOCIATE_FRINGE
efdee934,CD Shekleton,Batter,Portugal,,27.898524570060026,,,,,27.898524570060026,,,27.9,INTL_T20/ASSOCIATE_FRINGE
f310704c,Shiraz Khan,Bowler,Kuwait,,27.21410785880867,,,27.916359961264963,,27.21410785880867,27.916359961264963,,27.9,INTL_T20/ASSOCIATE_FRINGE
dccb802c,Faisal Raza,Batter,Norway,,27.881635414484226,,,19.232330135181847,,27.881635414484226,19.232330135181847,,27.9,INTL_T20/ASSOCIATE_FRINGE
e6bf8162,H Klazinge,Bowler,Namibia,,16.78180157103734,,,27.851619913335064,,16.78180157103734,27.851619913335064,,27.9,INTL_T20/ASSOCIATE_FRINGE
9029d54a,Zeeshan Siddiqui,Batter,Oman,,27.875273712814824,,,,,27.875273712814824,,,27.9,INTL_T20/ASSOCIATE_FRINGE
72a4c3b2,L Canessane,Batter,France,,27.91015322258767,,,,,27.91015322258767,,,27.9,INTL_T20/ASSOCIATE_FRINGE
58588e5a,Shubham Chaubey,Batter,,,,27.85584622383985,,,,27.85584622383985,,,27.9,OTHER_T20/SMAT
34b332d3,DC Drakes,All-rounder,West Indies,,,29.668813771874817,,28.124490983129725,16.565027786353813,29.668813771874817,23.78969228433876,,27.9,OTHER_T20/FRANCHISE
bb965e9a,PK Garg,Batter,,,,27.925595238095237,,,,27.92559523809524,,,27.9,OTHER_T20/SMAT
0467bd8d,Ranjit Singh,Batter,Austria,,27.882390466201855,,,,,27.882390466201855,,,27.9,INTL_T20/ASSOCIATE_FRINGE
16dfcf57,Nasir Abbasi,Batter,Saudi Arabia,,27.939247232772146,,,,,27.939247232772146,,,27.9,INTL_T20/ASSOCIATE_FRINGE
8bd614b2,Rony Talukdar,Batter,Bangladesh,,29.00898472102893,27.850868565561925,,,,27.850868565561925,,,27.9,OTHER_T20/FRANCHISE
e7e14ecc,A Chenthamara,Bowler,Kuwait,,,,,27.838754631872767,,,27.838754631872767,,27.8,INTL_T20/ASSOCIATE_FRINGE
3560a786,C Madande,Batter,Zimbabwe,,27.798679768203577,,,,,27.798679768203577,,,27.8,INTL_T20/FULL_MEMBER
77e321db,Aditya Panwar,Batter,Estonia,,27.79394877922811,,,23.086297473464775,,27.79394877922811,23.086297473464775,,27.8,INTL_T20/ASSOCIATE_FRINGE
9f542219,SH Venugopal,Batter,Singapore,,27.839016990020305,,,,,27.839016990020305,,,27.8,INTL_T20/ASSOCIATE_FRINGE
0ca1ea55,HMHE Parsons,Batter,South Korea,,27.82162111927788,,,23.700857884793248,,27.82162111927788,23.700857884793248,,27.8,INTL_T20/ASSOCIATE_FRINGE
c443b748,Rahel Khan,Batter,Sweden,,27.773296186312106,,,,,27.773296186312106,,,27.8,INTL_T20/ASSOCIATE_FRINGE
f1809c03,Tanay Thyagarajan,Bowler,,,,,,,27.81818181818182,,27.81818181818182,,27.8,OTHER_T20/SMAT
6f95e5fa,P Hatzoglou,Bowler,,,,41.50658807212206,,,27.846153846153847,41.50658807212206,27.84615384615385,,27.8,OTHER_T20/FRANCHISE
617229bc,Khawar Abbas,Bowler,Saudi Arabia,,,,,27.801268428449873,,,27.801268428449873,,27.8,INTL_T20/ASSOCIATE_FRINGE
d8b2f218,BB Sran,Bowler,India,,,23.695738394969926,27.846153846153847,,21.845590145576708,23.695738394969926,27.84615384615385,,27.8,IPL/IPL
27b8d7b6,K Birkenstock,Batter,Namibia,,27.77813039119426,,,21.524714828897338,,27.77813039119426,21.524714828897338,,27.8,INTL_T20/ASSOCIATE_FRINGE
db571b24,BS Stephenson,Batter,Belize,,27.774261033896167,,,24.83774534991265,,27.774261033896167,24.83774534991265,,27.8,INTL_T20/ASSOCIATE_FRINGE
003d49e6,JJ Bazley,All-rounder,,,,30.95610449617913,,,20.476916376306622,30.95610449617913,20.476916376306622,,27.8,OTHER_T20/FRANCHISE
8da9a284,E Solomon,Batter,Israel,,27.76115580578611,,,,,27.76115580578611,,,27.8,INTL_T20/ASSOCIATE_FRINGE
69caf2be,G Ngegba,Batter,Sierra Leone,,27.762018551884903,,,35.11080514105294,,27.762018551884903,35.11080514105294,,27.8,INTL_T20/ASSOCIATE_FRINGE
cb5100f1,Ebadat Hossain,Bowler,Bangladesh,,,,,22.568681926804246,27.75,,27.75,,27.8,OTHER_T20/FRANCHISE
1d6d8a8b,Zaki Ul Hassan,Bowler,Belgium,,22.89389490224636,,,27.790676357934537,,22.89389490224636,27.790676357934537,,27.8,INTL_T20/ASSOCIATE_FRINGE
e4bfcaad,Shivam Bhambri,Batter,,,,27.783822080271158,,,,27.783822080271158,,,27.8,OTHER_T20/FRINGE
75ebfe19,Baseer Khan,Batter,Austria,,27.784781993215155,,,29.57538718959362,,27.784781993215155,29.57538718959362,,27.8,INTL_T20/ASSOCIATE_FRINGE
8a28c5d4,Nadeem Khan,Bowler,Oman,,28.40665463497922,,,27.79546156993332,,28.40665463497922,27.79546156993332,,27.8,INTL_T20/ASSOCIATE_FRINGE
ea86bc29,V Aritharan,Batter,Germany,,27.78414985557526,,,,,27.78414985557526,,,27.8,INTL_T20/ASSOCIATE_FRINGE
5d9ebb3c,Z Abbasi,Batter,Botswana,,27.810865734962853,,,26.604082314253418,,27.810865734962853,26.604082314253418,,27.8,INTL_T20/ASSOCIATE_FRINGE
f49c401e,SH Obed,Bowler,Vanuatu,,27.98217767425929,,,27.78302454181552,,27.98217767425929,27.78302454181552,,27.8,INTL_T20/ASSOCIATE_FRINGE
b6b3ee6e,F Achelam,Wicketkeeper,Uganda,,18.12295969955222,,,,,18.12295969955222,,66.66666666666666,27.8,INTL_T20/ASSOCIATE_FRINGE
bb791276,P Khari,Batter,Czech Republic,,27.666061825276948,,,,,27.666061825276948,,,27.7,INTL_T20/ASSOCIATE_FRINGE
2bc636df,Jamshid Nasiri,Batter,France,,27.701465624061676,,,33.72055646901654,,27.701465624061676,33.72055646901654,,27.7,INTL_T20/ASSOCIATE_FRINGE
7e9f1cde,Kushal Malla,All-rounder,Nepal,,30.334535855903038,26.34285714285714,,29.777188328912462,17.349325337331337,28.837656338510826,25.116739707069538,,27.7,INTL_T20/ASSOCIATE_FRINGE
65cf74b4,Abhishek Ahuja,Batter,Hungary,,27.70122250242696,,,,,27.70122250242696,,,27.7,INTL_T20/ASSOCIATE_FRINGE
1294ee6d,Muhammad Arfan,Bowler,United Arab Emirates,,28.57961955692887,,,27.684650657251353,,28.57961955692887,27.684650657251353,,27.7,INTL_T20/ASSOCIATE_FRINGE
c39ee9e0,Junaid Aziz,Batter,Bahrain,,27.742591716253994,,,22.289857157537764,,27.742591716253994,22.289857157537764,,27.7,INTL_T20/ASSOCIATE_FRINGE
450f6fa6,GG Wagg,All-rounder,,,,26.040857430585525,,,28.395090681676045,26.040857430585525,28.395090681676045,,27.7,OTHER_T20/FRANCHISE
fccb94c3,Kaveen Bandara,Batter,,,,27.659327814916047,,,,27.659327814916047,,,27.7,OTHER_T20/FRINGE
97b0e4ff,SC van Schalkwyk,All-rounder,United States of America,,21.662833201513436,18.986236992279288,,25.597480106100797,31.465447154471544,18.986236992279288,31.465447154471544,,27.7,OTHER_T20/FRANCHISE
564714f5,Sohraab Dhaliwal,Batter,,,,27.732426430532684,,,14.961038961038964,27.732426430532687,14.961038961038964,,27.7,OTHER_T20/FRINGE
1bada9da,Ainool Hafizs,Wicketkeeper,Malaysia,,13.214998184664514,,,,,13.214998184664514,,85.7843137254902,27.7,INTL_T20/ASSOCIATE_FRINGE
b704da31,Waqar Ul Hassan,Batter,Saudi Arabia,,27.72793308930109,,,,,27.72793308930109,,,27.7,INTL_T20/ASSOCIATE_FRINGE
7923a51d,Mohammad Naim,Batter,Bangladesh,,25.503482219761295,31.347090987858135,,,,27.69483550779761,,,27.7,INTL_T20/FULL_MEMBER
4ee38eae,Raihan Stanikzai,Batter,Switzerland,,27.68197135662622,,,19.28782242318364,,27.68197135662622,19.28782242318364,,27.7,INTL_T20/ASSOCIATE_FRINGE
79c7041c,GT Griffiths,Bowler,,,,36.57407407407407,,,27.700534759358284,36.57407407407407,27.700534759358284,,27.7,OTHER_T20/FRANCHISE
43462314,Rohit Kumar,Batter,Romania,,27.65868861354921,,,,,27.65868861354921,,,27.7,INTL_T20/ASSOCIATE_FRINGE
81416a78,Muhammad Farooq,Batter,Eswatini,,27.6636531076525,,,25.08574915219402,,27.6636531076525,25.08574915219402,,27.7,INTL_T20/ASSOCIATE_FRINGE
519c30cb,CJ Gannon,Bowler,United States of America,,26.04948151646066,31.63356869667549,,22.144958950565922,27.670814479638004,31.63356869667549,27.670814479638004,,27.7,OTHER_T20/FRANCHISE
e2d1822f,AUKDS Kalugala,Batter,Cyprus,,27.716406775342485,,,22.64498509916761,,27.716406775342485,22.64498509916761,,27.7,INTL_T20/ASSOCIATE_FRINGE
4e9af8f6,A Shreshta,Batter,Nigeria,,27.66707794394623,,,,,27.66707794394623,,,27.7,INTL_T20/ASSOCIATE_FRINGE
bc67cc22,Bavanaka Sandeep,Batter,,,,27.746417197452228,,,29.796774193548387,27.746417197452224,29.79677419354839,,27.7,OTHER_T20/SMAT
fd201eb4,Shahzaib Hasan,Batter,Pakistan,,27.69596371882086,25.810413864573462,,,,27.69596371882086,,,27.7,INTL_T20/FULL_MEMBER
0abc33ff,Muhammad Umar,Batter,Kuwait,,27.739846798843782,,,,,27.739846798843782,,,27.7,INTL_T20/ASSOCIATE_FRINGE
24e3f53e,Pradipta Pramanik,Bowler,,,,22.121629897895748,,,27.670079027355623,22.121629897895748,27.670079027355623,,27.7,OTHER_T20/FRINGE
6e21867e,Bipin Khatri,Bowler,,,,19.086143114849882,,,27.67978526643467,19.086143114849882,27.679785266434674,,27.7,OTHER_T20/FRINGE
0c1da0c4,V Balakrishnan,Batter,Botswana,,27.700842750279918,,,27.80505549275511,,27.700842750279918,27.80505549275511,,27.7,INTL_T20/ASSOCIATE_FRINGE
ad46c747,DM Bess,All-rounder,,,,20.918314997434873,,,30.652587745389646,20.918314997434873,30.652587745389646,,27.7,OTHER_T20/FRANCHISE
c537cf4d,M Commins,Batter,,,,27.726403552535483,,,,27.726403552535483,,,27.7,OTHER_T20/FRINGE
5992c2ba,J Guatam,Batter,Ghana,,27.65093218320584,,,,,27.65093218320584,,,27.7,INTL_T20/ASSOCIATE_FRINGE
0f05655d,Tashi Dorji,Batter,Bhutan,,27.61350537547061,,,25.37341023533039,,27.61350537547061,25.37341023533039,,27.6,INTL_T20/ASSOCIATE_FRINGE
61a9ce31,DD Masters,Bowler,,,,,,,27.595389507154213,,27.595389507154216,,27.6,OTHER_T20/FRANCHISE
866d3ac8,A Parima,Batter,Cook Islands,,27.5606090283807,,,26.280794882334803,,27.5606090283807,26.280794882334803,,27.6,INTL_T20/ASSOCIATE_FRINGE
be0077ba,Junaid Khan,Bowler,Portugal,,27.3266178623147,,,27.606284818285296,,27.3266178623147,27.606284818285296,,27.6,INTL_T20/ASSOCIATE_FRINGE
e91de70e,OP Rayner,Bowler,,,,29.503360716952947,,,27.62975778546713,29.503360716952947,27.62975778546713,,27.6,OTHER_T20/FRANCHISE
d77ddc9f,JQK Moala,Bowler,Fiji,,16.995947741137076,,,27.588327754053367,,16.995947741137076,27.588327754053367,,27.6,INTL_T20/ASSOCIATE_FRINGE
81a0e294,SA Engelbrecht,Batter,Netherlands,,30.832244682587007,22.09575066167214,,24.41741994261006,26.066089866367257,27.556059424743932,25.035671164019007,,27.6,INTL_T20/ASSOCIATE_FRINGE
4cc59a40,Said Hakim,Batter,Belgium,,27.554323735020333,,,20.87763567231248,,27.554323735020333,20.87763567231248,,27.6,INTL_T20/ASSOCIATE_FRINGE
f752873d,Mohammed Irfan,Batter,Kuwait,,27.608539149629564,,,,,27.608539149629564,,,27.6,INTL_T20/ASSOCIATE_FRINGE
25bc2d36,N Pathan,Batter,Thailand,,27.60052072410005,,,19.55556982838352,,27.60052072410005,19.55556982838352,,27.6,INTL_T20/ASSOCIATE_FRINGE
ac2f2410,Zeeshan Sarwar,Batter,Cyprus,,27.627761570167827,,,,,27.627761570167827,,,27.6,INTL_T20/ASSOCIATE_FRINGE
82623a3a,Waqas Ahmad,Bowler,Malta,,34.03320106751123,,,27.63979703472542,,34.03320106751123,27.63979703472542,,27.6,INTL_T20/ASSOCIATE_FRINGE
e91933cb,CC Blake,Bowler,Vanuatu,,,,,27.556206109857364,,,27.556206109857364,,27.6,INTL_T20/ASSOCIATE_FRINGE
7636b587,D Muhumuza,Batter,Uganda,,27.618652678745715,,,23.829670442598204,,27.618652678745715,23.829670442598204,,27.6,INTL_T20/ASSOCIATE_FRINGE
a22b4f3f,A Mansale,Batter,Vanuatu,,27.625236594699498,,,25.020120234302745,,27.625236594699498,25.020120234302745,,27.6,INTL_T20/ASSOCIATE_FRINGE
507fc658,SFS Cheema,Bowler,Austria,,15.628678711736859,,,27.63550652535139,,15.628678711736859,27.63550652535139,,27.6,INTL_T20/ASSOCIATE_FRINGE
a216a585,Imran Ismail,Batter,Mozambique,,27.61296596554229,,,,,27.61296596554229,,,27.6,INTL_T20/ASSOCIATE_FRINGE
b9e07e44,R Abdulkareem,All-rounder,Nigeria,,13.159922663159469,,,33.85956112852665,,13.159922663159469,33.85956112852665,,27.6,INTL_T20/ASSOCIATE_FRINGE
30a2649b,CM Gautam,Wicketkeeper,,,,19.714285714285715,,,,19.714285714285715,,59.16542473919523,27.6,OTHER_T20/FRINGE
e3386c8a,K Bhurtel,All-rounder,Nepal,,35.820311664992204,19.80005915409642,,24.864058355437667,17.973013493253376,29.812716973406282,22.279916532118555,,27.6,INTL_T20/ASSOCIATE_FRINGE
967ee086,Mohammed Al Balushi,Batter,Oman,,27.643196041689315,,,,,27.643196041689315,,,27.6,INTL_T20/ASSOCIATE_FRINGE
dddc811c,TD Groenewald,Bowler,,,,34.65015065282892,,,27.635294117647057,34.65015065282892,27.635294117647057,,27.6,OTHER_T20/FRANCHISE
800b52dc,NE Mbhalati,Bowler,,,,,,,27.595389507154213,,27.595389507154216,,27.6,OTHER_T20/FRANCHISE
6f0f39fb,Umang Sharma,Batter,,,,27.64289912442112,,,,27.642899124421124,,,27.6,OTHER_T20/FRINGE
431f8af4,Tayyab Tahir,Batter,Pakistan,,27.7665825326455,27.186684709726187,,,,27.54912084905076,,,27.5,INTL_T20/ASSOCIATE_FRINGE
f8fa8b1c,HMCB Jayathilake,Batter,,,,27.5323703932796,,,,27.5323703932796,,,27.5,OTHER_T20/FRINGE
f892fcf9,L Sipamla,Bowler,South Africa,,,,,20.49079754601227,39.05010893246187,,27.450539315930865,,27.5,INTL_T20/FULL_MEMBER
e70a0811,Nasir Aziz,Bowler,United Arab Emirates,,18.79834367539382,,,27.450616739445493,,18.79834367539382,27.450616739445493,,27.5,INTL_T20/ASSOCIATE_FRINGE
f8fb7e7b,Musaddiq Ahmed,Batter,Germany,,27.453170003166676,,,18.717113428140046,,27.453170003166676,18.717113428140046,,27.5,INTL_T20/ASSOCIATE_FRINGE
945f5357,JN du Plooy,Batter,Hungary,,27.510213961762467,,,,,27.510213961762467,,,27.5,INTL_T20/ASSOCIATE_FRINGE
1179469b,FK Cowdrey,Batter,,,,27.460655639657357,,,41.800925925925924,27.460655639657357,41.800925925925924,,27.5,OTHER_T20/FRANCHISE
07ff32f5,Khurram Nawaz,Batter,Oman,,27.500866366293188,,,,,27.500866366293188,,,27.5,INTL_T20/ASSOCIATE_FRINGE
290cba17,SJ Modani,Batter,United States of America,,27.490919034137768,,,,,27.490919034137768,,,27.5,INTL_T20/ASSOCIATE_FRINGE
0e80e47d,U Shantu,Bowler,Portugal,,24.230324915858183,,,27.4756827905611,,24.230324915858183,27.4756827905611,,27.5,INTL_T20/ASSOCIATE_FRINGE
20481563,MNM Aslam,All-rounder,Kuwait,,26.925199090151207,,,27.683303085299453,,26.925199090151207,27.683303085299453,,27.5,INTL_T20/ASSOCIATE_FRINGE
d7a57f75,D du Preez,Bowler,,,,50.28005974607916,,,27.544117647058826,50.28005974607916,27.544117647058826,,27.5,OTHER_T20/FRANCHISE
e635a5dd,Dhruv Raval,Wicketkeeper,,,,30.343434343434346,,,,30.343434343434346,,16.071428571428573,27.5,OTHER_T20/SMAT
4d1ec7eb,A Nao,Bowler,Papua New Guinea,,30.621401270790454,,,27.48984020510107,,30.621401270790454,27.48984020510107,,27.5,INTL_T20/ASSOCIATE_FRINGE
090f96e4,Muhammad Nadir,All-rounder,Rwanda,,10.576385764285165,,,34.79103448275861,,10.576385764285165,34.79103448275861,,27.5,INTL_T20/ASSOCIATE_FRINGE
4ec0443d,Ali Nayyer,Bowler,Switzerland,,33.321832231215915,,,27.526124363614933,,33.321832231215915,27.526124363614933,,27.5,INTL_T20/ASSOCIATE_FRINGE
95bd9407,E Karimi,Bowler,Denmark,,14.9750743550801,,,27.470458811540432,,14.9750743550801,27.470458811540432,,27.5,INTL_T20/ASSOCIATE_FRINGE
5b3acc53,CJ Liddle,Bowler,,,,,,,27.541176470588233,,27.541176470588233,,27.5,OTHER_T20/FRANCHISE
7572bf45,EHSN Silva,Bowler,United Arab Emirates,,21.833240493343,,,27.529565380079124,,21.833240493343,27.529565380079124,,27.5,INTL_T20/ASSOCIATE_FRINGE
0d0f0385,F Akankwasa,Bowler,Uganda,,25.66610494121061,,,27.516109488876783,,25.66610494121061,27.516109488876783,,27.5,INTL_T20/ASSOCIATE_FRINGE
d2e67105,Pargat Singh,Batter,Canada,,30.71771204925576,22.18958513663233,,19.56962909405875,,27.51966445702197,19.56962909405875,,27.5,INTL_T20/ASSOCIATE_FRINGE
c9d6f9f2,Uvais Ahmad,Batter,,,,27.498338959258632,,,,27.498338959258636,,,27.5,OTHER_T20/FRINGE
9dbc77b3,Aaftab Alam Khan,Batter,Malta,,27.520810682547502,,,,,27.520810682547502,,,27.5,INTL_T20/ASSOCIATE_FRINGE
e4bf3570,Sineth Jayawardena,Batter,,,,27.427521018791257,,,,27.427521018791257,,,27.4,OTHER_T20/FRINGE
e38e240a,NT Rajendran,Bowler,Kuwait,,26.69299306403312,,,27.443743348161266,,26.69299306403312,27.443743348161266,,27.4,INTL_T20/ASSOCIATE_FRINGE
0b7b78c6,Hammad Mirza,Batter,Oman,,27.443514671514343,,,,,27.443514671514343,,,27.4,INTL_T20/ASSOCIATE_FRINGE
472455a3,T Whiteman,Batter,Luxembourg,,27.35672649547125,,,,,27.35672649547125,,,27.4,INTL_T20/ASSOCIATE_FRINGE
47ff3985,Salman Nizar,Batter,,,,27.3765668438224,,,,27.3765668438224,,,27.4,OTHER_T20/FRINGE
76a33e00,Imliwati Lemtur,Bowler,,,,,,,27.41348973607038,,27.413489736070385,,27.4,OTHER_T20/SMAT
c9c19700,Ali Rahmon,Batter,Nigeria,,27.422298800930584,,,,,27.422298800930584,,,27.4,INTL_T20/ASSOCIATE_FRINGE
e3e09091,Zakir Hasan,Batter,Bangladesh,,17.24723911760298,27.353111694899898,,,,27.353111694899894,,,27.4,OTHER_T20/FRANCHISE
3924b2ee,NR Johns-Wickberg,Bowler,Serbia,,21.085910558437426,,,27.41425955483308,,21.085910558437426,27.41425955483308,,27.4,INTL_T20/ASSOCIATE_FRINGE
5a0dbdeb,A Dhabe,Bowler,Sweden,,28.540694592000918,,,27.42096744921956,,28.540694592000918,27.42096744921956,,27.4,INTL_T20/ASSOCIATE_FRINGE
34ab1e6e,A Gbla,All-rounder,Sierra Leone,,14.808229982646413,,,32.79907161803713,,14.808229982646413,32.79907161803713,,27.4,INTL_T20/ASSOCIATE_FRINGE
4cf59936,Suhan Alagaratnam,Batter,Malaysia,,27.44560272753605,,,,,27.44560272753605,,,27.4,INTL_T20/ASSOCIATE_FRINGE
eea6b7f1,SP Fleming,Batter,New Zealand,,27.41930797434604,,,,,27.41930797434604,,,27.4,INTL_T20/ASSOCIATE_FRINGE
97f44626,NK Tiwari,Bowler,Cyprus,,23.1447962197539,,,27.434675625064635,,23.1447962197539,27.434675625064635,,27.4,INTL_T20/ASSOCIATE_FRINGE
6fea65a0,Emanuel Solomon,Batter,Israel,,27.4331981110524,,,,,27.4331981110524,,,27.4,INTL_T20/ASSOCIATE_FRINGE
2f28dc94,RAS Lakmal,Bowler,Sri Lanka,,,,,23.354988698740716,34.09688581314879,,27.383200116643742,,27.4,INTL_T20/FULL_MEMBER
9789e56e,LM Reece,All-rounder,,,,29.787664595565175,,,21.788087663485328,29.787664595565175,21.788087663485328,,27.4,OTHER_T20/FRANCHISE
28d6c44d,E Bosch,All-rounder,South Africa,,,25.008940131944016,,,28.359116230051185,25.008940131944016,28.359116230051185,,27.4,OTHER_T20/FRANCHISE
b6e29ef5,VM Vaghela,Bowler,United States of America,,,,,27.357312214500105,,,27.357312214500105,,27.4,INTL_T20/ASSOCIATE_FRINGE
b54d8acf,Amit Ali,Bowler,,,,19.75783426922119,,,27.367961062439164,19.75783426922119,27.367961062439164,,27.4,OTHER_T20/FRINGE
fa463154,AB Agarkar,Bowler,India,,,,27.425837320574168,19.753632403138667,,,27.425837320574168,,27.4,IPL/IPL
5b351aff,Pratik Singh Bais,Bowler,Mexico,,14.326067162638761,,,27.35917203649558,,14.326067162638761,27.35917203649558,,27.4,INTL_T20/ASSOCIATE_FRINGE
37312a74,Mudassar Bukhari,Bowler,Netherlands,,27.485077093398342,,,27.35189287430021,,27.485077093398342,27.35189287430021,,27.4,INTL_T20/ASSOCIATE_FRINGE
85e6ccde,Babul Kumar,Batter,,,,27.430554765696087,,,,27.430554765696087,,,27.4,OTHER_T20/SMAT
84826f48,NJ O'Brien,Wicketkeeper,Ireland,,24.390326071777686,23.998561844760943,,,,24.243414486646405,,39.81329690346084,27.4,INTL_T20/FULL_MEMBER
3b52d247,FA Cossa,Bowler,Mozambique,,32.31753156639041,,,27.396556611930556,,32.31753156639041,27.396556611930556,,27.4,INTL_T20/ASSOCIATE_FRINGE
4d84ad05,CJA Amini,All-rounder,Papua New Guinea,,26.577977704623674,,,27.795258620689655,,26.577977704623674,27.795258620689655,,27.4,INTL_T20/ASSOCIATE_FRINGE
32cff598,Muhaddis Muhaddis,Batter,Indonesia,,27.358045831424658,,,,,27.358045831424658,,,27.4,INTL_T20/ASSOCIATE_FRINGE
d4320277,BL Wiggins,Batter,,,,27.314307922935985,,,,27.31430792293599,,,27.3,OTHER_T20/FRANCHISE
de8cce37,VVS Laxman,Batter,,27.284440626758688,,,,,,27.28444062675869,,,27.3,IPL/IPL
b23d3ec5,R Mazumder,Batter,Cyprus,,27.26140999478047,,,,,27.26140999478047,,,27.3,INTL_T20/ASSOCIATE_FRINGE
af98bf5b,Ammar Khalid,Bowler,Canada,,,,,27.28796079724065,,,27.28796079724065,,27.3,INTL_T20/ASSOCIATE_FRINGE
aea11d1d,D Birrell,Bowler,Jersey,,20.99264497502876,,,27.2749898402051,,20.99264497502876,27.2749898402051,,27.3,INTL_T20/ASSOCIATE_FRINGE
60b46ad1,MO Kain,Batter,United States of America,,27.286819937527675,,,,,27.286819937527675,,,27.3,INTL_T20/ASSOCIATE_FRINGE
99ffb3d3,KRP Silva,Bowler,United States of America,,28.880119525133235,,,27.25471877598102,,28.880119525133235,27.25471877598102,,27.3,INTL_T20/ASSOCIATE_FRINGE
270bf7e2,KV Morea,Bowler,Papua New Guinea,,27.63286645625577,,,27.346962774249825,,27.63286645625577,27.346962774249825,,27.3,INTL_T20/ASSOCIATE_FRINGE
8fb49ef8,Suhrawadi Shuvo,Bowler,Bangladesh,,,,,,27.282454361054768,,27.282454361054764,,27.3,OTHER_T20/FRANCHISE
8f75193e,Muhammad Zohaib,Batter,United Arab Emirates,,27.27821964480095,,,,,27.27821964480095,,,27.3,INTL_T20/ASSOCIATE_FRINGE
292381e0,LP van der Westhuizen,Batter,Namibia,,27.262968702007463,,,25.5425470146953,,27.262968702007463,25.5425470146953,,27.3,INTL_T20/ASSOCIATE_FRINGE
26d80a9d,M Campopiano,Batter,Italy,,27.28915231728484,,,24.130562121056418,,27.28915231728484,24.130562121056418,,27.3,INTL_T20/ASSOCIATE_FRINGE
5fbd0632,SA Wijeratne,Batter,Canada,,27.3346948853878,,,,,27.3346948853878,,,27.3,INTL_T20/ASSOCIATE_FRINGE
33ffc3dd,R Sanjay Yadav,Batter,,,,27.2719724542973,,,39.0,27.2719724542973,39.0,,27.3,OTHER_T20/SMAT
dd968a7b,Naveena Shetty,Batter,Bahrain,,27.25406180716235,,,,,27.25406180716235,,,27.3,INTL_T20/ASSOCIATE_FRINGE
5ee4759d,SJ Topping,Batter,,,,27.254546474593376,,,,27.254546474593376,,,27.3,OTHER_T20/FRINGE
33f44dfc,M Topping,Batter,,,,27.294289734561737,,,,27.294289734561737,,,27.3,OTHER_T20/FRINGE
eba871dd,S Hook,Batter,Estonia,,27.28831002954434,,,,,27.28831002954434,,,27.3,INTL_T20/ASSOCIATE_FRINGE
20f65440,Waqas Haider,Batter,Sweden,,27.342363427585965,,,,,27.342363427585965,,,27.3,INTL_T20/ASSOCIATE_FRINGE
f6aed283,CN Kakuru,Wicketkeeper,Uganda,,14.135625812509028,,,,,14.135625812509028,,79.90196078431373,27.3,INTL_T20/ASSOCIATE_FRINGE
6b64e7a3,J Mulder,Bowler,Ireland,,,21.150460389654558,,28.383904897466596,25.454505910165487,21.150460389654558,27.28538027722868,,27.3,INTL_T20/ASSOCIATE_FRINGE
4ed49d3d,AA Herwadkar,Batter,,,,27.320708219593566,,,,27.320708219593566,,,27.3,OTHER_T20/SMAT
84dc72db,Junaid Siddique,Bowler,United Arab Emirates,,23.51946143322887,,,25.52003165268429,27.225490196078432,23.51946143322887,27.225490196078432,,27.2,OTHER_T20/FRANCHISE
a4696d64,Jakob Gul,Bowler,Bulgaria,,30.894927974312616,,,27.197849869870105,,30.894927974312616,27.197849869870105,,27.2,INTL_T20/ASSOCIATE_FRINGE
bd3c0b79,KB Shinde,Batter,Singapore,,27.225077793335018,,,,,27.225077793335018,,,27.2,INTL_T20/ASSOCIATE_FRINGE
cb263798,DL Hemp,Batter,Bermuda,,27.211142192830813,,,,,27.211142192830813,,,27.2,INTL_T20/ASSOCIATE_FRINGE
cae17490,Ali Hasan,Bowler,Italy,,19.632053015386298,,,27.19041751445843,,19.632053015386298,27.19041751445843,,27.2,INTL_T20/ASSOCIATE_FRINGE
0abf3da7,A Kadowaki Fleming,Batter,Japan,,27.212903594416225,,,,,27.212903594416225,,,27.2,INTL_T20/ASSOCIATE_FRINGE
14157abf,Aqib Iqbal,All-rounder,Austria,,29.3544955484064,,,22.012599469496017,,29.3544955484064,22.012599469496017,,27.2,INTL_T20/ASSOCIATE_FRINGE
dff2050b,C Gunasekara,Bowler,,,,23.450324236430426,,,27.210110097939886,23.450324236430426,27.210110097939886,,27.2,OTHER_T20/FRINGE
dd8439ed,Saurabh Wakaskar,Batter,,,,27.24262603280218,,,,27.24262603280218,,,27.2,OTHER_T20/FRINGE
ad05692c,Sami Ullah,Bowler,Romania,,31.76446176616929,,,27.201395232811784,,31.76446176616929,27.201395232811784,,27.2,INTL_T20/ASSOCIATE_FRINGE
e6dd77bb,SS McKechnie,Wicketkeeper,Hong Kong,,19.333940628014147,,,,,19.333940628014147,,58.82352941176471,27.2,INTL_T20/ASSOCIATE_FRINGE
1732cd55,Z Malik,Batter,,,,27.1705069124424,,,,27.1705069124424,,,27.2,OTHER_T20/FRINGE
362fde0f,NA Maiolo,Batter,Italy,,27.161758794281514,,,23.283171234787204,,27.161758794281514,23.283171234787204,,27.2,INTL_T20/ASSOCIATE_FRINGE
4286e899,Syed Aqeel Israr,Bowler,Ghana,,17.950025519132907,,,27.238315530394914,,17.950025519132907,27.238315530394914,,27.2,INTL_T20/ASSOCIATE_FRINGE
e82543d5,M Vandrasi,Batter,Czech Republic,,27.24710107643075,,,27.732288562326588,,27.24710107643075,27.732288562326588,,27.2,INTL_T20/ASSOCIATE_FRINGE
0ec6a7c3,N Khanna,Batter,Malta,,27.23744025736201,,,,,27.23744025736201,,,27.2,INTL_T20/ASSOCIATE_FRINGE
4d290e7a,N Hirani,Bowler,Kenya,,27.612364761866203,,,27.189057427762926,,27.612364761866203,27.189057427762926,,27.2,INTL_T20/ASSOCIATE_FRINGE
28f79023,Faruq Hakimin,Bowler,Malaysia,,,,,27.249251745045623,,,27.249251745045623,,27.2,INTL_T20/ASSOCIATE_FRINGE
31080a88,Aslam Khan,Batter,Malaysia,,27.235074892988337,,,,,27.235074892988337,,,27.2,INTL_T20/ASSOCIATE_FRINGE
b54b66b3,L Embuldeniya,Bowler,,,,,,,27.153357281016852,,27.153357281016852,,27.2,OTHER_T20/FRINGE
460fc0ba,Muhammad Salman,Bowler,Bahrain,,19.796548189200994,,,27.240626775394176,,19.796548189200994,27.240626775394176,,27.2,INTL_T20/ASSOCIATE_FRINGE
bc2d4f2e,W Sutherland,All-rounder,,,,32.8211334765042,,,14.071223920070526,32.8211334765042,14.071223920070526,,27.2,OTHER_T20/FRANCHISE
6b0db726,J Andrew,Batter,West Indies,,22.8371709788629,27.177080202897756,,,,27.177080202897752,,,27.2,OTHER_T20/FRANCHISE
e793a8ed,Chaitanya Bishnoi,Batter,,,,27.23391881634791,,,,27.23391881634791,,,27.2,OTHER_T20/FRANCHISE
1b04e02b,TS Rogers,All-rounder,,,,19.07603222557905,,,30.709003632589514,19.07603222557905,30.709003632589514,,27.2,OTHER_T20/FRANCHISE
39f0b039,Baljit Singh,Bowler,Italy,,24.399016286639405,,,27.241432282553276,,24.399016286639405,27.241432282553276,,27.2,INTL_T20/ASSOCIATE_FRINGE
5d4338a2,SJ MacBeth,Batter,,,,27.202998387015263,,,20.652281096874336,27.202998387015263,20.652281096874336,,27.2,OTHER_T20/FRINGE
084708eb,Ankit Kaushik,Batter,,,,27.13945860534131,,,,27.139458605341314,,,27.1,OTHER_T20/FRINGE
a63563c0,Diwesh Pathania,Bowler,,,,35.34857142857143,,,27.13358070500928,35.34857142857143,27.13358070500928,,27.1,OTHER_T20/SMAT
0af4a90b,J Avendano,Batter,,,,27.082411277764116,,,,27.082411277764116,,,27.1,OTHER_T20/FRANCHISE
c0e59e39,Ankit Chaudhary,Bowler,,,,19.56717317741745,,,27.060855543113103,19.56717317741745,27.060855543113103,,27.1,OTHER_T20/FRINGE
e20b9b34,Abdullahi Ismail,Bowler,Nigeria,,,,,27.05153246714086,,,27.05153246714086,,27.1,INTL_T20/ASSOCIATE_FRINGE
fcbd6eb8,CG Heaphy,Batter,,,,27.145395091979456,,,,27.14539509197946,,,27.1,OTHER_T20/FRANCHISE
fa92fc48,GR Breese,Bowler,,,,22.97726235335292,,,27.06446638040559,22.97726235335292,27.064466380405587,,27.1,OTHER_T20/FRINGE
19d0a172,G Hoey,Bowler,,,,24.82709500085209,,,27.108611012935604,24.82709500085209,27.108611012935604,,27.1,OTHER_T20/FRINGE
a8529363,S Ateak,Batter,Ghana,,27.090611117647406,,,,,27.090611117647406,,,27.1,INTL_T20/ASSOCIATE_FRINGE
82b1e99f,Jakir Patel,Batter,Zambia,,27.140901301904364,,,,,27.140901301904364,,,27.1,INTL_T20/ASSOCIATE_FRINGE
93720584,G Thakur,Batter,Malta,,27.102522131993734,,,,,27.102522131993734,,,27.1,INTL_T20/ASSOCIATE_FRINGE
ee229588,S Movva,Batter,Canada,,27.064586803486836,,,,,27.064586803486836,,,27.1,INTL_T20/ASSOCIATE_FRINGE
ae5a7eb5,Saud Islam,Batter,Uganda,,27.13813256520958,,,,,27.13813256520958,,,27.1,INTL_T20/ASSOCIATE_FRINGE
11b37b2a,JL Tutty,Bowler,Cook Islands,,21.640167219985013,,,27.099439798597132,,21.640167219985013,27.099439798597132,,27.1,INTL_T20/ASSOCIATE_FRINGE
c41ad06b,J Taanyanda,Batter,Namibia,,27.079107680751214,,,,,27.079107680751214,,,27.1,INTL_T20/ASSOCIATE_FRINGE
efd1a0ef,Jay Gohil,Batter,,,,27.142655621647087,,,,27.142655621647087,,,27.1,OTHER_T20/FRINGE
14cbe9b7,Zaid Soulat,Batter,Bulgaria,,27.052187956661463,,,,,27.052187956661463,,,27.1,INTL_T20/ASSOCIATE_FRINGE
6913e38e,Wahidullah Sahak,Bowler,Norway,,34.95878537723117,,,27.12495044758986,,34.95878537723117,27.12495044758986,,27.1,INTL_T20/ASSOCIATE_FRINGE
b0081e62,K Lewis,Wicketkeeper,,,,27.71483794231341,,,,27.71483794231341,,24.59016393442623,27.1,OTHER_T20/FRANCHISE
f0ec8597,TM Beaton,Batter,,,,27.142066608660954,,,,27.14206660866095,,,27.1,OTHER_T20/FRINGE
72bf5103,I Niyomugabo,Batter,Rwanda,,27.114320086686728,,,,,27.114320086686728,,,27.1,INTL_T20/ASSOCIATE_FRINGE
d18b7f34,Fazil Rahman,Bowler,Malta,,17.6970886957359,,,27.146901529339168,,17.6970886957359,27.146901529339168,,27.1,INTL_T20/ASSOCIATE_FRINGE
0cfb42b5,Abdul Majid Abbasi,Bowler,Bahrain,,14.24937132340569,,,27.076271484071004,,14.24937132340569,27.076271484071004,,27.1,INTL_T20/ASSOCIATE_FRINGE
eb40ed89,VP Thamotharam,All-rounder,Malta,,33.467160813150635,,,12.355237475601822,,33.467160813150635,12.355237475601822,,27.1,INTL_T20/ASSOCIATE_FRINGE
cc62ec8a,Ngawang Thinley,Bowler,Bhutan,,18.44142562708324,,,27.146601728501494,,18.44142562708324,27.146601728501494,,27.1,INTL_T20/ASSOCIATE_FRINGE
881a9bdd,S Chanderpaul,Batter,West Indies,,27.12850209815727,25.864394854473247,,,,27.12850209815727,,,27.1,INTL_T20/FULL_MEMBER
ac64c2ef,Raghav Dhawan,Batter,Uganda,,29.870984406493278,22.150469290343143,,,,26.975791237936974,,,27.0,INTL_T20/ASSOCIATE_FRINGE
7bb926a7,Tamoor Sajjad,Batter,Qatar,,26.995488146256914,,,23.09003552710777,,26.995488146256914,23.09003552710777,,27.0,INTL_T20/ASSOCIATE_FRINGE
b34e4b15,L Shaw,Batter,,,,27.00749698230826,,,,27.00749698230826,,,27.0,OTHER_T20/FRINGE
0939c670,MA Ouma,Batter,Kenya,,27.016577004726983,,,,,27.016577004726983,,,27.0,INTL_T20/ASSOCIATE_FRINGE
20ac8219,S Vashisht,Bowler,Romania,,27.11984280876661,,,27.025745538162724,,27.11984280876661,27.025745538162724,,27.0,INTL_T20/ASSOCIATE_FRINGE
3c13fc3b,E Frimpong,Bowler,Ghana,,,,,26.9512926068903,,,26.9512926068903,,27.0,INTL_T20/ASSOCIATE_FRINGE
d0042e16,Z Burgess,Bowler,Bermuda,,28.886025746771416,,,26.98451773392408,,28.886025746771416,26.98451773392408,,27.0,INTL_T20/ASSOCIATE_FRINGE
7b729851,Umer Imtiaz,Batter,Bahrain,,27.00451308567985,,,,,27.00451308567985,,,27.0,INTL_T20/ASSOCIATE_FRINGE
e423d162,LJ Fletcher,All-rounder,,,,16.625447902761188,,,31.505641996075134,16.625447902761188,31.505641996075134,,27.0,OTHER_T20/FRANCHISE
e45810ed,Abdul-Shakoor Rahimzei,Batter,Germany,,26.974966077881824,,,32.93527792351086,,26.974966077881824,32.93527792351086,,27.0,INTL_T20/ASSOCIATE_FRINGE
fb266d70,Sageer Ahmad,Batter,South Korea,,26.957443488113974,,,22.16228567701952,,26.957443488113974,22.16228567701952,,27.0,INTL_T20/ASSOCIATE_FRINGE
10eef955,MJM Kavana,Bowler,Cook Islands,,18.609128795160323,,,26.99125533162833,,18.609128795160323,26.99125533162833,,27.0,INTL_T20/ASSOCIATE_FRINGE
7f6c2dae,DC Stovell,Batter,Bermuda,,27.033724396087656,,,29.898820336004025,,27.033724396087656,29.898820336004025,,27.0,INTL_T20/ASSOCIATE_FRINGE
2dfe0612,Ghulam Ahmadi,Bowler,Germany,,26.596269867100368,,,26.978491839539483,,26.596269867100368,26.978491839539483,,27.0,INTL_T20/ASSOCIATE_FRINGE
48301a4b,D la Cock,Batter,Namibia,,26.96349228645858,,,,,26.96349228645858,,,27.0,INTL_T20/ASSOCIATE_FRINGE
e5464794,Sazib Bhuiyan,All-rounder,Czech Republic,,29.20622716824982,,,21.80106100795756,,29.20622716824982,21.80106100795756,,27.0,INTL_T20/ASSOCIATE_FRINGE
947ceca5,BP Sharma,Bowler,,,,14.36801203864676,,,26.987403518467346,14.36801203864676,26.987403518467346,,27.0,OTHER_T20/FRINGE
d4550956,Ibrahim Zadran,Batter,,,,26.979172391848305,,,,26.979172391848305,,,27.0,OTHER_T20/FRANCHISE
ef141f36,Surya Anand,Bowler,Denmark,,32.84654651383951,,,26.98471926047053,,32.84654651383951,26.98471926047053,,27.0,INTL_T20/ASSOCIATE_FRINGE
7516045a,WT Gavera,Bowler,Papua New Guinea,,17.024005397811102,,,26.982224019131998,,17.024005397811102,26.982224019131998,,27.0,INTL_T20/ASSOCIATE_FRINGE
16d43e12,L Horan,Bowler,Bermuda,,,,,26.971739540675717,,,26.971739540675717,,27.0,INTL_T20/ASSOCIATE_FRINGE
9c181b99,Vinay Ravi,Bowler,Norway,,25.195184770343296,,,27.045131318649666,,25.195184770343296,27.045131318649666,,27.0,INTL_T20/ASSOCIATE_FRINGE
6ebf4d4e,Farzan Afzal,Batter,Spain,,27.04584719784389,,,24.015807727879974,,27.04584719784389,24.015807727879974,,27.0,INTL_T20/ASSOCIATE_FRINGE
92075cdc,M Taylor,Batter,Bahamas,,27.0012465852883,,,23.984361833316207,,27.0012465852883,23.984361833316207,,27.0,INTL_T20/ASSOCIATE_FRINGE
236c8ffb,MW Snedden,Bowler,,,,,,,27.003042596348884,,27.003042596348884,,27.0,OTHER_T20/FRANCHISE
24f6e254,JM James,Bowler,,,,22.87684953753203,,,26.974825147976325,22.87684953753203,26.974825147976325,,27.0,OTHER_T20/FRINGE
9dc3ea7e,H Hiri,Batter,Papua New Guinea,,27.0172736279907,,,24.551331732700554,,27.0172736279907,24.551331732700554,,27.0,INTL_T20/ASSOCIATE_FRINGE
4025c262,PJ van Biljon,Batter,South Africa,,27.591894700849245,26.98061003826924,,,,26.980610038269237,,,27.0,OTHER_T20/FRANCHISE
e258a603,N Dutta,Bowler,Canada,,32.6662637338453,,,30.059240332766002,21.816424181019926,32.6662637338453,26.968184275861223,,27.0,INTL_T20/ASSOCIATE_FRINGE
bcb01d8c,RWT Key,Batter,England,,,27.008225933154904,,,,27.008225933154904,,,27.0,OTHER_T20/FRINGE
dc4686e6,BA Bhatt,Bowler,,,,,,,26.987908643081056,,26.987908643081056,,27.0,OTHER_T20/SMAT
1daa8927,S Malla,Bowler,Nepal,,,23.63247034419031,,25.316078243784368,29.739047318848733,23.63247034419031,26.974691646933504,,27.0,INTL_T20/ASSOCIATE_FRINGE
907cb4c1,Amit Yadav,Bowler,,,,18.326054082356183,,,27.036361589553078,18.326054082356183,27.036361589553078,,27.0,OTHER_T20/FRINGE
c10fd8f9,Aman Desai,Batter,Singapore,,27.03827813201159,,,,,27.03827813201159,,,27.0,INTL_T20/ASSOCIATE_FRINGE
8f08313a,NB Cornwell,Bowler,,,,,,,27.047794117647058,,27.047794117647058,,27.0,OTHER_T20/FRANCHISE
aa76333b,Sikder Billah,Batter,Bahrain,,26.9779254474828,,,25.918752954475387,,26.9779254474828,25.918752954475387,,27.0,INTL_T20/ASSOCIATE_FRINGE
29e8a62e,RJ Burns,Batter,,,,27.028153430046714,,,,27.02815343004671,,,27.0,OTHER_T20/FRANCHISE
9c333e40,Namgay Thinley,All-rounder,Bhutan,,20.90619856351938,,,29.657177225340817,,20.90619856351938,29.657177225340817,,27.0,INTL_T20/ASSOCIATE_FRINGE
94cdf850,B Xenxe,Bowler,,,,17.630435266589753,,,26.905639986491053,17.630435266589753,26.905639986491053,,26.9,OTHER_T20/FRINGE
de7d833e,D Madushanka,Bowler,Sri Lanka,,,,,25.680981595092025,28.947860962566843,,26.906061357895084,,26.9,INTL_T20/FULL_MEMBER
ad67ab56,S Vaz,Bowler,Portugal,,,,,26.86328305739476,,,26.86328305739476,,26.9,INTL_T20/ASSOCIATE_FRINGE
29e676b0,R Moonsamy,Batter,,,,26.8919973816657,,,,26.8919973816657,,,26.9,OTHER_T20/FRINGE
754c883c,Hassan Eisakhil,Batter,,,,26.880786503897955,,,,26.88078650389796,,,26.9,OTHER_T20/FRINGE
d35a520a,Omar Hayat,Bowler,Denmark,,24.412227869175346,,,26.87355850108294,,24.412227869175346,26.87355850108294,,26.9,INTL_T20/ASSOCIATE_FRINGE
07687c15,Sultan Ahmed,Bowler,United Arab Emirates,,22.285564592651504,,,26.903445626765116,,22.285564592651504,26.903445626765116,,26.9,INTL_T20/ASSOCIATE_FRINGE
f5853cef,RJ Robinson,Bowler,Bermuda,,,,,26.894169677352117,,,26.894169677352117,,26.9,INTL_T20/ASSOCIATE_FRINGE
218c7eab,Basir Ahamad,Batter,Nepal,,28.17266709376972,24.9114190691949,,,22.916239522402464,26.94969908455416,22.916239522402464,,26.9,INTL_T20/ASSOCIATE_FRINGE
bec5cab9,DK Mathias,Batter,Bahrain,,26.894253659810268,,,17.076981810708048,,26.894253659810268,17.076981810708048,,26.9,INTL_T20/ASSOCIATE_FRINGE
e5ad357a,MD du Preez,Batter,Namibia,,26.918540680457745,,,,,26.918540680457745,,,26.9,INTL_T20/ASSOCIATE_FRINGE
24d163d7,Himanshu Bisht,Bowler,,,,,,,26.93766233766234,,26.93766233766234,,26.9,OTHER_T20/SMAT
9d0344f3,Akif Raja,Bowler,United Arab Emirates,,28.12589909941675,,,21.2773533774265,26.86815415821501,28.12589909941675,26.86815415821501,,26.9,OTHER_T20/FRANCHISE
58cb36aa,S Nsubuga,Bowler,Uganda,,17.217990809132786,,,26.872102700471846,,17.217990809132786,26.872102700471846,,26.9,INTL_T20/ASSOCIATE_FRINGE
ea9a0642,D Duraisingam,Bowler,Malaysia,,,,,26.888766891103817,,,26.888766891103817,,26.9,INTL_T20/ASSOCIATE_FRINGE
a0339ef4,Qateel Zabiullah,Batter,Switzerland,,26.939795002414193,,,,,26.939795002414193,,,26.9,INTL_T20/ASSOCIATE_FRINGE
38189be1,OD Hald,Bowler,Denmark,,29.92250141644631,,,26.935110595361216,,29.92250141644631,26.935110595361216,,26.9,INTL_T20/ASSOCIATE_FRINGE
39dd4d6d,Unnikrishnan Manukrishnan,Bowler,,,,25.026935659956997,,,26.87012450748621,25.026935659956997,26.870124507486214,,26.9,OTHER_T20/FRINGE
8c8a3f08,GM Ntambalika,Batter,Malawi,,26.88085978740536,,,21.503035830507315,,26.88085978740536,21.503035830507315,,26.9,INTL_T20/ASSOCIATE_FRINGE
f99a219a,E Sebareme,All-rounder,Rwanda,,10.843424680960219,,,33.83554376657825,,10.843424680960219,33.83554376657825,,26.9,INTL_T20/ASSOCIATE_FRINGE
6766ca00,M Shumba,Batter,Zimbabwe,,26.912749363119733,,,,,26.912749363119733,,,26.9,INTL_T20/FULL_MEMBER
c4fb0b39,VS Padhaal,Batter,Finland,,26.8688978319633,,,,,26.8688978319633,,,26.9,INTL_T20/ASSOCIATE_FRINGE
f9dc404a,Amar Naeem,Batter,Austria,,26.923352348722787,,,,,26.923352348722787,,,26.9,INTL_T20/ASSOCIATE_FRINGE
c3f7898b,TP Ludeman,Batter,,,,26.928827756001994,,,,26.928827756001997,,,26.9,OTHER_T20/FRANCHISE
0a5718ef,Iftekar Jaman,Batter,Cyprus,,26.931029103857085,,,,,26.931029103857085,,,26.9,INTL_T20/ASSOCIATE_FRINGE
c471750e,LC Le Tissier,Batter,Guernsey,,26.878698689817625,,,31.006414208885694,,26.878698689817625,31.006414208885694,,26.9,INTL_T20/ASSOCIATE_FRINGE
44a89551,KS Bharat,Wicketkeeper,,,,17.591836734693878,,,,17.591836734693878,,63.9344262295082,26.9,OTHER_T20/SMAT
4b51bd51,Mahmudul Hasan Joy,Batter,Bangladesh,,,26.784566838783707,,,,26.78456683878371,,,26.8,OTHER_T20/FRANCHISE
798ce1ad,SKG Krishnan,Bowler,Malaysia,,,,,26.782364577238834,,,26.782364577238834,,26.8,INTL_T20/ASSOCIATE_FRINGE
2f1be128,Abdulla Pervaiz,Batter,Bahrain,,26.7885190648784,,,,,26.7885190648784,,,26.8,INTL_T20/ASSOCIATE_FRINGE
a073f2ff,S Thakur,Batter,Romania,,26.84879913390583,,,19.6740340150036,,26.84879913390583,19.6740340150036,,26.8,INTL_T20/ASSOCIATE_FRINGE
d26858c0,HB Kayondo,Batter,Uganda,,26.79432240725842,,,,,26.79432240725842,,,26.8,INTL_T20/ASSOCIATE_FRINGE
dca8273d,Zubaidi Zulkifle,Batter,Malaysia,,26.823732332628374,,,,,26.823732332628374,,,26.8,INTL_T20/ASSOCIATE_FRINGE
05257527,S Chohan,Batter,Panama,,26.793657289476837,,,,,26.793657289476837,,,26.8,INTL_T20/ASSOCIATE_FRINGE
b3540b2a,C Pengkumta,Bowler,Thailand,,24.395583589088638,,,26.777072855152504,,24.395583589088638,26.777072855152504,,26.8,INTL_T20/ASSOCIATE_FRINGE
49118dc7,SO Ngoche,All-rounder,Kenya,,17.08006455612321,,,30.947343895619756,,17.08006455612321,30.947343895619756,,26.8,INTL_T20/ASSOCIATE_FRINGE
ef8eba13,Zain Asif,Batter,Bulgaria,,26.814341930975015,,,,,26.814341930975015,,,26.8,INTL_T20/ASSOCIATE_FRINGE
cee2fbd8,Habibur Rahman,Batter,,,,26.803425684304038,,,,26.80342568430404,,,26.8,OTHER_T20/FRANCHISE
a3bfec5d,SR Clark,Bowler,Australia,,,,,26.78827382494579,,,26.78827382494579,,26.8,INTL_T20/ASSOCIATE_FRINGE
3967b66f,CJ Langford,Bowler,Isle of Man,,28.971040391981326,,,26.77143595135528,,28.971040391981326,26.77143595135528,,26.8,INTL_T20/ASSOCIATE_FRINGE
a76d4082,T Suri,Batter,United Arab Emirates,,26.7592386749973,,,,,26.7592386749973,,,26.8,INTL_T20/ASSOCIATE_FRINGE
f64eed39,SL Elstone,Batter,,,,26.82401103357837,,,,26.824011033578365,,,26.8,OTHER_T20/FRANCHISE
ab21795b,BAD Manenti,All-rounder,Italy,,31.314990678851853,22.955516199604126,,15.346551724137932,28.49512195121951,22.955516199604126,28.49512195121951,,26.8,OTHER_T20/FRANCHISE
c767d8ed,Rejaul Karim,Batter,Brazil,,26.765010287202973,,,,,26.765010287202973,,,26.8,INTL_T20/ASSOCIATE_FRINGE
f407e354,M van Jaarsveld,Batter,,,,26.824175578691488,,,,26.824175578691488,,,26.8,OTHER_T20/FRINGE
eb67df8f,Aditya Waghmode,Batter,,,,26.816111669420632,,,,26.816111669420636,,,26.8,OTHER_T20/FRINGE
f22d2247,KH Abe,Batter,Japan,,26.756403082300228,,,,,26.756403082300228,,,26.8,INTL_T20/ASSOCIATE_FRINGE
e61cee7b,H Venkataram,Bowler,Singapore,,32.42444855365572,,,26.805363373530433,,32.42444855365572,26.805363373530433,,26.8,INTL_T20/ASSOCIATE_FRINGE
55f0e741,C Greenshields,Batter,Portugal,,26.767196518733193,,,24.562535383638043,,26.767196518733193,24.562535383638043,,26.8,INTL_T20/ASSOCIATE_FRINGE
d953bf92,A Kirschbaum,Batter,Argentina,,26.772293448728703,,,33.254780486991976,,26.772293448728703,33.254780486991976,,26.8,INTL_T20/ASSOCIATE_FRINGE
8d8c24fd,RJ Nicol,Batter,New Zealand,,26.783956402862927,24.690427087264702,,44.779591836734696,15.053216343907378,26.783956402862927,44.779591836734696,,26.8,INTL_T20/FULL_MEMBER
bb134e5c,JJ Smit,All-rounder,Namibia,,32.66576352222769,20.214285714285715,,27.929310344827584,17.517241379310345,27.99645934424945,24.02478448275862,,26.8,INTL_T20/ASSOCIATE_FRINGE
8a06bb55,Ahmad Ullah,Bowler,Germany,,,,,26.685967289704106,,,26.685967289704106,,26.7,INTL_T20/ASSOCIATE_FRINGE
868e3639,SM Kazi,Bowler,,,,18.549479422088393,,,26.719208825847126,18.549479422088393,26.719208825847126,,26.7,OTHER_T20/FRINGE
f5b68485,K Pala,Batter,Papua New Guinea,,26.70404575603736,,,,,26.70404575603736,,,26.7,INTL_T20/ASSOCIATE_FRINGE
00321fff,Mohammad Ghazanfar,Bowler,Hong Kong,,16.95122011295873,,,26.74321884232478,,16.95122011295873,26.74321884232478,,26.7,INTL_T20/ASSOCIATE_FRINGE
c01d7726,H Thaker,All-rounder,Canada,,31.03301878103813,19.381310418904405,,27.672413793103445,24.900181488203266,26.66362814523798,26.632826678765873,,26.7,INTL_T20/ASSOCIATE_FRINGE
04e0cdec,R Lutaaya,Batter,Uganda,,26.70620483753146,,,,,26.70620483753146,,,26.7,INTL_T20/ASSOCIATE_FRINGE
f28a60e0,Saad Bin Zafar,All-rounder,Canada,,28.643338572051267,21.142857142857146,,31.16748768472906,20.19600725952813,25.83065803610347,27.05318252527871,,26.7,INTL_T20/ASSOCIATE_FRINGE
ddb00822,P Prasanth,Bowler,,,,25.218637061139955,,,26.724491848576953,25.218637061139955,26.724491848576953,,26.7,OTHER_T20/FRINGE
f2e8b37c,Arafat Minhas,Batter,Pakistan,,,26.71373410924398,,22.32588517483955,22.694191951032195,26.713734109243976,22.46400021591179,,26.7,OTHER_T20/FRINGE
e6d298e8,CD de Lange,Bowler,Scotland,,,,,26.746934817795506,,,26.746934817795506,,26.7,INTL_T20/ASSOCIATE_FRINGE
fb7dc205,JL Martel,Bowler,Guernsey,,,,,26.701495849514295,,,26.701495849514295,,26.7,INTL_T20/ASSOCIATE_FRINGE
eab6aa30,Senitha Halambage,Bowler,,,,24.804146492796086,,,26.724269396896496,24.804146492796086,26.7242693968965,,26.7,OTHER_T20/FRINGE
fcd1dd35,Ayush Jamwal,Bowler,,,,,,,26.727272727272734,,26.727272727272734,,26.7,OTHER_T20/SMAT
40db4769,G Sanketh,Bowler,,,,,,,26.656108597285066,,26.656108597285066,,26.7,OTHER_T20/FRANCHISE
663ad386,I Asif,Batter,Austria,,26.672221524921426,,,23.35049253490318,,26.672221524921426,23.35049253490318,,26.7,INTL_T20/ASSOCIATE_FRINGE
15c766c3,Inam-ul-Haq,Batter,Qatar,,26.66826359710044,,,27.379812797588464,,26.66826359710044,27.379812797588464,,26.7,INTL_T20/ASSOCIATE_FRINGE
36a0a88c,Sarawut Maliwan,Bowler,Thailand,,11.136874069867503,,,26.746768088718134,,11.136874069867503,26.746768088718134,,26.7,INTL_T20/ASSOCIATE_FRINGE
d047f983,P Sharma,Batter,Kenya,,26.739357498698105,,,24.19622582770648,,26.739357498698105,24.19622582770648,,26.7,INTL_T20/ASSOCIATE_FRINGE
d465c6d7,C Wright,Bowler,Cayman Islands,,20.175970942279136,,,26.69704622381154,,20.175970942279136,26.69704622381154,,26.7,INTL_T20/ASSOCIATE_FRINGE
5691931a,Haseebullah Khan,Batter,Pakistan,,23.706018590765606,26.67836945449436,,,,26.678369454494355,,,26.7,OTHER_T20/FRANCHISE
f10e94c4,AD Nath,Batter,United Arab Emirates,,,26.722325047563906,,,,26.722325047563906,,,26.7,OTHER_T20/SMAT
48024cf4,MM Siddique,Bowler,Japan,,25.872256103681025,,,26.666096813805275,,25.872256103681025,26.666096813805275,,26.7,INTL_T20/ASSOCIATE_FRINGE
011b7b59,T Ota,Batter,Japan,,26.61215318452146,,,,,26.61215318452146,,,26.6,INTL_T20/ASSOCIATE_FRINGE
01a95383,MD Taylor,All-rounder,,,,15.220431912274814,,,31.465853658536584,15.220431912274814,31.465853658536584,,26.6,OTHER_T20/FRANCHISE
aa710a58,EN Gay,Batter,Italy,,27.444075609333893,25.193269185977947,,,,26.60002320057541,,,26.6,INTL_T20/ASSOCIATE_FRINGE
baa7dd37,V Ganesan,All-rounder,Germany,,18.555570103247046,,,30.095281306715062,,18.555570103247046,30.095281306715062,,26.6,INTL_T20/ASSOCIATE_FRINGE
10885753,V Dhaniram,Bowler,Cayman Islands,,,,,26.597786226950284,,,26.597786226950284,,26.6,INTL_T20/ASSOCIATE_FRINGE
f7ce2ff9,J Ramanandi,Bowler,Oman,,24.754904642420172,,,26.557004782190383,,24.754904642420172,26.557004782190383,,26.6,INTL_T20/ASSOCIATE_FRINGE
673be48f,W Nalisa,Bowler,Vanuatu,,30.48069144979668,,,26.640390889970618,,30.48069144979668,26.640390889970618,,26.6,INTL_T20/ASSOCIATE_FRINGE
f3e65a4b,E Ndubudem,Bowler,Nigeria,,18.309506430224268,,,26.61916661583914,,18.309506430224268,26.61916661583914,,26.6,INTL_T20/ASSOCIATE_FRINGE
c2294408,Pallav Kumar Das,Batter,,,,26.64000116513904,,,,26.64000116513904,,,26.6,OTHER_T20/SMAT
219cc59e,DY Pennington,Bowler,,,,43.83495145631068,,,26.611253196930946,43.83495145631068,26.611253196930946,,26.6,OTHER_T20/FRANCHISE
f68bac56,B Lewis,Bowler,Belize,,18.258701650475885,,,26.642073654598818,,18.258701650475885,26.642073654598818,,26.6,INTL_T20/ASSOCIATE_FRINGE
f42064d5,CN Greaves,Bowler,Scotland,,29.155813235505818,,,26.60425811956121,,29.155813235505818,26.60425811956121,,26.6,INTL_T20/ASSOCIATE_FRINGE
2c76b512,DJ Muthuswami,Bowler,,,,,,,26.555467168427654,,26.555467168427654,,26.6,OTHER_T20/FRINGE
caabc8e4,Mohit Kumar,Bowler,,,,22.67853201665031,,,26.61790070921986,22.67853201665031,26.61790070921986,,26.6,OTHER_T20/FRINGE
84d0b84c,Tauqeer Hussain,Bowler,Spain,,,,,26.56539995326152,,,26.56539995326152,,26.6,INTL_T20/ASSOCIATE_FRINGE
e6b3c3cc,Parveen Kumar,Bowler,Canada,,21.663350302222717,,,26.595977406535027,,21.663350302222717,26.595977406535027,,26.6,INTL_T20/ASSOCIATE_FRINGE
8e5a1a7a,Talha Khan,Batter,Germany,,26.64970284434375,,,,,26.64970284434375,,,26.6,INTL_T20/ASSOCIATE_FRINGE
8f0c3818,Hassan Khan,Batter,Germany,,26.550943698529192,,,,,26.550943698529192,,,26.6,INTL_T20/ASSOCIATE_FRINGE
d5b52676,Idrees Ul Haque,Batter,Switzerland,,26.568639607122392,,,,,26.568639607122392,,,26.6,INTL_T20/ASSOCIATE_FRINGE
56e771ef,Rizwan Mahmood,Batter,Denmark,,26.569755913000492,,,,,26.569755913000492,,,26.6,INTL_T20/ASSOCIATE_FRINGE
e0f12392,Mohammed Alamgir,Batter,Eswatini,,26.635208262419404,,,20.328687185284146,,26.635208262419404,20.328687185284146,,26.6,INTL_T20/ASSOCIATE_FRINGE
5f966ec0,JA Raval,Batter,,,,26.563421185705472,,,,26.563421185705472,,,26.6,OTHER_T20/FRANCHISE
30829ea2,Yuvraj Singh,Bowler,,,,22.040735932749772,,,26.585410334346506,22.040735932749772,26.585410334346506,,26.6,OTHER_T20/FRINGE
a83c44b8,A Gqamane,All-rounder,,,,20.068502775240635,,,29.257504690431517,20.068502775240635,29.257504690431517,,26.5,OTHER_T20/FRANCHISE
a127e6f5,Shenjian Zheng,Batter,China,,26.45888172895298,,,,,26.45888172895298,,,26.5,INTL_T20/ASSOCIATE_FRINGE
9d1f42c6,Ashfaq Ahmed,Batter,United Arab Emirates,,26.47837129827972,,,23.210515363272016,,26.47837129827972,23.210515363272016,,26.5,INTL_T20/ASSOCIATE_FRINGE
f190c775,K Tathgur,Batter,Canada,,26.52624773236047,,,,,26.52624773236047,,,26.5,INTL_T20/ASSOCIATE_FRINGE
2052d6f4,T McKeegan,Bowler,,,,15.744763110353091,,,26.543912462006077,15.744763110353091,26.543912462006077,,26.5,OTHER_T20/FRINGE
b5bd99da,Azhar Andani,Batter,Portugal,,26.46532030482183,,,,,26.46532030482183,,,26.5,INTL_T20/ASSOCIATE_FRINGE
c51add25,MB Kruger,Batter,Namibia,,26.477016018739754,,,,,26.477016018739754,,,26.5,INTL_T20/ASSOCIATE_FRINGE
8a3dd116,Sahil Tarakhil,Batter,Switzerland,,26.51881588323583,,,,,26.51881588323583,,,26.5,INTL_T20/ASSOCIATE_FRINGE
5e0bb751,Shagharai Sefat,Bowler,Belgium,,,,,26.507415582766313,,,26.507415582766313,,26.5,INTL_T20/ASSOCIATE_FRINGE
839b6d2e,Saurabh Rawat,Wicketkeeper,,,,23.363188535602326,,,,23.363188535602326,,39.285714285714285,26.5,OTHER_T20/SMAT
7ba6ef29,MN Singh,Wicketkeeper,,,,19.3044733044733,,,,19.3044733044733,,55.35714285714286,26.5,OTHER_T20/SMAT
f0e8d51a,Shoaib Ali,Bowler,Saudi Arabia,,29.565800778782275,,,26.455382777686083,,29.565800778782275,26.455382777686083,,26.5,INTL_T20/ASSOCIATE_FRINGE
c25d26dc,Sulaimon Runsewe,Batter,Nigeria,,26.511515571612023,,,23.36392970917686,,26.511515571612023,23.36392970917686,,26.5,INTL_T20/ASSOCIATE_FRINGE
c18cecbe,J Barker,Batter,Luxembourg,,26.501861514533033,,,,,26.501861514533033,,,26.5,INTL_T20/ASSOCIATE_FRINGE
f8bd71c9,Atif Kamal,Bowler,Luxembourg,,20.967566979448804,,,26.503072226839592,,20.967566979448804,26.503072226839592,,26.5,INTL_T20/ASSOCIATE_FRINGE
a1765140,Mrunal Devdhar,Batter,,,,26.53380138969311,,,,26.53380138969311,,,26.5,OTHER_T20/SMAT
ddc7e056,P Buccimazza,Bowler,Portugal,,21.470196282739696,,,26.482502782134148,,21.470196282739696,26.482502782134148,,26.5,INTL_T20/ASSOCIATE_FRINGE
d6d2ac95,S Sharma,Bowler,Mexico,,22.97199599896166,,,26.48963191829165,,22.97199599896166,26.48963191829165,,26.5,INTL_T20/ASSOCIATE_FRINGE
7c7303eb,JD Nel,Bowler,Scotland,,,,,26.54729016168637,,,26.54729016168637,,26.5,INTL_T20/ASSOCIATE_FRINGE
5252740c,MB Gauna,Batter,Fiji,,26.456778204515285,,,,,26.456778204515285,,,26.5,INTL_T20/ASSOCIATE_FRINGE
5876c626,Mehdi Hassan,Bowler,,,,,,,26.52843708016122,,26.52843708016122,,26.5,OTHER_T20/SMAT
15deff66,Bishworjit Konthoujam,Bowler,,,,,,,26.47975553857907,,26.47975553857907,,26.5,OTHER_T20/SMAT
56c0966b,T Phaswana,Batter,Botswana,,26.439896844417582,,,,,26.439896844417582,,,26.4,INTL_T20/ASSOCIATE_FRINGE
877ad201,Hayatullah Niazi,Bowler,Norway,,31.093264698001263,,,26.448258858472414,,31.093264698001263,26.448258858472414,,26.4,INTL_T20/ASSOCIATE_FRINGE
d0d32c30,Amandeep Singh,Batter,Portugal,,26.41127983141383,,,24.07088891172541,,26.41127983141383,24.07088891172541,,26.4,INTL_T20/ASSOCIATE_FRINGE
91f0792f,GJ Thompson,Batter,Ireland,,25.332008567907195,28.3075555307418,,,,26.44783867897017,,,26.4,INTL_T20/ASSOCIATE_FRINGE
880133fb,Azam Mohammad,Bowler,Sweden,,,,,26.36648736749512,,,26.36648736749512,,26.4,INTL_T20/ASSOCIATE_FRINGE
c9d05f1a,Yasim Murtaza,All-rounder,Hong Kong,,25.23106755795241,,,26.893435812214378,,25.23106755795241,26.893435812214378,,26.4,INTL_T20/ASSOCIATE_FRINGE
eb5aa5b9,Bilal Muhammad,Bowler,Malta,,34.601054697853954,,,26.374308911219494,,34.601054697853954,26.374308911219494,,26.4,INTL_T20/ASSOCIATE_FRINGE
8e554b6b,Abdul Samad,Batter,Pakistan,,25.16831357795988,28.434359941172133,,,,26.39308096416447,,,26.4,INTL_T20/ASSOCIATE_FRINGE
7da02d10,Numan Ahmadzai,Batter,Switzerland,,26.381391162041382,,,,,26.381391162041382,,,26.4,INTL_T20/ASSOCIATE_FRINGE
430b7399,IP Swaney,Batter,Singapore,,26.388967198527954,,,15.84450944698093,,26.388967198527954,15.84450944698093,,26.4,INTL_T20/ASSOCIATE_FRINGE
bad1af65,D Panda,Batter,Mexico,,26.367929718952684,,,29.119244495100006,,26.367929718952684,29.119244495100006,,26.4,INTL_T20/ASSOCIATE_FRINGE
284c4330,S Krishnashriram,Bowler,,,,14.834913541792268,,,26.440414963148378,14.83491354179227,26.440414963148378,,26.4,OTHER_T20/FRINGE
f32dbc84,CJ Chibhabha,Batter,Zimbabwe,,26.380587197842104,,,51.80914285714287,,26.380587197842104,51.80914285714287,,26.4,INTL_T20/FULL_MEMBER
f2e28b0c,GW Thomas,Batter,,,,26.423540554816853,,,,26.423540554816853,,,26.4,OTHER_T20/FRINGE
2a20a333,Subham Patel,Batter,Kenya,,26.363847822035638,,,,,26.363847822035638,,,26.4,INTL_T20/ASSOCIATE_FRINGE
9a08a863,Ansar Iqbal,Batter,Norway,,26.39001512096797,,,27.441244476415584,,26.39001512096797,27.441244476415584,,26.4,INTL_T20/ASSOCIATE_FRINGE
1e1a8922,KDC Clarke,Bowler,New Zealand,,,,,,26.43658088235294,,26.43658088235294,,26.4,OTHER_T20/FRANCHISE
b9877635,TE Bailey,Bowler,,,,,,,26.375,,26.375,,26.4,OTHER_T20/FRANCHISE
b1a281cd,Shahbaz Rasheed,Batter,Saudi Arabia,,26.396341937287943,,,23.724491783522204,,26.396341937287943,23.724491783522204,,26.4,INTL_T20/ASSOCIATE_FRINGE
af19aa66,PK Matautaava,Batter,Vanuatu,,26.411946602417807,,,31.15150987232223,,26.411946602417807,31.15150987232223,,26.4,INTL_T20/ASSOCIATE_FRINGE
ff722bc8,C Outerbridge,Bowler,Bermuda,,,,,26.387278017904542,,,26.387278017904542,,26.4,INTL_T20/ASSOCIATE_FRINGE
d9609443,ST Gabriel,Bowler,West Indies,,,,,,26.355698529411768,,26.355698529411768,,26.4,OTHER_T20/FRANCHISE
0d61d8f0,JD Libby,Batter,,,,26.392930705760477,,,,26.392930705760477,,,26.4,OTHER_T20/FRANCHISE
13501ff4,Mohamed Khan,Bowler,Sierra Leone,,22.48056261263444,,,26.383342939165274,,22.48056261263444,26.383342939165274,,26.4,INTL_T20/ASSOCIATE_FRINGE
a9ee404e,Bakhtiar Tahiri,Batter,Bulgaria,,26.437213477382755,,,16.848677275863587,,26.437213477382755,16.848677275863587,,26.4,INTL_T20/ASSOCIATE_FRINGE
e60e8014,Bhargav Narasimha,Bowler,Mexico,,20.857693978683468,,,26.366131595557235,,20.857693978683468,26.366131595557235,,26.4,INTL_T20/ASSOCIATE_FRINGE
e901d179,Musa Khan Ahmadzai,Bowler,Switzerland,,17.920701115276426,,,26.366312004731412,,17.920701115276426,26.366312004731412,,26.4,INTL_T20/ASSOCIATE_FRINGE
7c05b23d,Syed Ahzamul Haq,Batter,Uzbekistan,,26.441768699467623,,,,,26.441768699467623,,,26.4,INTL_T20/ASSOCIATE_FRINGE
d3395043,Shamyl Hussain,Batter,,,,26.42389147355191,,,,26.42389147355191,,,26.4,OTHER_T20/FRINGE
57ac1d99,R van Schoor,Batter,Namibia,,26.430177922791458,,,,,26.430177922791458,,,26.4,INTL_T20/ASSOCIATE_FRINGE
d5bbb6a2,J Anderson,Batter,Ireland,,,26.392050087000086,,,,26.392050087000086,,,26.4,OTHER_T20/FRINGE
b5781ac3,L Trevaskis,All-rounder,,,,17.08481106878585,,,30.33333333333333,17.08481106878585,30.33333333333333,,26.4,OTHER_T20/FRANCHISE
a5dfcd4b,SJ Ally,Batter,Tanzania,,26.32589523263728,,,25.231025494903818,,26.32589523263728,25.231025494903818,,26.3,INTL_T20/ASSOCIATE_FRINGE
66c59019,LN Stackpole,Batter,,,,26.31071531440668,,,,26.31071531440668,,,26.3,OTHER_T20/FRINGE
a390cdd7,Usman Ali,Bowler,Saudi Arabia,,,,,26.34666138517239,,,26.34666138517239,,26.3,INTL_T20/ASSOCIATE_FRINGE
6b75c2b1,NR Kirton,Batter,Canada,,30.930010944838475,18.494103226831086,,20.12571883670743,19.85214785214785,26.266545550585704,20.023129717497586,,26.3,INTL_T20/ASSOCIATE_FRINGE
3ee90b67,Khalid Kail,Batter,Oman,,26.33133615047288,,,,,26.33133615047288,,,26.3,INTL_T20/ASSOCIATE_FRINGE
6c53ffb2,Irfan Safi,Batter,Austria,,26.30458953155821,,,19.669222073784812,,26.30458953155821,19.669222073784812,,26.3,INTL_T20/ASSOCIATE_FRINGE
cd9f6505,Mohit Sharma,Bowler,Mexico,,,,,26.324702247764673,,,26.324702247764673,,26.3,INTL_T20/ASSOCIATE_FRINGE
890946a0,NV Ojha,Wicketkeeper,India,22.77723755971758,,27.651026392961878,,,,23.75199532636644,,36.63612986178078,26.3,IPL/IPL
dcdb87f2,Bilal Khan,Bowler,Oman,,13.86249471042219,15.209826996833726,,28.45365338527951,22.624557273541548,14.367744317826515,26.267742343377773,,26.3,INTL_T20/ASSOCIATE_FRINGE
bd3c364d,T Takada,Batter,Japan,,26.340063635878785,,,23.782145206042543,,26.340063635878785,23.782145206042543,,26.3,INTL_T20/ASSOCIATE_FRINGE
98062446,Anthony Hillman,Batter,Gibraltar,,26.260132054564046,,,,,26.260132054564046,,,26.3,INTL_T20/ASSOCIATE_FRINGE
f89d3b11,Sameer Rizvi,Batter,,,,26.272488561513512,,,,26.272488561513512,,,26.3,OTHER_T20/FRINGE
d901964b,CJ Borgas,Batter,,,,26.340210331120403,,,,26.340210331120403,,,26.3,OTHER_T20/FRANCHISE
0207ff32,TJ Prest,Batter,,,,26.346607897956147,,,,26.346607897956147,,,26.3,OTHER_T20/FRANCHISE
21d4e29b,Navdeep Saini,Bowler,India,,25.04224999259268,,27.41743970315399,25.110218707801476,21.868725868725868,25.04224999259268,26.30769693626836,,26.3,IPL/IPL
61340099,Mohamed Shoib,Bowler,Singapore,,16.291628664356796,,,26.264168031014616,,16.291628664356796,26.264168031014616,,26.3,INTL_T20/ASSOCIATE_FRINGE
3bc56bd6,CJ Delany,Batter,Gibraltar,,26.313695661522885,,,17.18492913930176,,26.313695661522885,17.18492913930176,,26.3,INTL_T20/ASSOCIATE_FRINGE
8bbb89ab,Ahmed Baladraf,Bowler,Saudi Arabia,,,,,26.34265784346446,,,26.34265784346446,,26.3,INTL_T20/ASSOCIATE_FRINGE
c942a53b,WK McCallan,Bowler,Ireland,,21.957209893489797,,,26.28491310352633,,21.957209893489797,26.28491310352633,,26.3,INTL_T20/ASSOCIATE_FRINGE
2809b390,MV Pavlovic,Bowler,Serbia,,18.338995826887214,,,26.23015008460836,,18.338995826887214,26.23015008460836,,26.2,INTL_T20/ASSOCIATE_FRINGE
28e0f645,Saad Khan,Batter,Saudi Arabia,,26.15541114543182,,,,,26.15541114543182,,,26.2,INTL_T20/ASSOCIATE_FRINGE
22bdbba3,M Bhatia,Batter,Singapore,,26.19563161718723,,,25.278730346315896,,26.19563161718723,25.278730346315896,,26.2,INTL_T20/ASSOCIATE_FRINGE
21afb939,Shoaib Khan,Batter,Oman,,26.24693995574946,,,,,26.24693995574946,,,26.2,INTL_T20/ASSOCIATE_FRINGE
f737ab44,S Vijay Unni,All-rounder,Malaysia,,10.811311773237634,,,32.741379310344826,,10.811311773237634,32.741379310344826,,26.2,INTL_T20/ASSOCIATE_FRINGE
5fbe14fc,Imrul Kayes,Batter,Bangladesh,,25.92021768707483,26.633577789418545,,,,26.187727725453723,,,26.2,INTL_T20/FULL_MEMBER
b082d112,MR Quinn,Bowler,,,,,,,26.22515212981744,,26.22515212981744,,26.2,OTHER_T20/FRANCHISE
25d7f1ac,MD Patel,Wicketkeeper,United States of America,,38.24048739430438,21.18851173445624,,,,21.18851173445624,,46.33156541305047,26.2,OTHER_T20/FRANCHISE
2795b0f6,Tanveer Ul-Haq,Bowler,,,,17.83145144005797,,,26.231375886524823,17.83145144005797,26.231375886524823,,26.2,OTHER_T20/FRINGE
1ab8beda,T Rajiv,Batter,Seychelles,,26.199619177006138,,,,,26.199619177006138,,,26.2,INTL_T20/ASSOCIATE_FRINGE
1d048deb,BOP Fernando,Batter,Sri Lanka,,27.065232895100074,24.70981744748248,,,,26.18195210224347,,,26.2,INTL_T20/ASSOCIATE_FRINGE
932d3cc9,FJ Hudson-Prentice,All-rounder,,,,29.329413034095815,,,18.95121951219512,29.329413034095815,18.95121951219512,,26.2,OTHER_T20/FRANCHISE
48f177f5,AJ Redmond,Batter,New Zealand,,29.439629384680877,20.76684041764687,,,,26.187333522043126,,,26.2,INTL_T20/ASSOCIATE_FRINGE
d30c6f81,Vishvaraj Jadeja,Batter,,,,26.220618581827637,,,,26.220618581827637,,,26.2,OTHER_T20/SMAT
de6efa4a,JR Coleman,Bowler,,,,,,,26.21319284025667,,26.21319284025667,,26.2,OTHER_T20/FRINGE
3b16788a,Tarang Gohel,Batter,,,,26.188994307400378,,,,26.188994307400378,,,26.2,OTHER_T20/FRINGE
eca301ed,PW Gough,Batter,Jersey,,26.162132001565666,,,,,26.162132001565666,,,26.2,INTL_T20/ASSOCIATE_FRINGE
34712b35,M Musinguzi,Bowler,Uganda,,,,,26.18452101523347,,,26.18452101523347,,26.2,INTL_T20/ASSOCIATE_FRINGE
03ae720f,MW Goodwin,Batter,,,,26.217191368942345,,,,26.217191368942345,,,26.2,OTHER_T20/FRINGE
eee46f77,Raza Iqbal,Batter,Norway,,26.16151362340325,,,33.52104160747641,,26.16151362340325,33.52104160747641,,26.2,INTL_T20/ASSOCIATE_FRINGE
6b2ff18f,SB Dubey,Batter,,,,26.226746397160294,,,,26.226746397160294,,,26.2,OTHER_T20/FRINGE
cf0ccafa,M Siddharth,Bowler,,,,,,,26.11483868062592,,26.11483868062592,,26.1,OTHER_T20/FRINGE
fcec4285,Hammad Saeed,Batter,Saudi Arabia,,26.052861622791013,,,22.569145234069186,,26.052861622791013,22.569145234069186,,26.1,INTL_T20/ASSOCIATE_FRINGE
6483c062,A Dizija,Batter,Serbia,,26.133919349863007,,,16.424314047888195,,26.133919349863007,16.424314047888195,,26.1,INTL_T20/ASSOCIATE_FRINGE
0ea1455a,HJ Nielsen,Batter,,,,26.097900858297926,,,,26.097900858297926,,,26.1,OTHER_T20/FRANCHISE
2085e1fa,HJH Brookes,All-rounder,,,,25.84002652715349,,,26.235772357723572,25.84002652715349,26.235772357723572,,26.1,OTHER_T20/FRANCHISE
a92609f2,Muhammad Burhan,Bowler,Hungary,,25.66067595059539,,,26.054586230788054,,25.66067595059539,26.054586230788054,,26.1,INTL_T20/ASSOCIATE_FRINGE
f53b3e1d,Karan KC,All-rounder,Nepal,,30.864661391938427,21.855287569573285,,20.593306288032455,26.78620689655172,27.486146208551496,22.915644016227176,,26.1,INTL_T20/ASSOCIATE_FRINGE
da4a1e46,M Spoors,Batter,Canada,,30.09424588072571,19.552980245351904,,,15.645890247831996,26.141271267460528,15.645890247831996,,26.1,INTL_T20/ASSOCIATE_FRINGE
2472ad2c,Aamir Lal,Batter,South Korea,,26.079265545469106,,,31.083872342483396,,26.079265545469106,31.083872342483396,,26.1,INTL_T20/ASSOCIATE_FRINGE
99639abf,NJ Astle,Batter,New Zealand,,26.109414909117845,,,,,26.109414909117845,,,26.1,INTL_T20/ASSOCIATE_FRINGE
3b2ca392,Shunan Ali,Bowler,Maldives,,,,,26.08385308765248,,,26.08385308765248,,26.1,INTL_T20/ASSOCIATE_FRINGE
6f337915,Madhawa Basnayaka,Batter,Finland,,26.128634446836905,,,25.405418984981722,,26.128634446836905,25.405418984981722,,26.1,INTL_T20/ASSOCIATE_FRINGE
57fc2a1e,XE Bell,Batter,,,,26.106961734832954,,,,26.106961734832954,,,26.1,OTHER_T20/FRINGE
49bacd0f,Mihir Hirwani,Bowler,,,,,,,26.14285714285714,,26.14285714285714,,26.1,OTHER_T20/SMAT
4a0a532f,O Isiyaku,Bowler,Nigeria,,,,,26.12711256915685,,,26.12711256915685,,26.1,INTL_T20/ASSOCIATE_FRINGE
730d120f,AG Wakely,Batter,,,,26.061014196420487,,,,26.061014196420487,,,26.1,OTHER_T20/FRANCHISE
871e9faf,Basil Thampi,Bowler,,,,,27.78409090909091,,19.25417439703154,,26.078107606679037,,26.1,IPL/IPL
af28816c,TE Kane,Batter,Ireland,,24.78858854308298,28.296680824350766,,21.233876271708972,27.24294960702728,26.1041231485584,23.487278772453333,,26.1,INTL_T20/ASSOCIATE_FRINGE
0aadc906,PR Shah,Wicketkeeper,,,,17.79980563654033,,,,17.79980563654033,,59.31445603576751,26.1,OTHER_T20/FRINGE
68877963,BJ Konstas,Batter,Greece,,26.140698618404038,,,22.034342214665408,,26.140698618404038,22.034342214665408,,26.1,INTL_T20/ASSOCIATE_FRINGE
03adc956,DB Lakhani,Batter,Sweden,,26.14737341338664,,,25.61237579345945,,26.14737341338664,25.61237579345945,,26.1,INTL_T20/ASSOCIATE_FRINGE
921292ca,Akhter Pacha Sher,Batter,Norway,,26.093230368348358,,,,,26.093230368348358,,,26.1,INTL_T20/ASSOCIATE_FRINGE
edaae5f4,Abdur Rahman Sudais,Batter,Sweden,,26.108861495295333,,,,,26.108861495295333,,,26.1,INTL_T20/ASSOCIATE_FRINGE
c910e89d,Kshitiz Sharma,Batter,,,,26.114446395036396,,,19.419204928220186,26.114446395036396,19.419204928220186,,26.1,OTHER_T20/FRINGE
62f6d8ce,Zaheer Zahiri,Bowler,France,,32.917733723359774,,,26.070754451160468,,32.917733723359774,26.070754451160468,,26.1,INTL_T20/ASSOCIATE_FRINGE
20321b0c,K Lake,Bowler,Japan,,,,,26.06325080541646,,,26.06325080541646,,26.1,INTL_T20/ASSOCIATE_FRINGE
c0b6de1b,P Sungnard,Bowler,Thailand,,,,,26.143729744658486,,,26.143729744658486,,26.1,INTL_T20/ASSOCIATE_FRINGE
1ea4fbd5,Ravikumar Thakur,Bowler,,,,,,,26.127918946301925,,26.127918946301925,,26.1,OTHER_T20/FRINGE
12c3ba4d,P Khadka,All-rounder,Nepal,,28.02911874653455,,,21.336206896551722,,28.02911874653455,21.336206896551722,,26.0,INTL_T20/ASSOCIATE_FRINGE
b91083bd,Abhijeet Ahuja,Batter,Hungary,,25.99689520952589,,,,,25.99689520952589,,,26.0,INTL_T20/ASSOCIATE_FRINGE
02789d88,Shamsur Rahman,Batter,Bangladesh,,24.17037255424694,25.978235470895186,,,,25.978235470895186,,,26.0,OTHER_T20/FRANCHISE
17530fd9,G Irvin,Bowler,Bahamas,,,,,26.032371539416236,,,26.032371539416236,,26.0,INTL_T20/ASSOCIATE_FRINGE
ab23a6a1,Syed Haider,Batter,United Arab Emirates,,26.011925491011848,,,,,26.011925491011848,,,26.0,INTL_T20/ASSOCIATE_FRINGE
945981e5,D Johnson,Batter,Switzerland,,26.014802466365513,,,18.54658308498613,,26.014802466365513,18.54658308498613,,26.0,INTL_T20/ASSOCIATE_FRINGE
80089b3a,NAT Watkins,Bowler,Jersey,,24.099688510740144,,,26.045942979246405,,24.099688510740144,26.045942979246405,,26.0,INTL_T20/ASSOCIATE_FRINGE
077f83bf,M Abinash,Bowler,,,,19.66990105943788,,,26.031379939209728,19.66990105943788,26.031379939209728,,26.0,OTHER_T20/FRINGE
6bb9e53b,Arif Yaqoob,Bowler,,,,22.29080769863634,,,26.02151335786274,22.29080769863634,26.02151335786274,,26.0,OTHER_T20/FRINGE
732ce0c2,G Mubiru,Bowler,Uganda,,,,,25.99453411445122,,,25.99453411445122,,26.0,INTL_T20/ASSOCIATE_FRINGE
96824e68,CP Tremain,Bowler,,,,42.1545929798357,,,25.96311475409836,42.1545929798357,25.96311475409836,,26.0,OTHER_T20/FRANCHISE
f0ad7a75,Thilina Silva,Bowler,Seychelles,,,,,25.99570684417239,,,25.99570684417239,,26.0,INTL_T20/ASSOCIATE_FRINGE
37b0f5f9,Bandeep Singh,Batter,,,,25.994685056377037,,,,25.994685056377037,,,26.0,OTHER_T20/FRINGE
3346b14f,S Koppolu,Batter,Slovenia,,26.017728426463968,,,16.739612235809954,,26.017728426463968,16.739612235809954,,26.0,INTL_T20/ASSOCIATE_FRINGE
9339830a,K Hilton,Batter,,,,25.981277535604313,,,,25.981277535604313,,,26.0,OTHER_T20/FRINGE
308ca4bd,Bashar Khan,Bowler,Italy,,,,,25.95671379121056,,,25.95671379121056,,26.0,INTL_T20/ASSOCIATE_FRINGE
2d8aae2f,SP Gauchan,Bowler,Nepal,,15.001112630888738,,,26.022486784271287,,15.001112630888738,26.022486784271287,,26.0,INTL_T20/ASSOCIATE_FRINGE
68f24545,S Maduranga,Bowler,South Korea,,24.33291529278784,,,26.02931009045081,,24.33291529278784,26.02931009045081,,26.0,INTL_T20/ASSOCIATE_FRINGE
8af86756,BC Brown,Batter,,,,26.028909287945435,,,,26.028909287945435,,,26.0,OTHER_T20/FRANCHISE
88867cac,AJA Gray,Bowler,,,,20.26084199225216,,,25.954278035514317,20.26084199225216,25.954278035514317,,26.0,OTHER_T20/FRINGE
34e36b65,AM Kimote,All-rounder,Tanzania,,11.284542460637093,,,32.318965517241374,,11.284542460637093,32.318965517241374,,26.0,INTL_T20/ASSOCIATE_FRINGE
fd34bcb0,M Machado,Batter,Portugal,,25.986192067659218,,,,,25.986192067659218,,,26.0,INTL_T20/ASSOCIATE_FRINGE
8e81b773,VB Chikkannaiah,Batter,Germany,,26.04170025839119,,,,,26.04170025839119,,,26.0,INTL_T20/ASSOCIATE_FRINGE
13f34a28,TC Knight,Batter,,,,25.99021593561347,,,18.237762237762237,25.99021593561347,18.237762237762237,,26.0,OTHER_T20/FRINGE
a7750ab4,AR Frost,Batter,,,,25.979075075378578,,,20.948178035556676,25.979075075378578,20.948178035556676,,26.0,OTHER_T20/FRINGE
a48c9735,Amir Mangal,Batter,Germany,,26.005220057021223,,,,,26.005220057021223,,,26.0,INTL_T20/ASSOCIATE_FRINGE
2719e9a6,E Robinson,Bowler,Guernsey,,20.7338444534542,,,25.96949310480101,,20.7338444534542,25.96949310480101,,26.0,INTL_T20/ASSOCIATE_FRINGE
1c1bb0d5,MB Tambe,Bowler,Finland,,17.81568225261426,,,26.03971979764593,,17.81568225261426,26.03971979764593,,26.0,INTL_T20/ASSOCIATE_FRINGE
354cb360,SS Nadkarni,Batter,United States of America,,26.01724304848087,,,,,26.01724304848087,,,26.0,INTL_T20/ASSOCIATE_FRINGE
39571f64,MPM Weerasinghe,Batter,,,,26.04638044270277,,,18.503593493884757,26.04638044270277,18.503593493884757,,26.0,OTHER_T20/FRINGE
5500c675,PC Connell,Bowler,Ireland,,,,,25.8799561124273,,,25.8799561124273,,25.9,INTL_T20/ASSOCIATE_FRINGE
58973aaf,IA De Silva,Batter,Bulgaria,,25.92735672740829,,,,,25.92735672740829,,,25.9,INTL_T20/ASSOCIATE_FRINGE
57888f3c,Muhammad Yasin,Batter,Spain,,25.88202923643974,,,,,25.88202923643974,,,25.9,INTL_T20/ASSOCIATE_FRINGE
7370ca3d,JH Kiani,Batter,Philippines,,25.85545356690139,,,,,25.85545356690139,,,25.9,INTL_T20/ASSOCIATE_FRINGE
3d51cc7e,Chirag Khurana,Batter,,,,25.94006144554239,,,24.22743033665364,25.94006144554239,24.22743033665364,,25.9,OTHER_T20/FRINGE
861eed37,WSA Williams,Bowler,,,,,,,25.854192740926152,,25.854192740926152,,25.9,OTHER_T20/FRANCHISE
04ab1575,S Ivetic,Batter,Serbia,,25.894640506699474,,,,,25.894640506699474,,,25.9,INTL_T20/ASSOCIATE_FRINGE
33f28243,Naved-ul-Hasan,Bowler,Pakistan,,,24.84830758793815,,25.53042751881143,26.564518375241782,24.84830758793815,25.91821158997281,,25.9,INTL_T20/ASSOCIATE_FRINGE
fdee4a01,Shoaib Khan,Batter,United Arab Emirates,,25.92972668640797,,,,,25.92972668640797,,,25.9,INTL_T20/ASSOCIATE_FRINGE
deef8879,Ali Nawaz,Batter,Hungary,,25.86136021701853,,,21.237681122186824,,25.86136021701853,21.237681122186824,,25.9,INTL_T20/ASSOCIATE_FRINGE
7b6623bc,J Daley,Batter,Turks and Caicos Island,,25.88674789894843,,,,,25.88674789894843,,,25.9,INTL_T20/ASSOCIATE_FRINGE
2d4dc51e,Farhan Yousaf,Batter,,,,25.90612871231083,,,,25.90612871231083,,,25.9,OTHER_T20/FRINGE
c4e73ff1,KH Prajapati,Batter,Oman,,25.879205557356606,,,,,25.879205557356606,,,25.9,INTL_T20/ASSOCIATE_FRINGE
5efa8af3,M Syahadat Ramli,Batter,Malaysia,,25.908622670376314,,,32.88654814510328,,25.908622670376314,32.88654814510328,,25.9,INTL_T20/ASSOCIATE_FRINGE
f1541912,BA Mayes,Batter,,,,25.862589924724517,,,,25.862589924724517,,,25.9,OTHER_T20/FRINGE
b0aadf4f,N Knights,Batter,Isle of Man,,25.874182960080905,,,,,25.874182960080905,,,25.9,INTL_T20/ASSOCIATE_FRINGE
112959b2,A Bagai,Batter,Canada,,25.869473062696123,,,,,25.869473062696123,,,25.9,INTL_T20/ASSOCIATE_FRINGE
ac3e14ed,BS Wilson,Batter,,,,25.86863004479646,,,,25.86863004479646,,,25.9,OTHER_T20/FRINGE
faef026c,SKS Gill,Batter,Luxembourg,,25.88606158653632,,,22.41946513383941,,25.88606158653632,22.41946513383941,,25.9,INTL_T20/ASSOCIATE_FRINGE
b3ba0c35,Kamal Raiz,Bowler,Cyprus,,,,,25.9459296120438,,,25.9459296120438,,25.9,INTL_T20/ASSOCIATE_FRINGE
b51f72a5,SS Agarwal,Bowler,,,,20.833435088275436,,,25.908442343052272,20.833435088275436,25.908442343052272,,25.9,OTHER_T20/FRINGE
b274dbbd,ER Dwivedi,Batter,,,,25.937810444178233,,,,25.937810444178233,,,25.9,OTHER_T20/FRINGE
0ed66ce6,C Forshaw,Bowler,Guernsey,,22.53619780207874,,,25.87460084294991,,22.53619780207874,25.87460084294991,,25.9,INTL_T20/ASSOCIATE_FRINGE
d8a90827,Shubham Khajuria,Batter,,,,25.85233833265351,,,,25.85233833265351,,,25.9,OTHER_T20/SMAT
36101309,A Manepalli,Batter,Luxembourg,,25.940270093393146,,,,,25.940270093393146,,,25.9,INTL_T20/ASSOCIATE_FRINGE
b29aa20f,Bakhtyar Nabi,Bowler,,,,21.93121129069908,,,25.75397771023303,21.93121129069908,25.75397771023303,,25.8,OTHER_T20/FRINGE
11174f6d,S Gasteratos,Bowler,Greece,,,,,25.788120787142844,,,25.788120787142844,,25.8,INTL_T20/ASSOCIATE_FRINGE
f8a63b6f,NRM Thain,Batter,,,,25.812680544982545,,,19.75601820604676,25.812680544982545,19.75601820604676,,25.8,OTHER_T20/FRINGE
16084b50,LA Simango,Bowler,Mozambique,,20.012396144670355,,,25.75814886904279,,20.012396144670355,25.75814886904279,,25.8,INTL_T20/ASSOCIATE_FRINGE
d8dccff5,JP Kaltapau,Batter,Vanuatu,,25.778208251477427,,,,,25.778208251477427,,,25.8,INTL_T20/ASSOCIATE_FRINGE
c2dd89ea,BR Sharath,Wicketkeeper,,,,21.739002932551323,,,,21.739002932551323,,42.12529274004684,25.8,OTHER_T20/SMAT
d84a1af0,Nathan Ingleston,Bowler,Panama,,,,,25.76590817040644,,,25.76590817040644,,25.8,INTL_T20/ASSOCIATE_FRINGE
28857717,Rachintha de Silva,Bowler,,,,,,,25.842346954857597,,25.842346954857597,,25.8,OTHER_T20/FRINGE
c024db94,RJ Ranpura,Bowler,Oman,,29.243846614560383,,,25.800513188060798,,29.243846614560383,25.800513188060798,,25.8,INTL_T20/ASSOCIATE_FRINGE
65a29a30,Huzaifa Mohammed,Bowler,Philippines,,24.78155458305836,,,25.7779133384359,,24.78155458305836,25.7779133384359,,25.8,INTL_T20/ASSOCIATE_FRINGE
6579788b,R Tommy,Bowler,Sierra Leone,,,,,25.833782671536056,,,25.833782671536056,,25.8,INTL_T20/ASSOCIATE_FRINGE
1f1f93b5,DG Crowley,Batter,Italy,,25.822386850085124,,,21.995027489466654,,25.822386850085124,21.995027489466654,,25.8,INTL_T20/ASSOCIATE_FRINGE
212aeedd,N Peter,Bowler,South Africa,,,,,25.804615834063686,22.25508774857461,,25.804615834063686,,25.8,INTL_T20/FULL_MEMBER
6176f240,Chirag Suri,Batter,United Arab Emirates,,30.81032915911137,17.491914537075825,,,,25.81592367584804,,,25.8,INTL_T20/ASSOCIATE_FRINGE
1f367515,Naseer Jamali,Bowler,United States of America,,,,,25.843862596086616,,,25.843862596086616,,25.8,INTL_T20/ASSOCIATE_FRINGE
f5bd70f2,NM Salonen,Bowler,Finland,,32.20706123025321,,,25.75279882157148,,32.20706123025321,25.75279882157148,,25.8,INTL_T20/ASSOCIATE_FRINGE
b388d623,G Fatouros,Batter,Greece,,25.806327354672025,,,22.932418886221168,,25.806327354672025,22.932418886221168,,25.8,INTL_T20/ASSOCIATE_FRINGE
033ac24e,Shafiq Sharif,Wicketkeeper,Malaysia,,24.177071053477654,,,,,24.177071053477654,,32.35294117647059,25.8,INTL_T20/ASSOCIATE_FRINGE
2dfaa85a,MG Raso,Batter,Italy,,25.75573037137157,,,,,25.75573037137157,,,25.8,INTL_T20/ASSOCIATE_FRINGE
92256e66,D Weston,Batter,Germany,,25.79973961747769,,,,,25.79973961747769,,,25.8,INTL_T20/ASSOCIATE_FRINGE
329b08c2,PD Bocock,Batter,,,,25.82893820178674,,,,25.82893820178674,,,25.8,OTHER_T20/FRANCHISE
8e9d3dc4,PF Gallagher,Batter,Finland,,25.84047833803248,,,32.80937210975234,,25.84047833803248,32.80937210975234,,25.8,INTL_T20/ASSOCIATE_FRINGE
ec33b21a,JW Shutt,Bowler,,,,15.451086646599304,,,25.81434568227538,15.451086646599304,25.81434568227538,,25.8,OTHER_T20/FRINGE
9633359f,JS Malhotra,Wicketkeeper,United States of America,,30.765466838520425,17.63265306122449,,25.83116883116883,,25.840661672034447,25.83116883116883,25.423351158645275,25.8,INTL_T20/ASSOCIATE_FRINGE
684dc2da,Abraash Khan,Batter,Canada,,25.805820527739705,,,,,25.805820527739705,,,25.8,INTL_T20/ASSOCIATE_FRINGE
31f01815,CB Roposo,Bowler,Mozambique,,24.294798795669347,,,25.798410823042758,,24.294798795669347,25.798410823042758,,25.8,INTL_T20/ASSOCIATE_FRINGE
92173bfb,LJ Cush,Batter,United States of America,,25.833518101125428,,,22.971568604553394,,25.833518101125428,22.971568604553394,,25.8,INTL_T20/ASSOCIATE_FRINGE
8614ffef,JC McNally,Batter,,,,25.826266506808114,,,24.394233598117097,25.826266506808114,24.394233598117097,,25.8,OTHER_T20/FRINGE
44c69e2b,S Vijayakumar,Bowler,Singapore,,16.295135341216305,,,25.807399757261425,,16.295135341216305,25.807399757261425,,25.8,INTL_T20/ASSOCIATE_FRINGE
4bd09374,Akash Madhwal,Bowler,,,,,,,25.83922973578146,,25.83922973578146,,25.8,OTHER_T20/SMAT
49fb57d4,SA Fernando,Bowler,,,,20.01677355296569,,,25.81907357972483,20.01677355296569,25.81907357972483,,25.8,OTHER_T20/FRINGE
7e38d2de,K Weeraratne,Batter,Sri Lanka,,25.812883823274838,,,22.863970814921387,,25.812883823274838,22.863970814921387,,25.8,INTL_T20/ASSOCIATE_FRINGE
098a757c,Muhammad Jawadullah,Bowler,United Arab Emirates,,20.847972964256666,,,25.59492039840604,25.844771241830067,20.847972964256666,25.844771241830067,,25.8,OTHER_T20/FRANCHISE
54725e8b,IH Romaine,Batter,Bermuda,,25.81958996268938,,,,,25.81958996268938,,,25.8,INTL_T20/ASSOCIATE_FRINGE
70ced7f2,Mohammad Aadil Alam,Batter,Nepal,,26.338561078790388,24.973585130314362,,28.940101525144023,,25.82669509811188,28.940101525144023,,25.8,INTL_T20/ASSOCIATE_FRINGE
d4f2a7b0,Toqeer Ahmad,Bowler,Denmark,,,,,25.837048980735894,,,25.837048980735894,,25.8,INTL_T20/ASSOCIATE_FRINGE
ddce5289,I Karannagoda,Bowler,,,,20.558979858609543,,,25.7566524822695,20.558979858609543,25.7566524822695,,25.8,OTHER_T20/FRINGE
ff4ff5f5,BP Coburn,Bowler,,,,,,,25.678733031674206,,25.678733031674206,,25.7,OTHER_T20/FRANCHISE
8069f81f,J Tuffin,Bowler,Philippines,,28.34644013955016,,,25.685373987655126,,28.34644013955016,25.685373987655126,,25.7,INTL_T20/ASSOCIATE_FRINGE
802fdccf,Rahul Dalal,Batter,,,,25.743023340041844,,,,25.743023340041844,,,25.7,OTHER_T20/FRINGE
ad72e8cc,Lakhan Singh,Batter,,,,25.72802332076526,,,20.57002170032318,25.72802332076526,20.57002170032318,,25.7,OTHER_T20/FRINGE
b06d95da,GM Thomson,Batter,,,,25.730892003830377,,,18.978224220942668,25.730892003830377,18.978224220942668,,25.7,OTHER_T20/FRINGE
1798078c,A Randhawa,Batter,Austria,,25.742028986523387,,,,,25.742028986523387,,,25.7,INTL_T20/ASSOCIATE_FRINGE
3b9a7ca6,PL le Roux,Batter,,,,25.71663495042523,,,,25.71663495042523,,,25.7,OTHER_T20/FRINGE
1a45b864,AG Salter,All-rounder,,,,16.439430854692525,,,29.700368689733406,16.439430854692525,29.700368689733406,,25.7,OTHER_T20/FRANCHISE
83f0b848,C Liebenberg,Bowler,Isle of Man,,,,,25.695211978209727,,,25.695211978209727,,25.7,INTL_T20/ASSOCIATE_FRINGE
40caa465,T Kohli,Batter,,,,25.726673870185017,,,18.855555555555554,25.726673870185017,18.855555555555554,,25.7,OTHER_T20/SMAT
3e326efc,JNT Vare,Batter,Papua New Guinea,,25.742392683246358,,,,,25.742392683246358,,,25.7,INTL_T20/ASSOCIATE_FRINGE
f8c72766,D Heyliger,All-rounder,Canada,,31.204850910300816,,,13.0,,31.204850910300816,13.0,,25.7,INTL_T20/ASSOCIATE_FRINGE
bb9d73d8,Suraj Kumar,Batter,Oman,,25.729991183588872,,,,,25.729991183588872,,,25.7,INTL_T20/ASSOCIATE_FRINGE
443d1fd8,K Fletcher,Bowler,Switzerland,,16.668975736349825,,,25.718642098580737,,16.668975736349825,25.718642098580737,,25.7,INTL_T20/ASSOCIATE_FRINGE
64fb6b15,A Bohara,Bowler,Nepal,,17.904851432190895,15.507614605247255,,24.12757783574158,28.369381515253856,17.00588762208703,25.71825421555868,,25.7,INTL_T20/ASSOCIATE_FRINGE
8a76604b,MD Dilshan,Bowler,,,,21.37767783063819,,,25.723342114150626,21.37767783063819,25.723342114150626,,25.7,OTHER_T20/FRINGE
c26cd57a,B Shikongo,Bowler,Namibia,,15.353375711298975,,,25.668658651269027,,15.353375711298975,25.668658651269027,,25.7,INTL_T20/ASSOCIATE_FRINGE
26d9937d,CJ Alexander,Bowler,,,,,,,25.695945945945944,,25.695945945945944,,25.7,OTHER_T20/FRANCHISE
d8976cb7,DG Blampied,Bowler,Jersey,,27.398870095479445,,,25.735595686716636,,27.398870095479445,25.735595686716636,,25.7,INTL_T20/ASSOCIATE_FRINGE
99bf1fb7,A Yon,Batter,St Helena,,25.68310247262095,,,32.27556263487823,,25.68310247262095,32.27556263487823,,25.7,INTL_T20/ASSOCIATE_FRINGE
31803fac,Abu Hider,All-rounder,Bangladesh,,,17.855293174671683,,23.22745782431646,38.639960294951784,17.855293174671683,29.007146250804706,,25.7,INTL_T20/FULL_MEMBER
d83c2dbe,K Pooran,Batter,,,,25.703047029675623,,,,25.703047029675623,,,25.7,OTHER_T20/FRINGE
f33cfd25,B Masaba,Batter,Uganda,,25.70173296428721,,,33.97885139668857,,25.70173296428721,33.97885139668857,,25.7,INTL_T20/ASSOCIATE_FRINGE
a1cc467d,MJ Scotland,Batter,Bermuda,,25.684555570869772,,,,,25.684555570869772,,,25.7,INTL_T20/ASSOCIATE_FRINGE
365229a8,K Doriga,Wicketkeeper,Papua New Guinea,,14.402210024555828,,,,,14.402210024555828,,71.07843137254902,25.7,INTL_T20/ASSOCIATE_FRINGE
5b9705c4,Ankit Maini,Bowler,,,,,,,25.735741528762805,,25.735741528762805,,25.7,OTHER_T20/FRINGE
5892ac75,R Kalimuthu,Bowler,Singapore,,26.159529389167414,,,25.699515473354968,,26.159529389167414,25.699515473354968,,25.7,INTL_T20/ASSOCIATE_FRINGE
bd74f1a7,Rishabh Tiwari,Batter,,,,25.74286690912303,,,,25.74286690912303,,,25.7,OTHER_T20/FRINGE
eb0f2802,M Koli,Bowler,Romania,,29.001937496494822,,,25.684782266178697,,29.001937496494822,25.684782266178697,,25.7,INTL_T20/ASSOCIATE_FRINGE
4da2f572,Kilco R Marak,Bowler,,,,16.36889848549599,,,25.73517104172423,16.36889848549599,25.73517104172423,,25.7,OTHER_T20/FRINGE
d20e22f7,Atif-Ur-Rehman,Bowler,Saudi Arabia,,24.978135238503683,,,25.716020197603726,,24.978135238503683,25.716020197603726,,25.7,INTL_T20/ASSOCIATE_FRINGE
b3bad3f2,NR Kumar,Batter,Canada,,31.124567303823113,16.760406914263857,,31.656486012189433,17.06171498404508,25.73800715773839,26.1834468766353,,25.7,INTL_T20/ASSOCIATE_FRINGE
8a3756a0,CR Suryawanshi,Wicketkeeper,Singapore,,21.303302492834717,,,,,21.303302492834717,,43.13725490196079,25.7,INTL_T20/ASSOCIATE_FRINGE
ecd41f8c,J Yon,Bowler,St Helena,,25.48401006463453,,,25.653168061010327,,25.48401006463453,25.653168061010327,,25.7,INTL_T20/ASSOCIATE_FRINGE
f9a87783,KL Tucker,Batter,Bermuda,,25.637769762214795,,,,,25.637769762214795,,,25.6,INTL_T20/ASSOCIATE_FRINGE
1c5c3dce,IO Okpe,All-rounder,Nigeria,,21.707851478164216,,,27.26487305797651,,21.707851478164216,27.26487305797651,,25.6,INTL_T20/ASSOCIATE_FRINGE
64f55c74,R Meyer,Bowler,,,,,,,25.563412042831317,,25.563412042831317,,25.6,OTHER_T20/FRINGE
47ccd2bb,Amulya Pandrekar,Bowler,,,,,,,25.61238761238761,,25.61238761238761,,25.6,OTHER_T20/SMAT
08a4f9ad,DC Thomas,Wicketkeeper,West Indies,,18.655965621840245,20.89102296962714,,,,20.89102296962714,,44.48328511732562,25.6,OTHER_T20/FRANCHISE
45e03c04,Daesik Sung,Batter,South Korea,,25.576906699909564,,,,,25.576906699909564,,,25.6,INTL_T20/ASSOCIATE_FRINGE
d11f0758,Kishan Lyngdoh,Batter,,,,25.585144714914392,,,,25.585144714914392,,,25.6,OTHER_T20/FRINGE
0fa81719,V Saini,All-rounder,Romania,,30.84300990046913,,,13.227272727272727,,30.84300990046913,13.227272727272727,,25.6,INTL_T20/ASSOCIATE_FRINGE
fafe2e3d,RI Millar,Bowler,,,,14.933783583514874,,,25.604228443449045,14.933783583514874,25.604228443449045,,25.6,OTHER_T20/FRINGE
d0653d5a,H Shahid,Bowler,United States of America,,,,,25.6163259218976,,,25.6163259218976,,25.6,INTL_T20/ASSOCIATE_FRINGE
5feead83,TT Maposa,Bowler,Zimbabwe,,54.500791165140726,,,25.584821631447397,,54.500791165140726,25.584821631447397,,25.6,INTL_T20/FULL_MEMBER
6da5685e,A Kessar,Bowler,Singapore,,,,,25.588013977684774,,,25.588013977684774,,25.6,INTL_T20/ASSOCIATE_FRINGE
ba158afd,Zahid Mahmood,Bowler,Pakistan,,,,,,25.61239495798319,,25.61239495798319,,25.6,OTHER_T20/FRANCHISE
e5437a99,NRD Compton,Batter,,,,25.61610733709847,,,,25.61610733709847,,,25.6,OTHER_T20/FRINGE
fa41edde,Ruyel Miah,Bowler,,,,,,,25.620370370370367,,25.620370370370367,,25.6,OTHER_T20/FRANCHISE
de0a3209,Mominul Haque,Batter,Bangladesh,,25.93360398271238,25.593983213604552,,,,25.593983213604552,,,25.6,OTHER_T20/FRANCHISE
29a1e487,BGS Mendis,Bowler,,,,,,,25.584091860857818,,25.584091860857818,,25.6,OTHER_T20/FRINGE
d1c7dd6d,MJ Ross,Bowler,Italy,,31.00432543666485,,,25.644747780093383,,31.00432543666485,25.644747780093383,,25.6,INTL_T20/ASSOCIATE_FRINGE
db51b9a0,Ali Raza,Batter,Estonia,,25.622179489798498,,,,,25.622179489798498,,,25.6,INTL_T20/ASSOCIATE_FRINGE
c7e3c349,S Samal,Batter,Rwanda,,25.646376433024464,,,,,25.646376433024464,,,25.6,INTL_T20/ASSOCIATE_FRINGE
8fc65c2b,SM Davies,Wicketkeeper,England,,24.319457716196847,27.817999579897165,,,,27.81799957989717,,16.574252651880425,25.6,OTHER_T20/FRANCHISE
2593c302,TR Bhandari,Bowler,,,,,,,25.64788737801952,,25.64788737801952,,25.6,OTHER_T20/FRINGE
9c8448ba,OJ Peake,Batter,,,,25.648713954119586,,,,25.648713954119586,,,25.6,OTHER_T20/FRINGE
d9ba93c0,RV Nascimento,Bowler,Brazil,,,,,25.649229075045255,,,25.649229075045255,,25.6,INTL_T20/ASSOCIATE_FRINGE
77768f72,Rakibul Hasan,Bowler,Bangladesh,,,,,19.557879617940625,25.462184873949578,,25.462184873949578,,25.5,OTHER_T20/FRANCHISE
e3bf8356,KR Patterson,Batter,,,,25.50873571896092,,,,25.50873571896092,,,25.5,OTHER_T20/FRANCHISE
b34de9a6,WK Bitis,Batter,Croatia,,25.51462889571601,,,19.010273867022917,,25.51462889571601,19.010273867022917,,25.5,INTL_T20/ASSOCIATE_FRINGE
036b8660,BKB Corbin,Batter,Cayman Islands,,25.46967314987247,,,,,25.46967314987247,,,25.5,INTL_T20/ASSOCIATE_FRINGE
96084621,M Kobayashi,Batter,Japan,,25.507432120354963,,,,,25.507432120354963,,,25.5,INTL_T20/ASSOCIATE_FRINGE
e3751ee2,Ishaan Gadekar,Batter,,,,25.463361436950144,,,,25.463361436950144,,,25.5,OTHER_T20/FRINGE
4233080d,Faraaz Mehti Abbas,Batter,Finland,,25.490516625371733,,,19.15744399342308,,25.490516625371733,19.15744399342308,,25.5,INTL_T20/ASSOCIATE_FRINGE
055e8d7b,NJ van den Bergh,Batter,,,,25.546341594385993,,,,25.546341594385993,,,25.5,OTHER_T20/FRANCHISE
50455929,RT Arothe,Bowler,,,,,,,25.451548451548447,,25.451548451548447,,25.5,OTHER_T20/SMAT
d7265622,G Manan,Batter,Romania,,25.47846623033477,,,,,25.47846623033477,,,25.5,INTL_T20/ASSOCIATE_FRINGE
7cf185e1,JH Patel,Batter,United States of America,,25.48603666952867,,,,,25.48603666952867,,,25.5,INTL_T20/ASSOCIATE_FRINGE
4751827a,CP Schofield,Batter,England,,25.469618958232697,,,23.285923851608267,,25.469618958232697,23.285923851608267,,25.5,INTL_T20/ASSOCIATE_FRINGE
bccead86,FDW McCreath,Batter,Scotland,,25.50582050195853,,,,,25.50582050195853,,,25.5,INTL_T20/ASSOCIATE_FRINGE
87e33d07,F Nsubuga,All-rounder,Uganda,,15.885092800833446,,,29.571698906644244,,15.885092800833446,29.571698906644244,,25.5,INTL_T20/ASSOCIATE_FRINGE
33ad0ad9,ATE Hazeldine,Bowler,,,,33.13592233009709,,,25.494281045751634,33.13592233009709,25.494281045751634,,25.5,OTHER_T20/FRANCHISE
9f701298,MH McKiernan,Bowler,,,,55.37652476972866,,,25.54656862745098,55.37652476972866,25.54656862745098,,25.5,OTHER_T20/FRANCHISE
3b2114a5,Darwish Rasooli,Batter,,,,25.5223182217714,,,,25.5223182217714,,,25.5,OTHER_T20/FRINGE
20f9e6b1,J Wilson,Batter,,,,25.50826707261775,,,18.69191128320474,25.50826707261775,18.69191128320474,,25.5,OTHER_T20/FRINGE
031b389c,SS Bandekar,Bowler,,,,21.848668053039106,,,25.510354609929077,21.848668053039106,25.510354609929077,,25.5,OTHER_T20/FRINGE
c4ab9b94,Abdullah Rana,Bowler,Switzerland,,27.579720778105845,,,25.50973387162542,,27.579720778105845,25.50973387162542,,25.5,INTL_T20/ASSOCIATE_FRINGE
65cfc56b,DK Shetty,Bowler,Indonesia,,27.04119193858643,,,25.49472453856962,,27.04119193858643,25.49472453856962,,25.5,INTL_T20/ASSOCIATE_FRINGE
69e53eb3,F Stoman,Bowler,Portugal,,21.609238856530304,,,25.50783134123684,,21.609238856530304,25.50783134123684,,25.5,INTL_T20/ASSOCIATE_FRINGE
0daf3ffc,P Bhart,Bowler,Norway,,17.023578889292573,,,25.492162394984042,,17.023578889292573,25.492162394984042,,25.5,INTL_T20/ASSOCIATE_FRINGE
755819f4,Zafer Durmaz,Batter,Turkey,,25.472201751440004,,,21.645381843005417,,25.472201751440004,21.645381843005417,,25.5,INTL_T20/ASSOCIATE_FRINGE
2a802bfd,WC Ludick,Batter,,,,25.515820295499793,,,16.45383590329336,25.515820295499793,16.45383590329336,,25.5,OTHER_T20/FRINGE
660538af,EO Leonard,Bowler,,,,14.980611771000115,,,25.49622064617809,14.980611771000117,25.49622064617809,,25.5,OTHER_T20/FRINGE
c4ff0618,H Patel,Batter,Canada,,25.528267433179707,,,23.36547888192375,,25.528267433179707,23.36547888192375,,25.5,INTL_T20/ASSOCIATE_FRINGE
436b8481,Pavan Deshpande,Batter,,,,25.41159765832564,,,16.124846408113115,25.41159765832564,16.124846408113115,,25.4,OTHER_T20/FRINGE
8160713d,AW Hawkins-Kay,Bowler,Jersey,,22.33514938830178,,,25.39395824506799,,22.33514938830178,25.39395824506799,,25.4,INTL_T20/ASSOCIATE_FRINGE
3e06e7ac,Azyan Farhath,Batter,Maldives,,25.36258596570229,,,33.329337226960796,,25.36258596570229,33.329337226960796,,25.4,INTL_T20/ASSOCIATE_FRINGE
180e2c15,Ismaila Tanba,Batter,Gambia,,25.350717011363024,,,18.05498737466418,,25.350717011363024,18.05498737466418,,25.4,INTL_T20/ASSOCIATE_FRINGE
cd143bca,J Leach,Bowler,,,,37.71709816612729,,,25.366013071895424,37.71709816612729,25.366013071895424,,25.4,OTHER_T20/FRANCHISE
cd4d7695,Aarif Sheikh,Batter,Nepal,,26.522494476711337,23.487369582009975,,18.486714986066364,,25.384322641198324,18.486714986066364,,25.4,INTL_T20/ASSOCIATE_FRINGE
e73f6c4b,I Ntirenganya,Bowler,Rwanda,,23.60308156830224,,,25.383355548961305,,23.60308156830224,25.383355548961305,,25.4,INTL_T20/ASSOCIATE_FRINGE
7c628737,GA Singh,Batter,,,,25.418604005706726,,,,25.418604005706726,,,25.4,OTHER_T20/FRINGE
110b180a,DE Roache,Batter,Samoa,,25.40868472560429,,,,,25.40868472560429,,,25.4,INTL_T20/ASSOCIATE_FRINGE
0c5bb005,AD Thomason,Batter,,,,25.444108796702846,,,34.888888888888886,25.444108796702846,34.888888888888886,,25.4,OTHER_T20/FRANCHISE
6d981899,Rana Dutta,Bowler,,,,,,,25.396603396603396,,25.396603396603396,,25.4,OTHER_T20/SMAT
e95eb01b,Imran Ashraf,Batter,Qatar,,25.390502794217344,,,,,25.390502794217344,,,25.4,INTL_T20/ASSOCIATE_FRINGE
094ebfb6,R Avery,Bowler,Brazil,,17.023442663273148,,,25.373241224712732,,17.023442663273148,25.373241224712732,,25.4,INTL_T20/ASSOCIATE_FRINGE
6e161a33,JNK Shannon,Batter,Ireland,,26.74693295439922,23.21762404426609,,,,25.423442113099295,,,25.4,INTL_T20/ASSOCIATE_FRINGE
5eef2118,MVT Fernando,Bowler,Sri Lanka,,,17.175694805848114,,,25.446142396610483,17.175694805848114,25.446142396610483,,25.4,OTHER_T20/FRINGE
374bb5e7,K Klein,Bowler,Netherlands,,20.876045008941606,,,25.42544115439942,,20.876045008941606,25.42544115439942,,25.4,INTL_T20/ASSOCIATE_FRINGE
8aa8f69c,Usman Ashraf,Bowler,United States of America,,,,,25.428391622385455,,,25.428391622385455,,25.4,INTL_T20/ASSOCIATE_FRINGE
5e67d4e0,Imran Yousaf,Bowler,Saudi Arabia,,,,,25.446521933359772,,,25.446521933359772,,25.4,INTL_T20/ASSOCIATE_FRINGE
7267e3cd,Ibrahim Rizan,Bowler,Maldives,,18.329125847770403,,,25.43212678668516,,18.329125847770403,25.43212678668516,,25.4,INTL_T20/ASSOCIATE_FRINGE
2343b4bf,WT Mubayiwa,Bowler,Zimbabwe,,,,,25.397781735501198,,,25.397781735501198,,25.4,INTL_T20/ASSOCIATE_FRINGE
9f9b903e,TK Musakanda,Batter,Zimbabwe,,25.42674111063502,,,,,25.42674111063502,,,25.4,INTL_T20/ASSOCIATE_FRINGE
9865ed99,Asif Bevinje,Bowler,Romania,,28.9285100554122,,,25.422974746021254,,28.9285100554122,25.422974746021254,,25.4,INTL_T20/ASSOCIATE_FRINGE
2e80c353,D Kandel,Bowler,,,,21.87143570220911,,,25.447554204660587,21.87143570220911,25.447554204660587,,25.4,OTHER_T20/FRINGE
2dde3e62,J Bulele,Batter,Mozambique,,25.37671496354979,,,28.063280010048068,,25.37671496354979,28.063280010048068,,25.4,INTL_T20/ASSOCIATE_FRINGE
de37954b,Abdul Hakam,Bowler,,,,19.960179974558095,,,25.361945889151563,19.960179974558095,25.361945889151563,,25.4,OTHER_T20/FRINGE
9811e35e,Gulsan Jha,All-rounder,Nepal,,30.21818522641506,26.236616385684705,,19.82019704433497,14.176245210727968,28.725096911141172,17.703715106732343,,25.4,INTL_T20/ASSOCIATE_FRINGE
b5417394,Noorkhan Ahmedi,Batter,Switzerland,,25.402896762235798,,,,,25.402896762235798,,,25.4,INTL_T20/ASSOCIATE_FRINGE
fa004e59,C Dissanayake,Bowler,,,,16.508139477298204,,,25.337845322526178,16.508139477298204,25.337845322526178,,25.3,OTHER_T20/FRINGE
2a6afc6f,Saurabh Kumar,Bowler,,,,,,,25.349282296650717,,25.349282296650717,,25.3,OTHER_T20/SMAT
77191792,Mohammad Mithun,Wicketkeeper,Bangladesh,,21.30956744868035,21.057879211302588,,,,21.215184359663688,,41.716757741347905,25.3,INTL_T20/FULL_MEMBER
10a2a1ff,PG Fulton,Batter,New Zealand,,25.299110633727175,,,,,25.299110633727175,,,25.3,INTL_T20/FULL_MEMBER
3c1137ba,Babar Hussain,Batter,Saudi Arabia,,25.274842058249526,,,,,25.274842058249526,,,25.3,INTL_T20/ASSOCIATE_FRINGE
1a54d618,Mohammed Irshad,Batter,Qatar,,25.25227782929275,,,28.34131469872915,,25.25227782929275,28.34131469872915,,25.3,INTL_T20/ASSOCIATE_FRINGE
1e78c51c,J Sebanja,Bowler,Uganda,,26.934411742934564,,,25.339144507577185,,26.934411742934564,25.339144507577185,,25.3,INTL_T20/ASSOCIATE_FRINGE
cc535250,Ubaid Shah,Bowler,,,,,,,25.336206896551722,,25.336206896551722,,25.3,OTHER_T20/FRANCHISE
f9979b69,Abid Mushtaq,Batter,Kuwait,,25.31891418057097,,,,,25.31891418057097,,,25.3,INTL_T20/ASSOCIATE_FRINGE
7bbeac6d,GH O'Brien,Bowler,Bermuda,,23.042113351165625,,,25.281307013421007,,23.042113351165625,25.281307013421007,,25.3,INTL_T20/ASSOCIATE_FRINGE
e6ddab51,EH Hutchinson,Bowler,United States of America,,25.594810074316136,,,25.254099383010903,,25.594810074316136,25.254099383010903,,25.3,INTL_T20/ASSOCIATE_FRINGE
e045c165,Rameez Shahzad,Batter,United Arab Emirates,,25.284290943191415,,,,,25.284290943191415,,,25.3,INTL_T20/ASSOCIATE_FRINGE
92a9be81,Yaqoob Ali,Bowler,,,,17.215018143861343,,,25.276156028368792,17.215018143861343,25.276156028368792,,25.3,OTHER_T20/FRINGE
dc36a6a5,AN Kervezee,Batter,Netherlands,,24.288385184869668,25.34842284590256,,,,25.34842284590256,,,25.3,OTHER_T20/FRANCHISE
a5e1e2d4,Muhammad Soban,Batter,Hungary,,25.29872865364281,,,15.234897749460487,,25.29872865364281,15.234897749460487,,25.3,INTL_T20/ASSOCIATE_FRINGE
3ac13a94,E Rukiriza,All-rounder,Rwanda,,7.2598962898042645,,,33.043965517241375,,7.2598962898042645,33.043965517241375,,25.3,INTL_T20/ASSOCIATE_FRINGE
c4ab5dd8,A Palkar,Bowler,,,,,,,25.260840932117528,,25.260840932117528,,25.3,OTHER_T20/FRINGE
ee6ebf47,K Smith,Batter,,,,25.26978039657351,,,,25.26978039657351,,,25.3,OTHER_T20/FRINGE
f2756a51,AA Wagh,Bowler,Austria,,23.768764045439372,,,25.339176627764147,,23.768764045439372,25.339176627764147,,25.3,INTL_T20/ASSOCIATE_FRINGE
71093272,BM Pecic,Batter,Serbia,,25.30143964248235,,,,,25.30143964248235,,,25.3,INTL_T20/ASSOCIATE_FRINGE
d01849a2,Sibtain Raza,Bowler,Kuwait,,,,,25.306379510128114,,,25.306379510128114,,25.3,INTL_T20/ASSOCIATE_FRINGE
a71b0bd3,MG Sirur,Bowler,,,,23.61954445026924,,,25.2378358662614,23.61954445026924,25.2378358662614,,25.2,OTHER_T20/FRINGE
a7d6c101,Waseeq Ahmed,Bowler,Bahrain,,19.46200080452279,,,25.18695975761779,,19.46200080452279,25.18695975761779,,25.2,INTL_T20/ASSOCIATE_FRINGE
a9ddd37d,MNR Cooray,Bowler,Maldives,,30.98728665412452,,,25.166008408170065,,30.98728665412452,25.166008408170065,,25.2,INTL_T20/ASSOCIATE_FRINGE
18db3f22,C Waiswa,Bowler,Uganda,,27.78465034295166,,,25.21587830624771,,27.78465034295166,25.21587830624771,,25.2,INTL_T20/ASSOCIATE_FRINGE
e4ad57ea,Ahmad Khalid Ahmadzai,Batter,Belgium,,25.22745059659829,,,30.283664320213752,,25.22745059659829,30.283664320213752,,25.2,INTL_T20/ASSOCIATE_FRINGE
e4072aa1,AH Hooda,Bowler,,,,,,,25.18716577540107,,25.18716577540107,,25.2,OTHER_T20/SMAT
1212cbec,Najibullah Zadran,Batter,,,,25.220497837689287,,,,25.220497837689287,,,25.2,OTHER_T20/FRANCHISE
cedf2c91,Chamalka Fernando,Batter,Romania,,25.181609258551962,,,,,25.181609258551962,,,25.2,INTL_T20/ASSOCIATE_FRINGE
46e4a4e0,M Van Buuren,Batter,,,,25.15363417474287,,,,25.15363417474287,,,25.2,OTHER_T20/FRANCHISE
487f5721,Yash Nahar,Batter,,,,25.157211106499076,,,,25.157211106499076,,,25.2,OTHER_T20/FRINGE
d76ab352,Jaspreet Singh,Bowler,Italy,,29.958242551192157,,,25.237745711127392,,29.958242551192157,25.237745711127392,,25.2,INTL_T20/ASSOCIATE_FRINGE
f8dcfe4e,JK Mukhiya,Bowler,Nepal,,,,,25.16726957693238,,,25.16726957693238,,25.2,INTL_T20/ASSOCIATE_FRINGE
95a2ea61,S Anirudha,Batter,,,,25.247652536002136,,,,25.247652536002136,,,25.2,OTHER_T20/FRINGE
98e908bd,TB Sole,Batter,Scotland,,28.610851522716672,19.392195746775116,,23.414198675130237,21.306693306693305,25.153855606738585,22.623884161966384,,25.2,INTL_T20/ASSOCIATE_FRINGE
b58b7db6,GSNFG Jayasuriya,Batter,Sri Lanka,,25.941394608213656,24.06773010408983,,24.504511278195487,,25.23877041916722,24.504511278195487,,25.2,INTL_T20/FULL_MEMBER
c8f697bd,SM Fallah,Bowler,,,,,,,25.23444976076555,,25.23444976076555,,25.2,OTHER_T20/SMAT
fbdc5ab1,P Murungi,Batter,Uganda,,25.2187683367207,,,22.700683975874092,,25.2187683367207,22.700683975874092,,25.2,INTL_T20/ASSOCIATE_FRINGE
d3a1f753,V Thewmika,Bowler,,,,21.595624938190575,,,25.17283048254763,21.595624938190575,25.17283048254763,,25.2,OTHER_T20/FRINGE
3b6af632,Shalith Fernando,Batter,,,,25.188544822911588,,,,25.188544822911588,,,25.2,OTHER_T20/FRINGE
8cc37805,Kaushal Kumar,Batter,Mexico,,25.19620755298957,,,,,25.19620755298957,,,25.2,INTL_T20/ASSOCIATE_FRINGE
aed9ac31,K Lion-Cachet,Batter,South Africa,,,25.22374077830409,,,,25.22374077830409,,,25.2,OTHER_T20/FRINGE
019d7ef5,Mohamed Turay,Bowler,Sierra Leone,,16.772809906501337,,,25.17025109256344,,16.772809906501337,25.17025109256344,,25.2,INTL_T20/ASSOCIATE_FRINGE
1fed517a,Tenjin Rabgey,Batter,Bhutan,,25.236157395893176,,,22.524957025812537,,25.236157395893176,22.524957025812537,,25.2,INTL_T20/ASSOCIATE_FRINGE
f5f18a18,S Randiv,Bowler,Sri Lanka,,,,,25.180914662520053,,,25.180914662520053,,25.2,INTL_T20/ASSOCIATE_FRINGE
1f572ee8,DA Griffiths,Bowler,,,,,,,25.223345588235293,,25.223345588235293,,25.2,OTHER_T20/FRANCHISE
a5efce80,A Sarma,Batter,Germany,,25.182576273497027,,,,,25.182576273497027,,,25.2,INTL_T20/ASSOCIATE_FRINGE
8f9c5014,AC Lenham,Bowler,,,,,,,25.242424242424242,,25.242424242424242,,25.2,OTHER_T20/FRANCHISE
2a853aa5,U Shahid,Batter,France,,25.217362872611844,,,26.324411674031445,,25.217362872611844,26.324411674031445,,25.2,INTL_T20/ASSOCIATE_FRINGE
a319edf8,AT Nidamanuru,Batter,Netherlands,,25.195088460918676,,,,16.72059609368902,25.195088460918676,16.72059609368902,,25.2,INTL_T20/ASSOCIATE_FRINGE
d84a2d8e,DJ Reekers,Batter,Netherlands,,25.204451771670637,,,,,25.204451771670637,,,25.2,INTL_T20/ASSOCIATE_FRINGE
7839bf3a,HS Baidwan,Bowler,Canada,,26.665867953480426,,,25.145900039366452,,26.665867953480426,25.145900039366452,,25.1,INTL_T20/ASSOCIATE_FRINGE
12f53be7,Abdul Rahman,Batter,Singapore,,25.09364748591205,,,,,25.09364748591205,,,25.1,INTL_T20/ASSOCIATE_FRINGE
7f148ce7,AM McCarthy,Batter,West Indies,,,25.073060097532988,,,,25.073060097532988,,,25.1,OTHER_T20/FRANCHISE
015dc0cd,K Mendon,Batter,Czech Republic,,25.05128493970897,,,,,25.05128493970897,,,25.1,INTL_T20/ASSOCIATE_FRINGE
f96933f0,Izatullah Dawlatzai,Bowler,Germany,,,,,25.114249206576552,,,25.114249206576552,,25.1,INTL_T20/ASSOCIATE_FRINGE
656fc15b,Jobayer Hossen,Bowler,Seychelles,,22.763394589145275,,,25.089881632392924,,22.763394589145275,25.089881632392924,,25.1,INTL_T20/ASSOCIATE_FRINGE
63b156c1,IY Levy,Bowler,Israel,,,,,25.050483044278888,,,25.050483044278888,,25.1,INTL_T20/ASSOCIATE_FRINGE
3c79f8af,RR Rathod,Batter,,,,25.13122144245618,,,,25.13122144245618,,,25.1,OTHER_T20/FRINGE
3b4a8cfb,Amjad Sher,All-rounder,Finland,,24.29548462680427,,,25.388594164456237,,24.29548462680427,25.388594164456237,,25.1,INTL_T20/ASSOCIATE_FRINGE
fdd837ba,TP Ward,Batter,,,,25.085591361100697,,,,25.085591361100697,,,25.1,OTHER_T20/FRINGE
69e23303,Shahadat Hossain,Batter,Bangladesh,,,25.1332677649373,,,,25.1332677649373,,,25.1,OTHER_T20/FRANCHISE
d52b13a6,Abdul Shakoor,Batter,Romania,,25.076118475833198,,,,,25.076118475833198,,,25.1,INTL_T20/ASSOCIATE_FRINGE
228bd0b0,Mayank Raghav,Batter,,,,25.114586525614044,,,16.090123468764244,25.114586525614044,16.090123468764244,,25.1,OTHER_T20/FRINGE
b24e0ffd,SB Patel,Batter,Malta,,25.123951369192298,,,,,25.123951369192298,,,25.1,INTL_T20/ASSOCIATE_FRINGE
65d905ea,Amod Yadav,Bowler,,,,,,,25.126543059777102,,25.126543059777102,,25.1,OTHER_T20/FRINGE
cb1a782a,Mir Hamza,Bowler,,,,,,,25.05681818181818,,25.05681818181818,,25.1,OTHER_T20/FRANCHISE
fd43bb69,PS Roberts,Batter,Croatia,,25.05307729598815,,,19.101639091563047,,25.05307729598815,19.101639091563047,,25.1,INTL_T20/ASSOCIATE_FRINGE
d5ae21a2,KD Shah,Batter,Hong Kong,,25.12803900250784,,,18.594958991465003,,25.12803900250784,18.594958991465003,,25.1,INTL_T20/ASSOCIATE_FRINGE
328cca93,Zeeshan Abbas,Bowler,Bahrain,,19.195346703896092,,,25.06461602143117,,19.195346703896092,25.06461602143117,,25.1,INTL_T20/ASSOCIATE_FRINGE
715dbf27,CN Onwuzulike,Batter,Nigeria,,25.05465486491372,,,,,25.05465486491372,,,25.1,INTL_T20/ASSOCIATE_FRINGE
8ccb3da7,Khalid Butt,Batter,Kuwait,,25.065365763505973,,,21.219761119571004,,25.065365763505973,21.219761119571004,,25.1,INTL_T20/ASSOCIATE_FRINGE
40737b8d,AD Chopra,Batter,,,,25.06430387632534,,,,25.06430387632534,,,25.1,OTHER_T20/FRINGE
5eb51b97,V Sukumaran,Batter,United Arab Emirates,,25.074722458959556,,,,,25.074722458959556,,,25.1,INTL_T20/ASSOCIATE_FRINGE
c10a99ec,MD Rahmatullah,Batter,,,,25.10511491529386,,,,25.10511491529386,,,25.1,OTHER_T20/FRINGE
26534b48,AM Guruge,Bowler,United Arab Emirates,,14.38017359048234,,,25.087883767834466,,14.38017359048234,25.087883767834466,,25.1,INTL_T20/ASSOCIATE_FRINGE
9538c7be,K Klesse,Batter,Germany,,25.14135000220523,,,,,25.14135000220523,,,25.1,INTL_T20/ASSOCIATE_FRINGE
9889da93,Samarth Singh,Batter,,,,25.092047965683086,,,,25.092047965683086,,,25.1,OTHER_T20/SMAT
5d77a96a,Umar Adam,All-rounder,Maldives,,25.0425132805094,,,25.107758620689655,,25.0425132805094,25.107758620689655,,25.1,INTL_T20/ASSOCIATE_FRINGE
dfa6db1a,Vichanath Singh,Bowler,Thailand,,16.588930719902805,,,25.08533028413845,,16.588930719902805,25.08533028413845,,25.1,INTL_T20/ASSOCIATE_FRINGE
57618587,G Newton,Bowler,Isle of Man,,27.3028619796695,,,25.107382144665884,,27.3028619796695,25.107382144665884,,25.1,INTL_T20/ASSOCIATE_FRINGE
548d4188,KS Airee,Bowler,Nepal,,23.303524434766587,20.891156115043735,,30.017924413867217,17.02411144883485,22.398886314870516,25.145244551980078,,25.1,INTL_T20/ASSOCIATE_FRINGE
6d27e42d,Wahidullah Usmani,Batter,Belgium,,24.983318694439518,,,,,24.983318694439518,,,25.0,INTL_T20/ASSOCIATE_FRINGE
b2570b38,RV Gomez,Batter,,,,24.969625935791058,,,23.929702507657964,24.969625935791058,23.929702507657964,,25.0,OTHER_T20/FRINGE
aa80a6c3,M Prince,Batter,,,,24.97441913728951,,,,24.97441913728951,,,25.0,OTHER_T20/FRINGE
92d07362,Rohan Prem,Batter,,,,24.997383985441306,,,,24.997383985441306,,,25.0,OTHER_T20/SMAT
ef342bdb,Santosh Yadav,Bowler,Nepal,,,23.02014888590326,,,24.953334384029418,23.02014888590326,24.953334384029418,,25.0,OTHER_T20/FRINGE
2f0d7e4a,RW Chakabva,Batter,Zimbabwe,,24.96761284570809,,,,,24.96761284570809,,,25.0,INTL_T20/FULL_MEMBER
f1e7f97c,Ziaurahman Shinwari,Bowler,Austria,,,,,25.044632852767613,,,25.044632852767613,,25.0,INTL_T20/ASSOCIATE_FRINGE
98c13758,PEA Karunarathna,Bowler,Finland,,28.32349576734697,,,24.992320360091917,,28.32349576734697,24.992320360091917,,25.0,INTL_T20/ASSOCIATE_FRINGE
4d5a1617,R Bishnoi,Batter,,,,24.964562954959053,,,,24.964562954959053,,,25.0,OTHER_T20/SMAT
57f520ee,JD Gibson,Batter,,,,25.037899663396725,,,,25.037899663396725,,,25.0,OTHER_T20/FRANCHISE
fa2f1dde,K Khejroliya,Bowler,,,,,,,24.99593409054551,,24.99593409054551,,25.0,OTHER_T20/FRINGE
4d528d92,Anuj Raj,Bowler,,,,,,,25.028277608915907,,25.028277608915907,,25.0,OTHER_T20/FRINGE
40792cff,Amit Mishra,Bowler,,,,22.99597084458125,,,24.97927010557538,22.99597084458125,24.97927010557538,,25.0,OTHER_T20/FRINGE
d8bee9a1,J Shaju,Bowler,Malta,,13.885495237468762,,,25.040136941601663,,13.885495237468762,25.040136941601663,,25.0,INTL_T20/ASSOCIATE_FRINGE
08a349ac,Karan Shinde,Batter,,,,25.01302711027015,,,,25.01302711027015,,,25.0,OTHER_T20/FRINGE
179bea21,SSN Nqweni,Bowler,,,,21.214652628512052,,,25.036669972804354,21.214652628512052,25.036669972804354,,25.0,OTHER_T20/FRINGE
4522ba9a,Zhang Yu Fei,Batter,China,,24.965610430498757,,,20.74767100384971,,24.965610430498757,20.74767100384971,,25.0,INTL_T20/ASSOCIATE_FRINGE
da3b91fd,Imran Khan,Bowler,Bahrain,,14.268578536143977,,,25.03550455642732,,14.268578536143977,25.03550455642732,,25.0,INTL_T20/ASSOCIATE_FRINGE
9f2e1944,P Silas,Batter,Botswana,,24.950527670197175,,,,,24.950527670197175,,,25.0,INTL_T20/ASSOCIATE_FRINGE
67ec2b09,Umair Tariq,Bowler,Austria,,29.115016138934653,,,24.982099393975947,,29.115016138934653,24.982099393975947,,25.0,INTL_T20/ASSOCIATE_FRINGE
5f5ca1a7,Tanwir Afzal,Bowler,Hong Kong,,32.55595882833174,,,25.015788629664684,,32.55595882833174,25.015788629664684,,25.0,INTL_T20/ASSOCIATE_FRINGE
67ae5a56,Aslam Mohammad,Batter,Greece,,25.008444429989492,,,22.55424982016237,,25.008444429989492,22.55424982016237,,25.0,INTL_T20/ASSOCIATE_FRINGE
a89c270b,KC Ramamoorthy,Batter,Indonesia,,24.976117952988417,,,23.96357003391224,,24.976117952988417,23.96357003391224,,25.0,INTL_T20/ASSOCIATE_FRINGE
5ffe6225,S Lynch,Batter,,,,24.989646029952922,,,,24.989646029952922,,,25.0,OTHER_T20/FRINGE
a2dd9236,K Cawte,Bowler,Isle of Man,,14.554506250399376,,,24.999254347481937,,14.554506250399376,24.999254347481937,,25.0,INTL_T20/ASSOCIATE_FRINGE
2011735e,A Shahi,Bowler,Cyprus,,33.70028049255025,,,25.017869920271117,,33.70028049255025,25.017869920271117,,25.0,INTL_T20/ASSOCIATE_FRINGE
58a7f842,Baz Aybui,Bowler,Sweden,,18.689481961662533,,,24.979899882331413,,18.689481961662533,24.979899882331413,,25.0,INTL_T20/ASSOCIATE_FRINGE
40ee633c,S Austin,Batter,Cyprus,,25.006767045403798,,,28.15824525900572,,25.006767045403798,28.15824525900572,,25.0,INTL_T20/ASSOCIATE_FRINGE
84df22bd,SK Lahiri,Bowler,Mexico,,,,,24.98437478681252,,,24.98437478681252,,25.0,INTL_T20/ASSOCIATE_FRINGE
8ca63417,MY Bawa,Batter,Panama,,24.966165535636577,,,28.985131097963794,,24.966165535636577,28.985131097963794,,25.0,INTL_T20/ASSOCIATE_FRINGE
b7e98f01,WACP Wijelath,Bowler,,,,14.000210624320989,,,24.89118120755,14.00021062432099,24.89118120755,,24.9,OTHER_T20/FRINGE
fa39ad19,D Robson,Bowler,Estonia,,20.154321045950095,,,24.903888291305087,,20.154321045950095,24.903888291305087,,24.9,INTL_T20/ASSOCIATE_FRINGE
7a80ddf2,D Bishoo,Bowler,West Indies,,20.975832665897702,20.850120073377333,,24.598293154456982,25.50977102330294,20.92869044370256,24.94009735527421,,24.9,INTL_T20/ASSOCIATE_FRINGE
4b2056c7,Raushan Raj,Bowler,,,,21.708122564173117,,,24.935516379601488,21.708122564173117,24.935516379601488,,24.9,OTHER_T20/FRINGE
2a13e6b1,Muhammad Shoaib Ahmed,Batter,Cyprus,,24.921317910312514,,,28.238068543829,,24.921317910312514,28.238068543829,,24.9,INTL_T20/ASSOCIATE_FRINGE
378daa89,Aman Hakim Khan,Batter,,,,24.8828006221151,,,19.749095754806778,24.8828006221151,19.749095754806778,,24.9,OTHER_T20/FRINGE
25986786,SF Khan,Batter,,,,24.93722907067238,,,,24.93722907067238,,,24.9,OTHER_T20/FRINGE
70c4f525,JM Holland,Bowler,,,,,,,24.86176470588235,,24.86176470588235,,24.9,OTHER_T20/FRANCHISE
c57a486f,Khalid Niazi,Bowler,Switzerland,,23.913685030094932,,,24.887942088141102,,23.913685030094932,24.887942088141102,,24.9,INTL_T20/ASSOCIATE_FRINGE
6ca6d885,EM Moore,Batter,,,,24.879304937702074,,,,24.879304937702074,,,24.9,OTHER_T20/FRINGE
9b6ad88a,R Gunasekera,Batter,Canada,,24.89392658299638,,,,,24.89392658299638,,,24.9,INTL_T20/ASSOCIATE_FRINGE
d821ea56,JL Kovacic,Batter,Slovenia,,24.921965052538184,,,22.734133182612272,,24.921965052538184,22.734133182612272,,24.9,INTL_T20/ASSOCIATE_FRINGE
d84378a4,M Kaif,Batter,,24.927290965026813,,,,,,24.927290965026813,,,24.9,IPL/IPL
288ea226,Hassan Ghulam,Bowler,Malaysia,,26.602113301877036,,,24.866919022494095,,26.602113301877036,24.866919022494095,,24.9,INTL_T20/ASSOCIATE_FRINGE
0b91b5d5,R Smith,Bowler,Bahamas,,14.013884150391801,,,24.934017871644613,,14.013884150391801,24.934017871644613,,24.9,INTL_T20/ASSOCIATE_FRINGE
2e099662,G Periyaswamy,Bowler,,,,,,,24.936477616420877,,24.936477616420877,,24.9,OTHER_T20/FRINGE
ef07f354,B Yadav,Batter,Nepal,,24.97365161103362,24.880323652587368,,13.388290001027643,16.331547093683014,24.938653626616272,14.492011410773406,,24.9,INTL_T20/ASSOCIATE_FRINGE
2237eb05,Bilal Ahmad Mir,Batter,South Korea,,24.91173210199599,,,23.941667094851503,,24.91173210199599,23.941667094851503,,24.9,INTL_T20/ASSOCIATE_FRINGE
f468293b,JN Loftie-Eaton,All-rounder,Namibia,,29.710750127079702,18.972789115646258,,24.27742946708464,20.93103448275862,25.68401474779216,23.022531347962385,,24.9,INTL_T20/ASSOCIATE_FRINGE
6876264c,Santiago Duggan,Bowler,Argentina,,,,,24.866934236487133,,,24.866934236487133,,24.9,INTL_T20/ASSOCIATE_FRINGE
3de06845,S Vesawkar,Batter,Nepal,,29.554718710497824,17.153244377957034,,16.31592590689549,,24.904165835795027,16.31592590689549,,24.9,INTL_T20/ASSOCIATE_FRINGE
a6755401,DS Maraiwai,Batter,Fiji,,24.87773371611673,,,,,24.87773371611673,,,24.9,INTL_T20/ASSOCIATE_FRINGE
84548f53,BJ Wright,Batter,,,,24.907939450108124,,,,24.907939450108124,,,24.9,OTHER_T20/FRANCHISE
bca46fdb,Abhishek Yadav,Batter,,,,24.853892577042238,,,19.62926393994355,24.853892577042238,19.62926393994355,,24.9,OTHER_T20/FRINGE
6e0a2209,B Swanepoel,Bowler,,,,47.1732636295743,,,24.883689839572188,47.1732636295743,24.883689839572188,,24.9,OTHER_T20/FRANCHISE
6a091f62,SJ Patel,Bowler,Czech Republic,,15.477060550970819,,,24.870477452108474,,15.477060550970819,24.870477452108474,,24.9,INTL_T20/ASSOCIATE_FRINGE
f73c0c37,RMRDG Rathnayake,Batter,,,,24.919134390218236,,,21.276557931204255,24.919134390218236,21.276557931204255,,24.9,OTHER_T20/FRINGE
e662b18f,JAR Blain,Bowler,Scotland,,,,,24.882856147459353,,,24.882856147459353,,24.9,INTL_T20/ASSOCIATE_FRINGE
aef2982e,MB van Schelven,Bowler,Netherlands,,,,,24.865033066760333,,,24.865033066760333,,24.9,INTL_T20/ASSOCIATE_FRINGE
43501c0d,AW Gale,Batter,,,,24.867925784771742,,,,24.867925784771742,,,24.9,OTHER_T20/FRANCHISE
e6409ae1,Mohammed Sameer,Batter,Bahrain,,24.924018232602194,,,,,24.924018232602194,,,24.9,INTL_T20/ASSOCIATE_FRINGE
a994e43c,J Matchett,Batter,,,,24.90194484288689,,,,24.90194484288689,,,24.9,OTHER_T20/FRINGE
156378d8,S Jora,Batter,Nepal,,28.338738029007303,19.175711748794463,,,,24.902603173927485,,,24.9,INTL_T20/ASSOCIATE_FRINGE
46821fbd,Shahil Momin,Batter,Austria,,24.885305810114584,,,25.239849226809884,,24.885305810114584,25.239849226809884,,24.9,INTL_T20/ASSOCIATE_FRINGE
ad733e72,DF Watts,Batter,Scotland,,24.949982353992347,,,,,24.949982353992347,,,24.9,INTL_T20/ASSOCIATE_FRINGE
e1d2c0bf,VT Thiyanesh,Bowler,Singapore,,23.170112799355195,,,24.85428160299818,,23.170112799355195,24.85428160299818,,24.9,INTL_T20/ASSOCIATE_FRINGE
f45cd5c8,SB Davey,Bowler,,,,,,,24.808823529411764,,24.808823529411764,,24.8,OTHER_T20/FRANCHISE
267be846,Rejaur Rahman,Bowler,,,,,,,24.78119429590018,,24.78119429590018,,24.8,OTHER_T20/FRANCHISE
0bde8443,OFM Sykes,Batter,,,,24.791395469968023,,,,24.791395469968023,,,24.8,OTHER_T20/FRINGE
0773c16a,TP Kaber,Bowler,,,,24.098288982952738,,,24.84458073473676,24.098288982952738,24.84458073473676,,24.8,OTHER_T20/FRINGE
4ebc70ca,GT Main,Bowler,Scotland,,22.278008849905493,,,24.800540221355497,,22.278008849905493,24.800540221355497,,24.8,INTL_T20/ASSOCIATE_FRINGE
c06c25fd,Akhil Anil,Batter,Tanzania,,24.802309768543655,,,30.684769750739328,,24.802309768543655,30.684769750739328,,24.8,INTL_T20/ASSOCIATE_FRINGE
747209e0,AG Weligamage,Batter,Hungary,,24.776574802196293,,,15.012580070564862,,24.776574802196293,15.012580070564862,,24.8,INTL_T20/ASSOCIATE_FRINGE
027662be,J Evans,Batter,Israel,,24.768786407142816,,,33.91666927300916,,24.768786407142816,33.91666927300916,,24.8,INTL_T20/ASSOCIATE_FRINGE
c8c9d60b,BBJL Perera,Batter,Italy,,24.816038773406287,,,,,24.816038773406287,,,24.8,INTL_T20/ASSOCIATE_FRINGE
3d74eacf,AS Routela,Batter,,,,24.82292216200096,,,23.459147648468036,24.82292216200096,23.459147648468036,,24.8,OTHER_T20/FRINGE
69cccff3,Rashid Khan,Bowler,Nepal,,,14.657419432710046,,,24.795186761229317,14.657419432710046,24.795186761229317,,24.8,OTHER_T20/FRINGE
6949f713,MK Anafie,Batter,Ghana,,24.80316173677464,,,24.125709808124256,,24.80316173677464,24.125709808124256,,24.8,INTL_T20/ASSOCIATE_FRINGE
bbab35a3,M Yunusu Issa,Batter,Tanzania,,24.81329244855835,,,25.480998869592025,,24.81329244855835,25.480998869592025,,24.8,INTL_T20/ASSOCIATE_FRINGE
90eac542,J Chialoufas,Batter,Cyprus,,24.783041505037797,,,,,24.783041505037797,,,24.8,INTL_T20/ASSOCIATE_FRINGE
3465e307,R Athapaththu,Bowler,Romania,,29.55844778251219,,,24.78189057066278,,29.55844778251219,24.78189057066278,,24.8,INTL_T20/ASSOCIATE_FRINGE
17e2a2d6,R Dianish,Batter,Malta,,24.76689295391478,,,,,24.76689295391478,,,24.8,INTL_T20/ASSOCIATE_FRINGE
9124aa4c,Zuhaib Zubair,Bowler,United Arab Emirates,,30.168411634350065,17.382605316567872,,25.25730208845178,24.121769929721296,25.373734265181742,24.831477528927845,,24.8,INTL_T20/ASSOCIATE_FRINGE
68790da2,N Brand,Bowler,,,,21.588735106546665,,,24.82830395136778,21.588735106546665,24.82830395136778,,24.8,OTHER_T20/FRINGE
1d45c01a,A Andrews,Bowler,Switzerland,,,,,24.83827447526209,,,24.83827447526209,,24.8,INTL_T20/ASSOCIATE_FRINGE
1d8c298b,M Louis,Batter,,,,24.76181671921241,,,,24.76181671921241,,,24.8,OTHER_T20/FRINGE
c311564c,Ibrahim Jabarkhel,Bowler,France,,22.48237769978028,,,24.78899788443259,,22.48237769978028,24.78899788443259,,24.8,INTL_T20/ASSOCIATE_FRINGE
b68d14a9,AJ Strauss,Batter,England,,24.75474648909929,,,,,24.75474648909929,,,24.8,INTL_T20/ASSOCIATE_FRINGE
fef4b937,GD Cross,Batter,,,,24.751018486185565,,,,24.751018486185565,,,24.8,OTHER_T20/FRINGE
6fb2d3a2,SB Keene,Batter,,,,24.773637751938868,,,20.517164245319584,24.773637751938868,20.517164245319584,,24.8,OTHER_T20/FRINGE
fd770945,BT Foakes,Wicketkeeper,England,,,24.37526807870133,,,,24.37526807870133,,26.29781420765027,24.8,OTHER_T20/FRANCHISE
865d671f,Tarun Yadav,Bowler,Bulgaria,,,,,24.8472848411499,,,24.8472848411499,,24.8,INTL_T20/ASSOCIATE_FRINGE
fccebff9,Shapoor Zadran,Bowler,,,,,,,24.80707989042741,,24.80707989042741,,24.8,OTHER_T20/FRINGE
7eb7d5d4,Z Abrahams,Bowler,,,,,,,24.808809893697436,,24.808809893697436,,24.8,OTHER_T20/FRINGE
a0a32dd1,Imran Khan,Batter,Portugal,,24.756469992020808,,,,,24.756469992020808,,,24.8,INTL_T20/ASSOCIATE_FRINGE
7ecb9a14,Aamir Kaleem,All-rounder,Oman,,21.863240325979678,,,26.102351097178683,,21.863240325979678,26.102351097178683,,24.8,INTL_T20/ASSOCIATE_FRINGE
cc796077,Ghulam Abbas Butt,Batter,Finland,,24.77184830512227,,,21.679792929811942,,24.77184830512227,21.679792929811942,,24.8,INTL_T20/ASSOCIATE_FRINGE
cc17536f,DPS Sooriyabandara,Batter,,,,24.825765147676364,,,,24.825765147676364,,,24.8,OTHER_T20/FRINGE
e93b6c95,G Singh,Batter,Suriname,,26.62062705592889,21.836568007986045,,28.452763333675886,,24.826604912950323,28.452763333675886,,24.8,INTL_T20/ASSOCIATE_FRINGE
5d3d423a,Girinath Reddy,Bowler,,,,,,,24.7012987012987,,24.7012987012987,,24.7,OTHER_T20/SMAT
5a4c12ab,Sohag Gazi,All-rounder,Bangladesh,,,15.610353555972889,,26.358347876672482,32.379037574159526,15.610353555972889,28.616106513230122,,24.7,INTL_T20/FULL_MEMBER
d99de998,ZB Lion-Cachet,Batter,Netherlands,,24.699103681994615,,,27.975816976672487,,24.699103681994615,27.975816976672487,,24.7,INTL_T20/ASSOCIATE_FRINGE
7eb36269,M van Lingen,Batter,Namibia,,24.699340048336673,,,17.234704459039058,,24.699340048336673,17.234704459039058,,24.7,INTL_T20/ASSOCIATE_FRINGE
6d024ce3,Zabiullah Zahid,Bowler,Sweden,,33.6290978673412,,,24.707888038928424,,33.6290978673412,24.707888038928424,,24.7,INTL_T20/ASSOCIATE_FRINGE
b8eddbdb,Imran Khalid,Bowler,,,,19.035100171482362,,,24.66914433669449,19.035100171482362,24.66914433669449,,24.7,OTHER_T20/FRINGE
737e595d,NK Yadav,Bowler,Nepal,,32.945065571776944,13.046371157670507,,24.38804933993886,25.147888956433636,25.483055166487027,24.672989196124398,,24.7,INTL_T20/ASSOCIATE_FRINGE
30baaf1f,TP Allen,Batter,United States of America,,27.297467649277056,20.328631624571127,,21.858944428660376,17.732034955335926,24.68415414001233,20.311353376163705,,24.7,INTL_T20/ASSOCIATE_FRINGE
db95ddeb,Sarfaraz Ali,All-rounder,Bahrain,,26.746752955259613,,,19.96954022988506,,26.746752955259613,19.96954022988506,,24.7,INTL_T20/ASSOCIATE_FRINGE
c80b4969,Ajay Kumar,Bowler,United Arab Emirates,,,,,,24.681920972644377,,24.681920972644377,,24.7,OTHER_T20/FRINGE
8a99caa9,Ashwin Vinod,Bowler,Switzerland,,25.503986475401454,,,24.73110746293034,,25.503986475401454,24.73110746293034,,24.7,INTL_T20/ASSOCIATE_FRINGE
6daf5e8c,RAJ Smith,Bowler,Scotland,,,29.560072815533978,,,24.719649561952437,29.560072815533978,24.719649561952437,,24.7,OTHER_T20/FRANCHISE
7a5f232a,JA Burns,Batter,Italy,,31.860493830213183,24.652216006884682,,,,24.652216006884682,,,24.7,OTHER_T20/FRANCHISE
e112732d,L Denny,Bowler,Cook Islands,,26.658455244785547,,,24.73733530534357,,26.658455244785547,24.73733530534357,,24.7,INTL_T20/ASSOCIATE_FRINGE
3d29b5fc,M Beitaki,Batter,Fiji,,24.733405142561317,,,,,24.733405142561317,,,24.7,INTL_T20/ASSOCIATE_FRINGE
59f509ed,G Goudie,Bowler,Scotland,,,,,24.675359128240615,,,24.675359128240615,,24.7,INTL_T20/ASSOCIATE_FRINGE
b13c506b,Joshua Ozukum,Batter,,,,24.673876602457,,,,24.673876602457,,,24.7,OTHER_T20/FRINGE
00757ae7,K Suttisan,Batter,Thailand,,24.688270438640288,,,,,24.688270438640288,,,24.7,INTL_T20/ASSOCIATE_FRINGE
eb75d76c,Saad Baig,Batter,,,,24.71232346811155,,,,24.71232346811155,,,24.7,OTHER_T20/FRINGE
bd3cecc6,Zohaib Sarwar,Batter,Portugal,,24.68972161084033,,,20.623108531255475,,24.68972161084033,20.623108531255475,,24.7,INTL_T20/ASSOCIATE_FRINGE
2ee2fcc8,I Thimira,Bowler,,,,19.332270093169473,,,24.7229689669406,19.332270093169473,24.7229689669406,,24.7,OTHER_T20/FRINGE
a71d0f89,R Chopra,Batter,United Arab Emirates,,29.96571502241941,15.835808081034484,,,,24.666999919400062,,,24.7,INTL_T20/ASSOCIATE_FRINGE
9a95bebb,S Bau,All-rounder,Papua New Guinea,,22.923668644474102,,,25.40554722638681,,22.923668644474102,25.40554722638681,,24.7,INTL_T20/ASSOCIATE_FRINGE
b4411c29,S Kosala,Batter,,,,24.66632263615915,,,,24.66632263615915,,,24.7,OTHER_T20/FRINGE
1b77f62b,MD Stoneman,Batter,,,,24.682862427474138,,,,24.682862427474138,,,24.7,OTHER_T20/FRANCHISE
54bd6664,H Johal,Bowler,,,,18.923466896009238,,,24.738313869780836,18.923466896009238,24.738313869780836,,24.7,OTHER_T20/FRINGE
8ea6e670,NM Hauritz,Bowler,Australia,,,,,,24.709203036053133,,24.709203036053133,,24.7,OTHER_T20/FRANCHISE
35ccfdd4,Akash Vasisht,Batter,,,,24.711188576408098,,,24.9050841283851,24.711188576408098,24.9050841283851,,24.7,OTHER_T20/FRINGE
f7bf6004,C Webster,Batter,Isle of Man,,24.693179112300605,,,,,24.693179112300605,,,24.7,INTL_T20/ASSOCIATE_FRINGE
d5b6fe5f,K Piyumal,Bowler,,,,,,,24.658364452163845,,24.658364452163845,,24.7,OTHER_T20/FRINGE
6ddaee2d,Abrar Bilal,Wicketkeeper,Austria,,17.50655166009781,,,,,17.50655166009781,,53.431372549019606,24.7,INTL_T20/ASSOCIATE_FRINGE
b5a12740,M Beardman,Bowler,Australia,,,,,,24.60169190784547,,24.60169190784547,,24.6,OTHER_T20/FRINGE
62d180f3,RG Okia,Batter,Uganda,,24.580524173749723,,,,,24.580524173749723,,,24.6,INTL_T20/ASSOCIATE_FRINGE
befef38f,Shahzaib,Bowler,Saudi Arabia,,,,,24.64967435149037,,,24.64967435149037,,24.6,INTL_T20/ASSOCIATE_FRINGE
f2397e48,Codi Yusuf,Bowler,,,,,,,24.627450980392158,,24.627450980392158,,24.6,OTHER_T20/FRANCHISE
5845b99b,Ali Farasat,Batter,Hungary,,24.591696501951866,,,,,24.591696501951866,,,24.6,INTL_T20/ASSOCIATE_FRINGE
28147cdc,BD Macdonald,Batter,,,,24.60195973174958,,,,24.60195973174958,,,24.6,OTHER_T20/FRINGE
9c48bdee,H Khuttan,Bowler,Portugal,,29.113100800089043,,,24.603298558165772,,29.113100800089043,24.603298558165772,,24.6,INTL_T20/ASSOCIATE_FRINGE
28131839,MA Leask,All-rounder,Scotland,,28.36167461148757,19.62468045549616,,26.727272727272727,,19.62468045549616,26.727272727272727,,24.6,INTL_T20/ASSOCIATE_FRINGE
b6359668,Qasim Akram,Batter,Pakistan,,,24.641737716420785,,,18.21399959264037,24.641737716420785,18.21399959264037,,24.6,OTHER_T20/FRINGE
76b19864,Murid Ekrami,Bowler,Belgium,,26.811607591159326,,,24.63326487036467,,26.811607591159326,24.63326487036467,,24.6,INTL_T20/ASSOCIATE_FRINGE
cd882d22,WRS Gidman,Batter,,,,24.605735801819463,,,20.55147872623601,24.605735801819463,20.55147872623601,,24.6,OTHER_T20/FRINGE
642d2883,Meet Ahir,Batter,Panama,,24.620893918017426,,,,,24.620893918017426,,,24.6,INTL_T20/ASSOCIATE_FRINGE
730d2283,Saghir Khan,Bowler,United Arab Emirates,,29.250741185573077,,,24.64323191226088,,29.250741185573077,24.64323191226088,,24.6,INTL_T20/ASSOCIATE_FRINGE
41eb66fd,Muhammad Younis,Batter,Bahrain,,24.64378060847385,,,,,24.64378060847385,,,24.6,INTL_T20/ASSOCIATE_FRINGE
e6c67124,RCC Canning,Batter,,,,24.61543467170847,,,,24.61543467170847,,,24.6,OTHER_T20/FRINGE
5365f10f,RR Bastiansz,Batter,Malta,,24.554631040720643,,,,,24.554631040720643,,,24.6,INTL_T20/ASSOCIATE_FRINGE
0f3e4716,JP Netto,Batter,Portugal,,24.584839010355445,,,,,24.584839010355445,,,24.6,INTL_T20/ASSOCIATE_FRINGE
0f348f58,Sunzamul Islam,Bowler,,,,25.028207819469955,,,24.561764705882354,25.028207819469955,24.561764705882354,,24.6,OTHER_T20/FRANCHISE
f6ba97c6,Dilum Fernando,Bowler,Romania,,,,,24.569791140285037,,,24.569791140285037,,24.6,INTL_T20/ASSOCIATE_FRINGE
95fd757d,HJ Swindells,Batter,,,,24.622448979591837,,,,24.622448979591837,,,24.6,OTHER_T20/FRANCHISE
9601c534,SD Lad,Batter,,,,24.55743363532065,,,39.75,24.55743363532065,39.75,,24.6,OTHER_T20/SMAT
0e0d4577,J Perera,Batter,,,,24.631478419436334,,,,24.631478419436334,,,24.6,OTHER_T20/FRINGE
98f33eed,L Ward,Batter,Isle of Man,,24.601737653401866,,,,,24.601737653401866,,,24.6,INTL_T20/ASSOCIATE_FRINGE
d88f9163,ST Yalimaiwai,Bowler,Fiji,,,,,24.574471685992656,,,24.574471685992656,,24.6,INTL_T20/ASSOCIATE_FRINGE
ce9ee68f,DK Dahyabhai Ahir,Bowler,Panama,,21.830761634525174,,,24.647140557421515,,21.830761634525174,24.647140557421515,,24.6,INTL_T20/ASSOCIATE_FRINGE
dd340ef9,VS Wategaonkar,Batter,Oman,,24.600605171964546,,,,,24.600605171964546,,,24.6,INTL_T20/ASSOCIATE_FRINGE
b0e08fde,Usman Limbada,Batter,Canada,,24.57458064148616,,,,,24.57458064148616,,,24.6,INTL_T20/ASSOCIATE_FRINGE
970ddd24,Suryansh Shedge,Batter,India,,,24.593158661346184,,17.94711372277912,21.40983288556104,24.593158661346184,19.24563340882234,,24.6,OTHER_T20/FRINGE
4d13485c,C Heenatigala,Bowler,,,,20.464997486818916,,,24.567017449060003,20.464997486818916,24.567017449060003,,24.6,OTHER_T20/FRINGE
a6881817,K Venkatraman,Bowler,Singapore,,,,,24.601818424615495,,,24.601818424615495,,24.6,INTL_T20/ASSOCIATE_FRINGE
2cd4271e,Jatin Wadhwan,Batter,,,,24.610927615344266,,,,24.610927615344266,,,24.6,OTHER_T20/FRINGE
c7375760,Parth Chauhan,Batter,,,,24.567262458316964,,,18.654274066201946,24.567262458316964,18.654274066201946,,24.6,OTHER_T20/FRINGE
4f3a89ae,SM Nash,Bowler,Samoa,,18.468602740986523,,,24.592035328739968,,18.468602740986523,24.592035328739968,,24.6,INTL_T20/ASSOCIATE_FRINGE
78adc879,N Wagner,Bowler,,,,49.09164460135334,,,24.602941176470587,49.09164460135334,24.602941176470587,,24.6,OTHER_T20/FRANCHISE
88fece92,Abdullah Fazal,Batter,,,,24.551998100303983,,,,24.551998100303983,,,24.6,OTHER_T20/FRINGE
5441db8c,Aizaz Cheema,Bowler,Pakistan,,,,,26.65573422303387,21.06436294044805,,24.55896999206419,,24.6,INTL_T20/ASSOCIATE_FRINGE
ea5e0599,Jubaid Ahamed,Batter,France,,24.645085436980366,,,,,24.645085436980366,,,24.6,INTL_T20/ASSOCIATE_FRINGE
f8e3c0f8,Omair Yousuf,Batter,Pakistan,,24.566998193060098,24.77459103061865,,,,24.644845507144552,,,24.6,INTL_T20/ASSOCIATE_FRINGE
860f7b67,J Byrappa,Batter,Mexico,,24.592216430741246,,,19.222876374473334,,24.592216430741246,19.222876374473334,,24.6,INTL_T20/ASSOCIATE_FRINGE
13bf1d91,Sulaiman Ali,Batter,Bulgaria,,24.630208826264447,,,19.462987601782057,,24.630208826264447,19.462987601782057,,24.6,INTL_T20/ASSOCIATE_FRINGE
5db1c288,CAJ Morris,Bowler,,,,,,,24.610294117647058,,24.610294117647058,,24.6,OTHER_T20/FRANCHISE
357f5314,A Karn,Bowler,Nepal,,,,,24.55729884462744,,,24.55729884462744,,24.6,INTL_T20/ASSOCIATE_FRINGE
31fbf891,H Masakadza,Batter,Zimbabwe,,24.604397630019754,22.219622492203143,,,,24.604397630019754,,,24.6,INTL_T20/FULL_MEMBER
4d3097d8,GJ Hopkins,Batter,New Zealand,,24.571188448546035,,,,,24.571188448546035,,,24.6,INTL_T20/ASSOCIATE_FRINGE
c7726eec,Atif Rasheed,Batter,Finland,,24.63770857548,,,26.026783949787752,,24.63770857548,26.026783949787752,,24.6,INTL_T20/ASSOCIATE_FRINGE
8596fe80,Mohammad Hasnain,Bowler,Pakistan,,,23.102245145631066,,23.16766510285096,27.007173601147777,23.102245145631066,24.607480789712266,,24.6,INTL_T20/FULL_MEMBER
0861a8d6,Rajesh Dhuper,Wicketkeeper,,,,18.130317957904165,,,,18.130317957904165,,50.0,24.5,OTHER_T20/SMAT
4fd0c3a6,M Ford,Batter,,,,24.48196851937281,,,23.73269448997604,24.48196851937281,23.73269448997604,,24.5,OTHER_T20/FRINGE
c01d1c0a,T Jamtsho,Batter,Bhutan,,24.46098950495648,,,23.118163932361163,,24.46098950495648,23.118163932361163,,24.5,INTL_T20/ASSOCIATE_FRINGE
22651574,D Nanda,Batter,Indonesia,,24.51580870559045,,,27.268949748227318,,24.51580870559045,27.268949748227318,,24.5,INTL_T20/ASSOCIATE_FRINGE
02b078b1,P Malav,Bowler,Luxembourg,,17.280662883542142,,,24.525404189926125,,17.280662883542142,24.525404189926125,,24.5,INTL_T20/ASSOCIATE_FRINGE
039f8170,K Takahashi,Bowler,Japan,,,,,24.51172882359512,,,24.51172882359512,,24.5,INTL_T20/ASSOCIATE_FRINGE
9ec74db8,CM McBride,Batter,Scotland,,24.492469388536705,,,,,24.492469388536705,,,24.5,INTL_T20/ASSOCIATE_FRINGE
b506636b,AA Jimoh,Bowler,Nigeria,,20.86452583203344,,,24.544308751488387,,20.86452583203344,24.544308751488387,,24.5,INTL_T20/ASSOCIATE_FRINGE
600dce49,Yashodha Lanka,Batter,,,,24.504171299624417,,,,24.504171299624417,,,24.5,OTHER_T20/FRINGE
a025c156,Muhammad Saleem,Batter,Brazil,,24.48279789223367,,,,,24.48279789223367,,,24.5,INTL_T20/ASSOCIATE_FRINGE
a9d2dab9,S Fanning,Batter,,,,24.546816087138666,,,,24.546816087138666,,,24.5,OTHER_T20/FRINGE
f6cb1703,Vasuki Koushik,Bowler,,,,,,,24.527119938884645,,24.527119938884645,,24.5,OTHER_T20/SMAT
33b48084,Numan Yousuf,Batter,Bahrain,,24.473085463068482,,,,,24.473085463068482,,,24.5,INTL_T20/ASSOCIATE_FRINGE
2fda74a2,UR Kumar,Batter,,,,24.545895425618927,,,,24.545895425618927,,,24.5,OTHER_T20/FRINGE
edfe226f,Omid Shafi Rahman,Bowler,United Arab Emirates,,,,,24.48914221177193,,,24.48914221177193,,24.5,INTL_T20/ASSOCIATE_FRINGE
904585d1,Vikas Hathwala,Batter,,,,24.498553372383984,,,,24.498553372383984,,,24.5,OTHER_T20/SMAT
c64c2443,J Syed Mohammad,Bowler,,,,23.180971793008947,,,24.476365706566312,23.180971793008947,24.476365706566312,,24.5,OTHER_T20/FRINGE
f1737607,RM Siri,Batter,Argentina,,24.490142234644814,,,,,24.490142234644814,,,24.5,INTL_T20/ASSOCIATE_FRINGE
97c06e86,Mangal Mahrour,Batter,,,,24.511974269537966,,,,24.511974269537966,,,24.5,OTHER_T20/SMAT
032c7eab,Khaibar Deldar,Batter,Hungary,,24.52651059760437,,,17.863681098471975,,24.52651059760437,17.863681098471975,,24.5,INTL_T20/ASSOCIATE_FRINGE
687e20b3,Mohammad Imran,Bowler,,,,,,,24.485294117647058,,24.485294117647058,,24.5,OTHER_T20/FRANCHISE
94253925,GH Vihari,Batter,,22.51655990484193,,32.53111594956454,,,31.133333333333333,24.51947111378645,31.133333333333333,,24.5,IPL/IPL
eeeebf82,HA Varaiya,Bowler,Kenya,,19.125099511051108,,,24.46654429225121,,19.125099511051108,24.46654429225121,,24.5,INTL_T20/ASSOCIATE_FRINGE
a670d624,RR Watson,Batter,Scotland,,24.532336319823205,,,23.151806550760924,,24.532336319823205,23.151806550760924,,24.5,INTL_T20/ASSOCIATE_FRINGE
4e602f29,ND Paranavithana,Batter,,,,24.451829353442257,,,23.097979330989038,24.451829353442257,23.097979330989038,,24.5,OTHER_T20/FRINGE
76dc16d4,JLB Davies,Wicketkeeper,,,,26.879521813383015,,,,26.879521813383015,,14.754098360655737,24.5,OTHER_T20/FRANCHISE
9b8a3c39,Muhammad Musa,Bowler,Pakistan,,,,,,24.529411764705884,,24.529411764705884,,24.5,OTHER_T20/FRANCHISE
9bb259b4,Ashraful Shuvo,Bowler,Estonia,,19.61358264649265,,,24.487330410236414,,19.61358264649265,24.487330410236414,,24.5,INTL_T20/ASSOCIATE_FRINGE
9a2d95ac,Aditya Kaushik,Batter,,,,24.478509875287692,,,,24.478509875287692,,,24.5,OTHER_T20/SMAT
098753fe,KI Fernando,Batter,,,,24.521247808344583,,,,24.521247808344583,,,24.5,OTHER_T20/FRINGE
5d60560f,Imran Ali Butt,Wicketkeeper,Bahrain,,20.56426728496217,,,,,20.56426728496217,,40.19607843137255,24.5,INTL_T20/ASSOCIATE_FRINGE
dc39e9ab,Mandeep Singh,Batter,Norway,,24.506581793471817,,,,,24.506581793471817,,,24.5,INTL_T20/ASSOCIATE_FRINGE
01b0d0a4,J Proctor,Bowler,Bermuda,,17.21964701866191,,,24.452889527907054,,17.21964701866191,24.452889527907054,,24.5,INTL_T20/ASSOCIATE_FRINGE
cbafbb70,STS Senarathne,Batter,,,,24.451573373281672,,,,24.451573373281672,,,24.5,OTHER_T20/FRINGE
85d8110a,KJ Coetzer,Batter,Scotland,,26.847332028981874,20.643255734983974,,,15.730364873222017,24.520803418732662,15.730364873222017,,24.5,INTL_T20/ASSOCIATE_FRINGE
026e1314,Ali Yalmaz,Batter,Hungary,,24.515424316872434,,,22.862897954989208,,24.515424316872434,22.862897954989208,,24.5,INTL_T20/ASSOCIATE_FRINGE
e661915c,DR Patankar,Batter,Malta,,24.51673770673561,,,,,24.51673770673561,,,24.5,INTL_T20/ASSOCIATE_FRINGE
b929c3ae,Flynn Zahra,Batter,Malta,,24.49040006545252,,,,,24.49040006545252,,,24.5,INTL_T20/ASSOCIATE_FRINGE
068c47d2,JJ Davidson,Bowler,Scotland,,,,,24.517994903410234,,,24.517994903410234,,24.5,INTL_T20/ASSOCIATE_FRINGE
b1451597,LR Shukla,Batter,,24.493151306240932,,,59.93506493506494,,,24.493151306240932,59.93506493506494,,24.5,IPL/IPL
10f7b52b,JD Baker,Batter,Samoa,,24.512088836926342,,,18.406595837109144,,24.512088836926342,18.406595837109144,,24.5,INTL_T20/ASSOCIATE_FRINGE
0079f139,R Gaznavi,Batter,Singapore,,24.502904566573005,,,,,24.502904566573005,,,24.5,INTL_T20/ASSOCIATE_FRINGE
7c668529,JD Bhatt,Batter,Germany,,24.387566061431713,,,23.035696368681158,,24.387566061431713,23.035696368681158,,24.4,INTL_T20/ASSOCIATE_FRINGE
e342d310,Pritam Das,Bowler,,,,,,,24.40469208211144,,24.40469208211144,,24.4,OTHER_T20/SMAT
f9daec85,Jayanta Behera,Bowler,,,,,,,24.399886524822698,,24.399886524822698,,24.4,OTHER_T20/FRINGE
4c1884fe,S Galagoda,Batter,,,,24.432510347194132,,,,24.432510347194132,,,24.4,OTHER_T20/FRINGE
87493f1d,Ubaid Minhas,Batter,Bahrain,,24.44501087996364,,,,,24.44501087996364,,,24.4,INTL_T20/ASSOCIATE_FRINGE
48f25627,Amjad Mahboob,Bowler,Singapore,,19.673055705924828,,,24.439394786287274,,19.673055705924828,24.439394786287274,,24.4,INTL_T20/ASSOCIATE_FRINGE
ff0b1636,Zeerak Chughtai,Bowler,Bulgaria,,26.65179291841292,,,24.35471252063655,,26.65179291841292,24.35471252063655,,24.4,INTL_T20/ASSOCIATE_FRINGE
8e7e982c,Muhammed Turkmen,Batter,Turkey,,24.430848559601195,,,23.17324272942144,,24.430848559601195,23.17324272942144,,24.4,INTL_T20/ASSOCIATE_FRINGE
bbfdb0c8,Mobashar Ashraf,Bowler,France,,,,,24.38709538145661,,,24.38709538145661,,24.4,INTL_T20/ASSOCIATE_FRINGE
2ada2d82,S Gani,Batter,,,,24.421644114739745,,,,24.421644114739745,,,24.4,OTHER_T20/FRINGE
03252e44,PA Jaques,Batter,,,,24.396851636920047,,,,24.396851636920047,,,24.4,OTHER_T20/FRINGE
ad1e02b4,Prashant Gupta,Batter,,,,24.443023404081522,,,,24.443023404081522,,,24.4,OTHER_T20/FRINGE
52980a48,TN de Grooth,Batter,Netherlands,,24.423126342457167,,,,,24.423126342457167,,,24.4,INTL_T20/ASSOCIATE_FRINGE
3e28808e,N Mugabe,Batter,Kenya,,24.39247047792496,,,,,24.39247047792496,,,24.4,INTL_T20/ASSOCIATE_FRINGE
3df8f9d5,Vishil Patel,Bowler,Kenya,,14.485981561184921,,,24.37065764426623,,14.485981561184921,24.37065764426623,,24.4,INTL_T20/ASSOCIATE_FRINGE
e0febd97,Arsalan Ahmed,Batter,Greece,,24.353757991766333,,,19.238444848235723,,24.353757991766333,19.238444848235723,,24.4,INTL_T20/ASSOCIATE_FRINGE
bcce309e,WPUJC Vaas,Bowler,Sri Lanka,,,,,24.426631203899714,,,24.426631203899714,,24.4,INTL_T20/ASSOCIATE_FRINGE
74b02e0c,DYA Davis,Bowler,,,,20.35449286915437,,,24.405749408983453,20.35449286915437,24.405749408983453,,24.4,OTHER_T20/FRINGE
afe3355a,AR Bawne,Batter,,,,24.35858010040576,,,,24.35858010040576,,,24.4,OTHER_T20/FRINGE
55e0d2a1,Mohammad Afzal,Batter,Saudi Arabia,,24.419857848270308,,,31.209237004842016,,24.419857848270308,31.209237004842016,,24.4,INTL_T20/ASSOCIATE_FRINGE
e4f6147b,N Advani,Bowler,Gibraltar,,16.039826445620676,,,24.442071057179646,,16.039826445620676,24.442071057179646,,24.4,INTL_T20/ASSOCIATE_FRINGE
70eb694b,V Athisayaraj Davidson,Bowler,,,,,,,24.416069108942565,,24.416069108942565,,24.4,OTHER_T20/FRINGE
82afc034,Mohammad Rizlan,Wicketkeeper,Qatar,,16.588355367691218,,,,,16.588355367691218,,55.88235294117647,24.4,INTL_T20/ASSOCIATE_FRINGE
5663eaa5,N A Sharma,Batter,,,,24.42495450409463,,,,24.42495450409463,,,24.4,OTHER_T20/SMAT
80fe6790,AR Bisht,Batter,Oman,,24.367580653722698,,,,,24.367580653722698,,,24.4,INTL_T20/ASSOCIATE_FRINGE
f27f89e8,AR White,Batter,Ireland,,24.43780620865499,,,,,24.43780620865499,,,24.4,INTL_T20/ASSOCIATE_FRINGE
27e71d47,K Upadhyay,Bowler,,,,,,,24.357864357864358,,24.357864357864358,,24.4,OTHER_T20/SMAT
ed031922,Arshad Iqbal,Bowler,Pakistan,,,,,25.144139936837632,24.411764705882355,,24.411764705882355,,24.4,OTHER_T20/FRANCHISE
783e6111,Chirag Jani,Bowler,,,,42.2218487394958,,,24.359119141727838,42.2218487394958,24.359119141727838,,24.4,OTHER_T20/SMAT
ca825da7,G Ford,Batter,,,,24.259280837095027,,,,24.259280837095027,,,24.3,OTHER_T20/FRINGE
d4d37c31,GA Stuurman,Bowler,South Africa,,,18.8011255778254,,,24.274110097939886,18.8011255778254,24.274110097939886,,24.3,OTHER_T20/FRINGE
f3bde2b3,KDK Vithanage,Batter,Sri Lanka,,24.3079571608002,,,,,24.3079571608002,,,24.3,INTL_T20/ASSOCIATE_FRINGE
3987e390,MJ Leach,Bowler,,,,18.786731238232854,,,24.28036834402792,18.786731238232854,24.28036834402792,,24.3,OTHER_T20/FRINGE
9e76cdb3,Ansh Patel,Bowler,Canada,,,,,27.968219339178155,18.224223209414696,,24.314220790516856,,24.3,INTL_T20/ASSOCIATE_FRINGE
c722b382,Mohsin Riaz,Batter,,,,24.33500508707882,,,,24.33500508707882,,,24.3,OTHER_T20/FRINGE
f4cb4f53,AP Majumdar,Batter,,,,24.341346529254924,,,,24.341346529254924,,,24.3,OTHER_T20/FRINGE
c98d4a41,Yasar Idrees,Batter,Kuwait,,24.268881631091787,,,,,24.268881631091787,,,24.3,INTL_T20/ASSOCIATE_FRINGE
64457c72,Kamal Soukhiya,Bowler,Luxembourg,,19.52088370983057,,,24.31412592819798,,19.52088370983057,24.31412592819798,,24.3,INTL_T20/ASSOCIATE_FRINGE
879cf1dd,HR Bhamu,Bowler,Sierra Leone,,,,,24.320586775426573,,,24.320586775426573,,24.3,INTL_T20/ASSOCIATE_FRINGE
268af93b,WRKS Darshika,Batter,,,,24.298731450238776,,,26.244917973073314,24.298731450238776,26.244917973073314,,24.3,OTHER_T20/FRINGE
0baa5518,Abhishesh Gautam,Bowler,,,,18.61025330899442,,,24.34035618597321,18.61025330899442,24.34035618597321,,24.3,OTHER_T20/FRINGE
906b7d48,Muhammad Moiz,Bowler,Romania,,29.14251202623801,,,24.25571946767472,,29.14251202623801,24.25571946767472,,24.3,INTL_T20/ASSOCIATE_FRINGE
28730f27,Koojana Perera,Batter,,,,24.253730856956665,,,19.12470054217627,24.253730856956665,19.12470054217627,,24.3,OTHER_T20/FRINGE
61a7d6e9,DA Mehta,Batter,Tanzania,,24.27248847441701,,,,,24.27248847441701,,,24.3,INTL_T20/ASSOCIATE_FRINGE
3f149080,M Coetzee,Batter,Hong Kong,,24.34695755464601,,,,,24.34695755464601,,,24.3,INTL_T20/ASSOCIATE_FRINGE
1200550f,MJ Prior,Batter,England,,27.46631032979739,18.919730717311364,,,,24.261342975115127,,,24.3,INTL_T20/ASSOCIATE_FRINGE
1ce9b927,CD Wright,Batter,United States of America,,24.2703425731955,,,,,24.2703425731955,,,24.3,INTL_T20/ASSOCIATE_FRINGE
276b64d4,TT Sawkar,Batter,,,,24.260846018988985,,,,24.260846018988985,,,24.3,OTHER_T20/FRINGE
75f3aa00,BN Toube,Batter,Cameroon,,24.254250800496713,,,25.1747507964238,,24.254250800496713,25.1747507964238,,24.3,INTL_T20/ASSOCIATE_FRINGE
99c81226,Zia-ul-Haq,Bowler,,,,,,,24.333333333333332,,24.333333333333332,,24.3,OTHER_T20/FRANCHISE
791c088d,Harishankar Reddy,Bowler,,,,,,,24.337662337662337,,24.337662337662337,,24.3,OTHER_T20/SMAT
010df582,N Saud,Bowler,,,,18.527869461740327,,,24.311678744310967,18.527869461740327,24.311678744310967,,24.3,OTHER_T20/FRINGE
b7db83eb,Jitin Singh,Batter,Tanzania,,24.330345812525966,,,23.710454989209744,,24.330345812525966,23.710454989209744,,24.3,INTL_T20/ASSOCIATE_FRINGE
64d66205,Kim Yongtae,Batter,South Korea,,24.28269607569848,,,,,24.28269607569848,,,24.3,INTL_T20/ASSOCIATE_FRINGE
aa867444,AD Dore,Batter,Bermuda,,24.340710684761355,,,,,24.340710684761355,,,24.3,INTL_T20/ASSOCIATE_FRINGE
75a58f94,Ihsanullah Wafa,Batter,Sweden,,24.330647611949097,,,,,24.330647611949097,,,24.3,INTL_T20/ASSOCIATE_FRINGE
f41598c1,AN Cook,Batter,England,,24.257494801626194,,,,,24.257494801626194,,,24.3,INTL_T20/ASSOCIATE_FRINGE
5b1d6583,AK Sah,Batter,Nepal,,27.9383829784091,18.20139932753854,,,21.194899760433742,24.287014109332635,21.194899760433742,,24.3,INTL_T20/ASSOCIATE_FRINGE
b556eff5,Micheal Das,Batter,Malta,,24.30608350761392,,,,,24.30608350761392,,,24.3,INTL_T20/ASSOCIATE_FRINGE
c46e9e56,CJO Smith,Batter,Scotland,,24.321618818405817,,,,,24.321618818405817,,,24.3,INTL_T20/ASSOCIATE_FRINGE
98dae38e,TK Lal,Bowler,Czech Republic,,,,,24.342418874123396,,,24.342418874123396,,24.3,INTL_T20/ASSOCIATE_FRINGE
571e1d2a,Shayan Jahangir,Wicketkeeper,United States of America,,33.594539939332655,24.73859591620809,,,,24.73859591620809,,22.528929604628736,24.3,OTHER_T20/FRANCHISE
85119526,A Patmore,Wicketkeeper,Japan,,15.61552072800809,,,,,15.61552072800809,,58.82352941176471,24.3,INTL_T20/ASSOCIATE_FRINGE
dc60abdc,Rizwan Haider,Bowler,Malaysia,,30.410132801254907,,,24.16578187764042,,30.410132801254907,24.16578187764042,,24.2,INTL_T20/ASSOCIATE_FRINGE
4612619b,AS Mehmi,Batter,Greece,,24.156377246267745,,,20.28335114582263,,24.156377246267745,20.28335114582263,,24.2,INTL_T20/ASSOCIATE_FRINGE
ddcd1520,James Middlebrook,Bowler,,,,23.45597415595938,,,24.23535009086377,23.45597415595938,24.23535009086377,,24.2,OTHER_T20/FRINGE
213c1054,OT Jackson,Batter,,,,24.164362331112677,,,,24.164362331112677,,,24.2,OTHER_T20/FRINGE
87968c84,Shuaib Al Balushi,Batter,Oman,,24.24213037570651,,,18.822754203457627,,24.24213037570651,18.822754203457627,,24.2,INTL_T20/ASSOCIATE_FRINGE
6ceb94d0,T Kelly,Batter,,,,24.217183128542853,,,,24.217183128542853,,,24.2,OTHER_T20/FRANCHISE
59c8c5b5,Hemang Patel,Bowler,,,,19.991746280164666,,,24.246585981394492,19.991746280164666,24.246585981394492,,24.2,OTHER_T20/FRINGE
7e83cef2,Mohit Avasthi,Bowler,,,,,,,24.22672504882311,,24.22672504882311,,24.2,OTHER_T20/FRINGE
27ca3a11,C Chetty,Batter,,,,24.165407782220896,,,,24.165407782220896,,,24.2,OTHER_T20/FRANCHISE
4992d6f6,ST Doheny,Batter,Ireland,,20.52249727078638,30.229022198984232,,,,24.162444118860574,,,24.2,INTL_T20/ASSOCIATE_FRINGE
9960a421,H Dandapani,Bowler,Finland,,21.83309609757921,,,24.19080177057984,,21.83309609757921,24.19080177057984,,24.2,INTL_T20/ASSOCIATE_FRINGE
9a5668db,Taekwan Park,Bowler,South Korea,,19.283144788194782,,,24.220982426467415,,19.283144788194782,24.220982426467415,,24.2,INTL_T20/ASSOCIATE_FRINGE
856cbb1e,Mohammed Nadeem,Bowler,Qatar,,16.549376205757845,,,24.215837469223302,,16.549376205757845,24.215837469223302,,24.2,INTL_T20/ASSOCIATE_FRINGE
2e392afa,P Aho,All-rounder,Nigeria,,15.339510164382975,,,28.043349753694585,,15.339510164382975,28.043349753694585,,24.2,INTL_T20/ASSOCIATE_FRINGE
fa4f5a0b,Ali Sheikh,Bowler,United States of America,,24.798900657352355,24.66265567163093,,28.31367969022979,17.227910690832676,24.74780878770682,24.15651631545587,,24.2,INTL_T20/ASSOCIATE_FRINGE
c0babb93,DE Johnson,Bowler,,,,19.615080717116754,,,24.232134703526803,19.615080717116754,24.232134703526803,,24.2,OTHER_T20/FRINGE
f0f20cf8,Ibrahim Kursad Dalyan,Batter,Turkey,,24.24760681264594,,,16.240509711232143,,24.24760681264594,16.240509711232143,,24.2,INTL_T20/ASSOCIATE_FRINGE
fb34b0ec,WJ Cope,Batter,Luxembourg,,24.17371155032759,,,23.59165471174597,,24.17371155032759,23.59165471174597,,24.2,INTL_T20/ASSOCIATE_FRINGE
b4c52f5f,G Oliveira,Bowler,Brazil,,26.57236310060736,,,24.183166310645525,,26.57236310060736,24.183166310645525,,24.2,INTL_T20/ASSOCIATE_FRINGE
8996a9a0,AA Sarwate,Bowler,,,,,,,24.156258921535517,,24.156258921535517,,24.2,OTHER_T20/FRINGE
40ff8e58,LA Goncalves,Bowler,Brazil,,23.022092277123264,,,24.1518248567863,,23.022092277123264,24.1518248567863,,24.2,INTL_T20/ASSOCIATE_FRINGE
2fd4669a,Waqas Ali,Bowler,Belgium,,,,,24.227654603482033,,,24.227654603482033,,24.2,INTL_T20/ASSOCIATE_FRINGE
7b0ea09e,Raja Shoaib,Batter,South Korea,,24.18275495723296,,,,,24.18275495723296,,,24.2,INTL_T20/ASSOCIATE_FRINGE
80ba2fe8,T Kaisala,Batter,Samoa,,24.187475048742975,,,,,24.187475048742975,,,24.2,INTL_T20/ASSOCIATE_FRINGE
61b69c02,Zakria Atiq Butt,Batter,France,,24.186396202754125,,,,,24.186396202754125,,,24.2,INTL_T20/ASSOCIATE_FRINGE
7a7bc7a4,Vasmiakram Chand,Batter,Zambia,,24.151385813826963,,,,,24.151385813826963,,,24.2,INTL_T20/ASSOCIATE_FRINGE
1c8ada57,T Ritawa,Bowler,Cook Islands,,20.723567023693516,,,24.215363939958184,,20.723567023693516,24.215363939958184,,24.2,INTL_T20/ASSOCIATE_FRINGE
637b6fbd,AG Puttick,Batter,,,,24.053136013441517,,,,24.053136013441517,,,24.1,OTHER_T20/FRANCHISE
1f3febed,Dikshanshu Negi,Batter,,,,24.107319785663734,,,38.12307692307692,24.107319785663734,38.12307692307692,,24.1,OTHER_T20/SMAT
b6924e3f,RJ Ainsworth,Batter,Hungary,,24.092064202486753,,,17.435787688829517,,24.092064202486753,17.435787688829517,,24.1,INTL_T20/ASSOCIATE_FRINGE
8a98675d,Sonu Singh,Bowler,,,,,,,24.078960923376442,,24.078960923376442,,24.1,OTHER_T20/FRINGE
c8ded7bc,Abhishek Tanwar,Bowler,,,,,,,24.061830621610348,,24.061830621610348,,24.1,OTHER_T20/FRINGE
492c17f0,JWN Moses,Batter,Botswana,,24.06533449282142,,,22.691358110084344,,24.06533449282142,22.691358110084344,,24.1,INTL_T20/ASSOCIATE_FRINGE
a76d10ba,TM Srivastava,Batter,,,,24.124444390334155,,,,24.124444390334155,,,24.1,OTHER_T20/FRINGE
327c7253,Manish Golamaru,Bowler,,,,18.329212604421425,,,24.054546437014523,18.329212604421425,24.054546437014523,,24.1,OTHER_T20/FRINGE
1952e660,MW Hill,Batter,,,,24.08857855618713,,,,24.08857855618713,,,24.1,OTHER_T20/FRINGE
fe504053,A Wijewardhana,Bowler,,,,,,,24.062731748018358,,24.062731748018358,,24.1,OTHER_T20/FRINGE
7d4a4371,Ranjeet Mali,Bowler,,,,,,,24.058558595069233,,24.058558595069233,,24.1,OTHER_T20/FRINGE
01b45044,Mohammad Amin,Batter,Kuwait,,24.055380462081416,,,,,24.055380462081416,,,24.1,INTL_T20/ASSOCIATE_FRINGE
4c7df2c8,Mohammad Shahzad (2),Batter,United Arab Emirates,,24.070095656724924,,,19.79866897812013,,24.070095656724924,19.79866897812013,,24.1,INTL_T20/ASSOCIATE_FRINGE
06b45b20,A Venkatesh,Batter,Sweden,,24.144413675212824,,,31.766546143902563,,24.144413675212824,31.766546143902563,,24.1,INTL_T20/ASSOCIATE_FRINGE
d6cd318e,Atharva Ankolekar,Bowler,,,,24.95786558309965,,,24.068291471671415,24.95786558309965,24.068291471671415,,24.1,OTHER_T20/FRINGE
575ab3ce,CU Jayasinghe,Batter,Sri Lanka,,24.147408987873415,,,,,24.147408987873415,,,24.1,INTL_T20/ASSOCIATE_FRINGE
8a5a8cf0,SM Warnakulasuriya,Bowler,France,,22.900803358976145,,,24.075578080336737,,22.900803358976145,24.075578080336737,,24.1,INTL_T20/ASSOCIATE_FRINGE
baf0fc26,R Rohan,Batter,Singapore,,24.050812665213535,,,,,24.050812665213535,,,24.1,INTL_T20/ASSOCIATE_FRINGE
6165bca6,A Mukund,Batter,,,,24.051106894370655,,,,24.051106894370655,,,24.1,OTHER_T20/FRINGE
88fac705,TJ Draca,Bowler,Italy,,21.537750372029137,,,24.092792751329448,,21.537750372029137,24.092792751329448,,24.1,INTL_T20/ASSOCIATE_FRINGE
2fcb040c,Rajat Paliwal,Batter,,,,24.135104394658534,,,,24.135104394658534,,,24.1,OTHER_T20/SMAT
985b57b1,Rajesh Singh,Batter,,,,24.141713796955734,,,17.331568108267142,24.141713796955734,17.331568108267142,,24.1,OTHER_T20/FRINGE
51f56fdb,Simon Sorensen,Bowler,Denmark,,,,,24.055764611242914,,,24.055764611242914,,24.1,INTL_T20/ASSOCIATE_FRINGE
e205ce8b,FL Patel,Batter,Panama,,24.130170277854255,,,19.002079467076115,,24.130170277854255,19.002079467076115,,24.1,INTL_T20/ASSOCIATE_FRINGE
f4e3d407,Nikhil,Batter,Uzbekistan,,24.145648031816073,,,,,24.145648031816073,,,24.1,INTL_T20/ASSOCIATE_FRINGE
1d8388eb,Amit Mishra,Bowler,,,,18.284708762677155,,,24.102475453624393,18.284708762677155,24.102475453624393,,24.1,OTHER_T20/FRINGE
798cc28e,KM Asif,Bowler,,,,,,,24.114100185528756,,24.114100185528756,,24.1,OTHER_T20/SMAT
43205dad,HW Podmore,Bowler,,,,,,,24.079584775086502,,24.079584775086502,,24.1,OTHER_T20/FRANCHISE
b4296080,Milind Kumar,Batter,United States of America,,29.340033316320554,24.12084702446148,,26.981149979914235,,24.12084702446148,26.981149979914235,,24.1,OTHER_T20/FRANCHISE
49dfe4a4,EJ Richardson,Bowler,,,,21.514960103275577,,,24.093943937858832,21.514960103275577,24.093943937858832,,24.1,OTHER_T20/FRINGE
e237b28c,Mohammad Yousuf,Batter,Pakistan,,24.074106292374054,,,,,24.074106292374054,,,24.1,INTL_T20/ASSOCIATE_FRINGE
d792374d,KK Dobell,Bowler,Japan,,,,,24.099613712854136,,,24.099613712854136,,24.1,INTL_T20/ASSOCIATE_FRINGE
8eea5560,CN Kent,Batter,Papua New Guinea,,24.054519677629113,,,,,24.054519677629113,,,24.1,INTL_T20/ASSOCIATE_FRINGE
db481029,Sunny Patel,Bowler,,,,,,,24.12941176470588,,24.12941176470588,,24.1,OTHER_T20/FRANCHISE
63578359,Kashif Abbas,Batter,Saudi Arabia,,24.116979323398162,,,,,24.116979323398162,,,24.1,INTL_T20/ASSOCIATE_FRINGE
4709e746,Shakeel Zeb,Bowler,Denmark,,,,,24.122256769712912,,,24.122256769712912,,24.1,INTL_T20/ASSOCIATE_FRINGE
0ac067e8,DR Hooper,Bowler,Guernsey,,23.932332662698172,,,24.06166498650272,,23.932332662698172,24.06166498650272,,24.1,INTL_T20/ASSOCIATE_FRINGE
c2468df1,Jay Chauhan,Bowler,,,,,,,24.144812852800698,,24.144812852800698,,24.1,OTHER_T20/FRINGE
8a58cc2a,Sagun Kamat,Batter,,,,24.02971232589067,,,,24.02971232589067,,,24.0,OTHER_T20/SMAT
3b63b5cc,Shiva Singh,Bowler,,,,,,,23.992207792207793,,23.992207792207793,,24.0,OTHER_T20/SMAT
6d440f4b,Faizan Mumtaz,Batter,Norway,,23.991051440138808,,,,,23.991051440138808,,,24.0,INTL_T20/ASSOCIATE_FRINGE
05d4c10d,JTA Benton,Bowler,,,,23.445706092637135,,,23.98938049184858,23.445706092637135,23.98938049184858,,24.0,OTHER_T20/FRINGE
6d2081aa,KA Vimlesh,Batter,Romania,,24.04142839099586,,,,,24.04142839099586,,,24.0,INTL_T20/ASSOCIATE_FRINGE
5d6364f0,CJB McCullough,Bowler,,,,20.832527941970564,,,24.022284363390746,20.832527941970564,24.022284363390746,,24.0,OTHER_T20/FRINGE
8c3cbee9,Imran Ahmed Kaneez,Bowler,Costa Rica,,15.214801093474675,,,24.016716477645367,,15.214801093474675,24.016716477645367,,24.0,INTL_T20/ASSOCIATE_FRINGE
757502b5,RD Pringle,All-rounder,,,,25.47739839252123,,,20.59024390243902,25.47739839252123,20.59024390243902,,24.0,OTHER_T20/FRANCHISE
763abbaf,Mickil Jaiswal,Batter,,,,24.00438877469127,,,,24.00438877469127,,,24.0,OTHER_T20/FRINGE
ccda520f,Anik Ahmed,Batter,Italy,,23.98941198519349,,,19.163045935669512,,23.98941198519349,19.163045935669512,,24.0,INTL_T20/ASSOCIATE_FRINGE
4043e3b0,SPS Shikongo,Bowler,Namibia,,21.090665314281726,,,23.99787591510357,,21.090665314281726,23.99787591510357,,24.0,INTL_T20/ASSOCIATE_FRINGE
da13a0fc,LW Feldman,Bowler,,,,,,,23.96328709588284,,23.96328709588284,,24.0,OTHER_T20/FRINGE
addbde6c,N Saini,Batter,,,,23.982335219760323,,,,23.982335219760323,,,24.0,OTHER_T20/FRINGE
2f7244b5,Farmanullah Ghari,Bowler,Norway,,24.92160804859126,,,23.996455550811653,,24.92160804859126,23.996455550811653,,24.0,INTL_T20/ASSOCIATE_FRINGE
f97e4db3,D Dewald,Bowler,Belgium,,22.442090632183525,,,24.023637199720664,,22.442090632183525,24.023637199720664,,24.0,INTL_T20/ASSOCIATE_FRINGE
f8035c2a,BDH Stevens,Batter,Jersey,,24.005055619706663,,,33.33559072380365,,24.005055619706663,33.33559072380365,,24.0,INTL_T20/ASSOCIATE_FRINGE
13d0b3d6,RS Second,Batter,,,,24.035376948310912,,,,24.035376948310912,,,24.0,OTHER_T20/FRANCHISE
719ac15b,AA Senn,Batter,Cyprus,,24.0485878197988,,,,,24.0485878197988,,,24.0,INTL_T20/ASSOCIATE_FRINGE
81acb5f5,S Gimhan,Batter,,,,24.035189084528973,,,,24.035189084528973,,,24.0,OTHER_T20/FRINGE
d207e4fb,S Periyalwar,Batter,Romania,,24.048970404617958,,,,,24.048970404617958,,,24.0,INTL_T20/ASSOCIATE_FRINGE
a6fc52a9,Ibtisam Sheikh,Bowler,,,,,,,24.049584449697925,,24.049584449697925,,24.0,OTHER_T20/FRINGE
54fff140,MMMS Cooray,Batter,,,,23.956067807684896,,,24.420531849103277,23.956067807684896,24.420531849103277,,24.0,OTHER_T20/FRINGE
f4ef0fd7,Sumit Ruikar,Bowler,,,,,,,23.975817286162115,,23.975817286162115,,24.0,OTHER_T20/SMAT
d516a95f,NSK Mehta,Bowler,Belgium,,,,,24.01409247503569,,,24.01409247503569,,24.0,INTL_T20/ASSOCIATE_FRINGE
24776ac5,GH Smit,Batter,Guernsey,,23.99755348476802,,,,,23.99755348476802,,,24.0,INTL_T20/ASSOCIATE_FRINGE
47e20f64,NRP Scholtz,Batter,Namibia,,24.024350214034648,,,26.818128489706435,,24.024350214034648,26.818128489706435,,24.0,INTL_T20/ASSOCIATE_FRINGE
574b4c01,G Kennedy,Bowler,,,,21.776131730739213,,,24.00597757950126,21.776131730739213,24.00597757950126,,24.0,OTHER_T20/FRINGE
f4f892a3,XSD Smith,Batter,Suriname,,24.014997112711328,,,35.136147364094136,,24.014997112711328,35.136147364094136,,24.0,INTL_T20/ASSOCIATE_FRINGE
a268c07b,K Hinds,Batter,Bahamas,,23.974495893457785,,,31.985708499821676,,23.974495893457785,31.985708499821676,,24.0,INTL_T20/ASSOCIATE_FRINGE
c17dcc29,F Khaliq,Bowler,Belgium,,30.21256449404451,,,24.027577044514263,,30.21256449404451,24.027577044514263,,24.0,INTL_T20/ASSOCIATE_FRINGE
f51ed6ad,RK Chandraguptha,Batter,,,,23.960266323451965,,,,23.960266323451965,,,24.0,OTHER_T20/FRINGE
6a685375,JB Reva,Bowler,Papua New Guinea,,18.549875680042746,,,23.963071156941933,,18.549875680042746,23.963071156941933,,24.0,INTL_T20/ASSOCIATE_FRINGE
1ed476fe,Umar Nawaz,Batter,Sweden,,24.01731192726536,,,,,24.01731192726536,,,24.0,INTL_T20/ASSOCIATE_FRINGE
68019a70,EF Beard,Batter,Isle of Man,,23.999219772691916,,,,,23.999219772691916,,,24.0,INTL_T20/ASSOCIATE_FRINGE
db535275,O Gunning,Batter,,,,24.014461345106504,,,,24.014461345106504,,,24.0,OTHER_T20/FRINGE
5bebe726,J Gallimore,Batter,Bahamas,,24.04969224173408,,,,,24.04969224173408,,,24.0,INTL_T20/ASSOCIATE_FRINGE
5117fa55,Ismail Ali,Batter,Maldives,,24.03583989359406,,,,,24.03583989359406,,,24.0,INTL_T20/ASSOCIATE_FRINGE
a7bc0f3d,Amir Khan,Batter,Malaysia,,24.0206190767686,,,26.612336861576402,,24.0206190767686,26.612336861576402,,24.0,INTL_T20/ASSOCIATE_FRINGE
5360c9be,R Mangal,Bowler,France,,14.184554936381744,,,24.033131964942026,,14.184554936381744,24.033131964942026,,24.0,INTL_T20/ASSOCIATE_FRINGE
fd94c29f,L Bonner,Batter,Belize,,24.011560216259994,,,33.7188966533073,,24.011560216259994,33.7188966533073,,24.0,INTL_T20/ASSOCIATE_FRINGE
8f2dfebf,MD Fisher,Bowler,,,,,,,23.880174291939,,23.880174291939,,23.9,OTHER_T20/FRANCHISE
cab3f89a,Gaurav Tiwari,Batter,Indonesia,,23.88770781065891,,,28.8430601358358,,23.88770781065891,28.8430601358358,,23.9,INTL_T20/ASSOCIATE_FRINGE
2413a688,DJ Leech,Bowler,,,,,,,23.87187762480879,,23.87187762480879,,23.9,OTHER_T20/FRINGE
19b4fa25,Zain Muzaffar,Bowler,Sweden,,30.877521153901807,,,23.883710448352193,,30.877521153901807,23.883710448352193,,23.9,INTL_T20/ASSOCIATE_FRINGE
7cfb697c,JA Foo,Batter,,,,23.92959276595683,,,,23.92959276595683,,,23.9,OTHER_T20/FRINGE
d754fde8,Zaheer Ibrahim,Batter,Qatar,,23.878620248194224,,,,,23.878620248194224,,,23.9,INTL_T20/ASSOCIATE_FRINGE
360f4e4b,GG Peters,Bowler,,,,14.851878911531777,,,23.875787137550056,14.851878911531777,23.875787137550056,,23.9,OTHER_T20/FRINGE
88251c6c,Asrar Ahmed,Batter,Greece,,23.94788235950891,,,18.91596888108295,,23.94788235950891,18.91596888108295,,23.9,INTL_T20/ASSOCIATE_FRINGE
6531eeea,Kamrul Hasan,Batter,Eswatini,,23.930361439278975,,,,,23.930361439278975,,,23.9,INTL_T20/ASSOCIATE_FRINGE
36eafb02,AJ Doolan,Batter,,,,23.850650049176295,,,,23.850650049176295,,,23.9,OTHER_T20/FRANCHISE
f7cb7c3a,Abul Farhad,Bowler,Czech Republic,,17.448035923326902,,,23.93953178990536,,17.448035923326902,23.93953178990536,,23.9,INTL_T20/ASSOCIATE_FRINGE
6d1db278,V Nagpaul,Bowler,Singapore,,,,,23.923843526981038,,,23.923843526981038,,23.9,INTL_T20/ASSOCIATE_FRINGE
2306b48a,Kuldeep Gurjar,Bowler,South Korea,,17.436285071235613,,,23.932393479286503,,17.436285071235613,23.932393479286503,,23.9,INTL_T20/ASSOCIATE_FRINGE
22d73540,Jahandad Khan,Bowler,Pakistan,,21.80438399706577,53.55115758028379,,18.02320185336589,23.94073083778966,53.55115758028379,23.94073083778966,,23.9,OTHER_T20/FRANCHISE
20a941bb,M Ntini,Bowler,South Africa,,,,,23.925017041581455,23.59407707606289,,23.925017041581455,,23.9,INTL_T20/FULL_MEMBER
91f4a6e5,GPK Wijesingha,Batter,Maldives,,23.90334026637227,,,,,23.90334026637227,,,23.9,INTL_T20/ASSOCIATE_FRINGE
f6b0bd10,Kuldeep Gehi,Batter,,,,23.94270818786948,,,,23.94270818786948,,,23.9,OTHER_T20/FRINGE
1bf2fd29,KHM James,Batter,,,,23.8726506096909,,,16.128571895562185,23.8726506096909,16.128571895562185,,23.9,OTHER_T20/FRINGE
d22960d9,JR Cope,Bowler,Czech Republic,,23.661280512726364,,,23.943611438202588,,23.661280512726364,23.943611438202588,,23.9,INTL_T20/ASSOCIATE_FRINGE
f732f3e7,Ian Dev Singh,Batter,,,,23.942963382707354,,,,23.942963382707354,,,23.9,OTHER_T20/FRINGE
90a3c0dc,Ankit Lamba,Batter,,,,23.936561646951773,,,,23.936561646951773,,,23.9,OTHER_T20/SMAT
e1481606,JM Polarouthu,Batter,Hungary,,23.934521718812363,,,,,23.934521718812363,,,23.9,INTL_T20/ASSOCIATE_FRINGE
5bcd48df,GR Hay,Batter,,,,23.904672095048916,,,,23.904672095048916,,,23.9,OTHER_T20/FRINGE
463ebce3,MJ Lamb,Batter,,,,23.89918539788315,,,,23.89918539788315,,,23.9,OTHER_T20/FRINGE
f915844b,Tarun Sharma,Batter,Slovenia,,23.915763941066192,,,,,23.915763941066192,,,23.9,INTL_T20/ASSOCIATE_FRINGE
4551ed03,Fazil Muhammad,Bowler,South Korea,,20.26804439224071,,,23.85207127761009,,20.26804439224071,23.85207127761009,,23.9,INTL_T20/ASSOCIATE_FRINGE
f52fc698,ZN Carter,Batter,,,,23.865053763440862,,,,23.865053763440862,,,23.9,OTHER_T20/FRINGE
56c205b7,PJ Forrest,Batter,,,,23.890177757850125,,,,23.890177757850125,,,23.9,OTHER_T20/FRANCHISE
5595b867,Fahad Babar,Batter,United States of America,,23.876898402239892,,,,,23.876898402239892,,,23.9,INTL_T20/ASSOCIATE_FRINGE
2c31f58a,T Sandaruwan,Bowler,Romania,,29.09506786681954,,,23.884951150001775,,29.09506786681954,23.884951150001775,,23.9,INTL_T20/ASSOCIATE_FRINGE
ff92e604,G Schachat,Batter,Israel,,23.93915209348188,,,,,23.93915209348188,,,23.9,INTL_T20/ASSOCIATE_FRINGE
a1448a10,JK Vifah,Batter,Ghana,,23.7855556584079,,,26.952520809783167,,23.7855556584079,26.952520809783167,,23.8,INTL_T20/ASSOCIATE_FRINGE
d5966b42,RM Magare,Batter,Czech Republic,,23.77906430126999,,,18.58189463227486,,23.77906430126999,18.58189463227486,,23.8,INTL_T20/ASSOCIATE_FRINGE
748c4d3b,Bodavarapu Sudhakar,Bowler,,,,19.28153628012363,,,23.781019925700775,19.28153628012363,23.781019925700775,,23.8,OTHER_T20/FRINGE
aed2b202,Arab Gul,Bowler,,,,,,,23.8108769294952,,23.8108769294952,,23.8,OTHER_T20/FRINGE
4d2068e9,R Koshitha,Bowler,,,,17.80871783935928,,,23.825758865248226,17.80871783935928,23.825758865248226,,23.8,OTHER_T20/FRINGE
1519bdeb,Subash Bhandari,Bowler,,,,,,,23.80581849761181,,23.80581849761181,,23.8,OTHER_T20/FRINGE
1f3e41fe,A Rajshekara,Batter,Romania,,23.82948193629253,,,,,23.82948193629253,,,23.8,INTL_T20/ASSOCIATE_FRINGE
ba86aae4,KR Kakade,Bowler,,,,23.4002425773081,,,23.787020355530995,23.4002425773081,23.787020355530995,,23.8,OTHER_T20/FRINGE
2d46e8ed,Zulqarnain Haider,Bowler,Spain,,19.60906920339246,,,23.83257771643447,,19.60906920339246,23.83257771643447,,23.8,INTL_T20/ASSOCIATE_FRINGE
2c12bc65,Abhishek Anand,Batter,Japan,,23.81061754158287,,,24.595193196999283,,23.81061754158287,24.595193196999283,,23.8,INTL_T20/ASSOCIATE_FRINGE
7517d134,CA Rose,Bowler,,,,52.18211713122456,,,23.770053475935825,52.18211713122456,23.770053475935825,,23.8,OTHER_T20/FRANCHISE
0bb68705,VC Ahir,Batter,Panama,,23.763633562791384,,,,,23.763633562791384,,,23.8,INTL_T20/ASSOCIATE_FRINGE
3528b8dd,DA Marage,Bowler,Italy,,18.998504070844888,,,23.76951520131471,,18.998504070844888,23.76951520131471,,23.8,INTL_T20/ASSOCIATE_FRINGE
d1317833,A Oxley,Batter,Belize,,23.80733531052689,,,,,23.80733531052689,,,23.8,INTL_T20/ASSOCIATE_FRINGE
b46554ed,S Nishshanka,Bowler,,,,,,,23.814557544373148,,23.814557544373148,,23.8,OTHER_T20/FRINGE
63f3e7f2,JC Martin,Batter,Guernsey,,23.83144380523352,,,,,23.83144380523352,,,23.8,INTL_T20/ASSOCIATE_FRINGE
68f7caf9,M Jenkinson,Batter,Finland,,23.798730716935644,,,,,23.798730716935644,,,23.8,INTL_T20/ASSOCIATE_FRINGE
f6bb92c1,DA Randika,Batter,,,,23.77953684113468,,,,23.77953684113468,,,23.8,OTHER_T20/FRINGE
d62f04f5,M Ozturk,Bowler,Turkey,,22.095657312411607,,,23.79496471655714,,22.095657312411607,23.79496471655714,,23.8,INTL_T20/ASSOCIATE_FRINGE
86421172,GA Lamb,Bowler,Zimbabwe,,23.03879642681984,,,23.804829219765182,,23.03879642681984,23.804829219765182,,23.8,INTL_T20/ASSOCIATE_FRINGE
ad85a036,Vineet Shah,Batter,Indonesia,,23.783546780529782,,,,,23.783546780529782,,,23.8,INTL_T20/ASSOCIATE_FRINGE
dd7e9b3b,YV Dhull,Batter,,,,23.803841346093762,,,,23.803841346093762,,,23.8,OTHER_T20/FRINGE
0251ee49,V Akash,Bowler,,,,,,,23.7968632218845,,23.7968632218845,,23.8,OTHER_T20/FRINGE
432bf4f5,Zishan Shah,Batter,Denmark,,23.760525383749567,,,,,23.760525383749567,,,23.8,INTL_T20/ASSOCIATE_FRINGE
a4571ba9,A Mustafa,Batter,Argentina,,23.78753899645109,,,,,23.78753899645109,,,23.8,INTL_T20/ASSOCIATE_FRINGE
134bead2,Varun Choudhary,Bowler,,,,,,,23.80063878033483,,23.80063878033483,,23.8,OTHER_T20/FRINGE
7cc093f4,Roshan Alam,Bowler,,,,21.34030002063251,,,23.817806023763474,21.34030002063251,23.817806023763474,,23.8,OTHER_T20/FRINGE
0e56c514,HJ Manenti,Batter,Italy,,27.760290049815936,17.19585920510623,,33.39998742022474,,23.798628483049797,33.39998742022474,,23.8,INTL_T20/ASSOCIATE_FRINGE
c915ee65,Soaeb Tai,Bowler,,,,23.217324478783716,,,23.807363278171792,23.217324478783716,23.807363278171792,,23.8,OTHER_T20/FRINGE
9fe56f2b,Samarth Seth,Batter,,,,23.755878180493355,,,16.926547023634406,23.755878180493355,16.926547023634406,,23.8,OTHER_T20/FRINGE
45ca12a7,D Kansonkho,Batter,Malawi,,23.78093122592975,,,20.109932909552683,,23.78093122592975,20.109932909552683,,23.8,INTL_T20/ASSOCIATE_FRINGE
5fe3709e,G Bakiweyem,Bowler,Ghana,,18.547311910316246,,,23.811619721446867,,18.547311910316246,23.811619721446867,,23.8,INTL_T20/ASSOCIATE_FRINGE
47c9f734,CJ King,Bowler,,,,,,,23.82973937376369,,23.82973937376369,,23.8,OTHER_T20/FRINGE
07b6f54c,DDP D'Silva,Batter,United Arab Emirates,,23.77007748230972,,,,,23.77007748230972,,,23.8,INTL_T20/ASSOCIATE_FRINGE
3847f098,Saqib Anwar,Bowler,Eswatini,,17.84454199227167,,,23.83154868572506,,17.84454199227167,23.83154868572506,,23.8,INTL_T20/ASSOCIATE_FRINGE
d094e7d1,Abdur Rehman,Bowler,Pakistan,,21.675077553505332,,,27.9563045210916,16.83915906788247,21.675077553505332,23.787374976138178,,23.8,INTL_T20/ASSOCIATE_FRINGE
b3e5205c,P Kotoisuva,Batter,Fiji,,23.83366678605675,,,23.42960641249615,,23.83366678605675,23.42960641249615,,23.8,INTL_T20/ASSOCIATE_FRINGE
0ebaa16a,SS Sharma,Batter,,,,23.757413147475283,,,,23.757413147475283,,,23.8,OTHER_T20/FRINGE
44756879,Saif Ullah,Batter,Uzbekistan,,23.70038020547698,,,,,23.70038020547698,,,23.7,INTL_T20/ASSOCIATE_FRINGE
85ec63b5,S Dixit,Bowler,,,,20.40283835774865,,,23.670154002026344,20.40283835774865,23.670154002026344,,23.7,OTHER_T20/FRINGE
85c56be8,C Chatphaisan,Batter,Thailand,,23.704306513613854,,,28.610321823724867,,23.704306513613854,28.610321823724867,,23.7,INTL_T20/ASSOCIATE_FRINGE
d864f752,BK Majji,Batter,Ghana,,23.736939154347578,,,27.303030380882092,,23.736939154347578,27.303030380882092,,23.7,INTL_T20/ASSOCIATE_FRINGE
956887b2,AC McDermott,Bowler,,,,,,,23.677579196217494,,23.677579196217494,,23.7,OTHER_T20/FRINGE
2d1b6dee,GK Ghalley,Batter,Bhutan,,23.708954790101025,,,,,23.708954790101025,,,23.7,INTL_T20/ASSOCIATE_FRINGE
cd474693,Rajan Kumar,Bowler,,,,,,,23.716444830414435,,23.716444830414435,,23.7,OTHER_T20/FRINGE
4aef496b,Nazimuddin,Batter,Bangladesh,,27.440109782867882,17.55290247596009,,,,23.732407042777456,,,23.7,INTL_T20/ASSOCIATE_FRINGE
5c658441,Ayaz Dadabhai,Batter,Zambia,,23.705383163553282,,,33.72713095916519,,23.705383163553282,33.72713095916519,,23.7,INTL_T20/ASSOCIATE_FRINGE
ccceaca9,Yasser Nazir,Batter,Bahrain,,23.741590039230687,,,16.88593155893536,,23.741590039230687,16.88593155893536,,23.7,INTL_T20/ASSOCIATE_FRINGE
2cf2fc9e,CPPM Sadun,Batter,Cyprus,,23.700552754108998,,,22.79329976364197,,23.700552754108998,22.79329976364197,,23.7,INTL_T20/ASSOCIATE_FRINGE
a7b67d5d,LI Salomone,Batter,Mozambique,,23.716742886703642,,,23.42360093662375,,23.716742886703642,23.42360093662375,,23.7,INTL_T20/ASSOCIATE_FRINGE
5faa30f7,Amir Hayat,Bowler,United Arab Emirates,,17.554927753495942,,,23.732053210597982,,17.554927753495942,23.732053210597982,,23.7,INTL_T20/ASSOCIATE_FRINGE
5038c022,Asad Mahmood,Batter,Switzerland,,23.688217776597384,,,,,23.688217776597384,,,23.7,INTL_T20/ASSOCIATE_FRINGE
f4417987,R Mupfudza,Batter,Zimbabwe,,23.736918885605064,,,,,23.736918885605064,,,23.7,INTL_T20/ASSOCIATE_FRINGE
e871b2f0,Anser Mehmood,Batter,Switzerland,,23.71828271857342,,,,,23.71828271857342,,,23.7,INTL_T20/ASSOCIATE_FRINGE
1dd99aa6,L Evile,Bowler,Samoa,,,,,23.671963378453242,,,23.671963378453242,,23.7,INTL_T20/ASSOCIATE_FRINGE
aaa1b522,TL Suman,Batter,,23.738394728960767,,,,,,23.738394728960767,,,23.7,IPL/IPL
e4f13acd,A Mene-Ejegi,Bowler,Serbia,,31.199960879535208,,,23.690682695294846,,31.199960879535208,23.690682695294846,,23.7,INTL_T20/ASSOCIATE_FRINGE
b672e825,A Manousis,Batter,Greece,,23.6755371938306,,,22.600469212731568,,23.6755371938306,22.600469212731568,,23.7,INTL_T20/ASSOCIATE_FRINGE
6cb6215d,J Yamashita,Bowler,Japan,,25.924324880957688,,,23.664960632079733,,25.924324880957688,23.664960632079733,,23.7,INTL_T20/ASSOCIATE_FRINGE
0834996c,Gaurav Puri,Batter,,,,23.700057294646697,,,,23.700057294646697,,,23.7,OTHER_T20/FRINGE
9cd00650,S Mihira,Bowler,,,,16.939173717080184,,,23.72243971631206,16.939173717080184,23.72243971631206,,23.7,OTHER_T20/FRINGE
7cff331d,RR Sharan,Batter,Cambodia,,23.676676724000473,,,22.01694914632177,,23.676676724000473,22.01694914632177,,23.7,INTL_T20/ASSOCIATE_FRINGE
1f74f675,T Yotharat,Bowler,Thailand,,17.733305045226757,,,23.73181272829227,,17.733305045226757,23.73181272829227,,23.7,INTL_T20/ASSOCIATE_FRINGE
cb54a1d6,J Seymour,Batter,,,,23.729273243767693,,,22.569430569430565,23.729273243767693,22.569430569430565,,23.7,OTHER_T20/FRINGE
2a03bd2f,L Bruce,All-rounder,Gibraltar,,28.38014555018172,,,12.750487963565387,,28.38014555018172,12.750487963565387,,23.7,INTL_T20/ASSOCIATE_FRINGE
61d1a3d3,Shanu Saini,Bowler,,,,,,,23.687211977935384,,23.687211977935384,,23.7,OTHER_T20/FRINGE
c2327c5d,FJ Colson,Batter,,,,23.680481824125827,,,,23.680481824125827,,,23.7,OTHER_T20/FRINGE
12b7fa12,Kamran Mahmood,Batter,Denmark,,23.71977513038178,,,22.542028647541958,,23.71977513038178,22.542028647541958,,23.7,INTL_T20/ASSOCIATE_FRINGE
397f4d3a,BM Wheeler,Bowler,New Zealand,,25.840391031716674,50.29273315681082,,18.08608006770129,23.705882352941178,50.29273315681082,23.705882352941178,,23.7,OTHER_T20/FRANCHISE
66cf56a5,A Mithun,Bowler,,,,,,,23.66645549572379,,23.66645549572379,,23.7,OTHER_T20/SMAT
59fa2bbc,OJ Herrington,Batter,Belgium,,23.6714181764431,,,,,23.6714181764431,,,23.7,INTL_T20/ASSOCIATE_FRINGE
eb1a5b03,TJ Wells,Batter,,,,23.685921311853612,,,19.5,23.685921311853612,19.5,,23.7,OTHER_T20/FRANCHISE
ea2c0aff,Zain Ahmad,Batter,France,,23.71568383081791,,,31.535193278129043,,23.71568383081791,31.535193278129043,,23.7,INTL_T20/ASSOCIATE_FRINGE
d5f96736,DPS Tyagi,Batter,Singapore,,23.618255592535384,,,26.314638783269967,,23.618255592535384,26.314638783269967,,23.6,INTL_T20/ASSOCIATE_FRINGE
0bd536fb,P Raho,Bowler,Papua New Guinea,,25.92058099490513,,,23.575089328362907,,25.92058099490513,23.575089328362907,,23.6,INTL_T20/ASSOCIATE_FRINGE
788d661c,J Trembeath-Moro,Batter,Spain,,23.62688293665289,,,,,23.62688293665289,,,23.6,INTL_T20/ASSOCIATE_FRINGE
3300d23c,SF Mire,Batter,Zimbabwe,,28.277491777760382,15.78301467684234,,16.076138510549157,,23.592062864916116,16.076138510549157,,23.6,INTL_T20/ASSOCIATE_FRINGE
7509f4bc,Rajendran Vivek,Batter,,,,23.605040012031353,,,,23.605040012031353,,,23.6,OTHER_T20/FRINGE
27c5a793,DJ Lamb,All-rounder,,,,25.612026118312055,,,18.94410569105691,25.612026118312055,18.94410569105691,,23.6,OTHER_T20/FRANCHISE
85ad2217,DS Smith,Batter,West Indies,,26.504939939271843,18.816909456595035,,,,23.621928508268038,,,23.6,INTL_T20/ASSOCIATE_FRINGE
0d37dea9,DE Budge,Batter,Scotland,,23.572710300634768,,,,,23.572710300634768,,,23.6,INTL_T20/ASSOCIATE_FRINGE
b4f72cc6,A Siriwardhana,Bowler,,,,20.501839870850517,,,23.576776185651568,20.501839870850517,23.576776185651568,,23.6,OTHER_T20/FRINGE
03c29939,Sharad Lumba,Batter,,,,23.57157109800415,,,,23.57157109800415,,,23.6,OTHER_T20/FRINGE
58aa33cd,Najjam Shahzad,Bowler,Portugal,,33.9485641489491,,,23.63373074455518,,33.9485641489491,23.63373074455518,,23.6,INTL_T20/ASSOCIATE_FRINGE
cfcf189f,DA Blignaut,Batter,Germany,,23.552979875179773,,,28.59988722497245,,23.552979875179773,28.59988722497245,,23.6,INTL_T20/ASSOCIATE_FRINGE
7b5c6c0b,CD Wallace,Batter,Scotland,,23.58537912648415,,,,,23.58537912648415,,,23.6,INTL_T20/ASSOCIATE_FRINGE
50717bc4,A Thyagarajan,Batter,United States of America,,23.622302939686513,,,,,23.622302939686513,,,23.6,INTL_T20/ASSOCIATE_FRINGE
e3829b2a,Usman Ghani,Batter,,,,23.612819811833177,,,,23.612819811833177,,,23.6,OTHER_T20/FRINGE
c2f8f36e,Puneet Arora,Batter,Mexico,,23.634885794370774,,,,,23.634885794370774,,,23.6,INTL_T20/ASSOCIATE_FRINGE
798c67e5,Sunny Rana,Bowler,,,,14.787459782893395,,,23.611782505910163,14.787459782893393,23.611782505910163,,23.6,OTHER_T20/FRINGE
3ae3f034,AUK Pathan,Batter,,,,23.606065292600377,,,,23.606065292600377,,,23.6,OTHER_T20/FRINGE
ab343e93,P Kerai,Bowler,Kenya,,,,,23.595241309691797,,,23.595241309691797,,23.6,INTL_T20/ASSOCIATE_FRINGE
b7ab7aa9,BA Roy,Batter,,,,23.55946691796133,,,,23.55946691796133,,,23.6,OTHER_T20/FRINGE
b1ad996b,MP Yadav,Bowler,India,,,,,25.605822573316708,20.32331073182137,,23.624880632755954,,23.6,INTL_T20/ASSOCIATE_FRINGE
c7537f8a,TS Fray,Batter,Bermuda,,23.56475967167476,,,,,23.56475967167476,,,23.6,INTL_T20/ASSOCIATE_FRINGE
22fb205e,Praveen Santhanakrishnan,Batter,Mexico,,23.569815903163203,,,,,23.569815903163203,,,23.6,INTL_T20/ASSOCIATE_FRINGE
01127aa9,J Buchanan,Bowler,Cayman Islands,,,,,23.603615345025265,,,23.603615345025265,,23.6,INTL_T20/ASSOCIATE_FRINGE
9f395b45,JW Hartshorn,Bowler,,,,,,,23.58540733235769,,23.58540733235769,,23.6,OTHER_T20/FRINGE
cee8a83d,Arnab Nandi,Bowler,,,,22.07660284361821,,,23.616501679731243,22.07660284361821,23.616501679731243,,23.6,OTHER_T20/FRINGE
e553e27f,K Senamontree,Bowler,Thailand,,14.072913251572796,,,23.56575983708941,,14.072913251572796,23.56575983708941,,23.6,INTL_T20/ASSOCIATE_FRINGE
e56b84e7,SC Moore,Batter,,,,23.627238688730625,,,,23.627238688730625,,,23.6,OTHER_T20/FRINGE
9d103769,Saghar Manzoor,Batter,Croatia,,23.564358903066243,,,,,23.564358903066243,,,23.6,INTL_T20/ASSOCIATE_FRINGE
d8083abf,T Mohapi,Bowler,Lesotho,,,,,23.5984708566369,,,23.5984708566369,,23.6,INTL_T20/ASSOCIATE_FRINGE
261d591a,Firas Hussain,Batter,Bulgaria,,23.640083236056988,,,17.161088274586373,,23.640083236056988,17.161088274586373,,23.6,INTL_T20/ASSOCIATE_FRINGE
24ea8cf8,Dippu Sangma,Bowler,,,,16.68318324606214,,,23.617339452092896,16.68318324606214,23.617339452092896,,23.6,OTHER_T20/FRINGE
7d3937ed,DJ Thornely,Batter,,,,23.647025889689708,,,19.964884629933174,23.647025889689708,19.964884629933174,,23.6,OTHER_T20/FRINGE
1afdbdbf,JWM Dalrymple,Batter,England,,23.55021696912657,,,22.16777706673144,,23.55021696912657,22.16777706673144,,23.6,INTL_T20/ASSOCIATE_FRINGE
363fe2d5,K Ganesh,Batter,United States of America,,23.579517850562684,,,28.05816591306135,,23.579517850562684,28.05816591306135,,23.6,INTL_T20/ASSOCIATE_FRINGE
cd63866f,PWS Dulshan,Bowler,,,,17.940584968085865,,,23.60877901609817,17.940584968085865,23.60877901609817,,23.6,OTHER_T20/FRINGE
11a22126,A Turay,Batter,Sierra Leone,,23.645513380907595,,,29.741893472882065,,23.645513380907595,29.741893472882065,,23.6,INTL_T20/ASSOCIATE_FRINGE
fa794790,Habib Ahmadzai,Batter,Austria,,23.645389198857018,,,,,23.645389198857018,,,23.6,INTL_T20/ASSOCIATE_FRINGE
fac298ff,GM Andrew,Batter,,,,23.62752524060931,,,22.631324806082088,23.62752524060931,22.631324806082088,,23.6,OTHER_T20/FRINGE
14e801aa,MT Foster,Bowler,,,,,,,23.551643563861056,,23.551643563861056,,23.6,OTHER_T20/FRINGE
118b0a7c,Aziz Sualley,Bowler,Ghana,,18.191315749221772,,,23.626550219246955,,18.191315749221772,23.626550219246955,,23.6,INTL_T20/ASSOCIATE_FRINGE
5eba6319,Faisal Safi,Batter,France,,23.610623230355916,,,,,23.610623230355916,,,23.6,INTL_T20/ASSOCIATE_FRINGE
be5b02fa,Gavin Roulston,Batter,,,,23.58113342111038,,,,23.58113342111038,,,23.6,OTHER_T20/FRINGE
63772ee4,D Finau,Batter,Samoa,,23.549206136121768,,,18.049061761381154,,23.549206136121768,18.049061761381154,,23.5,INTL_T20/ASSOCIATE_FRINGE
a5c3d564,G Kaplan,Batter,,,,23.482374797057375,,,,23.482374797057375,,,23.5,OTHER_T20/FRINGE
a6941f24,S Shermatov,Batter,Uzbekistan,,23.502678839651505,,,,,23.502678839651505,,,23.5,INTL_T20/ASSOCIATE_FRINGE
a138f597,Ali Masood,Batter,Estonia,,23.45973631040605,,,27.232928828977766,,23.45973631040605,27.232928828977766,,23.5,INTL_T20/ASSOCIATE_FRINGE
00863408,MTMMJ Ave,Batter,Cook Islands,,27.74571179229835,16.554792787857302,,29.338345587204905,,23.549117165632957,29.338345587204905,,23.5,INTL_T20/ASSOCIATE_FRINGE
aba0f4a9,R Kumar,Bowler,,,,,,,23.54784464707869,,23.54784464707869,,23.5,OTHER_T20/FRINGE
69b1224b,A Sidhu,Bowler,,,,17.599202247320463,,,23.49520162107396,17.599202247320463,23.49520162107396,,23.5,OTHER_T20/FRINGE
ec33ff92,D Kalupahana,Batter,,,,23.47612521555819,,,21.76472071617703,23.47612521555819,21.76472071617703,,23.5,OTHER_T20/FRINGE
347fb4e1,Debabrata Pradhan,Bowler,,,,18.590585571588154,,,23.548245003223727,18.590585571588154,23.548245003223727,,23.5,OTHER_T20/FRINGE
d953ed6a,B Zuiderent,Batter,Netherlands,,23.546673183264254,,,,,23.546673183264254,,,23.5,INTL_T20/ASSOCIATE_FRINGE
48641e31,C Melly,Batter,,,,23.451399272695603,,,,23.451399272695603,,,23.5,OTHER_T20/FRINGE
d9fd42e4,SP Sharma,Batter,Portugal,,23.479741975513242,,,26.852769733092927,,23.479741975513242,26.852769733092927,,23.5,INTL_T20/ASSOCIATE_FRINGE
3852600a,Qasim Anwar,Bowler,Cyprus,,,,,23.465992302168093,,,23.465992302168093,,23.5,INTL_T20/ASSOCIATE_FRINGE
803dbf1d,A Dutt,Bowler,Netherlands,,29.75047210943906,,,23.456621472066,,29.75047210943906,23.456621472066,,23.5,INTL_T20/ASSOCIATE_FRINGE
b2caf373,N White,Bowler,Isle of Man,,,,,23.482437432453644,,,23.482437432453644,,23.5,INTL_T20/ASSOCIATE_FRINGE
11687cd7,T Rajapakse,Batter,,,,23.517332309267793,,,,23.517332309267793,,,23.5,OTHER_T20/FRINGE
a3b9191a,PD Hennessy,Batter,Spain,,23.482080286460814,,,23.185859623882436,,23.482080286460814,23.185859623882436,,23.5,INTL_T20/ASSOCIATE_FRINGE
7f929ebe,AN Toube,Batter,Cameroon,,23.470331776109482,,,21.43024226698181,,23.470331776109482,21.43024226698181,,23.5,INTL_T20/ASSOCIATE_FRINGE
2bae86b6,Sameer Patel,Batter,Lesotho,,23.54256449181731,,,,,23.54256449181731,,,23.5,INTL_T20/ASSOCIATE_FRINGE
0637aa94,Nazmul Hossain Milon,Batter,,,,23.512937148909607,,,,23.512937148909607,,,23.5,OTHER_T20/FRANCHISE
c2fd51b1,K Gilham,Batter,Czech Republic,,23.51246974423927,,,23.258924384114497,,23.51246974423927,23.258924384114497,,23.5,INTL_T20/ASSOCIATE_FRINGE
e27cff77,A Khan,Bowler,Denmark,,22.31542792289855,,,23.4629033547419,,22.31542792289855,23.4629033547419,,23.5,INTL_T20/ASSOCIATE_FRINGE
68e21fb1,Devender Singh,Batter,Ghana,,23.532947147655722,,,,,23.532947147655722,,,23.5,INTL_T20/ASSOCIATE_FRINGE
ee17d329,D Abeyrathna,Batter,Norway,,23.52490623518046,,,30.002811632925702,,23.52490623518046,30.002811632925702,,23.5,INTL_T20/ASSOCIATE_FRINGE
119007ef,Ibrarul Haq,Bowler,Saudi Arabia,,28.21336431196251,,,23.465447042464657,,28.21336431196251,23.465447042464657,,23.5,INTL_T20/ASSOCIATE_FRINGE
92189c3e,D Hemananda,Bowler,,,,23.56263207939375,,,23.524701432345992,23.56263207939375,23.524701432345992,,23.5,OTHER_T20/FRINGE
85ba5659,C Bisson,Batter,Jersey,,23.462299785013798,,,,,23.462299785013798,,,23.5,INTL_T20/ASSOCIATE_FRINGE
c62368d0,OM Baker,Batter,United States of America,,23.546509872822444,,,20.363125344494165,,23.546509872822444,20.363125344494165,,23.5,INTL_T20/ASSOCIATE_FRINGE
e05fcb17,CJ Bodenstein,Batter,Jersey,,23.476960537220812,,,25.135304103459998,,23.476960537220812,25.135304103459998,,23.5,INTL_T20/ASSOCIATE_FRINGE
c1d3515b,AV Rajput,Batter,,,,23.51719115360804,,,22.13452135782233,23.51719115360804,22.13452135782233,,23.5,OTHER_T20/FRINGE
3f1ad7f2,CM Dickinson,Batter,,,,23.49400921658986,,,,23.49400921658986,,,23.5,OTHER_T20/FRINGE
278989a3,PJ Bhati,Batter,,,,23.451967893630748,,,,23.451967893630748,,,23.5,OTHER_T20/FRINGE
093ae70b,Hamid Hassan,Bowler,,,,,,,23.508113668162302,,23.508113668162302,,23.5,OTHER_T20/FRINGE
f5cf7ae0,Nakul Sharma,Batter,,,,23.356998186775932,,,,23.356998186775932,,,23.4,OTHER_T20/FRINGE
2c3afa34,Aamir Gani,Bowler,,,,,,,23.353706180344478,,23.353706180344478,,23.4,OTHER_T20/FRINGE
0d51e658,CD Barnwell,Batter,West Indies,,27.436958064538885,23.371706606646367,,19.181736203884494,21.95,23.371706606646367,21.95,,23.4,OTHER_T20/FRANCHISE
52f08be8,JM Muirhead,Bowler,Australia,,,,,24.998377648525025,20.856599497166876,,23.445210841765718,,23.4,INTL_T20/ASSOCIATE_FRINGE
2e4d5f94,TZ Chataira,Bowler,Zimbabwe,,,,,23.403118233098432,,,23.403118233098432,,23.4,INTL_T20/ASSOCIATE_FRINGE
e29e9c12,Shakeel Ahmed,Bowler,Oman,,26.97071475420848,,,23.42216273922304,,26.97071475420848,23.42216273922304,,23.4,INTL_T20/ASSOCIATE_FRINGE
067bda18,S Conners,Bowler,,,,,,,23.43438914027149,,23.43438914027149,,23.4,OTHER_T20/FRANCHISE
d07dbc28,Zawar Farid,Batter,United Arab Emirates,,27.648717845617078,16.279877151378347,,17.380295961360602,,23.38540258527755,17.380295961360602,,23.4,INTL_T20/ASSOCIATE_FRINGE
3f98fad7,J du Plessis,Batter,,,,23.416201382858485,,,,23.416201382858485,,,23.4,OTHER_T20/FRINGE
14857cf9,Jitumoni Kalita,Bowler,,,,,,,23.375142631993697,,23.375142631993697,,23.4,OTHER_T20/FRINGE
13f21a98,Alexandros Karvelas,Batter,Greece,,23.357769938492698,,,19.783978568959558,,23.357769938492698,19.783978568959558,,23.4,INTL_T20/ASSOCIATE_FRINGE
047d9032,JJ Krejza,Bowler,,,,17.48263439177597,,,23.376221546774737,17.48263439177597,23.376221546774737,,23.4,OTHER_T20/FRINGE
870e4cec,BA Pathan,Bowler,,,,15.451086646599304,,,23.412466509062256,15.451086646599304,23.412466509062256,,23.4,OTHER_T20/FRINGE
681f522f,SA Okpe,All-rounder,Nigeria,,17.616410017464936,,,25.87770649558942,,17.616410017464936,25.87770649558942,,23.4,INTL_T20/ASSOCIATE_FRINGE
32513930,CL Herring,Batter,,,,23.436228024915287,,,,23.436228024915287,,,23.4,OTHER_T20/FRINGE
2764133a,L Vincent,Batter,New Zealand,,22.854980196924323,24.366578262565227,,,,23.42182947153966,,,23.4,INTL_T20/ASSOCIATE_FRINGE
27128c74,Md Shafiqul Haque,Wicketkeeper,Thailand,,23.21825798064423,,,,,23.21825798064423,,24.019607843137255,23.4,INTL_T20/ASSOCIATE_FRINGE
7ee2ce62,VS Solanki,Batter,England,,26.451991545289694,18.433831914753217,,,,23.445181683838516,,,23.4,INTL_T20/ASSOCIATE_FRINGE
e17d56d1,HJ Cullen,Batter,,,,23.449842160963033,,,,23.449842160963033,,,23.4,OTHER_T20/FRINGE
67fedcb4,Fayaz Mohammad,Batter,Bulgaria,,23.367010268579698,,,,,23.367010268579698,,,23.4,INTL_T20/ASSOCIATE_FRINGE
af4c6a6d,JM Cumming,Batter,,,,23.38912206744868,,,,23.38912206744868,,,23.4,OTHER_T20/FRINGE
e343abe9,NS Poonia,Batter,Scotland,,23.432574647932732,,,,,23.432574647932732,,,23.4,INTL_T20/ASSOCIATE_FRINGE
8db27a28,ARA Chambers,Batter,Portugal,,23.43845208863662,,,,,23.43845208863662,,,23.4,INTL_T20/ASSOCIATE_FRINGE
1b2016bc,S Nanayakkare,Bowler,,,,,,,23.43701098901099,,23.43701098901099,,23.4,OTHER_T20/FRINGE
7f46e127,Rohan Bhavesh Patel,Bowler,Bulgaria,,,,,23.43268253536397,,,23.43268253536397,,23.4,INTL_T20/ASSOCIATE_FRINGE
24d72446,RS Fernando,Bowler,,,,27.057927488717283,,,23.411183609141055,27.05792748871728,23.411183609141055,,23.4,OTHER_T20/FRINGE
6d816d13,RA Mariu,Batter,,,,23.356940371456503,,,,23.356940371456503,,,23.4,OTHER_T20/FRINGE
b8cd9955,W Ngowhuad,Bowler,Thailand,,12.698160946158335,,,23.43943960421688,,12.698160946158335,23.43943960421688,,23.4,INTL_T20/ASSOCIATE_FRINGE
b857468a,V Vijh,All-rounder,Luxembourg,,26.648182639863876,,,15.936612576064908,,26.648182639863876,15.936612576064908,,23.4,INTL_T20/ASSOCIATE_FRINGE
df1b4c8f,A Halbhavi,Batter,Luxembourg,,23.369185648867546,,,,,23.369185648867546,,,23.4,INTL_T20/ASSOCIATE_FRINGE
4a8d1b14,A Ferguson,Batter,Argentina,,23.40711052696753,,,,,23.40711052696753,,,23.4,INTL_T20/ASSOCIATE_FRINGE
d996ba33,J Kila,Bowler,Papua New Guinea,,34.04107752962107,,,23.448288372827307,,34.04107752962107,23.448288372827307,,23.4,INTL_T20/ASSOCIATE_FRINGE
2314745e,Bharat Sharma,Bowler,,,,20.001386059829837,,,23.35009321175279,20.001386059829837,23.35009321175279,,23.4,OTHER_T20/FRINGE
4957b300,A Neill,Bowler,Scotland,,,,,23.40362072474803,,,23.40362072474803,,23.4,INTL_T20/ASSOCIATE_FRINGE
480ed517,Imran Farhat,Batter,Pakistan,,23.365076136736946,,,,,23.365076136736946,,,23.4,INTL_T20/ASSOCIATE_FRINGE
c872d657,DV Devjani Mutreja,Bowler,Mexico,,14.77997027575837,,,23.375798648970004,,14.77997027575837,23.375798648970004,,23.4,INTL_T20/ASSOCIATE_FRINGE
ea42ddb9,ME Trescothick,Batter,England,,27.30429428987546,17.015588224092625,,,,23.4460295152069,,,23.4,INTL_T20/ASSOCIATE_FRINGE
af8d9fd9,Yasir Mehmood,Bowler,Cyprus,,24.76907688860104,,,23.271628027464686,,24.76907688860104,23.271628027464686,,23.3,INTL_T20/ASSOCIATE_FRINGE
c9a05046,Omer Kutuk,Batter,Turkey,,23.27842261293908,,,,,23.27842261293908,,,23.3,INTL_T20/ASSOCIATE_FRINGE
2af0e3b1,GA Priandana,All-rounder,Indonesia,,18.28907220787332,,,25.441222570532915,,18.28907220787332,25.441222570532915,,23.3,INTL_T20/ASSOCIATE_FRINGE
f7f7bee0,Virk Ali,Batter,France,,23.29380219579773,,,,,23.29380219579773,,,23.3,INTL_T20/ASSOCIATE_FRINGE
2cbe4f4d,S Fernando,Batter,,,,23.302040863199394,,,,23.302040863199394,,,23.3,OTHER_T20/FRINGE
95dc5adc,Rahim Khan,Bowler,Malaysia,,,,,23.2840225856328,,,23.2840225856328,,23.3,INTL_T20/ASSOCIATE_FRINGE
9e7225b0,Saurav Chauhan,Batter,,,,23.340350341379725,,,,23.340350341379725,,,23.3,OTHER_T20/FRINGE
3957a70a,GP Meade,Batter,Italy,,23.28406190514818,,,28.006299049700093,,23.28406190514818,28.006299049700093,,23.3,INTL_T20/ASSOCIATE_FRINGE
aa86d9d4,Shahnawaz Patel,Batter,Zambia,,23.296329407005608,,,,,23.296329407005608,,,23.3,INTL_T20/ASSOCIATE_FRINGE
424a7994,Nilansh Keswani,Bowler,United Arab Emirates,,28.733215540875857,,,23.25866221029165,,28.733215540875857,23.25866221029165,,23.3,INTL_T20/ASSOCIATE_FRINGE
f094e3b8,Muhammad Saqlain,Bowler,Hungary,,15.802188344025987,,,23.310222227095576,,15.802188344025987,23.310222227095576,,23.3,INTL_T20/ASSOCIATE_FRINGE
a1ad8978,J McKenzie,Bowler,,,,26.249654406251754,,,23.320563691627523,26.249654406251754,23.320563691627523,,23.3,OTHER_T20/FRINGE
3cc58287,O Bascome,Batter,Bermuda,,23.278139488043184,,,,,23.278139488043184,,,23.3,INTL_T20/ASSOCIATE_FRINGE
9aedf23b,T Mayes,Bowler,,,,24.28791703810929,,,23.278157115674503,24.28791703810929,23.278157115674503,,23.3,OTHER_T20/FRINGE
f5efe5e0,AL Dodson,Wicketkeeper,United States of America,,19.82323414704608,,,,,19.82323414704608,,37.254901960784316,23.3,INTL_T20/ASSOCIATE_FRINGE
a6004ded,Rohan Kunnummal,Batter,,,,23.330704289849628,,,,23.330704289849628,,,23.3,OTHER_T20/FRINGE
b29f6148,Heramb Parab,Bowler,,,,24.779053940756047,,,23.2626516478932,24.779053940756047,23.2626516478932,,23.3,OTHER_T20/FRINGE
621905b0,J Benjamin,Batter,Belize,,23.30935078000482,,,18.71324165506675,,23.30935078000482,18.71324165506675,,23.3,INTL_T20/ASSOCIATE_FRINGE
175d3d9f,Mohmedazim Abbasbhai,Batter,Zambia,,23.31680949365635,,,,,23.31680949365635,,,23.3,INTL_T20/ASSOCIATE_FRINGE
a4799701,Danish Aziz,Batter,Pakistan,,,23.291750377876483,,,14.26839826839827,23.291750377876483,14.26839826839827,,23.3,OTHER_T20/FRINGE
e429a2e8,Afaq Ahmed,Batter,Saudi Arabia,,23.270177340937895,,,,,23.270177340937895,,,23.3,INTL_T20/ASSOCIATE_FRINGE
601398c4,Bikramkumar Das,Batter,,,,23.319105700444346,,,,23.319105700444346,,,23.3,OTHER_T20/FRINGE
26f12506,CT Mutombodzi,Batter,Zimbabwe,,23.26855933484505,,,,,23.26855933484505,,,23.3,INTL_T20/FULL_MEMBER
dacf556b,D Ramani,Bowler,Czech Republic,,19.463409121459257,,,23.279919359962783,,19.463409121459257,23.279919359962783,,23.3,INTL_T20/ASSOCIATE_FRINGE
5044f30d,AS Dean,Bowler,Canada,,,,,23.319085406011446,,,23.319085406011446,,23.3,INTL_T20/ASSOCIATE_FRINGE
5ab659d9,P Pirabakaran,Bowler,France,,,,,23.32547752593559,,,23.32547752593559,,23.3,INTL_T20/ASSOCIATE_FRINGE
a8d6305d,S Udhayan,Batter,Seychelles,,23.262553876156126,,,,,23.262553876156126,,,23.3,INTL_T20/ASSOCIATE_FRINGE
909d9fac,Javed Maroofkhail,Batter,Norway,,23.259760916067656,,,,,23.259760916067656,,,23.3,INTL_T20/ASSOCIATE_FRINGE
7afc806f,C Olphert,Bowler,Ireland,,,,,,23.25128837855079,,23.25128837855079,,23.3,OTHER_T20/FRINGE
1117e543,R Silva,Wicketkeeper,,,,14.32804232804233,,,,14.328042328042327,,59.09090909090909,23.3,OTHER_T20/FRINGE
935305fd,J Stanigze,Bowler,Sweden,,27.040269578208026,,,23.293353638890487,,27.040269578208026,23.293353638890487,,23.3,INTL_T20/ASSOCIATE_FRINGE
f8748f79,NJ McGuire,Batter,,,,23.298113479262675,,,,23.298113479262675,,,23.3,OTHER_T20/FRINGE
d3e83eef,F Mutizwa,Batter,Zimbabwe,,23.333850501007053,,,,,23.333850501007053,,,23.3,INTL_T20/ASSOCIATE_FRINGE
063b3673,DH Yagnik,Wicketkeeper,,,,17.488824101069,,,,17.488824101069,,46.36736214605067,23.3,OTHER_T20/FRINGE
2f8a9682,RS Morton,Batter,West Indies,,23.284814901451398,,,,,23.284814901451398,,,23.3,INTL_T20/ASSOCIATE_FRINGE
8f3c6b8a,Muhammad Farooq,Bowler,United Arab Emirates,,25.788089566875257,,,23.281847382467387,,25.788089566875257,23.281847382467387,,23.3,INTL_T20/ASSOCIATE_FRINGE
d26de4de,C Robertson,Bowler,,,,19.49608083385304,,,23.342561875814162,19.49608083385304,23.342561875814162,,23.3,OTHER_T20/FRINGE
3f659464,OP Stone,Bowler,England,,,17.240201366414958,,,23.344246457707165,17.240201366414958,23.344246457707165,,23.3,OTHER_T20/FRANCHISE
2e6a4807,L Banks,Batter,,,,23.26521237979441,,,,23.26521237979441,,,23.3,OTHER_T20/FRINGE
0a2d45b0,C Wijesinghe,Bowler,,,,27.2964877332523,,,23.295749160134378,27.296487733252302,23.295749160134378,,23.3,OTHER_T20/FRINGE
c74c583b,R Bakum,Batter,Ghana,,23.2909872644765,,,25.523420221345496,,23.2909872644765,25.523420221345496,,23.3,INTL_T20/ASSOCIATE_FRINGE
e801ac71,AS Wright,Batter,Guernsey,,23.17089556263842,,,,,23.17089556263842,,,23.2,INTL_T20/ASSOCIATE_FRINGE
defcefc8,CR Pedersen,Batter,Denmark,,23.156489582734004,,,,,23.156489582734004,,,23.2,INTL_T20/ASSOCIATE_FRINGE
0a95c25a,Kaif Jamadar,Batter,Finland,,23.165077333373723,,,,,23.165077333373723,,,23.2,INTL_T20/ASSOCIATE_FRINGE
258fa633,Samar Quadri,Bowler,,,,15.619496987507874,,,23.22772242324826,15.619496987507873,23.22772242324826,,23.2,OTHER_T20/FRINGE
d1c94b25,CK Langeveldt,Bowler,South Africa,,18.980990918617884,,,26.179620890594258,18.13845489779836,18.980990918617884,23.164183643295793,,23.2,INTL_T20/ASSOCIATE_FRINGE
5dc19220,GM Strydom,Batter,Cayman Islands,,23.193099425617028,,,,,23.193099425617028,,,23.2,INTL_T20/ASSOCIATE_FRINGE
615688b6,Usman Najeeb,Bowler,Saudi Arabia,,33.38338407306465,,,23.24882927949781,,33.38338407306465,23.24882927949781,,23.2,INTL_T20/ASSOCIATE_FRINGE
b0b320a0,BM Edmondson,Bowler,,,,,,,23.245436105476674,,23.245436105476674,,23.2,OTHER_T20/FRANCHISE
bab78fa2,J Da Silva,Batter,,,,23.198385378247686,,,,23.198385378247686,,,23.2,OTHER_T20/FRANCHISE
168b4c4f,S Hicks,Batter,,,,23.229132835930073,,,15.776223776223775,23.229132835930073,15.776223776223775,,23.2,OTHER_T20/FRINGE
e01d2dae,Ikbal Hossain,Bowler,France,,,,,23.185093956375216,,,23.185093956375216,,23.2,INTL_T20/ASSOCIATE_FRINGE
d3016d75,P Taylor,Bowler,Czech Republic,,,,,23.219943625987966,,,23.219943625987966,,23.2,INTL_T20/ASSOCIATE_FRINGE
ae84d526,Abdurrahman Ahmadzai,Bowler,France,,,,,23.188526356560796,,,23.188526356560796,,23.2,INTL_T20/ASSOCIATE_FRINGE
b9cfb0b1,Sayed Monib,Bowler,Kuwait,,34.3927839902657,,,23.203267762601648,,34.3927839902657,23.203267762601648,,23.2,INTL_T20/ASSOCIATE_FRINGE
c228c52d,Arslan Amjad,Batter,Estonia,,23.15910138459816,,,23.450332496795376,,23.15910138459816,23.450332496795376,,23.2,INTL_T20/ASSOCIATE_FRINGE
e3f143c1,KJ Cottoy,Batter,,,,23.24864758473543,,,25.75866851595007,23.24864758473543,25.75866851595007,,23.2,OTHER_T20/FRINGE
214cf493,KB Ahir,Bowler,Panama,,20.314870956462258,,,23.24730252672704,,20.314870956462258,23.24730252672704,,23.2,INTL_T20/ASSOCIATE_FRINGE
384cebed,Abdul Majid,Bowler,Bahrain,,,,,23.22294648052075,,,23.22294648052075,,23.2,INTL_T20/ASSOCIATE_FRINGE
b426ff49,Mihusan Hamid,Bowler,Maldives,,22.49044598735466,,,23.217280971612198,,22.49044598735466,23.217280971612198,,23.2,INTL_T20/ASSOCIATE_FRINGE
91a260d3,Manzoor Dar,Batter,,,,23.21247985477889,,,18.078489471693356,23.21247985477889,18.078489471693356,,23.2,OTHER_T20/FRINGE
bc791e2d,Shoaib Qureshi,Bowler,Finland,,,,,23.222816809132233,,,23.222816809132233,,23.2,INTL_T20/ASSOCIATE_FRINGE
75657526,Patrick Nou,Batter,Papua New Guinea,,23.226265471178255,,,25.158313169720014,,23.226265471178255,25.158313169720014,,23.2,INTL_T20/ASSOCIATE_FRINGE
dbe38f35,Amshi de Silva,Bowler,,,,20.484887295392245,,,23.221445163942853,20.484887295392245,23.221445163942853,,23.2,OTHER_T20/FRINGE
9295145b,SD Outerbridge,Batter,Bermuda,,23.190319058472504,,,,,23.190319058472504,,,23.2,INTL_T20/ASSOCIATE_FRINGE
95c2d309,SKDT Madusanka,Batter,Seychelles,,23.23462183706888,,,21.559238667206685,,23.23462183706888,21.559238667206685,,23.2,INTL_T20/ASSOCIATE_FRINGE
07c8a2f4,LA Procter,Bowler,,,,51.355177993527505,,,23.23378582202111,51.355177993527505,23.23378582202111,,23.2,OTHER_T20/FRANCHISE
3fbb43a9,Saad Nasim,Batter,Pakistan,,,23.213109385256995,,,,23.213109385256995,,,23.2,OTHER_T20/FRINGE
c160db98,C Smith,Bowler,Isle of Man,,24.190564420365444,,,23.236368333407228,,24.190564420365444,23.236368333407228,,23.2,INTL_T20/ASSOCIATE_FRINGE
0ecf791e,S Dadswell,Batter,,,,23.182820473124547,,,,23.182820473124547,,,23.2,OTHER_T20/FRANCHISE
20ab5aad,PD Blignaut,Bowler,Namibia,,,,,23.15802971199005,,,23.15802971199005,,23.2,INTL_T20/ASSOCIATE_FRINGE
20988564,Virendra Kumar,Batter,Israel,,23.190093905984853,,,23.538236049737954,,23.190093905984853,23.538236049737954,,23.2,INTL_T20/ASSOCIATE_FRINGE
7db2113f,Sandeep Pattnaik,Batter,,,,23.194615019954576,,,,23.194615019954576,,,23.2,OTHER_T20/FRINGE
740d29d5,Sai Hla Htwe,Bowler,Myanmar,,,,,23.19766398256896,,,23.19766398256896,,23.2,INTL_T20/ASSOCIATE_FRINGE
64677a10,UR Patel,Batter,,,,23.228980801216277,,,,23.228980801216277,,,23.2,OTHER_T20/FRINGE
3a02626a,AG Paunikar,Batter,,,,23.157658539261142,,,,23.157658539261142,,,23.2,OTHER_T20/FRINGE
b8e65260,Imran Ameer,Bowler,Malta,,33.46668917721086,,,23.2069209276698,,33.46668917721086,23.2069209276698,,23.2,INTL_T20/ASSOCIATE_FRINGE
9853b404,ML Castillo,Batter,Belize,,23.190827433714233,,,34.617268523276124,,23.190827433714233,34.617268523276124,,23.2,INTL_T20/ASSOCIATE_FRINGE
709cb7f0,Hwanhee Lee,Bowler,South Korea,,20.537882391468,,,23.237349256398957,,20.537882391468,23.237349256398957,,23.2,INTL_T20/ASSOCIATE_FRINGE
b66201dd,Aarnav Patel,Bowler,Kenya,,,,,23.15094994315935,,,23.15094994315935,,23.2,INTL_T20/ASSOCIATE_FRINGE
e6127436,S Cotter,Batter,Samoa,,23.20447559908103,,,,,23.20447559908103,,,23.2,INTL_T20/ASSOCIATE_FRINGE
81efec30,NLJ Browne,Batter,,,,23.204819571302295,,,,23.204819571302295,,,23.2,OTHER_T20/FRINGE
e9d5218e,MT Coles,All-rounder,,,,27.22110327850509,,,13.608739837398373,27.22110327850509,13.608739837398373,,23.1,OTHER_T20/FRANCHISE
f4b6f6ac,OE Newey,Batter,Guernsey,,23.140201805400228,,,,,23.140201805400228,,,23.1,INTL_T20/ASSOCIATE_FRINGE
9765545f,Ankit Kumar,Batter,,,,23.141917529475133,,,,23.141917529475133,,,23.1,OTHER_T20/FRINGE
138e30ab,Yair Nagavkar,Bowler,Israel,,21.75224424742273,,,23.14056461732353,,21.75224424742273,23.14056461732353,,23.1,INTL_T20/ASSOCIATE_FRINGE
66000a39,Md Shuayeb,Bowler,Cambodia,,17.243625010200894,,,23.113653325182653,,17.243625010200894,23.113653325182653,,23.1,INTL_T20/ASSOCIATE_FRINGE
339bda40,Krishan Alang,Bowler,,,,,,,23.064056737588654,,23.064056737588654,,23.1,OTHER_T20/FRINGE
ac7fa28f,IJL Trott,Batter,England,,23.142008284556503,,,,,23.142008284556503,,,23.1,INTL_T20/ASSOCIATE_FRINGE
c498c510,N Nipiko,All-rounder,Vanuatu,,23.33868429054356,,,22.685013262599472,,23.33868429054356,22.685013262599472,,23.1,INTL_T20/ASSOCIATE_FRINGE
a7c7802a,AJ Ireland,Bowler,,,,,,,23.091741979061126,,23.091741979061126,,23.1,OTHER_T20/FRINGE
0da52658,AR Gandhi,Batter,Kenya,,23.088619044517145,,,,,23.088619044517145,,,23.1,INTL_T20/ASSOCIATE_FRINGE
bb20441f,H Dhami,Bowler,Nepal,,,19.699945555957832,,,23.113436239744125,19.699945555957832,23.113436239744125,,23.1,OTHER_T20/FRINGE
f08adc01,MG Hunter,Bowler,Gibraltar,,24.33078497638445,,,23.140433590366875,,24.33078497638445,23.140433590366875,,23.1,INTL_T20/ASSOCIATE_FRINGE
e8637dc9,O Stewart,Batter,Bahamas,,23.05242829222358,,,,,23.05242829222358,,,23.1,INTL_T20/ASSOCIATE_FRINGE
572f55fb,JA Bird,Batter,,,,23.097662104920175,,,19.53200197860392,23.097662104920175,19.53200197860392,,23.1,OTHER_T20/FRINGE
4bec0a86,SSK Bal,Batter,,,,23.12856127387946,,,,23.12856127387946,,,23.1,OTHER_T20/FRINGE
529fbf1b,Krishnamoorthy Vignesh,Bowler,,,,15.941601533142967,,,23.13451799712046,15.941601533142967,23.13451799712046,,23.1,OTHER_T20/FRINGE
398dd99c,N Pretorius,Batter,,,,23.11326490441904,,,,23.11326490441904,,,23.1,OTHER_T20/FRINGE
af4c15c5,DV Macome,Bowler,Mozambique,,20.635890770388066,,,23.091995853648434,,20.635890770388066,23.091995853648434,,23.1,INTL_T20/ASSOCIATE_FRINGE
511871c6,W Perchard,Batter,Jersey,,23.10172925402649,,,22.454891116488074,,23.10172925402649,22.454891116488074,,23.1,INTL_T20/ASSOCIATE_FRINGE
1ed99f80,Jaweed Ali,Batter,,,,23.090573567054676,,,,23.090573567054676,,,23.1,OTHER_T20/FRINGE
80e44dc5,JP McIlroy,Bowler,,,,,,,23.143382352941178,,23.143382352941178,,23.1,OTHER_T20/FRANCHISE
44aac2f0,Arjun Tendulkar,Bowler,,,,17.391234716920312,,,23.11552996801558,17.391234716920312,23.11552996801558,,23.1,OTHER_T20/FRINGE
00784913,SV Lazars,Bowler,,,,,,,23.081917884884447,,23.081917884884447,,23.1,OTHER_T20/FRINGE
be4807e3,GM Smith,Batter,,,,23.11594293078266,,,13.911675702937838,23.11594293078266,13.911675702937838,,23.1,OTHER_T20/FRINGE
b4a23876,AAA Amsterdam,Batter,United States of America,,23.143397161874226,,,,,23.143397161874226,,,23.1,INTL_T20/ASSOCIATE_FRINGE
e2f677bf,EJ Farley,Batter,Jersey,,23.126679773559363,,,,,23.126679773559363,,,23.1,INTL_T20/ASSOCIATE_FRINGE
dee70255,J Lassayo,Bowler,Sierra Leone,,16.012991600815084,,,23.07333795692521,,16.012991600815084,23.07333795692521,,23.1,INTL_T20/ASSOCIATE_FRINGE
b10e8c85,Abid Mushtaq,Bowler,,,,19.76167821527143,,,23.141995271867614,19.76167821527143,23.141995271867614,,23.1,OTHER_T20/FRINGE
4cfc2dc0,KE Bashir,Bowler,Bermuda,,,,,23.07519827564777,,,23.07519827564777,,23.1,INTL_T20/ASSOCIATE_FRINGE
4cbce738,D Daesrath,Batter,Canada,,23.064547382044196,,,,,23.064547382044196,,,23.1,INTL_T20/ASSOCIATE_FRINGE
d981a1de,J Jojo,Bowler,Denmark,,29.922043039899904,,,23.143559306817586,,29.922043039899904,23.143559306817586,,23.1,INTL_T20/ASSOCIATE_FRINGE
f66f5343,DA Hendricks,Batter,,,,23.096385542168676,,,,23.096385542168676,,,23.1,OTHER_T20/FRANCHISE
5a74e559,CJ White,Bowler,,,,,,,23.12554915867056,,23.12554915867056,,23.1,OTHER_T20/FRINGE
5950b933,A Ueda,Batter,Japan,,23.092208626147674,,,,,23.092208626147674,,,23.1,INTL_T20/ASSOCIATE_FRINGE
791a65ce,A Singhania,Bowler,,,,18.511314659792898,,,23.080161050174006,18.511314659792898,23.080161050174006,,23.1,OTHER_T20/FRINGE
64c81abf,D Suzuki,All-rounder,Japan,,12.576035614006189,,,27.64604462474645,,12.576035614006189,27.64604462474645,,23.1,INTL_T20/ASSOCIATE_FRINGE
ef39fc7f,T Webster,Batter,,,,23.115303952906466,,,,23.115303952906466,,,23.1,OTHER_T20/FRANCHISE
4cb5e3d1,Bipin Saurabh,Batter,,,,23.123943978950045,,,,23.123943978950045,,,23.1,OTHER_T20/FRINGE
0e4a8941,R Punchihewa,Bowler,,,,,,,22.99560501909438,,22.99560501909438,,23.0,OTHER_T20/FRINGE
f70c0c66,Arslan Ahmed,Batter,Portugal,,23.005372107778165,,,,,23.005372107778165,,,23.0,INTL_T20/ASSOCIATE_FRINGE
30b93df1,Rupesh Singh,Batter,Nepal,,26.928372023557273,16.456430911916936,,18.424649900505415,20.212811691313775,23.001394106692146,19.095210572058548,,23.0,INTL_T20/ASSOCIATE_FRINGE
085c1a4c,Ziaur Rehman,Batter,Finland,,22.986056517509304,,,,,22.986056517509304,,,23.0,INTL_T20/ASSOCIATE_FRINGE
d913103d,K Mahato,Bowler,,,,16.133324438006966,,,23.02249645390071,16.133324438006966,23.02249645390071,,23.0,OTHER_T20/FRINGE
e191bf68,Rameez Raja,Batter,Pakistan,,,22.95191396313119,,,,22.95191396313119,,,23.0,OTHER_T20/FRINGE
9c91218d,A Natubhai Ahir,Wicketkeeper,Panama,,17.348220983817384,,,31.344827586206897,,17.348220983817384,31.344827586206897,45.588235294117645,23.0,INTL_T20/ASSOCIATE_FRINGE
5b627626,B Aparajith,Batter,,,,22.99469419373878,,,44.030769230769224,22.99469419373878,44.030769230769224,,23.0,OTHER_T20/SMAT
48076638,LK Fransisco,Batter,,,,22.969643655051318,,,,22.969643655051318,,,23.0,OTHER_T20/FRINGE
16043342,AB McDonald,Batter,,,,23.039210306383826,,,20.582046466563582,23.039210306383826,20.582046466563582,,23.0,OTHER_T20/FRINGE
e42b0c76,SJ Cassidy,Batter,,,,23.025203207156896,,,,23.025203207156896,,,23.0,OTHER_T20/FRINGE
b30bfd44,JP Cabrera,Bowler,Argentina,,,,,22.959604528962178,,,22.959604528962178,,23.0,INTL_T20/ASSOCIATE_FRINGE
106fe7a6,KKV Perera,Bowler,,,,22.31845452972618,,,22.989773156294994,22.31845452972618,22.989773156294994,,23.0,OTHER_T20/FRINGE
caf0dbef,SF Mangoda,Batter,Israel,,23.017676442076194,,,20.586178786273848,,23.017676442076194,20.586178786273848,,23.0,INTL_T20/ASSOCIATE_FRINGE
e2b74f6e,AV Kolhar,Batter,,,,23.013420349811483,,,,23.013420349811483,,,23.0,OTHER_T20/FRINGE
676aeb1b,D Dawa,Bowler,Bhutan,,17.671009444997885,,,23.032049784022973,,17.671009444997885,23.032049784022973,,23.0,INTL_T20/ASSOCIATE_FRINGE
ee86a890,Rameez Khan,Batter,Romania,,23.010804769169916,,,30.35689021521021,,23.010804769169916,30.35689021521021,,23.0,INTL_T20/ASSOCIATE_FRINGE
27847fec,M Turner,Bowler,Turks and Caicos Island,,,,,22.975164122040148,,,22.975164122040148,,23.0,INTL_T20/ASSOCIATE_FRINGE
b70ec03e,S Gulecha,Batter,Singapore,,23.046510992780213,,,23.67438645005185,,23.046510992780213,23.67438645005185,,23.0,INTL_T20/ASSOCIATE_FRINGE
3cea23da,N Sindhu,Batter,,,,22.978058248262126,,,23.076535115370067,22.978058248262126,23.076535115370067,,23.0,OTHER_T20/FRINGE
214f6461,GCH Hill,Bowler,,,,36.55825242718446,,,23.036199095022624,36.55825242718446,23.036199095022624,,23.0,OTHER_T20/FRANCHISE
fcfffcd5,AS Kyobe,Batter,Uganda,,23.029523369262005,,,,,23.029523369262005,,,23.0,INTL_T20/ASSOCIATE_FRINGE
7cc7fe19,Nitin Tanwar,Bowler,,,,21.162482975146098,,,22.953925775826484,21.162482975146098,22.953925775826484,,23.0,OTHER_T20/FRINGE
a14b5f3c,Aslan Jafri,Batter,Singapore,,22.950556969459704,,,23.506133747816257,,22.950556969459704,23.506133747816257,,23.0,INTL_T20/ASSOCIATE_FRINGE
0226b73a,Imran Haider,Bowler,United Arab Emirates,,19.424264831235732,,,22.96823325107269,,19.424264831235732,22.96823325107269,,23.0,INTL_T20/ASSOCIATE_FRINGE
3951be49,AB Kamara,Batter,Sierra Leone,,23.041018680833616,,,28.21187784742918,,23.041018680833616,28.21187784742918,,23.0,INTL_T20/ASSOCIATE_FRINGE
c9bb898a,EJ Nuttall,Bowler,,,,,,,22.959001782531193,,22.959001782531193,,23.0,OTHER_T20/FRANCHISE
681af475,M Ansari,Bowler,Oman,,18.164042673317276,,,23.00436296005563,,18.164042673317276,23.00436296005563,,23.0,INTL_T20/ASSOCIATE_FRINGE
45d794b0,GJ Hilkowitz,Batter,Israel,,23.01640072212963,,,26.157465830849862,,23.01640072212963,26.157465830849862,,23.0,INTL_T20/ASSOCIATE_FRINGE
1283e17b,Imal Zuwak,Batter,Sweden,,22.879381867067856,,,,,22.879381867067856,,,22.9,INTL_T20/ASSOCIATE_FRINGE
004c9e85,PJ Hughes,Batter,Australia,,,22.930247172182657,,,,22.930247172182657,,,22.9,OTHER_T20/FRINGE
b5f7bae6,Vikrant Rajput,Batter,,,,22.923795386081224,,,,22.923795386081224,,,22.9,OTHER_T20/FRINGE
22feee04,Zubayr Hamza,Batter,,,,22.87184256269232,,,,22.87184256269232,,,22.9,OTHER_T20/FRINGE
f55c526f,T Maruma,Batter,Zimbabwe,,22.940135789404195,,,,,22.940135789404195,,,22.9,INTL_T20/ASSOCIATE_FRINGE
2baad3bd,LW James,Batter,,,,22.90868903316261,,,26.520202020202014,22.90868903316261,26.520202020202014,,22.9,OTHER_T20/FRANCHISE
df60a57a,O Peters,Batter,,,,22.885303411766742,,,14.977150142198688,22.885303411766742,14.97715014219869,,22.9,OTHER_T20/FRINGE
4b345629,Zeeshan Ashraf,Batter,,,,22.943087877963773,,,,22.943087877963773,,,22.9,OTHER_T20/FRINGE
6f49cc6e,Shivam Sharma,Bowler,,,,,,,22.900671186969056,,22.900671186969056,,22.9,OTHER_T20/FRINGE
27296d02,CJ Russell,Bowler,,,,,,,22.910611279972983,,22.910611279972983,,22.9,OTHER_T20/FRINGE
ad9e5bcb,Ishira Ayupala,Bowler,,,,17.09182143976054,,,22.91433589038452,17.09182143976054,22.91433589038452,,22.9,OTHER_T20/FRINGE
6de51a8e,Ritik Tomar,Batter,Czech Republic,,22.85304674650514,,,16.84872572191964,,22.85304674650514,16.84872572191964,,22.9,INTL_T20/ASSOCIATE_FRINGE
e82dc4c5,TS Nethula,Bowler,,,,24.916031059466984,,,22.944477479966842,24.916031059466984,22.944477479966842,,22.9,OTHER_T20/FRINGE
dc53a969,Muhammet Kursat,Bowler,Turkey,,,,,22.896614219924935,,,22.896614219924935,,22.9,INTL_T20/ASSOCIATE_FRINGE
b9a2c483,J Cameron-Dow,Bowler,,,,,,,22.902504108972195,,22.902504108972195,,22.9,OTHER_T20/FRINGE
f5c198fb,SP Patil,Batter,United Arab Emirates,,22.86822257611986,,,,,22.86822257611986,,,22.9,INTL_T20/ASSOCIATE_FRINGE
60dac349,SCG MacGill,Bowler,,,,,,,22.919647336948962,,22.919647336948962,,22.9,OTHER_T20/FRINGE
e1631e47,M Khojbariya,Batter,Eswatini,,22.898651124918864,,,24.188691706916043,,22.898651124918864,24.188691706916043,,22.9,INTL_T20/ASSOCIATE_FRINGE
fa308279,A Paul,Bowler,Estonia,,19.940143927526393,,,22.940620881685163,,19.940143927526393,22.940620881685163,,22.9,INTL_T20/ASSOCIATE_FRINGE
0fc88c2a,SMK Waththage,Bowler,Czech Republic,,19.865999230831704,,,22.947189345619492,,19.865999230831704,22.947189345619492,,22.9,INTL_T20/ASSOCIATE_FRINGE
8d78d0d0,Mamoon Latif,Batter,Belgium,,22.914017934902194,,,,,22.914017934902194,,,22.9,INTL_T20/ASSOCIATE_FRINGE
6a868271,J Cama,Batter,Fiji,,22.93532111645288,,,,,22.93532111645288,,,22.9,INTL_T20/ASSOCIATE_FRINGE
a482add2,KTK Rodrigo,Batter,Maldives,,22.93541143123988,,,,,22.93541143123988,,,22.9,INTL_T20/ASSOCIATE_FRINGE
5fd3f9db,Abhijeet Saket,Bowler,,,,,,,22.86670449172577,,22.86670449172577,,22.9,OTHER_T20/FRINGE
61741fea,Irfan Saleh,Batter,Zambia,,22.86689851684295,,,,,22.86689851684295,,,22.9,INTL_T20/ASSOCIATE_FRINGE
ed3fdd1a,Nitin Yadav,Bowler,,,,,,,22.876122931442083,,22.876122931442083,,22.9,OTHER_T20/FRINGE
7db29f25,Ali Naqi,Bowler,Portugal,,,,,22.881190707402702,,,22.881190707402702,,22.9,INTL_T20/ASSOCIATE_FRINGE
65be8bb2,Ramaal Lewis,Batter,,,,22.873162671316265,,,22.340723050032018,22.873162671316265,22.340723050032018,,22.9,OTHER_T20/FRINGE
0a9d8b61,JL Carter,Batter,,,,22.91881959324177,,,,22.91881959324177,,,22.9,OTHER_T20/FRANCHISE
0f3ee070,OE Robinson,All-rounder,,,,23.509566968781467,,,21.410373200117544,23.509566968781467,21.410373200117544,,22.9,OTHER_T20/FRANCHISE
7b09e19c,Kaif Ahmad,Batter,,,,22.919880908458794,,,,22.919880908458794,,,22.9,OTHER_T20/FRINGE
31865a5b,Gurdeep Singh,Batter,Kenya,,22.944976747051303,,,21.73016647826534,,22.944976747051303,21.73016647826534,,22.9,INTL_T20/ASSOCIATE_FRINGE
cc00a786,R Kano,Batter,Japan,,22.887722287332934,,,,,22.887722287332934,,,22.9,INTL_T20/ASSOCIATE_FRINGE
71c1f483,A Bonora,Batter,Italy,,22.948499915120692,,,,,22.948499915120692,,,22.9,INTL_T20/ASSOCIATE_FRINGE
e3434f95,AM Ali,Batter,,,,22.92734517347254,,,,22.92734517347254,,,22.9,OTHER_T20/FRANCHISE
93c0616e,Muhammad Asif,Bowler,Sweden,,,,,22.898034784471236,,,22.898034784471236,,22.9,INTL_T20/ASSOCIATE_FRINGE
30564b3e,Mazharul Islam,Batter,Seychelles,,22.88068948073742,,,23.371540144163717,,22.88068948073742,23.371540144163717,,22.9,INTL_T20/ASSOCIATE_FRINGE
6ab96cc2,Sonu Yadav,Bowler,,,,,,,22.83270426657661,,22.83270426657661,,22.8,OTHER_T20/FRINGE
8b054bba,AP Gillespie,Batter,,,,22.754903399774435,,,,22.754903399774435,,,22.8,OTHER_T20/FRINGE
6fe62d00,R Mudford,Batter,,,,22.7696665450301,,,,22.7696665450301,,,22.8,OTHER_T20/FRINGE
e033393d,G Tarr,Batter,,,,22.78061516226088,,,,22.78061516226088,,,22.8,OTHER_T20/FRINGE
be3bdc15,NG Collins,Batter,Finland,,22.843998113959692,,,,,22.843998113959692,,,22.8,INTL_T20/ASSOCIATE_FRINGE
224a9f5e,DG Weakley,Bowler,Bahamas,,17.568154757196602,,,22.837149428334705,,17.568154757196602,22.837149428334705,,22.8,INTL_T20/ASSOCIATE_FRINGE
b4889110,HKT Udeshana,Bowler,,,,,,,22.815294209336763,,22.815294209336763,,22.8,OTHER_T20/FRINGE
2c6052a6,JS Henriksen,Batter,Denmark,,22.780284696840344,,,15.814011920665914,,22.780284696840344,15.814011920665914,,22.8,INTL_T20/ASSOCIATE_FRINGE
481dd6dc,Abhay Negi,Bowler,,,,,,,22.776085982982536,,22.776085982982536,,22.8,OTHER_T20/SMAT
db218528,GC Galanis,Batter,Greece,,22.83696639449873,,,29.800925825765734,,22.83696639449873,29.800925825765734,,22.8,INTL_T20/ASSOCIATE_FRINGE
9e85455c,MS Harris,Batter,,,,22.82772219174973,,,,22.82772219174973,,,22.8,OTHER_T20/FRANCHISE
13a1dc01,P Stroud,Bowler,St Helena,,,,,22.832407057423726,,,22.832407057423726,,22.8,INTL_T20/ASSOCIATE_FRINGE
3a0dc16e,Snehal Kauthankar,Batter,,,,22.750796178343947,,,,22.750796178343947,,,22.8,OTHER_T20/SMAT
da1f80f8,LJ Barker,Batter,Guernsey,,22.841325106218036,,,,,22.841325106218036,,,22.8,INTL_T20/ASSOCIATE_FRINGE
f5715b48,Ali Naseer,All-rounder,United Arab Emirates,,25.250696062504005,21.871148459383754,,21.14697224558453,17.803713527851457,23.983365711333906,19.893250226434624,,22.8,INTL_T20/ASSOCIATE_FRINGE
f55016e8,Umar Alam,Bowler,,,,,,,22.847720676486635,,22.847720676486635,,22.8,OTHER_T20/FRINGE
e85f3659,Dhruv Patel,Batter,,,,22.842457646705313,,,15.319920024497002,22.842457646705313,15.319920024497002,,22.8,OTHER_T20/FRINGE
cdc6bdba,S Sandeep Warrier,Bowler,India,,,,,,22.76153633600442,,22.76153633600442,,22.8,OTHER_T20/SMAT
605b7efa,MC Juneja,Batter,,,,22.788465123693335,,,,22.788465123693335,,,22.8,OTHER_T20/FRINGE
9ac70727,Sohel Patel,Batter,Panama,,22.834389292342614,,,28.005062132913846,,22.834389292342614,28.005062132913846,,22.8,INTL_T20/ASSOCIATE_FRINGE
28b99edd,Delawar Khan,Bowler,Denmark,,34.34113407466375,,,22.794599089188004,,34.34113407466375,22.794599089188004,,22.8,INTL_T20/ASSOCIATE_FRINGE
c25be68d,P Magafas,Batter,Greece,,22.834291534347507,,,,,22.834291534347507,,,22.8,INTL_T20/ASSOCIATE_FRINGE
1e182ae2,BD Walters,Bowler,,,,,,,22.799307958477506,,22.799307958477506,,22.8,OTHER_T20/FRANCHISE
9c1b1f4b,A Desai,Bowler,United States of America,,,,,24.795197381000193,19.446117683734705,,22.789292494525633,,22.8,INTL_T20/ASSOCIATE_FRINGE
25550d06,GI Hume,All-rounder,Ireland,,25.743824950300336,20.32080200501253,,19.871196754563897,21.931034482758626,23.710191345817407,20.643635902636916,,22.8,INTL_T20/ASSOCIATE_FRINGE
6c15c035,D Sigera,Batter,,,,22.801344613673407,,,,22.801344613673407,,,22.8,OTHER_T20/FRINGE
34b8b1b5,Mohammed Awais,Bowler,Qatar,,19.00868353439585,,,22.756947240650796,,19.00868353439585,22.756947240650796,,22.8,INTL_T20/ASSOCIATE_FRINGE
39e599c8,A McAuley,Batter,Isle of Man,,22.84386617897728,,,,,22.84386617897728,,,22.8,INTL_T20/ASSOCIATE_FRINGE
54ef649e,ST de Silva,Batter,Sri Lanka,,,22.833762182107826,,,19.026996735734603,22.833762182107826,19.026996735734603,,22.8,OTHER_T20/FRINGE
35b84618,TK Saha,Bowler,Finland,,23.846833908893334,,,22.833398209820157,,23.846833908893334,22.833398209820157,,22.8,INTL_T20/ASSOCIATE_FRINGE
35b67232,CK Paul,Bowler,,,,17.335797418021485,,,22.78833607264813,17.335797418021485,22.78833607264813,,22.8,OTHER_T20/FRINGE
4f77a235,Mohammad Faiq,Batter,,,,22.81530977982591,,,,22.81530977982591,,,22.8,OTHER_T20/FRINGE
84880baf,Milad Momend,Bowler,Luxembourg,,12.542302382411233,,,22.780576185440758,,12.542302382411233,22.780576185440758,,22.8,INTL_T20/ASSOCIATE_FRINGE
34464143,Zeeshan Maqsood,All-rounder,Oman,,24.551473888972016,16.801209372637942,,22.36183278223902,24.834845735027223,21.645124695346734,23.289212639534593,,22.8,INTL_T20/ASSOCIATE_FRINGE
8f929af6,R Schachat,Bowler,Israel,,22.37236105008168,,,22.76367230351309,,22.37236105008168,22.76367230351309,,22.8,INTL_T20/ASSOCIATE_FRINGE
017e2f0d,Amogh Desai,Batter,,,,22.77045454545454,,,23.607831835293695,22.77045454545454,23.607831835293695,,22.8,OTHER_T20/FRINGE
34cbc9d2,Sankar Paul,Bowler,,,,22.154008942352053,,,22.84362310030395,22.154008942352053,22.84362310030395,,22.8,OTHER_T20/FRINGE
34cb2f69,Hamza Tahir,Bowler,Scotland,,,,,22.788747196205,,,22.788747196205,,22.8,INTL_T20/ASSOCIATE_FRINGE
fdd6edff,Himanshu Chawla,Batter,,,,22.77293411440518,,,,22.77293411440518,,,22.8,OTHER_T20/FRINGE
e57ded95,Rohit Dahiya,Batter,,,,22.849095089796315,,,18.395120880557773,22.849095089796315,18.395120880557773,,22.8,OTHER_T20/FRINGE
32190239,NT Gireesh,Bowler,Cambodia,,19.290660934224366,,,22.8439904384851,,19.290660934224366,22.8439904384851,,22.8,INTL_T20/ASSOCIATE_FRINGE
0393fbdc,A Pusthay,Batter,Finland,,22.79111863939928,,,26.947829959236802,,22.79111863939928,26.947829959236802,,22.8,INTL_T20/ASSOCIATE_FRINGE
c62a0327,N Krishna,Bowler,Seychelles,,19.31659988993688,,,22.807211843887984,,19.31659988993688,22.807211843887984,,22.8,INTL_T20/ASSOCIATE_FRINGE
dd5a9067,V Baskaran,Bowler,Singapore,,16.286762750332166,,,22.757640985506168,,16.286762750332166,22.757640985506168,,22.8,INTL_T20/ASSOCIATE_FRINGE
7b9b9aef,Abdul Shakoor,Batter,United Arab Emirates,,22.84221048528266,,,,,22.84221048528266,,,22.8,INTL_T20/ASSOCIATE_FRINGE
f815a3b7,Amir Sharif,Batter,Italy,,22.755741761847666,,,,,22.755741761847666,,,22.8,INTL_T20/ASSOCIATE_FRINGE
f4a0a615,P Koech,Bowler,Kenya,,19.060617033523584,,,22.84464745976736,,19.060617033523584,22.84464745976736,,22.8,INTL_T20/ASSOCIATE_FRINGE
a45a5e8d,AM Nayar,Batter,,22.80459018485143,,25.885175284398247,,,22.920709639156243,22.80459018485143,22.920709639156243,,22.8,IPL/IPL
1f8b4fec,T Vanuarua,Bowler,Cook Islands,,22.66679747746746,,,22.664681194887827,,22.66679747746746,22.664681194887827,,22.7,INTL_T20/ASSOCIATE_FRINGE
9b0d5e52,Sanjeet Desai,Batter,,,,22.68572614336575,,,,22.68572614336575,,,22.7,OTHER_T20/FRINGE
1c29d51f,MV Pithiya,Bowler,,,,,,,22.674285714285713,,22.674285714285713,,22.7,OTHER_T20/FRINGE
869f61bc,RL Vitas,Batter,Serbia,,22.657580448904355,,,,,22.657580448904355,,,22.7,INTL_T20/ASSOCIATE_FRINGE
09cb47d4,Deepak Behera,Bowler,,,,17.894563347281654,,,22.722799054373525,17.894563347281654,22.722799054373525,,22.7,OTHER_T20/FRINGE
04ed04d2,Ali Zaheer,Batter,Kuwait,,22.73105974517297,,,,,22.73105974517297,,,22.7,INTL_T20/ASSOCIATE_FRINGE
79e23cc5,ML Kostic,Batter,Serbia,,22.728418642927494,,,16.626435736701897,,22.728418642927494,16.626435736701897,,22.7,INTL_T20/ASSOCIATE_FRINGE
4017cb2e,Afzal Faiz,Batter,Maldives,,22.689454930040764,,,,,22.689454930040764,,,22.7,INTL_T20/ASSOCIATE_FRINGE
28574428,J Singye,Bowler,Bhutan,,25.540161429006716,,,22.730152582160095,,25.540161429006716,22.730152582160095,,22.7,INTL_T20/ASSOCIATE_FRINGE
61646132,Samiullah Shenwari,Batter,,,,22.748471325735693,,,22.27825521438194,22.748471325735693,22.27825521438194,,22.7,OTHER_T20/FRINGE
5c93efb1,Khalid Zahid,Bowler,Sweden,,32.337016495449745,,,22.664704838255382,,32.337016495449745,22.664704838255382,,22.7,INTL_T20/ASSOCIATE_FRINGE
2f48362d,Amit Sinha,Batter,,,,22.698979591836732,,,,22.698979591836732,,,22.7,OTHER_T20/SMAT
9395f98e,CJ Haggett,Bowler,,,,,,,22.719834087481146,,22.719834087481146,,22.7,OTHER_T20/FRANCHISE
6b394eaa,Mark Ingty,Batter,,,,22.67374228110703,,,,22.67374228110703,,,22.7,OTHER_T20/FRINGE
48536ee2,S Deshapriya,Batter,,,,22.695405118917733,,,,22.695405118917733,,,22.7,OTHER_T20/FRINGE
af27f9e7,Usman Arif,Bowler,Sweden,,,,,22.680552996873157,,,22.680552996873157,,22.7,INTL_T20/ASSOCIATE_FRINGE
74877950,Noman Naeem,Batter,France,,22.709338797855825,,,,,22.709338797855825,,,22.7,INTL_T20/ASSOCIATE_FRINGE
c01852c6,Junaid Sheikh,Bowler,Norway,,22.501561898154982,,,22.695284670550965,,22.501561898154982,22.695284670550965,,22.7,INTL_T20/ASSOCIATE_FRINGE
3cbef804,Mohammad Basit,Bowler,,,,,,,22.687868287740628,,22.687868287740628,,22.7,OTHER_T20/FRINGE
f98c24ec,DK Anefie,Batter,Ghana,,22.676982379355184,,,24.787250368238965,,22.676982379355184,24.787250368238965,,22.7,INTL_T20/ASSOCIATE_FRINGE
88209c84,JK Lalor,All-rounder,,,,10.306904428560902,,,28.041529334212264,10.306904428560902,28.041529334212264,,22.7,OTHER_T20/FRANCHISE
eb344e07,Lekhaz Reddy,Batter,,,,22.690472535686723,,,,22.690472535686723,,,22.7,OTHER_T20/FRINGE
dcf79e4b,Shakthi Udara,Bowler,,,,,,,22.717928627715864,,22.717928627715864,,22.7,OTHER_T20/FRINGE
0730a707,SI Kamea,Bowler,Papua New Guinea,,13.758285472467229,,,22.669460792575236,,13.758285472467229,22.669460792575236,,22.7,INTL_T20/ASSOCIATE_FRINGE
39f9e2bc,Jiwanjot Singh,Batter,,,,22.679427074745263,,,,22.679427074745263,,,22.7,OTHER_T20/FRINGE
d3cefce5,Bismillah Khan,Batter,,,,22.604438303631852,,,,22.604438303631852,,,22.6,OTHER_T20/FRINGE
9b05c1c1,AL Olliver,Bowler,,,,20.690120139617537,,,22.572936170212767,20.690120139617537,22.572936170212767,,22.6,OTHER_T20/FRINGE
0697b5a1,NN Banner,Bowler,Belize,,20.000269350258844,,,22.638456209651853,,20.000269350258844,22.638456209651853,,22.6,INTL_T20/ASSOCIATE_FRINGE
1c044b2e,EM Turay,Batter,Sierra Leone,,22.574232263935855,,,,,22.574232263935855,,,22.6,INTL_T20/ASSOCIATE_FRINGE
a7b20d59,Naren Reddy,Bowler,,,,25.185774004922337,,,22.607161094224924,25.185774004922337,22.607161094224924,,22.6,OTHER_T20/FRINGE
9cab5daf,NRJ Young,Bowler,,,,36.88200149365198,,,22.567362428842507,36.88200149365198,22.567362428842507,,22.6,OTHER_T20/FRANCHISE
6822e203,Lavin Coster,Batter,,,,22.587906878904118,,,,22.587906878904118,,,22.6,OTHER_T20/FRINGE
5757c506,Danyal Akbar,Batter,Hungary,,22.61005991442989,,,,,22.61005991442989,,,22.6,INTL_T20/ASSOCIATE_FRINGE
f9346e2a,Jayveer Parmar,Bowler,,,,18.386498745968257,,,22.63198986828774,18.386498745968257,22.63198986828774,,22.6,OTHER_T20/FRINGE
0782aec3,Muhammad Ajmal,Bowler,Malta,,22.150776247344375,,,22.57847884740982,,22.150776247344375,22.57847884740982,,22.6,INTL_T20/ASSOCIATE_FRINGE
dd98b22f,Munim Shahriar,Batter,Bangladesh,,18.56205394420256,22.618467590928862,,,,22.618467590928862,,,22.6,OTHER_T20/FRANCHISE
24e3c15b,Towfiq Khan,Batter,,,,22.558328931470587,,,,22.558328931470587,,,22.6,OTHER_T20/FRINGE
242a9261,Gaurav Gambhir,Bowler,,,,,,,22.595831738526776,,22.595831738526776,,22.6,OTHER_T20/FRINGE
e3fe4b49,F Hand,Bowler,Ireland,,,27.792078150781364,,22.57074588311269,21.106252538818595,27.79207815078136,22.57074588311269,,22.6,INTL_T20/FULL_MEMBER
49be2f58,KN Mussa,Bowler,Tanzania,,23.34476051490089,,,22.58954866155608,,23.34476051490089,22.58954866155608,,22.6,INTL_T20/ASSOCIATE_FRINGE
ca81c65c,M Dheeraj Kumar,Batter,,,,22.619469658001762,,,,22.619469658001762,,,22.6,OTHER_T20/FRINGE
cc9c8722,Chintapalli Kranthi Kumar,Batter,,,,22.641213964688923,,,,22.641213964688923,,,22.6,OTHER_T20/FRINGE
6bd0d89e,B Mejaro,Bowler,Lesotho,,13.303178628079204,,,22.59665460055387,,13.303178628079204,22.59665460055387,,22.6,INTL_T20/ASSOCIATE_FRINGE
7d21eb9b,GC Tonge,Bowler,West Indies,,,,,,22.606883048254765,,22.606883048254765,,22.6,OTHER_T20/FRINGE
0e34c23a,Adnan Idrees,Batter,Kuwait,,22.58300081618365,,,27.691912444764156,,22.58300081618365,27.691912444764156,,22.6,INTL_T20/ASSOCIATE_FRINGE
7c3c0337,Auqib Nabi,Bowler,,,,18.217354670294917,,,22.601766327334715,18.217354670294917,22.601766327334715,,22.6,OTHER_T20/FRINGE
9739e85c,Muhammad Akhlaq,Batter,,,,22.624115273521046,,,,22.624115273521046,,,22.6,OTHER_T20/FRINGE
c88c8a7d,Akshay Wadkar,Batter,,,,22.559798680618744,,,,22.559798680618744,,,22.6,OTHER_T20/SMAT
8053c798,Aarya Desai,Batter,,,,22.58953657709418,,,,22.58953657709418,,,22.6,OTHER_T20/FRINGE
9e432a38,Khalid Shah,Batter,United Arab Emirates,,25.50729154241761,17.749359511456284,,,,22.598067030807112,,,22.6,INTL_T20/ASSOCIATE_FRINGE
beb2a972,Agrim Tiwari,Bowler,,,,,,,22.568469210852193,,22.568469210852193,,22.6,OTHER_T20/FRINGE
b67bfbf8,HK Kukreja,Batter,Singapore,,22.567877356226305,,,,,22.567877356226305,,,22.6,INTL_T20/ASSOCIATE_FRINGE
1e25b5bf,C Carter,Batter,Hong Kong,,22.561879280838063,,,,,22.561879280838063,,,22.6,INTL_T20/ASSOCIATE_FRINGE
b26b1e3d,BA Godleman,Batter,,,,22.533275960986806,,,,22.533275960986806,,,22.5,OTHER_T20/FRANCHISE
a717c88e,Sanjay Raghunath,Batter,,,,22.526487721188182,,,,22.526487721188182,,,22.5,OTHER_T20/FRINGE
2f22325f,Ameer Saiyed,Batter,Botswana,,22.482988147192906,,,19.415583848378525,,22.482988147192906,19.415583848378525,,22.5,INTL_T20/ASSOCIATE_FRINGE
a64608ec,Rishabh Chouhan,Batter,,,,22.52897739203472,,,,22.52897739203472,,,22.5,OTHER_T20/SMAT
c10f9b62,D Kappagoda,Bowler,,,,19.45493956945663,,,22.520795438742873,19.45493956945663,22.520795438742873,,22.5,OTHER_T20/FRINGE
7a787b98,M Magagula,Bowler,Eswatini,,19.72771451556305,,,22.4937106773261,,19.72771451556305,22.4937106773261,,22.5,INTL_T20/ASSOCIATE_FRINGE
3e722460,CR Foggo,Batter,Bermuda,,22.4707071910902,,,,,22.4707071910902,,,22.5,INTL_T20/ASSOCIATE_FRINGE
89ce57a8,S Fouché,Batter,Namibia,,22.474228549439577,,,18.89532305378313,,22.474228549439577,18.89532305378313,,22.5,INTL_T20/ASSOCIATE_FRINGE
17a4ff00,Inshaf Farook,Batter,Lesotho,,22.523250145305656,,,26.829392385951323,,22.523250145305656,26.829392385951323,,22.5,INTL_T20/ASSOCIATE_FRINGE
398be4ed,J Kousik,Bowler,,,,22.399209007642185,,,22.536550264550264,22.399209007642185,22.536550264550264,,22.5,OTHER_T20/FRINGE
e7dd5eca,SL Rainbird,Bowler,,,,,,,22.48096885813149,,22.48096885813149,,22.5,OTHER_T20/FRANCHISE
f58295c2,JM Iradukunda,Bowler,Rwanda,,22.850217443961384,,,22.495341041714937,,22.850217443961384,22.495341041714937,,22.5,INTL_T20/ASSOCIATE_FRINGE
bbd365ad,S Ogundipe,Bowler,Nigeria,,,,,22.52165582944827,,,22.52165582944827,,22.5,INTL_T20/ASSOCIATE_FRINGE
a09323d8,AM Patel,Bowler,Panama,,21.912115220511787,,,22.508939627607766,,21.912115220511787,22.508939627607766,,22.5,INTL_T20/ASSOCIATE_FRINGE
a14b3bc0,Kawsar Khan,Batter,Brazil,,22.47329554811966,,,28.99666566349076,,22.47329554811966,28.99666566349076,,22.5,INTL_T20/ASSOCIATE_FRINGE
024aece0,MK Gohal,Batter,Philippines,,22.526241783724263,,,,,22.526241783724263,,,22.5,INTL_T20/ASSOCIATE_FRINGE
c6b11959,A Gorawara,Batter,Hong Kong,,22.543577853042645,,,,,22.543577853042645,,,22.5,INTL_T20/ASSOCIATE_FRINGE
96f5b685,AA Paradkar,Bowler,United States of America,,,,,22.497143731676,,,22.497143731676,,22.5,INTL_T20/ASSOCIATE_FRINGE
f0a45427,RM Koda,Bowler,Indonesia,,12.638784151256974,,,22.46332345602047,,12.638784151256974,22.46332345602047,,22.5,INTL_T20/ASSOCIATE_FRINGE
5f5efae1,N Tanner,Batter,Philippines,,22.471451385350427,,,29.07964999875974,,22.471451385350427,29.07964999875974,,22.5,INTL_T20/ASSOCIATE_FRINGE
e24cf4d5,J Moores,Batter,,,,22.47825097280596,,,,22.47825097280596,,,22.5,OTHER_T20/FRINGE
0e3bfa00,D Kharel,Batter,,,,22.544563287848085,,,,22.544563287848085,,,22.5,OTHER_T20/FRINGE
9e3f1cc4,A Daniel,Bowler,,,,,,,22.45007677586401,,22.45007677586401,,22.5,OTHER_T20/FRINGE
b053725f,Sajid Manzil,Batter,Kuwait,,22.508374211340474,,,25.47248741136574,,22.508374211340474,25.47248741136574,,22.5,INTL_T20/ASSOCIATE_FRINGE
2dcac6ff,E Niyomugabo,Batter,Rwanda,,22.543202518698617,,,20.917810296989003,,22.543202518698617,20.917810296989003,,22.5,INTL_T20/ASSOCIATE_FRINGE
c57fa67e,E Otieno,Bowler,Kenya,,12.957555801126901,,,22.53997271075664,,12.957555801126901,22.53997271075664,,22.5,INTL_T20/ASSOCIATE_FRINGE
a20e61b2,Shadreck Malama,Batter,Zambia,,22.512841675042328,,,,,22.512841675042328,,,22.5,INTL_T20/ASSOCIATE_FRINGE
740a5b6d,Arif Ullah,Bowler,Malaysia,,,,,22.482188937234053,,,22.482188937234053,,22.5,INTL_T20/ASSOCIATE_FRINGE
a049c39b,Tariq Aziz,Batter,Portugal,,22.489615711054835,,,29.671235069524045,,22.489615711054835,29.671235069524045,,22.5,INTL_T20/ASSOCIATE_FRINGE
ab918733,S Ramataboe,Bowler,Lesotho,,,,,22.529131712746107,,,22.529131712746107,,22.5,INTL_T20/ASSOCIATE_FRINGE
e01b2815,A Fernando,Batter,,,,22.474662073836797,,,,22.474662073836797,,,22.5,OTHER_T20/FRINGE
178b4188,D Kniveton,Batter,Isle of Man,,22.478171508710695,,,,,22.478171508710695,,,22.5,INTL_T20/ASSOCIATE_FRINGE
bd021695,Qudratullah Mir Afzail,Bowler,Sweden,,25.44382243951246,,,22.452295320639795,,25.44382243951246,22.452295320639795,,22.5,INTL_T20/ASSOCIATE_FRINGE
2064e555,Lucas Rossi,Batter,Argentina,,22.480544323837474,,,36.23360137704245,,22.480544323837474,36.23360137704245,,22.5,INTL_T20/ASSOCIATE_FRINGE
898e628d,B Doggett,Bowler,,,,34.03259361997226,,,22.520491803278688,34.03259361997226,22.520491803278688,,22.5,OTHER_T20/FRANCHISE
821a412e,FA Klokker,Wicketkeeper,Denmark,,18.73158312870143,,,,,18.73158312870143,,37.254901960784316,22.4,INTL_T20/ASSOCIATE_FRINGE
af863475,Bhanu Pania,Batter,,,,22.36029507344339,,,,22.36029507344339,,,22.4,OTHER_T20/SMAT
f0f2b9c5,V Khanduri,Bowler,Cyprus,,18.052474958560143,,,22.37761678966929,,18.052474958560143,22.37761678966929,,22.4,INTL_T20/ASSOCIATE_FRINGE
fb501329,J Tromp,Batter,,,,22.379168384798227,,,,22.379168384798227,,,22.4,OTHER_T20/FRINGE
3a82673c,V Mitari,Bowler,Rwanda,,14.729883918035831,,,22.369987968504397,,14.729883918035831,22.369987968504397,,22.4,INTL_T20/ASSOCIATE_FRINGE
4770fcd4,D Samuditha,Bowler,,,,24.301908643728765,,,22.44423306911417,24.301908643728765,22.44423306911417,,22.4,OTHER_T20/FRINGE
1f5622a9,M Kulfiwala,Batter,Eswatini,,22.394926353862854,,,,,22.394926353862854,,,22.4,INTL_T20/ASSOCIATE_FRINGE
8685f676,Vaibhav Singh Panwar,Batter,,,,22.359066998086178,,,,22.359066998086178,,,22.4,OTHER_T20/FRINGE
23dee937,GP Balderson,Bowler,,,,25.186880453475073,,,22.44006454275958,25.186880453475073,22.44006454275958,,22.4,OTHER_T20/FRINGE
302a90a6,Paras Sehrawat,Batter,,,,22.43565278692769,,,,22.43565278692769,,,22.4,OTHER_T20/FRINGE
d77ecd14,B Fitchet,Batter,Guernsey,,22.429628267829727,,,,,22.429628267829727,,,22.4,INTL_T20/ASSOCIATE_FRINGE
30225730,Sourabh Majumdar,Bowler,,,,15.971131774282023,,,22.410680046959683,15.971131774282021,22.410680046959683,,22.4,OTHER_T20/FRINGE
c5326dd0,NG Jones,Batter,Ireland,,25.159280484189015,17.8741843577236,,,21.19192319469712,22.427369436764483,21.19192319469712,,22.4,INTL_T20/ASSOCIATE_FRINGE
dd26ae6e,Marcelle Hanekom,Batter,Cambodia,,22.43020750696902,,,21.493731373959513,,22.43020750696902,21.493731373959513,,22.4,INTL_T20/ASSOCIATE_FRINGE
a40710b9,Ramanjot Singh,Batter,Slovenia,,22.393753103290404,,,,,22.393753103290404,,,22.4,INTL_T20/ASSOCIATE_FRINGE
161641cd,Aamer Ikram,Batter,Portugal,,22.409382312280425,,,,,22.409382312280425,,,22.4,INTL_T20/ASSOCIATE_FRINGE
c0c4b2e9,Aditya Jadeja,Bowler,,,,,,,22.421035305120412,,22.421035305120412,,22.4,OTHER_T20/FRINGE
b7539620,AP Agathangelou,Batter,,,,22.416086968248152,,,,22.416086968248152,,,22.4,OTHER_T20/FRINGE
70f2f922,TF van Woerkom,Bowler,Ireland,,,,,,22.38627130473939,,22.38627130473939,,22.4,OTHER_T20/FRINGE
c66d9486,U Bhatti,Batter,Canada,,22.366938064909966,,,20.505386487420708,,22.366938064909966,20.505386487420708,,22.4,INTL_T20/ASSOCIATE_FRINGE
4c49c917,Naeem Gull,Batter,Swaziland,,22.431084959783433,,,,,22.431084959783433,,,22.4,INTL_T20/ASSOCIATE_FRINGE
e0c9637f,Zahoor Ahmad,Bowler,Saudi Arabia,,,,,22.367347344370103,,,22.367347344370103,,22.4,INTL_T20/ASSOCIATE_FRINGE
053f3ce3,D Ravu,Bowler,Papua New Guinea,,19.43019971631222,,,22.424546515977454,,19.43019971631222,22.424546515977454,,22.4,INTL_T20/ASSOCIATE_FRINGE
21764a38,A Hepburn,Bowler,,,,20.421891169878013,,,22.389207249803,20.421891169878013,22.389207249803,,22.4,OTHER_T20/FRINGE
753c95b9,SS Pathirana,Batter,Sri Lanka,,22.367540837976435,,,23.74087669857632,,22.367540837976435,23.74087669857632,,22.4,INTL_T20/ASSOCIATE_FRINGE
415e5c01,R Allen,Bowler,,,,18.988471251941647,,,22.42617764268828,18.988471251941647,22.42617764268828,,22.4,OTHER_T20/FRINGE
2c86c8f2,RJ Hamilton-Brown,Batter,,,,22.384515026601136,,,,22.384515026601136,,,22.4,OTHER_T20/FRINGE
2c89dbf9,Zeeshan Ali,Batter,Estonia,,22.375369987315825,,,29.004367485356077,,22.375369987315825,29.004367485356077,,22.4,INTL_T20/ASSOCIATE_FRINGE
bf8d8fda,Asjath Khan,Bowler,,,,,,,22.36239607201309,,22.36239607201309,,22.4,OTHER_T20/FRINGE
f5da80da,RK Gulati,Bowler,,,,17.771596970323966,,,22.430570753123945,17.771596970323966,22.430570753123945,,22.4,OTHER_T20/FRINGE
d42de283,Vivek Dixit,Batter,Luxembourg,,22.376985808389847,,,20.229821624783604,,22.376985808389847,20.229821624783604,,22.4,INTL_T20/ASSOCIATE_FRINGE
88626ed2,AA Jangoo,Wicketkeeper,West Indies,,27.992236024844722,23.864544675992008,,,,23.864544675992008,,16.775152684024427,22.4,OTHER_T20/FRANCHISE
be3ffb65,Tsepo Ndwandwa,Bowler,,,,,,,22.393754636359635,,22.393754636359635,,22.4,OTHER_T20/FRINGE
8a1d0222,Kuldeep Lal,Bowler,Spain,,24.242398881618946,,,22.274051643967894,,24.242398881618946,22.274051643967894,,22.3,INTL_T20/ASSOCIATE_FRINGE
b4f5c2d9,KL Nagarkoti,Bowler,,,,20.850522063939565,,,22.2888632218845,20.850522063939565,22.2888632218845,,22.3,OTHER_T20/FRINGE
00029c30,M Mwamadi,Bowler,Malawi,,18.781851270502592,,,22.296494655939973,,18.781851270502592,22.296494655939973,,22.3,INTL_T20/ASSOCIATE_FRINGE
7503149b,Nawazish Akhtar,Batter,Saudi Arabia,,22.26419535860815,,,,,22.26419535860815,,,22.3,INTL_T20/ASSOCIATE_FRINGE
1f08084c,J Clough,Batter,Isle of Man,,22.28176788435992,,,,,22.28176788435992,,,22.3,INTL_T20/ASSOCIATE_FRINGE
d08fe309,TG Thamae,Batter,Lesotho,,22.33783817399564,,,17.21459639297092,,22.33783817399564,17.21459639297092,,22.3,INTL_T20/ASSOCIATE_FRINGE
6969d364,Maidul Islam,Batter,Estonia,,22.32139304837209,,,,,22.32139304837209,,,22.3,INTL_T20/ASSOCIATE_FRINGE
5d38476c,Saqib Zulfiqar,Bowler,Netherlands,,27.978556114830425,,,22.311306542281336,,27.978556114830425,22.311306542281336,,22.3,INTL_T20/ASSOCIATE_FRINGE
2b126005,KA Vaz,Batter,,,,22.325372751223135,,,,22.325372751223135,,,22.3,OTHER_T20/FRINGE
df72675b,P Thamaraikannan,Bowler,,,,20.597612038393663,,,22.340052684903746,20.597612038393663,22.340052684903746,,22.3,OTHER_T20/FRINGE
d701081f,JH Mensah,Batter,Ghana,,22.332677459565932,,,,,22.332677459565932,,,22.3,INTL_T20/ASSOCIATE_FRINGE
47ea9d7a,Mohammad Farooq,Batter,,,,22.251378498613523,,,,22.251378498613523,,,22.3,OTHER_T20/FRINGE
7d9b4224,L Senokwane,Batter,,,,22.30071305630686,,,,22.30071305630686,,,22.3,OTHER_T20/FRANCHISE
ede30898,D St Ange,Bowler,Turks and Caicos Island,,20.252721798576935,,,22.284791900673188,,20.252721798576935,22.284791900673188,,22.3,INTL_T20/ASSOCIATE_FRINGE
d6b4e3e2,KJ Patel,Bowler,Seychelles,,18.58699701375035,,,22.29346648617227,,18.58699701375035,22.29346648617227,,22.3,INTL_T20/ASSOCIATE_FRINGE
1be70c88,LPC Silva,Batter,Sri Lanka,,22.250944822373395,,,,,22.250944822373395,,,22.3,INTL_T20/FULL_MEMBER
86229495,Ahsan Hafeez,Batter,,,,22.258068372524882,,,19.086566076857338,22.258068372524882,19.086566076857338,,22.3,OTHER_T20/FRINGE
0bfcc974,SJ Walters,Batter,,,,22.30165668341803,,,,22.30165668341803,,,22.3,OTHER_T20/FRINGE
3f9ec1d2,C Stow,Bowler,,,,,,,22.30242147922999,,22.30242147922999,,22.3,OTHER_T20/FRINGE
c14721ab,Sayan Mondal,Batter,,,,22.32213665494896,,,17.250252175009457,22.32213665494896,17.250252175009457,,22.3,OTHER_T20/FRINGE
5239d782,NL Buck,Bowler,,,,43.90956490471053,,,22.34279918864097,43.90956490471053,22.34279918864097,,22.3,OTHER_T20/FRANCHISE
4fc516bd,HMCM Bandara,Bowler,Sri Lanka,,21.38888934228498,,,22.29155801568412,,21.38888934228498,22.29155801568412,,22.3,INTL_T20/ASSOCIATE_FRINGE
bf09f51d,ADL Stokoe,Bowler,Isle of Man,,,,,22.259793665359318,,,22.259793665359318,,22.3,INTL_T20/ASSOCIATE_FRINGE
797f52cc,AAhan Achar,Bowler,Singapore,,22.74998366895885,,,22.31542753719033,,22.74998366895885,22.31542753719033,,22.3,INTL_T20/ASSOCIATE_FRINGE
94b8d7dd,A Saud,Wicketkeeper,Nepal,,23.23136645962733,20.84601113172542,,,,22.33685821166411,,22.214795008912652,22.3,INTL_T20/ASSOCIATE_FRINGE
d9079bf7,V M Jivrajani,Bowler,,,,,,,22.33484723629405,,22.33484723629405,,22.3,OTHER_T20/FRINGE
2dd90a40,Shujaat Rasool,Bowler,Bahrain,,29.618981817132337,,,22.3140943359295,,29.618981817132337,22.3140943359295,,22.3,INTL_T20/ASSOCIATE_FRINGE
df6e41bc,MI Slaza,Bowler,,,,,,,22.276100070142622,,22.276100070142622,,22.3,OTHER_T20/FRINGE
60a9ffb4,S Hapuhinna,Batter,,,,22.30387136711663,,,,22.30387136711663,,,22.3,OTHER_T20/FRINGE
abee08c7,JO Adedeji,Batter,Nigeria,,22.260071697778926,,,25.133021492432135,,22.260071697778926,25.133021492432135,,22.3,INTL_T20/ASSOCIATE_FRINGE
8281ca53,Arjit Pannu,Batter,,,,22.26687481904314,,,,22.26687481904314,,,22.3,OTHER_T20/FRINGE
28c7d721,S Bhari,Bowler,Nepal,,15.544133538093025,,,22.272797003528687,,15.544133538093025,22.272797003528687,,22.3,INTL_T20/ASSOCIATE_FRINGE
ae380321,F Suluoto,Batter,Samoa,,22.267775883255776,,,,,22.267775883255776,,,22.3,INTL_T20/ASSOCIATE_FRINGE
f7928e6a,ND Perera,Batter,,,,22.310007881537317,,,24.945992518808055,22.310007881537317,24.945992518808055,,22.3,OTHER_T20/FRINGE
50ed826d,S Shanmuganathan,Batter,,,,22.324847290246225,,,,22.324847290246225,,,22.3,OTHER_T20/FRINGE
8cf89dea,Rahatul Ferdous,Batter,,,,22.274985563905037,,,21.132217759124835,22.274985563905037,21.132217759124835,,22.3,OTHER_T20/FRINGE
390c914c,Shafiqul Islam,Bowler,,,,,,,22.331457840819542,,22.331457840819542,,22.3,OTHER_T20/FRINGE
449d4f17,Iftikhar Kankhel,Bowler,Belgium,,19.71529813145295,,,22.283301683202176,,19.71529813145295,22.283301683202176,,22.3,INTL_T20/ASSOCIATE_FRINGE
c426da8b,Mohamed Saafee,Bowler,Maldives,,16.629951621637403,,,22.252130130353766,,16.629951621637403,22.252130130353766,,22.3,INTL_T20/ASSOCIATE_FRINGE
c6614fc0,DNA Ankrah,Batter,Ghana,,22.345961523165,,,20.57426651937108,,22.345961523165,20.57426651937108,,22.3,INTL_T20/ASSOCIATE_FRINGE
d4d929b0,V Kaverappa,Bowler,,,,,,,22.319702803107056,,22.319702803107056,,22.3,OTHER_T20/FRINGE
7805af0f,NM Carter,Bowler,Scotland,,,,,22.325484192181516,,,22.325484192181516,,22.3,INTL_T20/ASSOCIATE_FRINGE
b4706200,Adil Khan,Bowler,Germany,,,,,22.267376544060824,,,22.267376544060824,,22.3,INTL_T20/ASSOCIATE_FRINGE
0443414a,Sajedul Islam,Bowler,Bangladesh,,,,,,22.189596950837075,,22.189596950837075,,22.2,OTHER_T20/FRINGE
db2114f1,MJ Johnston,Batter,,,,22.151255846628167,,,19.384535367545077,22.151255846628167,19.384535367545077,,22.2,OTHER_T20/FRINGE
989bb130,Kaleem Shah,Batter,Mozambique,,22.21636678361238,,,20.747984417185936,,22.21636678361238,20.747984417185936,,22.2,INTL_T20/ASSOCIATE_FRINGE
b979b662,Faridullah Shams,Bowler,Austria,,24.708230672199136,,,22.21254330465958,,24.708230672199136,22.21254330465958,,22.2,INTL_T20/ASSOCIATE_FRINGE
5d69930d,D Smith,Batter,,,,22.244093203382306,,,,22.244093203382306,,,22.2,OTHER_T20/FRINGE
7c7c4988,NL Ujawe,Bowler,Slovenia,,20.611263401641253,,,22.246391987845257,,20.611263401641253,22.246391987845257,,22.2,INTL_T20/ASSOCIATE_FRINGE
bb3ccb17,Akash Sengupta,Bowler,,,,,,,22.2078780334829,,22.2078780334829,,22.2,OTHER_T20/FRINGE
aa7176ba,AS Thakare,Bowler,,,,,,,22.228701114488345,,22.228701114488345,,22.2,OTHER_T20/FRINGE
032e4384,T Bokako,Bowler,,,,,,,22.23069852941176,,22.23069852941176,,22.2,OTHER_T20/FRANCHISE
4393e047,R Nehonde,Batter,Botswana,,22.160568478274968,,,30.701268112218685,,22.160568478274968,30.701268112218685,,22.2,INTL_T20/ASSOCIATE_FRINGE
2ca9cf48,JJ Bushnell,Batter,,,,22.20017298086207,,,,22.20017298086207,,,22.2,OTHER_T20/FRINGE
87609cbb,Naveed Ahmed,Bowler,Czech Republic,,27.226739688714076,,,22.23611411317155,,27.226739688714076,22.23611411317155,,22.2,INTL_T20/ASSOCIATE_FRINGE
6c32daf0,P Pathiraja,Batter,,,,22.153544647122324,,,,22.153544647122324,,,22.2,OTHER_T20/FRINGE
efbd35a9,LA Musiani,Batter,Argentina,,22.21166689222919,,,19.479963913899276,,22.21166689222919,19.479963913899276,,22.2,INTL_T20/ASSOCIATE_FRINGE
1e569fb0,S Veerapathiran,All-rounder,Bahrain,,23.845877881146077,,,18.376686656671666,,23.845877881146077,18.376686656671666,,22.2,INTL_T20/ASSOCIATE_FRINGE
8534e758,M Chauhan,Bowler,Finland,,,,,22.2313534977512,,,22.2313534977512,,22.2,INTL_T20/ASSOCIATE_FRINGE
941dfb84,Mohsin Shabbir,Batter,Saudi Arabia,,22.23803865409377,,,,,22.23803865409377,,,22.2,INTL_T20/ASSOCIATE_FRINGE
9c53babc,Piyush Tanwar,Batter,,,,22.1992587161942,,,,22.1992587161942,,,22.2,OTHER_T20/FRINGE
b4587494,Rohit Rayudu,Batter,,,,22.179145624915492,,,,22.179145624915492,,,22.2,OTHER_T20/FRINGE
de098678,RA Clarke,Batter,,,,22.22989315718865,,,,22.22989315718865,,,22.2,OTHER_T20/FRINGE
1cad1601,K Sathish,Batter,Singapore,,22.202570541678085,,,24.629377761792213,,22.202570541678085,24.629377761792213,,22.2,INTL_T20/ASSOCIATE_FRINGE
f21b0b6a,Gourav Choudhury,Batter,,,,22.15066304663079,,,,22.15066304663079,,,22.2,OTHER_T20/FRINGE
1f8e97d7,D Uwimana,Batter,Rwanda,,22.154016570099156,,,,,22.154016570099156,,,22.2,INTL_T20/ASSOCIATE_FRINGE
3c28853f,Sediqullah Atal,Batter,,,,22.152878335649312,,,,22.152878335649312,,,22.2,OTHER_T20/FRINGE
a7e1f127,Jasmer Dhankhar,Bowler,,,,,,,22.157149225647707,,22.157149225647707,,22.2,OTHER_T20/FRINGE
522bea89,Rohail Nazir,Batter,Pakistan,,,22.16383088497226,,,,22.16383088497226,,,22.2,OTHER_T20/FRINGE
32332eea,S Tharanga,Batter,Cyprus,,22.171377869052304,,,,,22.171377869052304,,,22.2,INTL_T20/ASSOCIATE_FRINGE
5bc572de,H Jayasundara,Batter,,,,22.204993142423362,,,,22.204993142423362,,,22.2,OTHER_T20/FRINGE
d3a625ec,CM Barnard,Bowler,,,,,,,22.170217753877328,,22.170217753877328,,22.2,OTHER_T20/FRINGE
13abdc50,Dhrushant Soni,Bowler,,,,18.91966141602297,,,22.16104769409734,18.91966141602297,22.16104769409734,,22.2,OTHER_T20/FRINGE
9a54c30a,Mirza Ahmed,Bowler,Kuwait,,,,,22.206424710657558,,,22.206424710657558,,22.2,INTL_T20/ASSOCIATE_FRINGE
e88e6a14,Kevin Perera,Batter,,,,22.169386106280207,,,,22.169386106280207,,,22.2,OTHER_T20/FRINGE
83fc78e8,Rehman Abdul,Batter,Italy,,22.221596495644945,,,,,22.221596495644945,,,22.2,INTL_T20/ASSOCIATE_FRINGE
2d645c00,A Bushell,Batter,Guernsey,,22.22817451760165,,,,,22.22817451760165,,,22.2,INTL_T20/ASSOCIATE_FRINGE
c3ce33a2,JE Anyon,Bowler,,,,,,,22.173173096407137,,22.173173096407137,,22.2,OTHER_T20/FRINGE
e9a870ed,AC Evans,Bowler,Scotland,,17.385770810647927,,,22.221899720597076,,17.385770810647927,22.221899720597076,,22.2,INTL_T20/ASSOCIATE_FRINGE
235fb973,V Pennazza,Bowler,Italy,,,,,22.211387673787318,,,22.211387673787318,,22.2,INTL_T20/ASSOCIATE_FRINGE
68825d0e,M Andrianatos,Batter,,,,22.165060097845338,,,,22.165060097845338,,,22.2,OTHER_T20/FRINGE
7d8773b4,K Nuwantha,Batter,,,,22.138938199437764,,,22.245954692556637,22.138938199437764,22.245954692556637,,22.1,OTHER_T20/FRINGE
b32b1661,Jyotsnil Singh,Batter,,,,22.122594609691387,,,,22.122594609691387,,,22.1,OTHER_T20/FRINGE
26db69e6,OJ Carter,Batter,,,,22.149040920896816,,,,22.149040920896816,,,22.1,OTHER_T20/FRANCHISE
bd16343f,HS Joshi,Batter,,,,22.07656606917621,,,,22.07656606917621,,,22.1,OTHER_T20/FRINGE
e1c92333,G Chaturvedi,Batter,Malta,,22.112700201620942,,,,,22.112700201620942,,,22.1,INTL_T20/ASSOCIATE_FRINGE
b38a7890,J Ghelzai,Batter,Austria,,22.126517961213608,,,,,22.126517961213608,,,22.1,INTL_T20/ASSOCIATE_FRINGE
b47a39f9,S Liyanage,Batter,,,,22.12900705187639,,,,22.12900705187639,,,22.1,OTHER_T20/FRINGE
c5981c9c,JJ Wright,Batter,Swaziland,,22.14696957547009,,,,,22.14696957547009,,,22.1,INTL_T20/ASSOCIATE_FRINGE
79b4839e,Ahmed Raza,Bowler,United Arab Emirates,,24.652514603992206,,,22.09553816530666,,24.652514603992206,22.09553816530666,,22.1,INTL_T20/ASSOCIATE_FRINGE
c4441675,Hisham Sheikh,Bowler,Saudi Arabia,,28.289961084527846,,,22.141837738115242,,28.289961084527846,22.141837738115242,,22.1,INTL_T20/ASSOCIATE_FRINGE
d613f046,M Whelan,Batter,Gibraltar,,22.076153418827765,,,13.984683828315008,,22.076153418827765,13.984683828315008,,22.1,INTL_T20/ASSOCIATE_FRINGE
b8f10b60,HJ Jordaan,Batter,Thailand,,22.092499780730282,,,,,22.092499780730282,,,22.1,INTL_T20/ASSOCIATE_FRINGE
82294960,P Sarraf,Batter,Nepal,,21.507755073552744,23.21636570025236,,21.453506833830026,22.034668059633386,22.1484840585651,21.671442293506285,,22.1,INTL_T20/ASSOCIATE_FRINGE
b792bf93,Antony Dhas,Batter,,,,22.143506320047052,,,24.223776223776223,22.143506320047052,24.223776223776223,,22.1,OTHER_T20/FRINGE
e969e580,GD Arta,All-rounder,Indonesia,,9.239914991883332,,,27.64778325123153,,9.239914991883332,27.64778325123153,,22.1,INTL_T20/ASSOCIATE_FRINGE
478bbd5f,Girish Rauturi,Batter,,,,22.11116470600168,,,19.16061817489573,22.11116470600168,19.16061817489573,,22.1,OTHER_T20/FRINGE
6b7a90f5,N Sonne-Rudd,Bowler,Denmark,,,,,22.06022031612105,,,22.06022031612105,,22.1,INTL_T20/ASSOCIATE_FRINGE
a1a5192e,TG Johnston,Bowler,,,,23.82652698896664,,,22.14366017486585,23.82652698896664,22.14366017486585,,22.1,OTHER_T20/FRINGE
abca6c23,CJ Stamp,Batter,Philippines,,22.14290831296334,,,,,22.14290831296334,,,22.1,INTL_T20/ASSOCIATE_FRINGE
84cf842e,M Donegan,Batter,,,,22.054900813498783,,,,22.054900813498783,,,22.1,OTHER_T20/FRINGE
eb6d2ef1,AZM Dyili,Batter,,,,22.057969074772764,,,,22.057969074772764,,,22.1,OTHER_T20/FRINGE
dbfbaba1,S Kimura,Batter,Japan,,22.05386579627197,,,,,22.05386579627197,,,22.1,INTL_T20/ASSOCIATE_FRINGE
53c5c146,Abhishek Goswami,Batter,,,,22.072160567181697,,,,22.072160567181697,,,22.1,OTHER_T20/FRINGE
dfeb5a99,Prakash Seet,Bowler,,,,,,,22.131375436226502,,22.131375436226502,,22.1,OTHER_T20/FRINGE
a3a275ec,K Waiswa,All-rounder,Uganda,,13.946321308712022,,,25.66400336417157,,13.946321308712022,25.66400336417157,,22.1,INTL_T20/ASSOCIATE_FRINGE
10c158cc,K Sonavale,Batter,Oman,,22.073465968306003,,,,,22.073465968306003,,,22.1,INTL_T20/ASSOCIATE_FRINGE
2223b920,KHD Barker,Bowler,,,,21.726769446316425,,,22.07862650824353,21.726769446316425,22.07862650824353,,22.1,OTHER_T20/FRINGE
fb2ea454,C Fletcher,Batter,,,,21.99765154200638,,,,21.99765154200638,,,22.0,OTHER_T20/FRINGE
fb31ca49,O Manishimwe,Batter,Rwanda,,22.03961053702324,,,,,22.03961053702324,,,22.0,INTL_T20/ASSOCIATE_FRINGE
f416b534,S Dill,Bowler,Bermuda,,,,,21.99552043849195,,,21.99552043849195,,22.0,INTL_T20/ASSOCIATE_FRINGE
0077eaa3,GD Pope,Bowler,,,,,,,22.019062582807265,,22.019062582807265,,22.0,OTHER_T20/FRINGE
63249474,O Davidson,Bowler,Scotland,,27.379369108461958,,,21.982536264667086,,27.379369108461958,21.982536264667086,,22.0,INTL_T20/ASSOCIATE_FRINGE
e797eb3b,DS Tillakaratne,Bowler,,,,,,,21.974588765056854,,21.974588765056854,,22.0,OTHER_T20/FRINGE
6375ef6a,Qamran Iqbal,Batter,,,,21.96169994879672,,,,21.96169994879672,,,22.0,OTHER_T20/FRINGE
21bfd654,P Agnihotri,Batter,Norway,,21.97512679793025,,,,,21.97512679793025,,,22.0,INTL_T20/ASSOCIATE_FRINGE
73d49fe6,Sunny Kashyap,Bowler,,,,,,,21.972364291343016,,21.972364291343016,,22.0,OTHER_T20/FRINGE
f099a6f6,Manoj Singh,Batter,,,,21.950112654195568,,,,21.950112654195568,,,22.0,OTHER_T20/FRINGE
11f56b14,HV Mandhyan,Batter,Hungary,,21.96220953944745,,,27.00606507355557,,21.96220953944745,27.00606507355557,,22.0,INTL_T20/ASSOCIATE_FRINGE
c224c5ef,Abhimanyu Rana,Batter,,,,21.99187848317069,,,,21.99187848317069,,,22.0,OTHER_T20/FRINGE
9585854d,D Wotu,Bowler,Vanuatu,,28.254924840253224,,,21.999136552049038,,28.254924840253224,21.999136552049038,,22.0,INTL_T20/ASSOCIATE_FRINGE
96513a65,MD Nidheesh,Bowler,,,,,,,21.956857818304627,,21.956857818304627,,22.0,OTHER_T20/FRINGE
684a56df,RR Beaton,Bowler,,,,,,,21.99891067538126,,21.99891067538126,,22.0,OTHER_T20/FRANCHISE
e142c599,Anuj Dal,Batter,,,,22.002404174521217,,,,22.002404174521217,,,22.0,OTHER_T20/FRANCHISE
e23da78c,NK Aneesh Kumar,Bowler,Switzerland,,20.09727054606438,,,22.018810974254876,,20.09727054606438,22.018810974254876,,22.0,INTL_T20/ASSOCIATE_FRINGE
c122fe73,Asad Ali Rehemtulla,Bowler,Bulgaria,,19.76719651361624,,,22.046718430197195,,19.76719651361624,22.046718430197195,,22.0,INTL_T20/ASSOCIATE_FRINGE
ce677d83,Tariq Ali,Bowler,Philippines,,,,,21.99552043849195,,,21.99552043849195,,22.0,INTL_T20/ASSOCIATE_FRINGE
75855e23,Ratul Khan,Batter,Czech Republic,,22.023601904050153,,,,,22.023601904050153,,,22.0,INTL_T20/ASSOCIATE_FRINGE
2f94b39d,Adil Latheef,Bowler,Malta,,,,,22.04802161084786,,,22.04802161084786,,22.0,INTL_T20/ASSOCIATE_FRINGE
6e5840e3,O Cele,Bowler,,,,16.789421084529234,,,21.992136247406766,16.789421084529234,21.992136247406766,,22.0,OTHER_T20/FRINGE
3595ad3b,S Foster,Batter,Cayman Islands,,21.98798819349775,,,15.272009359461832,,21.98798819349775,15.272009359461832,,22.0,INTL_T20/ASSOCIATE_FRINGE
59590c98,BB Ahir,Batter,Panama,,21.951157685568024,,,,,21.951157685568024,,,22.0,INTL_T20/ASSOCIATE_FRINGE
ac1ddea1,Garret Banner,Bowler,Belize,,28.18101095486054,,,22.00462286448181,,28.18101095486054,22.00462286448181,,22.0,INTL_T20/ASSOCIATE_FRINGE
bf0ad8b7,Jannisar Khan,Bowler,United States of America,,,,,22.041229983428458,,,22.041229983428458,,22.0,INTL_T20/ASSOCIATE_FRINGE
4d21a67a,WSLK Narayana,Batter,Israel,,21.981336197577615,,,16.874563765286197,,21.981336197577615,16.874563765286197,,22.0,INTL_T20/ASSOCIATE_FRINGE
df0b356d,W Banner,Batter,Belize,,22.026781699878814,,,,,22.026781699878814,,,22.0,INTL_T20/ASSOCIATE_FRINGE
8c6958d9,Codanda Ajit Karthik,Batter,,,,22.023669859102625,,,23.350613325648,22.023669859102625,23.350613325648,,22.0,OTHER_T20/FRINGE
23cbe719,Ajin Soman,Bowler,Malta,,26.64264467513479,,,21.978142563338526,,26.64264467513479,21.978142563338526,,22.0,INTL_T20/ASSOCIATE_FRINGE
1b6fef02,P Mustard,Wicketkeeper,England,,,21.355713829805588,,,,21.355713829805588,,24.626325940212148,22.0,OTHER_T20/FRANCHISE
ac6be7ed,J Alegra,Batter,Philippines,,21.983448389365513,,,,,21.983448389365513,,,22.0,INTL_T20/ASSOCIATE_FRINGE
5d08f132,Taha Ahmed,Batter,Denmark,,22.003974631915824,,,,,22.003974631915824,,,22.0,INTL_T20/ASSOCIATE_FRINGE
22d2afb6,Muhammad Khurram,Batter,Malawi,,22.037065155162992,,,,,22.037065155162992,,,22.0,INTL_T20/ASSOCIATE_FRINGE
a030bba8,Jaskaranvir Singh Sohi,Batter,,,,22.01203092957499,,,,22.01203092957499,,,22.0,OTHER_T20/FRINGE
a768a762,AA Gajic,Bowler,Serbia,,17.89728618036735,,,21.885820397590564,,17.89728618036735,21.885820397590564,,21.9,INTL_T20/ASSOCIATE_FRINGE
74571ec4,Waqar Zalmai,Bowler,Austria,,31.028913139398433,,,21.94401593220316,,31.028913139398433,21.94401593220316,,21.9,INTL_T20/ASSOCIATE_FRINGE
d469639b,Sohail Akhtar (2),Batter,Swaziland,,21.858794124861966,,,23.026615969581748,,21.858794124861966,23.026615969581748,,21.9,INTL_T20/ASSOCIATE_FRINGE
a628a5c8,D Wabwire,Bowler,Uganda,,25.295148377257462,,,21.874825364604714,,25.295148377257462,21.874825364604714,,21.9,INTL_T20/ASSOCIATE_FRINGE
cc18ba92,PS Airee,Batter,Nepal,,21.912081339564942,,,,,21.912081339564942,,,21.9,INTL_T20/ASSOCIATE_FRINGE
e4acc5f1,R Sanjaya,Batter,,,,21.94895705302501,,,18.77761316353549,21.94895705302501,18.77761316353549,,21.9,OTHER_T20/FRINGE
d0540390,Nauman Anwar,Batter,Pakistan,,,21.85749837080482,,,,21.85749837080482,,,21.9,OTHER_T20/FRINGE
fec50c96,SMA Priyanjan,Batter,Sri Lanka,,24.202149945399515,21.897366546247785,,,36.83641975308642,21.897366546247785,36.83641975308642,,21.9,OTHER_T20/FRANCHISE
270587b3,PD Dabholkar,Bowler,Germany,,,,,21.907153629014424,,,21.907153629014424,,21.9,INTL_T20/ASSOCIATE_FRINGE
c1c47acd,MR Kumar,Batter,United Arab Emirates,,21.89845572607315,,,,,21.89845572607315,,,21.9,INTL_T20/ASSOCIATE_FRINGE
77eb2d60,MA Sherry,Batter,Singapore,,21.947183226606864,,,,,21.947183226606864,,,21.9,INTL_T20/ASSOCIATE_FRINGE
65d39793,MA Ashraf,Bowler,,,,,,,21.938078153247115,,21.938078153247115,,21.9,OTHER_T20/FRINGE
9cf15e95,Boio Ray,Batter,Papua New Guinea,,21.873514721538207,,,,,21.873514721538207,,,21.9,INTL_T20/ASSOCIATE_FRINGE
b05cfcec,Sajid Cheema,Batter,Saudi Arabia,,21.859067751355983,,,,,21.859067751355983,,,21.9,INTL_T20/ASSOCIATE_FRINGE
11c35bf1,O Sam Arthur,Bowler,Costa Rica,,22.257019654110245,,,21.893190768885248,,22.257019654110245,21.893190768885248,,21.9,INTL_T20/ASSOCIATE_FRINGE
82a33cac,W Kokaua,Bowler,Cook Islands,,,,,21.89559534342163,,,21.89559534342163,,21.9,INTL_T20/ASSOCIATE_FRINGE
6577a6ad,BK Stroud,Bowler,St Helena,,17.02099268085717,,,21.857728537133454,,17.02099268085717,21.857728537133454,,21.9,INTL_T20/ASSOCIATE_FRINGE
a082d97a,Dasari Swaroop Kumar,Bowler,,,,,,,21.856377834931024,,21.856377834931024,,21.9,OTHER_T20/FRINGE
d7cdefa9,Sarthak Ranjan,Batter,,,,21.867064655774332,,,,21.867064655774332,,,21.9,OTHER_T20/FRINGE
47d00fb5,RL Bhudia,Batter,Kenya,,21.90182845924379,,,17.191151054268925,,21.90182845924379,17.191151054268925,,21.9,INTL_T20/ASSOCIATE_FRINGE
35971419,Waqas Khan,Batter,Hong Kong,,21.918283235349023,,,,,21.918283235349023,,,21.9,INTL_T20/ASSOCIATE_FRINGE
87e87dd2,P Nedeljkovic,Bowler,Serbia,,22.452287294969846,,,21.930943548547376,,22.452287294969846,21.930943548547376,,21.9,INTL_T20/ASSOCIATE_FRINGE
eaeb065e,TCW Veillard,Bowler,Guernsey,,,,,21.85560534403654,,,21.85560534403654,,21.9,INTL_T20/ASSOCIATE_FRINGE
fc75bbba,M Cohen,Batter,Israel,,21.91539650965468,,,,,21.91539650965468,,,21.9,INTL_T20/ASSOCIATE_FRINGE
32737738,Sufiyan Tarajia,Batter,Panama,,21.933241344783266,,,24.97335320110986,,21.933241344783266,24.97335320110986,,21.9,INTL_T20/ASSOCIATE_FRINGE
875909c0,AB Fudadin,Batter,,,,21.920461439422468,,,,21.920461439422468,,,21.9,OTHER_T20/FRINGE
2feb5b8d,Akhil Kumar,Bowler,Canada,,27.101904663392098,,,21.90849660392151,,27.101904663392098,21.90849660392151,,21.9,INTL_T20/ASSOCIATE_FRINGE
39f82db3,DJ Harris,Batter,,,,21.85479332295167,,,,21.85479332295167,,,21.9,OTHER_T20/FRANCHISE
a9a18e3e,Imran Anwar,All-rounder,Bahrain,,23.67116120017236,,,17.61821440764766,,23.67116120017236,17.61821440764766,,21.9,INTL_T20/ASSOCIATE_FRINGE
a1aeb715,J Hurley,Bowler,Argentina,,,,,21.92384197184315,,,21.92384197184315,,21.9,INTL_T20/ASSOCIATE_FRINGE
3b892965,Shubham Kamal Sharma,Bowler,,,,18.005420068334757,,,21.87100805712356,18.005420068334757,21.87100805712356,,21.9,OTHER_T20/FRINGE
fe180dba,Sumit Kumar,Batter,,,,21.91317273321613,,,,21.91317273321613,,,21.9,OTHER_T20/FRINGE
3039ff8a,V Vini,Batter,Spain,,21.94418592397245,,,,,21.94418592397245,,,21.9,INTL_T20/ASSOCIATE_FRINGE
afe830a2,RMMP Rathnayake,Bowler,,,,26.69300776966847,,,21.884784378741827,26.69300776966847,21.884784378741827,,21.9,OTHER_T20/FRINGE
98e3f1de,S Burdekin,Batter,Cyprus,,21.837721157581484,,,29.140116184177913,,21.837721157581484,29.140116184177913,,21.8,INTL_T20/ASSOCIATE_FRINGE
d4aa2ddb,R Sheshadri,Batter,Singapore,,21.806984908277734,,,22.56741528946852,,21.806984908277734,22.56741528946852,,21.8,INTL_T20/ASSOCIATE_FRINGE
5f4e9e8f,RR Raje,Bowler,,,,,,,21.825043662855215,,21.825043662855215,,21.8,OTHER_T20/FRINGE
bd9fbd51,Fayyaz Butt,Bowler,Oman,,28.782917124820337,,,21.79154584126468,,28.782917124820337,21.79154584126468,,21.8,INTL_T20/ASSOCIATE_FRINGE
7549ecb0,Mohammed Mudhasir,Bowler,,,,16.951236964805357,,,21.75707125970956,16.951236964805357,21.75707125970956,,21.8,OTHER_T20/FRINGE
bfcff6cd,Manan Sharma,Bowler,,,,,,,21.780957307745794,,21.780957307745794,,21.8,OTHER_T20/FRINGE
9ff7f691,SF Burger,Bowler,Namibia,,30.539523950396244,,,21.803881692700642,,30.539523950396244,21.803881692700642,,21.8,INTL_T20/ASSOCIATE_FRINGE
fb496f7a,K Lesporis,Batter,,,,21.76950143195775,,,,21.76950143195775,,,21.8,OTHER_T20/FRINGE
45828106,Zaid Ahmad,Bowler,Sweden,,28.954475018690154,,,21.782251050610245,,28.954475018690154,21.782251050610245,,21.8,INTL_T20/ASSOCIATE_FRINGE
76cb1a7f,SD Robson,Batter,,,,21.77506928555316,,,,21.77506928555316,,,21.8,OTHER_T20/FRINGE
801a92ee,Maiwand Momand,Bowler,Austria,,16.87860306554237,,,21.82118942849948,,16.87860306554237,21.82118942849948,,21.8,INTL_T20/ASSOCIATE_FRINGE
40a5bcf9,M Sohel Patel,Batter,Panama,,21.825441789248,,,,,21.825441789248,,,21.8,INTL_T20/ASSOCIATE_FRINGE
278fd5ff,BE Young,Bowler,,,,,,,21.82921522651614,,21.82921522651614,,21.8,OTHER_T20/FRINGE
9614d123,BOL Mendis,Batter,,,,21.795052146495273,,,,21.795052146495273,,,21.8,OTHER_T20/FRINGE
ab54f9e7,J Jarvis,Bowler,Scotland,,28.235618061258705,,,21.868997280549138,21.64314051905541,28.235618061258705,21.78430099498899,,21.8,INTL_T20/ASSOCIATE_FRINGE
55d3d4e8,Athar Mahmood,Bowler,,,,,,,21.81345054945055,,21.81345054945055,,21.8,OTHER_T20/FRINGE
ac3e5a31,RM ter Braak,Bowler,,,,23.06087074148942,,,21.793874550980934,23.06087074148942,21.793874550980934,,21.8,OTHER_T20/FRINGE
395179e8,D Parashar,Bowler,United Arab Emirates,,31.620290323399857,,,24.066169799232753,17.92421118991332,31.620290323399857,21.762935320737963,,21.8,INTL_T20/ASSOCIATE_FRINGE
e43aa7ed,ASS Nijjar,Bowler,,,,38.89604954804152,,,21.825406758448057,38.89604954804152,21.825406758448057,,21.8,OTHER_T20/FRANCHISE
c8a18d94,C Hauptfleisch,Batter,Cayman Islands,,21.751419174964163,,,,,21.751419174964163,,,21.8,INTL_T20/ASSOCIATE_FRINGE
6e80042d,Basiru Jaye,Batter,Gambia,,21.79686306123911,,,,,21.79686306123911,,,21.8,INTL_T20/ASSOCIATE_FRINGE
d7bfcc0b,Mehran Khan,Batter,Oman,,21.78899761114181,,,27.848303415942915,,21.78899761114181,27.848303415942915,,21.8,INTL_T20/ASSOCIATE_FRINGE
6f13ff1c,Salim Patel,Batter,Malawi,,21.806783116645143,,,,,21.806783116645143,,,21.8,INTL_T20/ASSOCIATE_FRINGE
20b90232,Muhammad Akram,Batter,Malaysia,,21.811738262858547,,,16.820947113722777,,21.811738262858547,16.820947113722777,,21.8,INTL_T20/ASSOCIATE_FRINGE
f3fe6653,I Dikgale,Batter,,,,21.75619552197938,,,,21.75619552197938,,,21.8,OTHER_T20/FRINGE
58edb974,Irshad Mubbashar,Batter,Saudi Arabia,,21.82147724014459,,,,,21.82147724014459,,,21.8,INTL_T20/ASSOCIATE_FRINGE
d330f9b9,Dharmendrasinh Jadeja,Bowler,,,,,,,21.826298701298704,,21.826298701298704,,21.8,OTHER_T20/SMAT
6b4ce914,Bobby Zothansanga,Bowler,,,,14.20014308107921,,,21.77957388073947,14.20014308107921,21.77957388073947,,21.8,OTHER_T20/FRINGE
692d4cbe,M Gherasim,Bowler,Romania,,17.217990809132786,,,21.81963845521775,,17.217990809132786,21.81963845521775,,21.8,INTL_T20/ASSOCIATE_FRINGE
5b6d248a,JA Porter,Bowler,,,,,,,21.795847750865054,,21.795847750865054,,21.8,OTHER_T20/FRANCHISE
95b5bda3,MK Hollard,Bowler,Ireland,,,25.999526264353815,,,21.76002410827943,25.999526264353815,21.76002410827943,,21.8,OTHER_T20/FRINGE
d70473e8,AJ Neal,Bowler,,,,,,,21.812911854103344,,21.812911854103344,,21.8,OTHER_T20/FRINGE
11378dda,S Mathur,Batter,Hong Kong,,21.801608139968014,,,,,21.801608139968014,,,21.8,INTL_T20/ASSOCIATE_FRINGE
86e22dd4,Jishan Alam,Batter,,,,21.822453861927542,,,19.592373106936215,21.822453861927542,19.592373106936215,,21.8,OTHER_T20/FRINGE
a98a6b86,Umair Ali,Batter,United Arab Emirates,,21.807674470948957,,,,,21.807674470948957,,,21.8,INTL_T20/ASSOCIATE_FRINGE
3296507e,M Smith,Batter,Turks and Caicos Island,,21.75860538544962,,,,,21.75860538544962,,,21.8,INTL_T20/ASSOCIATE_FRINGE
5a970aab,L Lamin,Batter,Sierra Leone,,21.7536691310859,,,22.410168263120035,,21.7536691310859,22.410168263120035,,21.8,INTL_T20/ASSOCIATE_FRINGE
1c4161b3,Bilal Safdar,Batter,Norway,,21.7828863177281,,,24.411073794153644,,21.7828863177281,24.411073794153644,,21.8,INTL_T20/ASSOCIATE_FRINGE
c6a1b1bb,Amad Butt,Bowler,,,,48.4178353110392,,,21.821939586645467,48.4178353110392,21.821939586645467,,21.8,OTHER_T20/FRANCHISE
18953b31,Abhishek Bhandari,Batter,,,,21.776264557479255,,,,21.776264557479255,,,21.8,OTHER_T20/FRINGE
a96938ba,Suharril Fetri,Bowler,Malaysia,,22.38630264271778,,,21.756048076217994,,22.38630264271778,21.756048076217994,,21.8,INTL_T20/ASSOCIATE_FRINGE
68f500c8,Z Hoque,Batter,Thailand,,21.7721642290856,,,24.64748826773542,,21.7721642290856,24.64748826773542,,21.8,INTL_T20/ASSOCIATE_FRINGE
c53e6827,V Yabaki,Bowler,Fiji,,24.78543811275534,,,21.772542922991843,,24.78543811275534,21.772542922991843,,21.8,INTL_T20/ASSOCIATE_FRINGE
21fcad4e,JR Newton,Batter,Croatia,,21.660637882429196,,,19.61888848485807,,21.660637882429196,19.61888848485807,,21.7,INTL_T20/ASSOCIATE_FRINGE
21b9e62b,Shakeeb Ahmed,Bowler,,,,25.56868086052069,,,21.68603940110323,25.56868086052069,21.68603940110323,,21.7,OTHER_T20/FRINGE
a392328e,SU Shrivastava,Batter,,,,21.71325009396543,,,,21.71325009396543,,,21.7,OTHER_T20/FRINGE
84085032,Eknath Kerkar,Batter,,,,21.698817106460417,,,,21.698817106460417,,,21.7,OTHER_T20/SMAT
1f28fdfd,GR Russ,Wicketkeeper,Philippines,,16.365963094034377,,,22.6,,16.365963094034377,22.6,43.13725490196079,21.7,INTL_T20/ASSOCIATE_FRINGE
8b89eb80,Faizan Asif,Batter,United Arab Emirates,,21.729213084271834,,,,,21.729213084271834,,,21.7,INTL_T20/ASSOCIATE_FRINGE
d38c03d4,Kunal Chandela,Batter,,,,21.6685852500149,,,,21.6685852500149,,,21.7,OTHER_T20/FRINGE
7d6c0891,Enamul Haque,Batter,,,,21.73800812109421,,,22.5449742121032,21.73800812109421,22.5449742121032,,21.7,OTHER_T20/FRINGE
8cf61570,Shashikant Laxman,Batter,Mexico,,21.706471479593,,,32.6591203370671,,21.706471479593,32.6591203370671,,21.7,INTL_T20/ASSOCIATE_FRINGE
4040951f,S Crowie,Batter,St Helena,,21.672423251985833,,,30.299155820996575,,21.672423251985833,30.299155820996575,,21.7,INTL_T20/ASSOCIATE_FRINGE
ada72696,Sukhjinder Singh,Bowler,Canada,,,,,21.663818383300793,,,21.663818383300793,,21.7,INTL_T20/ASSOCIATE_FRINGE
a72b14ff,CT Tremlett,Bowler,England,,,,,,21.65910435663627,,21.65910435663627,,21.7,OTHER_T20/FRINGE
79e754db,P Arrighi,Bowler,Argentina,,,,,21.66142199249356,,,21.66142199249356,,21.7,INTL_T20/ASSOCIATE_FRINGE
924bd6ac,TA Kahaduwaarachchi,Batter,,,,21.673125873122736,,,,21.673125873122736,,,21.7,OTHER_T20/FRINGE
26c9b5be,R Baaleri,Batter,Ghana,,21.65081031600265,,,29.530312403658407,,21.65081031600265,29.530312403658407,,21.7,INTL_T20/ASSOCIATE_FRINGE
d8141f01,M Noble,Bowler,Mexico,,,,,21.706700910403598,,,21.706700910403598,,21.7,INTL_T20/ASSOCIATE_FRINGE
3e7534f7,GJ Bell,Batter,,,,21.724548591131054,,,,21.724548591131054,,,21.7,OTHER_T20/FRINGE
ca673cff,Sapan Mehta,Batter,Finland,,21.71283139705166,,,,,21.71283139705166,,,21.7,INTL_T20/ASSOCIATE_FRINGE
175937f6,R Sandeep,Bowler,Eswatini,,19.83780240960826,,,21.652528366901205,,19.83780240960826,21.652528366901205,,21.7,INTL_T20/ASSOCIATE_FRINGE
53834b36,Ali Raza,Bowler,,,,15.704152623406372,,,21.67978565799843,15.704152623406372,21.67978565799843,,21.7,OTHER_T20/FRINGE
3c34c9e1,S Konstas,Batter,,,,21.688788300350055,,,,21.688788300350055,,,21.7,OTHER_T20/FRINGE
cbf58a86,SK Rasheed,Batter,,,,21.731769858385903,,,,21.731769858385903,,,21.7,OTHER_T20/FRINGE
94268960,S Qeshile,Batter,South Africa,,,21.651436413054313,,,,21.651436413054313,,,21.7,OTHER_T20/FRANCHISE
ef33e040,RG Hazarika,Batter,,,,21.705268118977795,,,,21.705268118977795,,,21.7,OTHER_T20/FRINGE
8492a4de,FS Middleton,Batter,,,,21.73366300449895,,,,21.73366300449895,,,21.7,OTHER_T20/FRINGE
694ad656,Kyungsik Kim,Bowler,South Korea,,,,,21.673022849087467,,,21.673022849087467,,21.7,INTL_T20/ASSOCIATE_FRINGE
6a11facf,Dhananjay Rao,Bowler,Hong Kong,,18.421854492660394,,,21.70155371190591,,18.421854492660394,21.70155371190591,,21.7,INTL_T20/ASSOCIATE_FRINGE
5e5a45bd,Kabir Berlia,Bowler,Singapore,,29.393816734036648,,,21.690318339587485,,29.393816734036648,21.690318339587485,,21.7,INTL_T20/ASSOCIATE_FRINGE
9cb01ea6,HS Almuzahim,Batter,Uganda,,21.672568413020073,,,,,21.672568413020073,,,21.7,INTL_T20/ASSOCIATE_FRINGE
fd1041d2,Rudolph Fox,Batter,Bahamas,,21.706725676258976,,,23.828740989767603,,21.706725676258976,23.828740989767603,,21.7,INTL_T20/ASSOCIATE_FRINGE
125bba96,J Perman,Bowler,Spain,,25.816556428675625,,,21.573712481573594,,25.816556428675625,21.573712481573594,,21.6,INTL_T20/ASSOCIATE_FRINGE
e64c10dd,VV Morea,Batter,Papua New Guinea,,21.614923889262784,,,,,21.614923889262784,,,21.6,INTL_T20/ASSOCIATE_FRINGE
56d471f2,FW Sheat,Bowler,,,,16.026196451873204,,,21.61163273277242,16.026196451873204,21.61163273277242,,21.6,OTHER_T20/FRINGE
98aaa3f3,M Thurgate,Batter,Japan,,21.630977171974113,,,,,21.630977171974113,,,21.6,INTL_T20/ASSOCIATE_FRINGE
02b25ee4,SS Ghosh,Bowler,,,,,,,21.61723076923077,,21.61723076923077,,21.6,OTHER_T20/FRINGE
0df43caf,JP Phillips,Batter,,,,21.55030721966206,,,,21.55030721966206,,,21.6,OTHER_T20/FRINGE
fb23118c,Ahmed Safi Abdullah,Bowler,,,,,,,21.5758609617333,,21.5758609617333,,21.6,OTHER_T20/FRINGE
6ed543ed,Pawan Sandesh,Batter,,,,21.60126786955663,,,,21.60126786955663,,,21.6,OTHER_T20/FRINGE
5f91b34e,Abdul Stanikzai,Batter,Germany,,21.620334394377764,,,,,21.620334394377764,,,21.6,INTL_T20/ASSOCIATE_FRINGE
a4e2bf36,MAG Boyce,Batter,,,,21.58234131134847,,,,21.58234131134847,,,21.6,OTHER_T20/FRINGE
2a242d58,Simandeep Singh,Batter,Hong Kong,,21.620687164715612,,,,,21.620687164715612,,,21.6,INTL_T20/ASSOCIATE_FRINGE
ddcb8503,Asif Iqbal,Batter,South Korea,,21.550748932526684,,,,,21.550748932526684,,,21.6,INTL_T20/ASSOCIATE_FRINGE
0295c92b,S Kavinda,Bowler,,,,16.01341091188304,,,21.590125343754522,16.01341091188304,21.590125343754522,,21.6,OTHER_T20/FRINGE
31ca7a9c,Ethan D'Souza,Batter,United Arab Emirates,,24.056792234916372,17.63156351278187,,26.985736306648853,,21.647331464115933,26.985736306648853,,21.6,INTL_T20/ASSOCIATE_FRINGE
927a5ef5,Anam Mollik,Batter,Italy,,21.637475044295442,,,,,21.637475044295442,,,21.6,INTL_T20/ASSOCIATE_FRINGE
f1e86c3f,D Tennakoon,Bowler,,,,19.686450786664118,,,21.599101204548013,19.686450786664118,21.599101204548013,,21.6,OTHER_T20/FRINGE
526fe472,DE Martel,Bowler,Guernsey,,,,,21.639119287985128,,,21.639119287985128,,21.6,INTL_T20/ASSOCIATE_FRINGE
7075624e,Vishad Randika,Batter,,,,21.612574061882817,,,,21.612574061882817,,,21.6,OTHER_T20/FRINGE
ba3b4b09,EH Dusabemungu,Batter,Rwanda,,21.629656146998318,,,17.706975131024556,,21.629656146998318,17.706975131024556,,21.6,INTL_T20/ASSOCIATE_FRINGE
2712898a,Sirla Srinivas,Batter,,,,21.619299299817378,,,23.651809355692848,21.619299299817378,23.651809355692848,,21.6,OTHER_T20/FRINGE
ce24059d,JE Burke,Bowler,,,,16.367567506273026,,,21.553542722053365,16.367567506273026,21.553542722053365,,21.6,OTHER_T20/FRINGE
328bda1e,B Songa,Batter,Rwanda,,21.64212665801533,,,,,21.64212665801533,,,21.6,INTL_T20/ASSOCIATE_FRINGE
93b5bd93,Priyesh Patel,Batter,,,,21.57657250583518,,,,21.57657250583518,,,21.6,OTHER_T20/FRINGE
0f72f582,LB Ferbrache,Batter,Guernsey,,21.643214920625987,,,,,21.643214920625987,,,21.6,INTL_T20/ASSOCIATE_FRINGE
defd49f6,AK Mandal,Batter,Nepal,,21.639163800711987,,,,,21.639163800711987,,,21.6,INTL_T20/ASSOCIATE_FRINGE
25284a3c,Bikash K Rout,Batter,,,,21.622571823808173,,,22.46460335780724,21.622571823808173,22.46460335780724,,21.6,OTHER_T20/FRINGE
6d8b7ac4,Abdullah Khan Lodhi,Batter,Turkey,,21.572066117143137,,,,,21.572066117143137,,,21.6,INTL_T20/ASSOCIATE_FRINGE
f8511ad1,Y Rodrigo,Bowler,,,,,,,21.57141173719897,,21.57141173719897,,21.6,OTHER_T20/FRINGE
6e849a7b,CW Coombe,Bowler,Namibia,,25.833952302518597,,,21.621671099512536,,25.833952302518597,21.621671099512536,,21.6,INTL_T20/ASSOCIATE_FRINGE
39799e49,T Wangchuk,Bowler,Bhutan,,17.346981129989306,,,21.62659371884063,,17.346981129989306,21.62659371884063,,21.6,INTL_T20/ASSOCIATE_FRINGE
fe0b3bdf,A Langham,Batter,St Helena,,21.626584904089682,,,,,21.626584904089682,,,21.6,INTL_T20/ASSOCIATE_FRINGE
3b10836b,T Stanton,Bowler,,,,,,,21.618803210973425,,21.618803210973425,,21.6,OTHER_T20/FRINGE
3a44a4e4,PSRK Sudarshan,Bowler,Singapore,,22.30972494726087,,,21.61130468837076,,22.30972494726087,21.61130468837076,,21.6,INTL_T20/ASSOCIATE_FRINGE
eab74985,Aaron Beard,Bowler,,,,,,,21.585139318885453,,21.585139318885453,,21.6,OTHER_T20/FRANCHISE
72b95896,A Dennison,Batter,,,,21.586869132316366,,,,21.586869132316366,,,21.6,OTHER_T20/FRINGE
8a22e5f0,M Badenhorst,Bowler,Botswana,,18.018470945043667,,,21.56238232680153,,18.018470945043667,21.56238232680153,,21.6,INTL_T20/ASSOCIATE_FRINGE
c8d74c21,J Gumbie,Batter,Zimbabwe,,21.63069089613073,,,,,21.63069089613073,,,21.6,INTL_T20/ASSOCIATE_FRINGE
b6355062,Eric Phiri,Batter,Eswatini,,21.633987333838807,,,,,21.633987333838807,,,21.6,INTL_T20/ASSOCIATE_FRINGE
ffa15667,Q Friend,Bowler,,,,21.434755575738336,,,21.604346184610463,21.434755575738336,21.604346184610463,,21.6,OTHER_T20/FRINGE
4e1c9f6e,Sandeep Goud,Batter,Oman,,21.496796588252842,,,21.606212105641763,,21.496796588252842,21.606212105641763,,21.5,INTL_T20/ASSOCIATE_FRINGE
244009ae,Irfan Hafejee,Batter,Panama,,21.465089783373053,,,25.448817000852337,,21.465089783373053,25.448817000852337,,21.5,INTL_T20/ASSOCIATE_FRINGE
b0af303d,Kunwarjeet Singh,Batter,,,,21.456047872596212,,,,21.456047872596212,,,21.5,OTHER_T20/FRINGE
9d280648,NB Budayair,Batter,Nepal,,,21.53264262599198,,,,21.53264262599198,,,21.5,OTHER_T20/FRINGE
f2d5966a,Benjamin Embleton,Batter,Luxembourg,,21.48505739356906,,,,,21.48505739356906,,,21.5,INTL_T20/ASSOCIATE_FRINGE
0372c4c5,K L Shrijith,Batter,,,,21.47655522322808,,,,21.47655522322808,,,21.5,OTHER_T20/FRINGE
2535b30f,HD Weibgen,Batter,,,,21.454983976356232,,,,21.454983976356232,,,21.5,OTHER_T20/FRINGE
bf573bfd,DC de Boorder,Batter,,,,21.483256756114436,,,,21.483256756114436,,,21.5,OTHER_T20/FRINGE
0e93ef92,SJ French,Batter,Samoa,,21.470860157417203,,,,,21.470860157417203,,,21.5,INTL_T20/ASSOCIATE_FRINGE
b3c19360,HE Hurle,Batter,,,,21.528604348844986,,,,21.528604348844986,,,21.5,OTHER_T20/FRINGE
6727fb4d,A Otwani,Batter,Uganda,,21.46381826573333,,,,,21.46381826573333,,,21.5,INTL_T20/ASSOCIATE_FRINGE
a36915ce,N Vanua,All-rounder,Papua New Guinea,,20.360558938293494,,,21.95939933259177,,20.360558938293494,21.95939933259177,,21.5,INTL_T20/ASSOCIATE_FRINGE
e068d48e,Ahmadullah Shinwari,Bowler,Norway,,24.43508859642775,,,21.452866926855805,,24.43508859642775,21.452866926855805,,21.5,INTL_T20/ASSOCIATE_FRINGE
e6082b10,BP Adapaka,Bowler,Hungary,,17.640682668482626,,,21.492328818321802,,17.640682668482626,21.492328818321802,,21.5,INTL_T20/ASSOCIATE_FRINGE
cda3625c,D Rawat,Batter,Costa Rica,,21.480432361934497,,,26.278166426883157,,21.480432361934497,26.278166426883157,,21.5,INTL_T20/ASSOCIATE_FRINGE
e6a6888f,O Tuyisenge,Batter,Rwanda,,21.450906037805044,,,16.868949748227315,,21.450906037805044,16.868949748227315,,21.5,INTL_T20/ASSOCIATE_FRINGE
b89cde87,K Nestor,Batter,Gibraltar,,21.483432483477102,,,18.830300071935053,,21.483432483477102,18.830300071935053,,21.5,INTL_T20/ASSOCIATE_FRINGE
dae28050,Sahel Zadran,Bowler,Austria,,31.085752078530078,,,21.49194110677002,,31.085752078530078,21.49194110677002,,21.5,INTL_T20/ASSOCIATE_FRINGE
60606200,Muzahir Raza,Bowler,Oman,,27.90517744103283,,,21.464697172517575,,27.90517744103283,21.464697172517575,,21.5,INTL_T20/ASSOCIATE_FRINGE
ff6a7ab5,R Trumpelmann,All-rounder,Namibia,,21.647663464060088,25.85434173669468,,11.909928656361476,26.3448275862069,23.225167816298057,17.323015755053508,,21.5,INTL_T20/ASSOCIATE_FRINGE
9fd83fec,Mohammed Taha,Batter,,,,21.53553773415525,,,,21.53553773415525,,,21.5,OTHER_T20/FRINGE
ffb3b559,JJ Nyambo,Bowler,Tanzania,,15.111039948008969,,,21.510610732169987,,15.111039948008969,21.510610732169987,,21.5,INTL_T20/ASSOCIATE_FRINGE
9ffe4bfe,Kunwar Bidhuri,Batter,,,,21.46850960846191,,,,21.46850960846191,,,21.5,OTHER_T20/FRINGE
a90d107b,Salauddin Sakil,Bowler,,,,,,,21.45262613981763,,21.45262613981763,,21.5,OTHER_T20/FRINGE
1afcbb60,Musfik Hasan,Bowler,,,,,,,21.491809523809525,,21.491809523809525,,21.5,OTHER_T20/FRINGE
1d09dda7,Kamal Das,Bowler,,,,,,,21.493464563130217,,21.493464563130217,,21.5,OTHER_T20/FRINGE
35dee2d1,Bal Krishna,Bowler,,,,,,,21.526028079316834,,21.526028079316834,,21.5,OTHER_T20/FRINGE
f8279d15,Sajid Patel,Batter,Lesotho,,21.5011002070418,,,,,21.5011002070418,,,21.5,INTL_T20/ASSOCIATE_FRINGE
8c2aa0f9,PKD Chase,Bowler,Ireland,,,17.467479807330776,,18.266843158123415,26.992305056645478,17.467479807330776,21.53889137006919,,21.5,INTL_T20/ASSOCIATE_FRINGE
94ed3e4b,Rohit Sharma,Bowler,,,,17.68198348138212,,,21.549714285714288,17.68198348138212,21.549714285714288,,21.5,OTHER_T20/FRINGE
70456281,Ehsan Nawaz,Bowler,Hong Kong,,,,,21.46871413660932,,,21.46871413660932,,21.5,INTL_T20/ASSOCIATE_FRINGE
1e3db5f4,C Bevin,Batter,Croatia,,21.45521806220117,,,18.581339159761214,,21.45521806220117,18.581339159761214,,21.5,INTL_T20/ASSOCIATE_FRINGE
93a751e8,RT Bailey,Batter,,,,21.46665413153213,,,,21.46665413153213,,,21.5,OTHER_T20/FRANCHISE
e9aaf862,M De Villiers,Batter,,,,21.539174921768748,,,,21.539174921768748,,,21.5,OTHER_T20/FRINGE
3c3adfce,JP Wood,Batter,,,,21.54827468774061,,,,21.54827468774061,,,21.5,OTHER_T20/FRINGE
5be810ba,MD Dai,Bowler,Papua New Guinea,,29.72295921560861,,,21.519684302791354,,29.72295921560861,21.519684302791354,,21.5,INTL_T20/ASSOCIATE_FRINGE
2c693be3,HP Gawli,Batter,,,,21.48783071766943,,,,21.48783071766943,,,21.5,OTHER_T20/FRINGE
60285d55,L Botha,Batter,South Africa,,,21.46785091190137,,,,21.46785091190137,,,21.5,OTHER_T20/FRINGE
693af62a,AH Miller,Batter,,,,21.50637326715435,,,,21.50637326715435,,,21.5,OTHER_T20/FRINGE
2b9c8de3,D Desandri,Bowler,Indonesia,,,,,21.461762164169954,,,21.461762164169954,,21.5,INTL_T20/ASSOCIATE_FRINGE
15d20a08,BH Merai,Batter,,,,21.453411850063663,,,,21.453411850063663,,,21.5,OTHER_T20/FRINGE
ba8e52ea,A Thennakoon,Batter,,,,21.536773452192133,,,,21.536773452192133,,,21.5,OTHER_T20/FRINGE
e7a0cb9a,M Leporoporo,Bowler,Lesotho,,13.947640264561016,,,21.4525057857719,,13.947640264561016,21.4525057857719,,21.5,INTL_T20/ASSOCIATE_FRINGE
c6d4cff0,C Tommy,Batter,Vanuatu,,21.522221871904698,,,,,21.522221871904698,,,21.5,INTL_T20/ASSOCIATE_FRINGE
cc9989f9,W Smith,Bowler,Namibia,,,,,21.362870655913408,,,21.362870655913408,,21.4,INTL_T20/ASSOCIATE_FRINGE
67b29de3,JA Pocklington,Batter,,,,21.361647874623273,,,18.74829931972789,21.361647874623273,18.74829931972789,,21.4,OTHER_T20/FRINGE
1f0b8f44,Prashanth Kumar,Batter,,,,21.40734523548053,,,,21.40734523548053,,,21.4,OTHER_T20/SMAT
d32f3102,Hassan Nasir,Bowler,Mexico,,,,,21.387380036387732,,,21.387380036387732,,21.4,INTL_T20/ASSOCIATE_FRINGE
82644713,R Talkar,Bowler,Israel,,,,,21.4207645648284,,,21.4207645648284,,21.4,INTL_T20/ASSOCIATE_FRINGE
6a7239a7,ES Szwarczynski,Batter,Netherlands,,21.35766143265605,,,,,21.35766143265605,,,21.4,INTL_T20/ASSOCIATE_FRINGE
af5b6464,N Bidaisee,Bowler,West Indies,,,25.168598972940366,,22.15025431728203,20.207717984593366,25.168598972940366,21.42180319252378,,21.4,INTL_T20/ASSOCIATE_FRINGE
e3626fb1,Pratik Desai,Batter,,,,21.42056775789495,,,19.37547057658015,21.42056775789495,19.37547057658015,,21.4,OTHER_T20/FRINGE
6e8d1234,Vijay Sharma,Batter,,,,21.36276532380775,,,,21.36276532380775,,,21.4,OTHER_T20/FRINGE
254db476,APR Gidman,Batter,,,,21.44341397849462,,,,21.44341397849462,,,21.4,OTHER_T20/FRINGE
78f34e15,IE O'Brien,Bowler,New Zealand,,,,,21.353024260836374,,,21.353024260836374,,21.4,INTL_T20/ASSOCIATE_FRINGE
113880da,RA Bhatti,Batter,Canada,,21.416763289285395,,,,,21.416763289285395,,,21.4,INTL_T20/ASSOCIATE_FRINGE
6084f6ee,Muhammed Manga,Batter,Gambia,,21.447547772643453,,,,,21.447547772643453,,,21.4,INTL_T20/ASSOCIATE_FRINGE
2056c495,Mohammad Azam,Batter,United Arab Emirates,,21.4116932901077,,,,,21.4116932901077,,,21.4,INTL_T20/ASSOCIATE_FRINGE
a23fda4a,MNW Spriegel,Batter,,,,21.393527223170487,,,20.50229525957681,21.393527223170487,20.50229525957681,,21.4,OTHER_T20/FRINGE
fe608a7e,KR Singh,Batter,,,,21.414166351390357,,,22.47557404838959,21.414166351390357,22.47557404838959,,21.4,OTHER_T20/FRINGE
d0cc2738,KN Peiris,Bowler,,,,,,,21.364777536546534,,21.364777536546534,,21.4,OTHER_T20/FRINGE
de33074a,Saransh Jain,Bowler,,,,18.624279895035546,,,21.38771524556071,18.624279895035546,21.38771524556071,,21.4,OTHER_T20/FRINGE
6e0a942c,Hammadullah Khan,Batter,Malaysia,,21.36786704178379,,,,,21.36786704178379,,,21.4,INTL_T20/ASSOCIATE_FRINGE
872113ff,Ashwin Das,Bowler,,,,24.395857064992903,,,21.365424518743666,24.395857064992903,21.365424518743666,,21.4,OTHER_T20/FRINGE
2bcbcac3,A Limdawala,Batter,Malawi,,21.394049406354288,,,18.040608365019015,,21.394049406354288,18.040608365019015,,21.4,INTL_T20/ASSOCIATE_FRINGE
d68f4aa1,AJ Michael,Batter,Samoa,,21.398732947509004,,,17.254230221530598,,21.398732947509004,17.254230221530598,,21.4,INTL_T20/ASSOCIATE_FRINGE
ff6707cc,LR Butterworth,Bowler,,,,,,,21.37622819733458,,21.37622819733458,,21.4,OTHER_T20/FRINGE
d9d08ea3,Muzaffar Shiralkar,Batter,Oman,,21.37399016953831,,,,,21.37399016953831,,,21.4,INTL_T20/ASSOCIATE_FRINGE
ecdd6cc9,VL Jani,Batter,,,,21.373777058929207,,,,21.373777058929207,,,21.4,OTHER_T20/FRINGE
9309e81f,Kshitij Patel,Batter,,,,21.366210824505757,,,,21.366210824505757,,,21.4,OTHER_T20/FRINGE
373838de,Mehran Mumtaz,Bowler,,,,,,,21.383598784194525,,21.383598784194525,,21.4,OTHER_T20/FRINGE
b2c38dce,AA Choudhury,Bowler,,,,,,,21.328175824175823,,21.328175824175823,,21.3,OTHER_T20/FRINGE
487b8546,MW Jones,Bowler,Scotland,,,,,23.340804315590546,18.004038275357427,,21.339517050503122,,21.3,INTL_T20/ASSOCIATE_FRINGE
db3f0650,J Gilbert,Bowler,Bermuda,,,,,21.294582435388968,,,21.294582435388968,,21.3,INTL_T20/ASSOCIATE_FRINGE
27fc5808,HT Crocombe,Bowler,,,,43.39432412247946,,,21.274509803921568,43.39432412247946,21.274509803921568,,21.3,OTHER_T20/FRANCHISE
5481bd91,J Hill,Batter,Philippines,,21.349845213197725,,,,,21.349845213197725,,,21.3,INTL_T20/ASSOCIATE_FRINGE
17f7177e,SR Swain,Batter,,,,21.332692152809514,,,,21.332692152809514,,,21.3,OTHER_T20/FRINGE
eb9cb105,SC Meaker,Bowler,England,,,19.57084751686235,,,21.31473364261718,19.57084751686235,21.31473364261718,,21.3,OTHER_T20/FRINGE
7fc8bb18,M Faheem,Bowler,Thailand,,16.193098665400985,,,21.342938137300123,,16.193098665400985,21.342938137300123,,21.3,INTL_T20/ASSOCIATE_FRINGE
d09615c8,Mansoor Shah,Bowler,Norway,,20.378021292753413,,,21.2630992822696,,20.378021292753413,21.2630992822696,,21.3,INTL_T20/ASSOCIATE_FRINGE
fcc9954f,Satish Jangir,Bowler,,,,,,,21.322421189752497,,21.322421189752497,,21.3,OTHER_T20/FRINGE
46e64b28,Muhammad Adil,Bowler,Bahrain,,,,,21.30673335072372,,,21.30673335072372,,21.3,INTL_T20/ASSOCIATE_FRINGE
cdb2858d,S Bevin,Batter,Croatia,,21.25461328263625,,,,,21.25461328263625,,,21.3,INTL_T20/ASSOCIATE_FRINGE
9fa5496f,R Escobar,Batter,Argentina,,21.34509532909107,,,,,21.34509532909107,,,21.3,INTL_T20/ASSOCIATE_FRINGE
62a99934,Abdul Gaffar Saqlain,Bowler,Bangladesh,,,24.246200012557402,,19.42783193808391,24.534734282514798,24.246200012557402,21.34292031724549,,21.3,INTL_T20/ASSOCIATE_FRINGE
a6e5e144,Lovedeep Singh,Bowler,Cyprus,,16.89706564406108,,,21.290073984082728,,16.89706564406108,21.290073984082728,,21.3,INTL_T20/ASSOCIATE_FRINGE
01679383,DB Loic,Batter,Cameroon,,21.320266469001478,,,31.665847406341705,,21.320266469001478,31.665847406341705,,21.3,INTL_T20/ASSOCIATE_FRINGE
d3a1c63d,T de Zorzi,Batter,South Africa,,22.507381961465494,21.286833470405195,,,,21.286833470405195,,,21.3,OTHER_T20/FRANCHISE
722ca1f2,Keshav Kumar,Batter,,,,21.320527457749755,,,,21.320527457749755,,,21.3,OTHER_T20/FRINGE
17b3e75c,H Gallage,Batter,,,,21.289575746833812,,,,21.289575746833812,,,21.3,OTHER_T20/FRINGE
55d07946,K Ghalley,Batter,Bhutan,,21.281936135961168,,,,,21.281936135961168,,,21.3,INTL_T20/ASSOCIATE_FRINGE
c1f6c27e,G Onions,Bowler,,,,,,,21.303831588427336,,21.303831588427336,,21.3,OTHER_T20/FRINGE
1501688a,AK Chahal,Bowler,,,,22.635691854521767,,,21.267408308004054,22.635691854521767,21.267408308004054,,21.3,OTHER_T20/FRINGE
3e51db81,C Zhuwao,Batter,Zimbabwe,,21.30106429665289,,,,,21.30106429665289,,,21.3,INTL_T20/ASSOCIATE_FRINGE
a968d39b,DC Smith,All-rounder,Philippines,,22.797201702767,,,17.86888532477947,,22.797201702767,17.86888532477947,,21.3,INTL_T20/ASSOCIATE_FRINGE
de4b0555,R Shukla,Bowler,,,,,,,21.2987012987013,,21.2987012987013,,21.3,OTHER_T20/SMAT
deae3c43,Mohit Mittan,Batter,,,,21.337563951675286,,,,21.337563951675286,,,21.3,OTHER_T20/FRINGE
cacd240a,J Suleman,Batter,Eswatini,,21.30165587269513,,,,,21.30165587269513,,,21.3,INTL_T20/ASSOCIATE_FRINGE
a689af4b,LUVNITH SISODIA,Batter,,,,21.33082192372748,,,,21.33082192372748,,,21.3,OTHER_T20/FRINGE
13d3e7d8,Abidullah Kotwa,Bowler,Austria,,,,,21.342847146158313,,,21.342847146158313,,21.3,INTL_T20/ASSOCIATE_FRINGE
f1aa94c3,JE Marks,Batter,Israel,,21.301532912509945,,,20.60234926670288,,21.301532912509945,20.60234926670288,,21.3,INTL_T20/ASSOCIATE_FRINGE
91e035c6,Awais Ikram,Batter,Slovenia,,21.27862680611068,,,20.762279353058823,,21.27862680611068,20.762279353058823,,21.3,INTL_T20/ASSOCIATE_FRINGE
f1a7f596,Abhinav Dixit,Batter,,,,21.272505322430014,,,,21.272505322430014,,,21.3,OTHER_T20/FRINGE
a8d48f69,A Rosslee,Batter,,,,21.31585179286635,,,,21.31585179286635,,,21.3,OTHER_T20/FRINGE
811785d2,O Olaleye,Batter,Nigeria,,21.205441020704235,,,,,21.205441020704235,,,21.2,INTL_T20/ASSOCIATE_FRINGE
1b77c4c6,Shaik Basha,Batter,Tanzania,,21.218689368069043,,,24.730429283007005,,21.218689368069043,24.730429283007005,,21.2,INTL_T20/ASSOCIATE_FRINGE
e77e96de,DK Arinaitwe,Batter,Uganda,,21.17091424467564,,,21.650578444779967,,21.17091424467564,21.650578444779967,,21.2,INTL_T20/ASSOCIATE_FRINGE
61c4f340,Thomas Balkin,Bowler,,,,18.48986198706363,,,21.199297534616687,18.48986198706363,21.199297534616687,,21.2,OTHER_T20/FRINGE
0d6ab15a,R de Silva,Bowler,,,,22.147099152136615,,,21.222487898232583,22.147099152136615,21.222487898232583,,21.2,OTHER_T20/FRINGE
d14a9789,Ashish Rai,Bowler,,,,,,,21.15145382277297,,21.15145382277297,,21.2,OTHER_T20/FRINGE
31adde7f,L Emilio,Batter,Mozambique,,21.15836371172381,,,,,21.15836371172381,,,21.2,INTL_T20/ASSOCIATE_FRINGE
90ddee48,I Master,Batter,Botswana,,21.21577862436407,,,17.234704459039058,,21.21577862436407,17.234704459039058,,21.2,INTL_T20/ASSOCIATE_FRINGE
e15fb6f9,Romario Sharma,Batter,,,,21.229668338021543,,,,21.229668338021543,,,21.2,OTHER_T20/FRINGE
d83a3bdc,TJ Lester,Bowler,,,,17.486528256215564,,,21.248197476282584,17.486528256215564,21.248197476282584,,21.2,OTHER_T20/FRINGE
946d4d9a,Mohamed Shiyam,Batter,Maldives,,21.161506593952204,,,17.575789417139227,,21.161506593952204,17.575789417139227,,21.2,INTL_T20/ASSOCIATE_FRINGE
69997d9d,S Sankar,Batter,Saudi Arabia,,21.217948646411585,,,,,21.217948646411585,,,21.2,INTL_T20/ASSOCIATE_FRINGE
fbc17c95,S Disanayaka,Bowler,,,,,,,21.22714051905541,,21.22714051905541,,21.2,OTHER_T20/FRINGE
fbdc8309,B Sharki,Batter,Nepal,,,21.16251701047221,,,22.231292517006803,21.16251701047221,22.231292517006803,,21.2,OTHER_T20/FRINGE
0cb8626f,Sudip Chatterjee,Batter,,,,21.223173926443394,,,,21.223173926443394,,,21.2,OTHER_T20/SMAT
d3c1f849,Deepraj Gaonkar,Batter,,,,21.245824966270277,,,,21.245824966270277,,,21.2,OTHER_T20/SMAT
192c4855,UA Morais,Bowler,,,,,,,21.21355449413808,,21.21355449413808,,21.2,OTHER_T20/FRINGE
ed4591ae,Joshep Zulu,Bowler,Zambia,,,,,21.150589000208274,,,21.150589000208274,,21.2,INTL_T20/ASSOCIATE_FRINGE
ecfdfbad,P Hingorani,Bowler,Romania,,16.797105561406852,,,21.22201224932034,,16.797105561406852,21.22201224932034,,21.2,INTL_T20/ASSOCIATE_FRINGE
14d6a8d5,G Anikethreddy,Bowler,,,,,,,21.2049642272621,,21.2049642272621,,21.2,OTHER_T20/FRINGE
5b4454d8,AS Surwar,Bowler,,,,,,,21.21198098355545,,21.21198098355545,,21.2,OTHER_T20/FRINGE
e1370b54,WJR Robertson,Bowler,Jersey,,,,,21.191062894285864,,,21.191062894285864,,21.2,INTL_T20/ASSOCIATE_FRINGE
0ff20bec,Qazi Onik,Bowler,,,,16.45741195023477,,,21.191338345864665,16.45741195023477,21.191338345864665,,21.2,OTHER_T20/FRINGE
d50fba28,CP Klijnhans,Batter,,,,21.160292584461928,,,,21.160292584461928,,,21.2,OTHER_T20/FRINGE
4dd6a707,Sazzad Hosen,Batter,Belgium,,21.159714384827396,,,,,21.159714384827396,,,21.2,INTL_T20/ASSOCIATE_FRINGE
0c0eb448,Akhil Rajput,Batter,,,,21.163331608303146,,,,21.163331608303146,,,21.2,OTHER_T20/FRINGE
d019608b,D Nath,Batter,Nepal,,22.600906358177774,18.809030147083995,,,,21.178952779017603,,,21.2,INTL_T20/ASSOCIATE_FRINGE
9b384e28,JP King,Batter,,,,21.217823727731563,,,,21.217823727731563,,,21.2,OTHER_T20/FRINGE
cdd9fa95,Shahab Alam,Bowler,Nepal,,,16.112767284021423,,16.45496658061395,29.23652928064843,16.112767284021423,21.24805259312688,,21.2,INTL_T20/ASSOCIATE_FRINGE
b862ef08,M Renwick,Batter,,,,21.16699010050445,,,,21.16699010050445,,,21.2,OTHER_T20/FRINGE
cf495041,Chengkam Sangma,Bowler,,,,,,,21.22345608702608,,21.22345608702608,,21.2,OTHER_T20/FRINGE
6cc4d322,GC Murtaza,Bowler,Cambodia,,26.350687963222764,,,21.205617262732442,,26.350687963222764,21.205617262732442,,21.2,INTL_T20/ASSOCIATE_FRINGE
5b4d1d4e,Nagaho Chishi,Bowler,,,,,,,21.233766233766232,,21.233766233766232,,21.2,OTHER_T20/SMAT
dcfad6eb,Nageebullah Sultanzai,Batter,Austria,,21.174890740950474,,,,,21.174890740950474,,,21.2,INTL_T20/ASSOCIATE_FRINGE
57bd3ecc,Hammad Azam,Batter,Pakistan,,22.209612366912523,21.209247245391822,,,,21.209247245391822,,,21.2,OTHER_T20/FRANCHISE
e9bdb79b,Sherul Mehta,Batter,Belgium,,21.224151445709282,,,,,21.224151445709282,,,21.2,INTL_T20/ASSOCIATE_FRINGE
126e8cb3,Avneesh Sudha,Batter,,,,21.163903658178334,,,,21.163903658178334,,,21.2,OTHER_T20/FRINGE
f93b43dd,SK Patel,Batter,United States of America,,,21.19415912497918,,,,21.19415912497918,,,21.2,OTHER_T20/FRANCHISE
2a3a3786,Aftab Alam,Bowler,,,,,,,21.151317605056207,,21.151317605056207,,21.2,OTHER_T20/FRINGE
09f0aba1,Mohammed Jamadar,Batter,Lesotho,,21.164334547997875,,,21.83971328743192,,21.164334547997875,21.83971328743192,,21.2,INTL_T20/ASSOCIATE_FRINGE
dd86ec0b,LD Pfeffer,Batter,,,,21.15153513965578,,,,21.15153513965578,,,21.2,OTHER_T20/FRINGE
7001dee4,AW Robinson,Batter,,,,21.247539513794067,,,,21.247539513794067,,,21.2,OTHER_T20/FRINGE
6c3dd24e,CJ Briggs,Batter,,,,21.196169517721028,,,,21.196169517721028,,,21.2,OTHER_T20/FRANCHISE
1f3b9f8d,M Akayezu,All-rounder,Rwanda,,20.098621235116823,,,21.655573376102648,,20.098621235116823,21.655573376102648,,21.2,INTL_T20/ASSOCIATE_FRINGE
8963ee49,Rishav Das,Batter,,,,21.224358002224243,,,,21.224358002224243,,,21.2,OTHER_T20/SMAT
e00acf74,E Mathew,Batter,Malta,,21.195074104579867,,,22.005057474639223,,21.195074104579867,22.005057474639223,,21.2,INTL_T20/ASSOCIATE_FRINGE
6db7068e,RA Thomas,Batter,Canada,,21.15804379602075,,,,,21.15804379602075,,,21.2,INTL_T20/ASSOCIATE_FRINGE
5f75a7c5,PARP Perera,Batter,,,,21.150166752918178,,,,21.150166752918178,,,21.2,OTHER_T20/FRINGE
15101f12,ME Claydon,Bowler,,,,24.463163906339236,,,21.245743034055725,24.463163906339236,21.245743034055725,,21.2,OTHER_T20/FRANCHISE
bd4fb3ba,D Adhikari,Batter,,,,21.196640119052212,,,,21.196640119052212,,,21.2,OTHER_T20/FRINGE
7e435410,Shashwat Rawat,Batter,,,,21.085275400482775,,,,21.085275400482775,,,21.1,OTHER_T20/FRINGE
05f85159,J Manley,Bowler,,,,17.54780653084365,,,21.1012098678165,17.54780653084365,21.1012098678165,,21.1,OTHER_T20/FRINGE
5250b33c,NH Atharagalla,Bowler,,,,17.803677283713483,,,21.054287633978564,17.803677283713483,21.054287633978564,,21.1,OTHER_T20/FRINGE
526a1047,MJ Tugaga,Bowler,Samoa,,,,,21.091564594708135,,,21.091564594708135,,21.1,INTL_T20/ASSOCIATE_FRINGE
44f5a3e4,Mohamed Mahfooz,Bowler,Maldives,,18.683476561097642,,,21.131752004864563,,18.683476561097642,21.131752004864563,,21.1,INTL_T20/ASSOCIATE_FRINGE
6af3f1e6,Karweng NG,Batter,Philippines,,21.06372848142432,,,20.694089180781198,,21.06372848142432,20.694089180781198,,21.1,INTL_T20/ASSOCIATE_FRINGE
7ca476bf,M Ahmed,Batter,,,,21.060937820077083,,,,21.060937820077083,,,21.1,OTHER_T20/FRINGE
da21531c,Waqar Khan,Batter,Slovenia,,21.13855538288022,,,20.97981569607045,,21.13855538288022,20.97981569607045,,21.1,INTL_T20/ASSOCIATE_FRINGE
4909a5f6,Salman Patel,Batter,Zambia,,21.14058683506596,,,19.410352575181474,,21.14058683506596,19.410352575181474,,21.1,INTL_T20/ASSOCIATE_FRINGE
6c87f1df,NP Winter,Bowler,,,,15.451086646599304,,,21.06683080040527,15.451086646599304,21.06683080040527,,21.1,OTHER_T20/FRINGE
6cedad99,EB Ringera,Bowler,Kenya,,15.434793680320798,,,21.092998763202228,,15.434793680320798,21.092998763202228,,21.1,INTL_T20/ASSOCIATE_FRINGE
bfd93f9b,R Gowthaman,Batter,Sweden,,21.093408944348262,,,,,21.093408944348262,,,21.1,INTL_T20/ASSOCIATE_FRINGE
b40d4f63,AN Chauhan,Bowler,,,,,,,21.131666328942927,,21.131666328942927,,21.1,OTHER_T20/FRINGE
7a7c7e57,R Pillai,Batter,Germany,,21.115239866147775,,,,,21.115239866147775,,,21.1,INTL_T20/ASSOCIATE_FRINGE
e37053c4,TC Vanlalremruata,Bowler,,,,,,,21.106678512976387,,21.106678512976387,,21.1,OTHER_T20/FRINGE
65ff7036,Anshul Tripathi,Batter,,,,21.125121678614658,,,,21.125121678614658,,,21.1,OTHER_T20/FRINGE
f40296e1,W Tajbhay,Batter,Botswana,,21.059785054685147,,,,,21.059785054685147,,,21.1,INTL_T20/ASSOCIATE_FRINGE
163b7ef5,BS Sharma,Batter,,,,21.06367181205891,,,,21.06367181205891,,,21.1,OTHER_T20/FRINGE
88684a42,DR Drew,Batter,,,,21.05833809879068,,,,21.05833809879068,,,21.1,OTHER_T20/FRINGE
ea3a41e0,Aishwary Mourya,Bowler,,,,18.81742916571522,,,21.050794551390297,18.81742916571522,21.050794551390297,,21.1,OTHER_T20/FRINGE
97905e64,RS Patel,Batter,,,,21.127376290149705,,,17.462537462537462,21.127376290149705,17.462537462537462,,21.1,OTHER_T20/FRINGE
2c997ad3,KMC Bandara,Bowler,Sri Lanka,,,,,,21.143261639407537,,21.143261639407537,,21.1,OTHER_T20/FRINGE
87b455da,Zafar Ali,Batter,,,,21.090621654331333,,,,21.090621654331333,,,21.1,OTHER_T20/FRINGE
5c88fab9,Awais Zia,Batter,Pakistan,,21.10713271194401,,,,,21.10713271194401,,,21.1,INTL_T20/ASSOCIATE_FRINGE
7ffe4817,C Tear,Batter,Scotland,,21.11625998718393,,,,,21.11625998718393,,,21.1,INTL_T20/ASSOCIATE_FRINGE
f1c4f2ea,A Nathwani,Bowler,Austria,,20.825674703997375,,,21.051292207619817,,20.825674703997375,21.051292207619817,,21.1,INTL_T20/ASSOCIATE_FRINGE
bdd4bc21,JF Thomas,Batter,,,,21.12573536590068,,,25.582853088278558,21.12573536590068,25.582853088278558,,21.1,OTHER_T20/FRINGE
024fe464,PD McGlashan,Batter,New Zealand,,21.07945275636686,,,,,21.07945275636686,,,21.1,INTL_T20/ASSOCIATE_FRINGE
1f36276b,PM Selowa,Batter,Uganda,,21.12993709815207,,,,,21.12993709815207,,,21.1,INTL_T20/ASSOCIATE_FRINGE
9ad3a550,Sumit Singh,Bowler,,,,23.241046818520825,,,21.070029115341548,23.241046818520825,21.070029115341548,,21.1,OTHER_T20/FRINGE
f1a042e5,WP Myburgh,Bowler,Namibia,,,,,21.059004219858274,,,21.059004219858274,,21.1,INTL_T20/ASSOCIATE_FRINGE
2b0f2af3,Imran Khan,Bowler,,,,,,,21.081034785545427,,21.081034785545427,,21.1,OTHER_T20/FRINGE
2adb9943,J Davidson,Bowler,Namibia,,,,,21.080645470787424,,,21.080645470787424,,21.1,INTL_T20/ASSOCIATE_FRINGE
5592153b,Kamran Wahid,Bowler,Hungary,,16.73121855922934,,,21.130134122998967,,16.73121855922934,21.130134122998967,,21.1,INTL_T20/ASSOCIATE_FRINGE
bc69a6d3,PK Ananya,Batter,Ghana,,21.09636947028558,,,,,21.09636947028558,,,21.1,INTL_T20/ASSOCIATE_FRINGE
bc6f8328,RJG Palmer,Bowler,Jersey,,17.323928283581985,,,21.105614717276723,,17.323928283581985,21.105614717276723,,21.1,INTL_T20/ASSOCIATE_FRINGE
8d964ae6,Shahid Aziz,Bowler,,,,23.286468283207995,,,21.056508611955422,23.286468283207995,21.056508611955422,,21.1,OTHER_T20/FRINGE
ecdfdd3c,C Bogdanos,Batter,Greece,,21.130039358148338,,,,,21.130039358148338,,,21.1,INTL_T20/ASSOCIATE_FRINGE
622cc511,U Kaul,Batter,,,,21.056271790792763,,,,21.056271790792763,,,21.1,OTHER_T20/FRINGE
61816a9c,RN Gamble,Bowler,,,,,,,21.116871327254305,,21.116871327254305,,21.1,OTHER_T20/FRINGE
c53cfae5,N Vaasili,Batter,Samoa,,21.145578586061703,,,23.473740202352367,,21.145578586061703,23.473740202352367,,21.1,INTL_T20/ASSOCIATE_FRINGE
1ca4f3d7,K Kumarasinghe,Batter,,,,21.102922883568045,,,,21.102922883568045,,,21.1,OTHER_T20/FRINGE
927b34c9,S Pillai,Bowler,Costa Rica,,22.89590267543166,,,21.09811748658054,,22.89590267543166,21.09811748658054,,21.1,INTL_T20/ASSOCIATE_FRINGE
32613355,M Akhigbe,Batter,Nigeria,,21.06806117761402,,,,,21.06806117761402,,,21.1,INTL_T20/ASSOCIATE_FRINGE
514a0408,Fazil Rashid,Batter,,,,21.110805279622184,,,,21.110805279622184,,,21.1,OTHER_T20/FRINGE
00cda8e4,SM Elliott,Bowler,,,,18.098951000479936,,,21.13776494427558,18.098951000479936,21.13776494427558,,21.1,OTHER_T20/FRINGE
9ffb7550,Nasrulla Rana,All-rounder,Hong Kong,,19.350589837365987,,,21.867816091954023,,19.350589837365987,21.867816091954023,,21.1,INTL_T20/ASSOCIATE_FRINGE
d996cca8,Md Rubel,Bowler,,,,,,,21.100634401059935,,21.100634401059935,,21.1,OTHER_T20/FRINGE
0095a0e3,Noah Mead,Bowler,Samoa,,18.150620209577802,,,21.07866970763777,,18.150620209577802,21.07866970763777,,21.1,INTL_T20/ASSOCIATE_FRINGE
e28bb0b9,DO Leicher,Batter,Namibia,,21.017827755991362,,,17.052185797965265,,21.017827755991362,17.052185797965265,,21.0,INTL_T20/ASSOCIATE_FRINGE
05ea0342,J Dzulfikar,Batter,Indonesia,,21.004197936703036,,,29.73222433460076,,21.004197936703036,29.73222433460076,,21.0,INTL_T20/ASSOCIATE_FRINGE
92aaa31d,Abdul Jalil,Batter,Oman,,20.998481526210355,,,,,20.998481526210355,,,21.0,INTL_T20/ASSOCIATE_FRINGE
251eb801,Sinan Khan,Batter,Greece,,20.97617646410526,,,24.0725325542816,,20.97617646410526,24.0725325542816,,21.0,INTL_T20/ASSOCIATE_FRINGE
d162e895,Suryansh Raina,Batter,,,,21.0207462078422,,,,21.0207462078422,,,21.0,OTHER_T20/FRINGE
9dc8bc5c,Ibrar Ahmad,Bowler,Hungary,,29.328336353369444,,,20.994943403260592,,29.328336353369444,20.994943403260592,,21.0,INTL_T20/ASSOCIATE_FRINGE
21fe743b,STRA de Silva,Batter,Seychelles,,21.017914377560647,,,14.992246428938444,,21.017914377560647,14.992246428938444,,21.0,INTL_T20/ASSOCIATE_FRINGE
7c2e7c17,Kanwar Abhinay,Bowler,,,,,,,21.026392961876834,,21.026392961876834,,21.0,OTHER_T20/SMAT
9211d267,Rafatullah Mohmand,Batter,Pakistan,,21.12401952326724,20.903594792304467,,,,21.041360249156202,,,21.0,INTL_T20/ASSOCIATE_FRINGE
5efcabe2,Jaskaran Singh,Bowler,,,,,,,20.969483282674773,,20.969483282674773,,21.0,OTHER_T20/FRINGE
1c5c65d6,S Jele,Batter,Eswatini,,20.963265479620997,,,,,20.963265479620997,,,21.0,INTL_T20/ASSOCIATE_FRINGE
7a490dec,C le Roux,Bowler,,,,,,,21.009803921568626,,21.009803921568626,,21.0,OTHER_T20/FRANCHISE
3239c8a9,R Coker,All-rounder,Sierra Leone,,9.86186685665233,,,25.78388131515638,,9.86186685665233,25.78388131515638,,21.0,INTL_T20/ASSOCIATE_FRINGE
b19f1fe9,Karan Kaila,Bowler,,,,,,,20.96405628729033,,20.96405628729033,,21.0,OTHER_T20/FRINGE
fa778d1b,Santha Moorthy,Bowler,,,,,,,20.9666863066012,,20.9666863066012,,21.0,OTHER_T20/FRINGE
9fb1d2e1,S Iftikhar,Batter,Norway,,21.024361979637106,,,,,21.024361979637106,,,21.0,INTL_T20/ASSOCIATE_FRINGE
f3ff99aa,JP Zope,Bowler,,,,,,,21.01017722702829,,21.01017722702829,,21.0,OTHER_T20/FRINGE
f092b4c7,Janak Prakash,All-rounder,Singapore,,22.190579508774928,,,18.0644111906311,,22.190579508774928,18.0644111906311,,21.0,INTL_T20/ASSOCIATE_FRINGE
97b5f23d,JJ Chicuele,Batter,Mozambique,,20.96553486909217,,,,,20.96553486909217,,,21.0,INTL_T20/ASSOCIATE_FRINGE
eb46e18d,TS Saha,Bowler,,,,16.499208747262518,,,21.00004255319149,16.499208747262518,21.00004255319149,,21.0,OTHER_T20/FRINGE
c810b349,JAD Lawrenson,Batter,Jersey,,20.950937976325292,,,,,20.950937976325292,,,21.0,INTL_T20/ASSOCIATE_FRINGE
c7acf05f,A Kainessie,Batter,Sierra Leone,,20.967669501302318,,,,,20.967669501302318,,,21.0,INTL_T20/ASSOCIATE_FRINGE
39b615aa,J Shashen,Batter,,,,20.998356840292324,,,,20.998356840292324,,,21.0,OTHER_T20/FRINGE
eb7af112,Mohammad Tauqir,Batter,United Arab Emirates,,20.994878071488184,,,22.153641128165845,,20.994878071488184,22.153641128165845,,21.0,INTL_T20/ASSOCIATE_FRINGE
eb6d1f4d,R Theruvath,Batter,Qatar,,21.003207117455354,,,,,21.003207117455354,,,21.0,INTL_T20/ASSOCIATE_FRINGE
64959652,Mrinmoy Dutta,Bowler,,,,17.492563771659768,,,20.98739479905437,17.492563771659768,20.98739479905437,,21.0,OTHER_T20/FRINGE
ef5d54c6,Irfan Sarfraz,Batter,Saudi Arabia,,20.987039756193226,,,,,20.987039756193226,,,21.0,INTL_T20/ASSOCIATE_FRINGE
ab636882,Mitesh Patel,Batter,,,,21.003339492900597,,,,21.003339492900597,,,21.0,OTHER_T20/FRINGE
9a4972ab,L Perera,Batter,Botswana,,20.97984623156765,,,,,20.97984623156765,,,21.0,INTL_T20/ASSOCIATE_FRINGE
e012ad13,KOA Powell,Batter,West Indies,,,20.982607346384714,,,,20.982607346384714,,,21.0,OTHER_T20/FRINGE
abbdca1a,PM Seelaar,All-rounder,Netherlands,,21.047886428250788,,,21.048541114058356,,21.047886428250788,21.048541114058356,,21.0,INTL_T20/ASSOCIATE_FRINGE
f74a1394,Elias Hasan,Batter,Estonia,,21.04060183666275,,,14.714987448067294,,21.04060183666275,14.714987448067294,,21.0,INTL_T20/ASSOCIATE_FRINGE
6de4e430,Washeem Abbas,Bowler,Malta,,29.660796598953397,,,21.02908150440494,,29.660796598953397,21.02908150440494,,21.0,INTL_T20/ASSOCIATE_FRINGE
ce9ce42f,Muhammad Amin,Batter,Swaziland,,21.033181286357316,,,,,21.033181286357316,,,21.0,INTL_T20/ASSOCIATE_FRINGE
195fb6db,Imran Khan (1),Bowler,Pakistan,,,19.48019321678066,,18.52334360454384,25.003152988855113,19.48019321678066,20.953272123660565,,21.0,INTL_T20/ASSOCIATE_FRINGE
9ba59a3c,LJ Woodcock,Bowler,New Zealand,,,26.22930539857925,,19.63221744945319,23.24111313745356,26.22930539857925,20.98555333245333,,21.0,INTL_T20/ASSOCIATE_FRINGE
a2c03e90,D Teinaki,Batter,Cook Islands,,20.965452203684205,,,,,20.965452203684205,,,21.0,INTL_T20/ASSOCIATE_FRINGE
409ce380,AA Onikoyi,Batter,Nigeria,,21.014178477418312,,,,,21.014178477418312,,,21.0,INTL_T20/ASSOCIATE_FRINGE
5b531900,LF Mavume,Batter,Mozambique,,20.95286107497465,,,,,20.95286107497465,,,21.0,INTL_T20/ASSOCIATE_FRINGE
125853c3,T Kahamker,Batter,Israel,,21.02954556644881,,,28.00178809988696,,21.02954556644881,28.00178809988696,,21.0,INTL_T20/ASSOCIATE_FRINGE
6fd0c8e1,JD Campbell,Batter,West Indies,,,21.01998416025026,,,,21.01998416025026,,,21.0,OTHER_T20/FRINGE
6fc116ee,BG Whitehead,Bowler,,,,,,,20.976686930091184,,20.976686930091184,,21.0,OTHER_T20/FRINGE
c96a215f,JS Lehmann,Batter,,,,21.02228462723073,,,,21.02228462723073,,,21.0,OTHER_T20/FRANCHISE
15ec4a6c,Lakvin Abeysinghe,Batter,,,,20.993255131964812,,,20.41158841158841,20.993255131964812,20.41158841158841,,21.0,OTHER_T20/FRINGE
6d9d2de7,AN Aminou,Batter,Cameroon,,20.982107176638937,,,,,20.982107176638937,,,21.0,INTL_T20/ASSOCIATE_FRINGE
83fddc3f,A Mahata,Bowler,,,,23.67512288058015,,,20.984968141393676,23.67512288058015,20.984968141393676,,21.0,OTHER_T20/FRINGE
3bea7ea9,J Moondra,Bowler,Ireland,,,,,,21.039848699763596,,21.039848699763596,,21.0,OTHER_T20/FRINGE
e36e9dd3,Shoaib Bashir,Bowler,,,,,,,20.904423505572442,,20.904423505572442,,20.9,OTHER_T20/FRINGE
d2ebebbe,Kazim Somani,Batter,Malawi,,20.939796186520677,,,,,20.939796186520677,,,20.9,INTL_T20/ASSOCIATE_FRINGE
126f1e28,R Nath,Batter,Turkey,,20.89823766605474,,,,,20.89823766605474,,,20.9,INTL_T20/ASSOCIATE_FRINGE
d8e79af0,AC Botha,Batter,Ireland,,20.874580872140562,,,29.613954807395878,,20.874580872140562,29.613954807395878,,20.9,INTL_T20/ASSOCIATE_FRINGE
ddc0828d,A Flintoff,Bowler,England,,28.75666430332232,25.3008228551575,,21.006681410076737,20.627762597984322,27.46072376026051,20.86458685554208,,20.9,INTL_T20/ASSOCIATE_FRINGE
530b20e3,JRMVB Sanjaya,Bowler,Sri Lanka,,24.810746013580207,20.079119799702394,,20.43543287579419,21.587442080378253,23.036386183376028,20.86743632751321,,20.9,INTL_T20/ASSOCIATE_FRINGE
78ea3a86,Nikhilesh Surendran,Batter,,,,20.862746930488864,,,,20.862746930488864,,,20.9,OTHER_T20/FRINGE
9d6e1d80,TA Griffith,Batter,,,,20.891091386489066,,,,20.891091386489066,,,20.9,OTHER_T20/FRINGE
edf3773b,Abhiraj Singh,Bowler,Singapore,,,,,20.91734390844989,,,20.91734390844989,,20.9,INTL_T20/ASSOCIATE_FRINGE
1adb8ee8,Sompal Kami,All-rounder,Nepal,,18.960879726249637,24.124597207303978,,23.167894208235694,17.283819628647215,20.897273781645012,20.961366240890012,,20.9,INTL_T20/ASSOCIATE_FRINGE
10d64f7c,Sarul Kanwar,Batter,,,,20.86419649645456,,,,20.86419649645456,,,20.9,OTHER_T20/FRINGE
ffb504b1,XM Marshall,Batter,United States of America,,20.902808991909524,,,,,20.902808991909524,,,20.9,INTL_T20/FULL_MEMBER
cfbd3998,Naseem Khan,Batter,Croatia,,20.89104151689531,,,17.014170612554643,,20.89104151689531,17.014170612554643,,20.9,INTL_T20/ASSOCIATE_FRINGE
3bf936e7,E O'Reilly,Bowler,,,,,,,20.935667361980254,,20.935667361980254,,20.9,OTHER_T20/FRINGE
990f1424,YP Dayal,Batter,Suriname,,20.87876311012761,,,24.047749460487104,,20.87876311012761,24.047749460487104,,20.9,INTL_T20/ASSOCIATE_FRINGE
15a2382e,Rehan Peiris,Batter,,,,20.87148458576694,,,,20.87148458576694,,,20.9,OTHER_T20/FRINGE
09e86895,Pyae Phyo Wai,Batter,Myanmar,,20.886213036030142,,,28.70270503825637,,20.886213036030142,28.70270503825637,,20.9,INTL_T20/ASSOCIATE_FRINGE
4f21dc48,Ahsan Abbasi,Batter,Hong Kong,,20.936606429230014,,,,,20.936606429230014,,,20.9,INTL_T20/ASSOCIATE_FRINGE
c32087fc,Waseem Raza,Bowler,,,,16.20015666651524,,,20.942026792750198,16.20015666651524,20.942026792750198,,20.9,OTHER_T20/FRINGE
33e72826,Nadeem Javed,Bowler,Saudi Arabia,,,,,20.937363018770217,,,20.937363018770217,,20.9,INTL_T20/ASSOCIATE_FRINGE
c0fca5eb,O Gholami,Bowler,Sweden,,,,,20.881652609713793,,,20.881652609713793,,20.9,INTL_T20/ASSOCIATE_FRINGE
90fed21f,SR Gurung,Batter,Bhutan,,20.948866946187053,,,,,20.948866946187053,,,20.9,INTL_T20/ASSOCIATE_FRINGE
8528effb,Z Evans,Bowler,,,,19.694920674874258,,,20.883171901384667,19.694920674874258,20.883171901384667,,20.9,OTHER_T20/FRINGE
cdc4604c,Abhishek Mohan,Bowler,,,,20.924334840322267,,,20.909431755681,20.924334840322267,20.909431755681,,20.9,OTHER_T20/FRINGE
d851756a,MS Hooda,Batter,,,,20.88366284397682,,,,20.88366284397682,,,20.9,OTHER_T20/FRINGE
f543b251,Het Patel,Batter,,,,20.867629597389858,,,,20.867629597389858,,,20.9,OTHER_T20/FRINGE
648e673c,H Boyagoda,Batter,,,,20.92476210425519,,,,20.92476210425519,,,20.9,OTHER_T20/FRINGE
7e439c80,Sohail Ahmad,Batter,Croatia,,20.923010932558185,,,16.73229773771599,,20.923010932558185,16.73229773771599,,20.9,INTL_T20/ASSOCIATE_FRINGE
fd3c5c00,AAA Patel,Batter,Lesotho,,20.871376435192545,,,,,20.871376435192545,,,20.9,INTL_T20/ASSOCIATE_FRINGE
599ce28e,Ansh Tandon,Batter,United Arab Emirates,,20.884822687583895,,,,,20.884822687583895,,,20.9,INTL_T20/ASSOCIATE_FRINGE
2d02f041,S Sugaya-Slater,Bowler,Japan,,22.421731807650538,,,20.936526996769615,,22.421731807650538,20.936526996769615,,20.9,INTL_T20/ASSOCIATE_FRINGE
56b41ed3,SY Nihute,Batter,Malawi,,20.855664413377347,,,,,20.855664413377347,,,20.9,INTL_T20/ASSOCIATE_FRINGE
8e5a4e1d,Parth Kohli,Batter,,,,20.92962295852342,,,,20.92962295852342,,,20.9,OTHER_T20/FRINGE
6efdad14,F Baleri,Batter,Ghana,,20.884129407877815,,,,,20.884129407877815,,,20.9,INTL_T20/ASSOCIATE_FRINGE
6d24561a,Anwar Arudin,Batter,Malaysia,,20.89569887611873,,,,,20.89569887611873,,,20.9,INTL_T20/ASSOCIATE_FRINGE
151c258b,J Glen,Batter,,,,20.86659532646999,,,26.060774177279036,20.86659532646999,26.060774177279036,,20.9,OTHER_T20/FRINGE
c41ba637,HE Dearden,Batter,,,,20.852657639707317,,,,20.852657639707317,,,20.9,OTHER_T20/FRANCHISE
98f27d4b,Kanishk Seth,Bowler,,,,17.5993549249107,,,20.91531914893617,17.5993549249107,20.91531914893617,,20.9,OTHER_T20/FRINGE
c2988809,GID Lavelle,Batter,,,,20.92958863086981,,,,20.92958863086981,,,20.9,OTHER_T20/FRINGE
a6631b55,Salvin Stanly,Batter,Cambodia,,20.87640756789868,,,17.780142565788957,,20.87640756789868,17.780142565788957,,20.9,INTL_T20/ASSOCIATE_FRINGE
a64e3b89,SK Atai,Batter,Papua New Guinea,,20.919575443392798,,,20.68768822501768,,20.919575443392798,20.68768822501768,,20.9,INTL_T20/ASSOCIATE_FRINGE
e072b9d5,R Pisal,Batter,Romania,,20.870467487576555,,,,,20.870467487576555,,,20.9,INTL_T20/ASSOCIATE_FRINGE
cf17c429,Avi Dixit,Batter,Singapore,,20.86285693459077,,,25.81628044394204,,20.86285693459077,25.81628044394204,,20.9,INTL_T20/ASSOCIATE_FRINGE
b16ddb79,W McClintock,Batter,Ireland,,21.157278468367892,20.559343429231113,,,,20.9330528286916,,,20.9,INTL_T20/ASSOCIATE_FRINGE
441c72ae,P Ray Barman,Bowler,,,,22.50288180055774,,,20.931191714510867,22.50288180055774,20.931191714510867,,20.9,OTHER_T20/FRINGE
e7ba1233,S Matsikenyeri,Batter,Zimbabwe,,20.82824780451051,,,,,20.82824780451051,,,20.8,INTL_T20/ASSOCIATE_FRINGE
7873a628,Ali Shafiq,Bowler,,,,,,,20.788454865634197,,20.788454865634197,,20.8,OTHER_T20/FRINGE
6f852c49,N Venables,Bowler,Vanuatu,,,,,20.77627558905027,,,20.77627558905027,,20.8,INTL_T20/ASSOCIATE_FRINGE
b7062209,D Polpitiya,Bowler,Eswatini,,,,,20.803384839324472,,,20.803384839324472,,20.8,INTL_T20/ASSOCIATE_FRINGE
b81344e4,Sumanta Gupta,Bowler,,,,,,,20.82829771646793,,20.82829771646793,,20.8,OTHER_T20/FRINGE
f43dcdc1,Gurpreet Singh,Batter,Mexico,,20.811630270408273,,,25.606159181995686,,20.811630270408273,25.606159181995686,,20.8,INTL_T20/ASSOCIATE_FRINGE
d48af8d7,JA Kolsawala,Batter,,,,20.785457284650832,,,,20.785457284650832,,,20.8,OTHER_T20/FRINGE
cd5c8aea,R Jayasuriya,Batter,,,,20.778528537514713,,,,20.778528537514713,,,20.8,OTHER_T20/FRINGE
c5d00347,Sadat Said,Bowler,Hungary,,,,,20.822739692504143,,,20.822739692504143,,20.8,INTL_T20/ASSOCIATE_FRINGE
6b25ef46,W Wotu,Batter,Vanuatu,,20.840172223902233,,,21.77782773267564,,20.840172223902233,21.77782773267564,,20.8,INTL_T20/ASSOCIATE_FRINGE
c674f722,GT Taylor,Batter,Bahamas,,20.806985793919804,,,21.41083444661391,,20.806985793919804,21.41083444661391,,20.8,INTL_T20/ASSOCIATE_FRINGE
c773fd89,T Dickwella,Batter,,,,20.759444587670394,,,,20.759444587670394,,,20.8,OTHER_T20/FRINGE
db15d0f8,Thomas Moirangthem,Bowler,,,,16.38234878602064,,,20.75873208858011,16.38234878602064,20.75873208858011,,20.8,OTHER_T20/FRINGE
7429c452,I Wardlaw,Bowler,Scotland,,,,,20.79314081298171,,,20.79314081298171,,20.8,INTL_T20/ASSOCIATE_FRINGE
60fc2c8c,T Shanmugam,Bowler,Seychelles,,,,,20.78082757144362,,,20.78082757144362,,20.8,INTL_T20/ASSOCIATE_FRINGE
6f0111a6,D Lues,Bowler,,,,,,,20.82843114332476,,20.82843114332476,,20.8,OTHER_T20/FRINGE
e98787f5,TA Findlay,Bowler,,,,,,,20.819597310490927,,20.819597310490927,,20.8,OTHER_T20/FRINGE
1bc71d98,Izhar Hussain,Batter,Switzerland,,20.843646595144186,,,,,20.843646595144186,,,20.8,INTL_T20/ASSOCIATE_FRINGE
3ebb940f,BM Cliff,Bowler,,,,,,,20.778488348530903,,20.778488348530903,,20.8,OTHER_T20/FRINGE
f0db5e13,P Baghel,Batter,Czech Republic,,20.843733644853003,,,,,20.843733644853003,,,20.8,INTL_T20/ASSOCIATE_FRINGE
5299063a,CK Jasmat,Bowler,Samoa,,33.162517363116905,,,20.823053097682262,,33.162517363116905,20.823053097682262,,20.8,INTL_T20/ASSOCIATE_FRINGE
5f5e0c8c,ML Udawatte,Batter,Sri Lanka,,20.84590170161042,,,,,20.84590170161042,,,20.8,INTL_T20/ASSOCIATE_FRINGE
acf06e10,SB Wagh,Batter,Mexico,,20.773993715584822,,,,,20.773993715584822,,,20.8,INTL_T20/ASSOCIATE_FRINGE
f54c8804,RGL Carters,Batter,,,,20.838719308721764,,,,20.838719308721764,,,20.8,OTHER_T20/FRANCHISE
849c9375,Hasanuzzaman,Batter,,,,20.828748925098672,,,,20.828748925098672,,,20.8,OTHER_T20/FRINGE
20666746,Yuvraj Chudasama,Bowler,,,,18.831444520675525,,,20.814620380739083,18.831444520675525,20.814620380739083,,20.8,OTHER_T20/FRINGE
2e6cfd4f,C Paranavithana,Batter,,,,20.828860854011474,,,,20.828860854011474,,,20.8,OTHER_T20/FRINGE
39ed0d2f,KS Sharma,Batter,,,,20.753822467489,,,22.04147309001678,20.753822467489,22.04147309001678,,20.8,OTHER_T20/FRINGE
fea7a34c,LJ Hatchett,Bowler,,,,,,,20.825100228901647,,20.825100228901647,,20.8,OTHER_T20/FRINGE
a63d0c5a,SD Parris,Batter,,,,20.755268325210245,,,,20.755268325210245,,,20.8,OTHER_T20/FRINGE
7f9bd93c,Farhad Hossain,Bowler,,,,21.457611100083447,,,20.806691433074413,21.457611100083447,20.806691433074413,,20.8,OTHER_T20/FRINGE
6099fd3f,K Bharath Shankar,Batter,,,,20.796187683284458,,,,20.796187683284458,,,20.8,OTHER_T20/FRINGE
a2317d14,V Mbazo,Wicketkeeper,Botswana,,9.562116420156606,,,,,9.562116420156606,,65.68627450980392,20.8,INTL_T20/ASSOCIATE_FRINGE
46c5d4fb,AP Rouse,Batter,,,,20.818437626808922,,,,20.818437626808922,,,20.8,OTHER_T20/FRINGE
17f507e7,MA Algi,Bowler,Mozambique,,24.987061743509106,,,20.847028028698254,,24.987061743509106,20.847028028698254,,20.8,INTL_T20/ASSOCIATE_FRINGE
b7f70e36,K Modise,Batter,Botswana,,20.71529182030346,,,,,20.71529182030346,,,20.7,INTL_T20/ASSOCIATE_FRINGE
51e0e79f,AS Abioye,Bowler,Nigeria,,,,,20.664136899023134,,,20.664136899023134,,20.7,INTL_T20/ASSOCIATE_FRINGE
fa760ccd,RJ Watson,Bowler,,,,16.78701952243537,,,20.6581390456892,16.78701952243537,20.6581390456892,,20.7,OTHER_T20/FRINGE
91136091,LHB Harrington-Myers,Batter,Cayman Islands,,20.665221693105956,,,,,20.665221693105956,,,20.7,INTL_T20/ASSOCIATE_FRINGE
638a14dc,Ahmad Mushtaq,Batter,Indonesia,,20.660960660204502,,,23.48102712979139,,20.660960660204502,23.48102712979139,,20.7,INTL_T20/ASSOCIATE_FRINGE
9dba7a41,AAH Bhikari,Bowler,Suriname,,,,,20.73452507327731,,,20.73452507327731,,20.7,INTL_T20/ASSOCIATE_FRINGE
4885bbe6,Yudhvir Singh,Bowler,,,,24.734658580687288,,,20.746437014522122,24.734658580687288,20.746437014522122,,20.7,OTHER_T20/FRINGE
8bb34d86,J Neill,Batter,,,,20.70786901270772,,,,20.70786901270772,,,20.7,OTHER_T20/FRINGE
eaa4cfc2,AEN Riley,Bowler,,,,18.66671918778655,,,20.745982868195632,18.66671918778655,20.745982868195632,,20.7,OTHER_T20/FRINGE
63aa8148,Jaswinder Singh,Bowler,Malta,,17.860660986448288,,,20.66041897613743,,17.860660986448288,20.66041897613743,,20.7,INTL_T20/ASSOCIATE_FRINGE
bbbc7d28,Prashant Awasthi,Batter,,,,20.69751137436786,,,21.47273357710251,20.69751137436786,21.47273357710251,,20.7,OTHER_T20/FRINGE
26f1d66c,Farhan Ahmed,Bowler,,,,21.878244421997252,,,20.722009278515436,21.878244421997252,20.722009278515436,,20.7,OTHER_T20/FRINGE
2df72aae,B Akhilesh Reddy,Bowler,United States of America,,,,,20.678166480832083,,,20.678166480832083,,20.7,INTL_T20/ASSOCIATE_FRINGE
fc8c6088,RH Bhatt,Batter,,,,20.70552619789315,,,20.50083934721285,20.70552619789315,20.50083934721285,,20.7,OTHER_T20/FRINGE
c149b9ca,NJ Ferraby,Batter,Jersey,,20.729468944787975,,,,,20.729468944787975,,,20.7,INTL_T20/ASSOCIATE_FRINGE
07a67c50,Noor Hossain,Bowler,,,,,,,20.735533490937748,,20.735533490937748,,20.7,OTHER_T20/FRINGE
8efab8ed,Umar Siddiq,Batter,,,,20.673937765862917,,,,20.673937765862917,,,20.7,OTHER_T20/FRINGE
72253b87,Kaleemullah,Bowler,Oman,,22.88522112384495,,,20.701402421328716,,22.88522112384495,20.701402421328716,,20.7,INTL_T20/ASSOCIATE_FRINGE
642e8af0,JG Dill,Bowler,,,,,,,20.7214273170261,,20.7214273170261,,20.7,OTHER_T20/FRINGE
badef0dc,MO Kitunda,Wicketkeeper,Tanzania,,13.163545197783522,,,,,13.163545197783522,,50.98039215686274,20.7,INTL_T20/ASSOCIATE_FRINGE
bae68b09,Ayan Bhattacharjee,Bowler,,,,,,,20.738643304130164,,20.738643304130164,,20.7,OTHER_T20/FRINGE
bdecece1,Ramachandran Ragupathy,Batter,,,,20.686907089326446,,,,20.686907089326446,,,20.7,OTHER_T20/FRINGE
06b8bdb3,AM Rajpurohit,Batter,Gambia,,20.72460243624125,,,19.36885912874506,,20.72460243624125,19.36885912874506,,20.7,INTL_T20/ASSOCIATE_FRINGE
e85bb4b3,Fanyan Mughal,Bowler,Malta,,29.66199602288581,,,20.674705554409556,,29.66199602288581,20.674705554409556,,20.7,INTL_T20/ASSOCIATE_FRINGE
12f75dbd,AP Sharma,Bowler,,,,17.053158713618398,,,20.713795339412364,17.053158713618398,20.713795339412364,,20.7,OTHER_T20/FRINGE
6fa5314b,Kishan Parmar M,Batter,,,,20.748876764963956,,,,20.748876764963956,,,20.7,OTHER_T20/FRINGE
de896b79,DF Jacobs,Batter,Thailand,,20.66106181885453,,,29.736693991446842,,20.66106181885453,29.736693991446842,,20.7,INTL_T20/ASSOCIATE_FRINGE
c9cac448,T Mishra,Batter,Kenya,,22.91459435179177,16.984687892752408,,,,20.690879429652007,,,20.7,INTL_T20/ASSOCIATE_FRINGE
64770caf,JB Tector,Batter,,,,20.749988499798746,,,,20.749988499798746,,,20.7,OTHER_T20/FRINGE
3b50c63a,KS Lokuarachchi,Bowler,Sri Lanka,,,,,,20.745487023614682,,20.745487023614682,,20.7,OTHER_T20/FRINGE
c2b6764d,GFB Scott,Batter,,,,20.690514955575196,,,,20.690514955575196,,,20.7,OTHER_T20/FRANCHISE
be0f9ce9,Haroon Arshad,Bowler,Hong Kong,,32.82118413390522,,,20.74145418461113,,32.82118413390522,20.74145418461113,,20.7,INTL_T20/ASSOCIATE_FRINGE
e7353cbb,Anasim Khan,Bowler,Bahrain,,25.314256097589208,,,20.66465749880373,,25.314256097589208,20.66465749880373,,20.7,INTL_T20/ASSOCIATE_FRINGE
5ca0e315,G Richardson,Bowler,Jersey,,,,,20.675345724285442,,,20.675345724285442,,20.7,INTL_T20/ASSOCIATE_FRINGE
e941cd33,AR Lamba,Bowler,,,,17.567378079388185,,,20.667313622547667,17.567378079388185,20.667313622547667,,20.7,OTHER_T20/FRINGE
230f5cea,J Pillay,Batter,,,,20.748154777773546,,,,20.748154777773546,,,20.7,OTHER_T20/FRINGE
020e49e9,AD Algar,Batter,Spain,,20.66941573853397,,,,,20.66941573853397,,,20.7,INTL_T20/ASSOCIATE_FRINGE
1cbd881f,NB Beard,Bowler,,,,,,,20.719209414698774,,20.719209414698774,,20.7,OTHER_T20/FRINGE
fb12d010,R Rasantha,Batter,,,,20.60606575088748,,,,20.60606575088748,,,20.6,OTHER_T20/FRINGE
400cf68e,S Mba,Batter,Nigeria,,20.562504097644776,,,,,20.562504097644776,,,20.6,INTL_T20/ASSOCIATE_FRINGE
09c766ec,Mohsin Zaki,Bowler,Bahrain,,,,,20.627610160564565,,,20.627610160564565,,20.6,INTL_T20/ASSOCIATE_FRINGE
859d95bb,TL O'Connell,Bowler,,,,17.138707060188114,,,20.554736312807236,17.138707060188114,20.554736312807236,,20.6,OTHER_T20/FRINGE
d13d1dd0,RP Kellepotha,Bowler,,,,,,,20.58158771724729,,20.58158771724729,,20.6,OTHER_T20/FRINGE
23f2143b,JH Plom,Bowler,,,,20.137571966335877,,,20.587765003010148,20.137571966335877,20.587765003010148,,20.6,OTHER_T20/FRINGE
ada15e88,PSP Handscomb,Wicketkeeper,Australia,,,19.312508914562827,,,,19.312508914562827,,25.84378013500482,20.6,OTHER_T20/FRANCHISE
0319272d,K Nirmana,Batter,,,,20.58071854601289,,,20.559576345984116,20.58071854601289,20.559576345984116,,20.6,OTHER_T20/FRINGE
5d17f075,C Sridev,Batter,Singapore,,20.588906031323436,,,24.152805467064024,,20.588906031323436,24.152805467064024,,20.6,INTL_T20/ASSOCIATE_FRINGE
adbba8db,G Cupido,Batter,Switzerland,,20.551673887668645,,,,,20.551673887668645,,,20.6,INTL_T20/ASSOCIATE_FRINGE
2d69f222,CE Bennett,Bowler,,,,,,,20.614384084001102,,20.614384084001102,,20.6,OTHER_T20/FRINGE
9663115e,Seetharam Guruvayoorappan,Batter,Mexico,,20.599139179809374,,,,,20.599139179809374,,,20.6,INTL_T20/ASSOCIATE_FRINGE
f048bb41,JM Mennie,Bowler,,,,,,,20.628959276018097,,20.628959276018097,,20.6,OTHER_T20/FRANCHISE
14661bf3,Faisal Akram,Bowler,,,,19.654880181998042,,,20.63764517677172,19.654880181998042,20.63764517677172,,20.6,OTHER_T20/FRINGE
993281c2,Muhammad Naeem,Batter,Cambodia,,20.58030999914036,,,,,20.58030999914036,,,20.6,INTL_T20/ASSOCIATE_FRINGE
c23938fd,P Saravana Kumar,Bowler,,,,,,,20.640436442989632,,20.640436442989632,,20.6,OTHER_T20/FRINGE
7e1f4523,D Sanjeewa,Batter,,,,20.62598036455825,,,,20.62598036455825,,,20.6,OTHER_T20/FRINGE
12ac8ca5,RI Thakur,Batter,,,,20.56921984825211,,,,20.56921984825211,,,20.6,OTHER_T20/FRINGE
71d0fad3,G Sanjeewa,Bowler,Romania,,,,,20.597320555406693,,,20.597320555406693,,20.6,INTL_T20/ASSOCIATE_FRINGE
90a7d966,S de Mel,Batter,,,,20.623412310509085,,,,20.623412310509085,,,20.6,OTHER_T20/FRINGE
935678ee,Aamer Azmat,Batter,,,,20.645999584746917,,,,20.645999584746917,,,20.6,OTHER_T20/FRINGE
fa6c8609,DJ O'Halloran,Bowler,,,,17.245248626594073,,,20.633776665276038,17.245248626594073,20.633776665276038,,20.6,OTHER_T20/FRINGE
a8ad6e80,JK Reed,Bowler,,,,,,,20.588150375939847,,20.588150375939847,,20.6,OTHER_T20/FRINGE
71686118,Abdullah Shahid,Batter,Maldives,,20.640871076675747,,,,,20.640871076675747,,,20.6,INTL_T20/ASSOCIATE_FRINGE
1076ea52,Navindu Prabash,Bowler,,,,,,,20.556455927051672,,20.556455927051672,,20.6,OTHER_T20/FRINGE
4830fcaf,KVA Adikari,Batter,,,,20.592809335623446,,,,20.592809335623446,,,20.6,OTHER_T20/FRINGE
df3947f4,Muhammad Murad,Bowler,Qatar,,22.594543978816354,,,20.647900914415807,,22.594543978816354,20.647900914415807,,20.6,INTL_T20/ASSOCIATE_FRINGE
e4271302,Amjad Ali,Batter,United Arab Emirates,,20.583564995174857,,,,,20.583564995174857,,,20.6,INTL_T20/ASSOCIATE_FRINGE
4a15018a,Harsh Tyagi,Bowler,,,,39.6,,,20.620129870129873,39.6,20.620129870129873,,20.6,OTHER_T20/SMAT
f6f60dca,Pramod Chandila,Batter,,,,20.59297955614214,,,,20.59297955614214,,,20.6,OTHER_T20/FRINGE
d85d52c2,M Dixit,Bowler,Luxembourg,,26.07264068125462,,,20.62289210567048,,26.07264068125462,20.62289210567048,,20.6,INTL_T20/ASSOCIATE_FRINGE
12a15f20,N Premaratne,Bowler,,,,15.98333986643386,,,20.61064640324215,15.983339866433859,20.61064640324215,,20.6,OTHER_T20/FRINGE
3b572f28,Sikander Zulfiqar,Batter,Netherlands,,20.619771532725245,,,20.226480794921862,,20.619771532725245,20.226480794921862,,20.6,INTL_T20/ASSOCIATE_FRINGE
ea56e843,N Revers,Batter,Belize,,20.59699359678979,,,,,20.59699359678979,,,20.6,INTL_T20/ASSOCIATE_FRINGE
ab922bd0,Abhilash Gogoi,Bowler,,,,19.25736743836601,,,20.568829449510304,19.25736743836601,20.568829449510304,,20.6,OTHER_T20/FRINGE
86b0bbe8,R Belgrove,Batter,St Helena,,20.5265230445475,,,20.455588045702115,,20.5265230445475,20.455588045702115,,20.5,INTL_T20/ASSOCIATE_FRINGE
82af7861,LP Kasturiarachchige,Bowler,Austria,,,,,20.508751192214472,,,20.508751192214472,,20.5,INTL_T20/ASSOCIATE_FRINGE
40fd2e48,RH Motwani,Batter,,,,20.524693678833973,,,,20.524693678833973,,,20.5,OTHER_T20/FRINGE
3dd30077,BJ Taylor,Bowler,,,,19.13565180898852,,,20.506992682652257,19.13565180898852,20.506992682652257,,20.5,OTHER_T20/FRINGE
bd36db2c,A Mnyaka,Bowler,,,,20.322816741592582,,,20.450313714654143,20.322816741592582,20.450313714654143,,20.5,OTHER_T20/FRINGE
3bea1983,DT Doram,Bowler,Netherlands,,19.927127764874612,,,20.498184228106922,,19.927127764874612,20.498184228106922,,20.5,INTL_T20/ASSOCIATE_FRINGE
bd48593c,GE Kidd,Bowler,,,,,,,20.46583901834966,,20.46583901834966,,20.5,OTHER_T20/FRINGE
43c57d62,Asad Rasheed,Bowler,Hong Kong,,,,,20.53085278792061,,,20.53085278792061,,20.5,INTL_T20/ASSOCIATE_FRINGE
bdadcca1,TJ Haines,Batter,,,,20.48305005286572,,,,20.48305005286572,,,20.5,OTHER_T20/FRINGE
f5c9b42c,Mujtaba Yousuf,Bowler,,,,,,,20.46143355687429,,20.46143355687429,,20.5,OTHER_T20/FRINGE
56f53516,DAP Darrell,Batter,Bermuda,,20.45753676476742,,,,,20.45753676476742,,,20.5,INTL_T20/ASSOCIATE_FRINGE
dca1ac2e,Amir Hamza,Bowler,,,,15.723220188874686,,,20.526368118878757,15.723220188874686,20.526368118878757,,20.5,OTHER_T20/FRINGE
cef52835,Owais Ahmed,Bowler,Qatar,,24.419985614034182,,,20.488711238024827,,24.419985614034182,20.488711238024827,,20.5,INTL_T20/ASSOCIATE_FRINGE
aa3c7a7a,CJ Rocchiccioli,Bowler,,,,,,,20.54646223122819,,20.54646223122819,,20.5,OTHER_T20/FRINGE
a9a4df9f,JO Ngoche,Bowler,Kenya,,,,,20.45171586952909,,,20.45171586952909,,20.5,INTL_T20/ASSOCIATE_FRINGE
a0a27cd4,J Jagroo,Batter,Bahamas,,20.53843206403866,,,17.803827972459153,,20.53843206403866,17.803827972459153,,20.5,INTL_T20/ASSOCIATE_FRINGE
5c766d24,Ashutosh Singh,Batter,,,,20.542879381383663,,,,20.542879381383663,,,20.5,OTHER_T20/FRINGE
0d4d3cb1,R Dhiman,Bowler,Bulgaria,,23.136087972461652,,,20.49997669928995,,23.136087972461652,20.49997669928995,,20.5,INTL_T20/ASSOCIATE_FRINGE
4d0d5b7d,I Elec,Batter,Turkey,,20.544562847365256,,,26.315315743500157,,20.544562847365256,26.315315743500157,,20.5,INTL_T20/ASSOCIATE_FRINGE
86b6e495,Gauhar Ali,Batter,,,,20.534523836692156,,,,20.534523836692156,,,20.5,OTHER_T20/FRINGE
cb331f53,L Subasinghe,Batter,,,,20.501042960478312,,,,20.501042960478312,,,20.5,OTHER_T20/FRINGE
cc550389,B Keganne,Bowler,Botswana,,,,,20.54486517455316,,,20.54486517455316,,20.5,INTL_T20/ASSOCIATE_FRINGE
fd9f43bb,SM Solia,All-rounder,Samoa,,26.981787477822195,24.241096123569207,,27.576354679802954,11.807164634146343,24.241096123569207,11.807164634146343,,20.5,OTHER_T20/FRANCHISE
811425b1,Adnan Mufti,Batter,United Arab Emirates,,20.468335219043748,,,,,20.468335219043748,,,20.5,INTL_T20/ASSOCIATE_FRINGE
6a1fc8dd,Pratik Sargade,Bowler,,,,,,,20.520662613981763,,20.520662613981763,,20.5,OTHER_T20/FRINGE
caf1b14c,N Deonarine,Batter,West Indies,,22.53467244106367,17.033762562643414,,16.718631178707227,19.851837482905445,20.471831236656072,17.893583542781556,,20.5,INTL_T20/ASSOCIATE_FRINGE
e1055803,N Miyaji,Batter,Japan,,20.45047659483162,,,,,20.45047659483162,,,20.5,INTL_T20/ASSOCIATE_FRINGE
f98481d3,Muhammad Ismail,Bowler,,,,,,,20.466409678765125,,20.466409678765125,,20.5,OTHER_T20/FRINGE
f691e227,Akash Pandey,Bowler,,,,15.865599508126442,,,20.481841848796257,15.86559950812644,20.481841848796257,,20.5,OTHER_T20/FRINGE
c4d19735,R Tari,Batter,Vanuatu,,20.48068589670067,,,,,20.48068589670067,,,20.5,INTL_T20/ASSOCIATE_FRINGE
eb4f9c61,LN Oluoch,All-rounder,Kenya,,21.30260352682147,,,18.74563367666816,,21.30260352682147,18.74563367666816,,20.5,INTL_T20/ASSOCIATE_FRINGE
4abc5713,F Vaaetasi,Bowler,Samoa,,21.228065936821594,,,20.53741862082043,,21.228065936821594,20.53741862082043,,20.5,INTL_T20/ASSOCIATE_FRINGE
e48c6ec7,N Davidovic,Batter,Croatia,,20.523661064663848,,,18.907412246575742,,20.523661064663848,18.907412246575742,,20.5,INTL_T20/ASSOCIATE_FRINGE
dcd05452,Lalu Bhai Ahir,Batter,Panama,,20.494908944171176,,,27.84911108827459,,20.494908944171176,27.84911108827459,,20.5,INTL_T20/ASSOCIATE_FRINGE
bc31511b,JN Diseko,Bowler,,,,,,,20.469420466058764,,20.469420466058764,,20.5,OTHER_T20/FRINGE
9fc68dcb,Avishek Sinha,Bowler,,,,22.72390657318518,,,20.462784194528876,22.72390657318518,20.462784194528876,,20.5,OTHER_T20/FRINGE
fb3a1c89,Anurag Sarangi,Batter,,,,20.486630850438623,,,,20.486630850438623,,,20.5,OTHER_T20/FRINGE
3370303b,MYB Naeem,Batter,,,,20.50629203056403,,,,20.50629203056403,,,20.5,OTHER_T20/FRINGE
0d64d81c,Rahul Khajan Singh,Bowler,,,,20.225430992711004,,,20.465735502711723,20.225430992711004,20.465735502711723,,20.5,OTHER_T20/FRINGE
90830f8d,Alam Nakash,Batter,South Korea,,20.48195636842221,,,24.468589166218337,,20.48195636842221,24.468589166218337,,20.5,INTL_T20/ASSOCIATE_FRINGE
9025e58f,Junaid Siddiqui,Bowler,Canada,,27.33201064178599,,,20.468268333929117,,27.33201064178599,20.468268333929117,,20.5,INTL_T20/ASSOCIATE_FRINGE
eeb78e0a,D Gumyusenge,Batter,Rwanda,,20.54791173598808,,,,,20.54791173598808,,,20.5,INTL_T20/ASSOCIATE_FRINGE
d1f8b722,Shubham Sharma,Batter,,,,20.39056242209298,,,21.117891816920945,20.39056242209298,21.117891816920945,,20.4,OTHER_T20/FRINGE
fb4c5ea5,Adil Bhatti,Bowler,United States of America,,23.669091206401504,,,20.417288172691368,,23.669091206401504,20.417288172691368,,20.4,INTL_T20/ASSOCIATE_FRINGE
6c7349c4,TR Bevan,Batter,,,,20.41567105996942,,,16.878170373316003,20.41567105996942,16.878170373316003,,20.4,OTHER_T20/FRINGE
d11e0c76,Sanjay Kumar Ahir,Bowler,Panama,,18.73531226467194,,,20.361534091337415,,18.73531226467194,20.361534091337415,,20.4,INTL_T20/ASSOCIATE_FRINGE
6ea85c26,TA Khetsi,Batter,Lesotho,,20.390746118063948,,,,,20.390746118063948,,,20.4,INTL_T20/ASSOCIATE_FRINGE
49110249,Madhav Kaushik,Batter,,,,20.4229656672053,,,,20.4229656672053,,,20.4,OTHER_T20/FRINGE
f70f8dbb,S Selvaraj,Bowler,Tanzania,,25.52546131429552,,,20.391408174194844,,25.52546131429552,20.391408174194844,,20.4,INTL_T20/ASSOCIATE_FRINGE
a81e957f,Suryakant Pradhan,Bowler,,,,,,,20.351097178683386,,20.351097178683386,,20.4,OTHER_T20/SMAT
0f8e08ad,SO Olayinka,Batter,Nigeria,,20.41135523515519,,,,,20.41135523515519,,,20.4,INTL_T20/ASSOCIATE_FRINGE
211de69f,Azhar Ali,Batter,,,,20.40268395642125,,,,20.40268395642125,,,20.4,OTHER_T20/FRINGE
06adaa46,D Siva Kumar,Bowler,United States of America,,,,,,20.41517556809958,,20.41517556809958,,20.4,OTHER_T20/FRINGE
796e4140,Khurram Chohan,Batter,Canada,,20.441216970897088,,,19.35304579553629,,20.441216970897088,19.35304579553629,,20.4,INTL_T20/ASSOCIATE_FRINGE
7213d757,C Bah,Batter,Sierra Leone,,20.37456281438876,,,18.68759451835007,,20.37456281438876,18.68759451835007,,20.4,INTL_T20/ASSOCIATE_FRINGE
bc761d00,Robin Bist,Batter,,,,20.431623607060352,,,,20.431623607060352,,,20.4,OTHER_T20/FRINGE
03ff4a44,Salman Hossain,Batter,,,,20.443181232768637,,,,20.443181232768637,,,20.4,OTHER_T20/FRINGE
18ae55e4,T Tshose,All-rounder,Botswana,,18.483846273059577,,,21.20689655172414,,18.483846273059577,21.20689655172414,,20.4,INTL_T20/ASSOCIATE_FRINGE
479da8f9,JW Chilia,Bowler,Vanuatu,,24.276309281306474,,,20.360472513479372,,24.276309281306474,20.360472513479372,,20.4,INTL_T20/ASSOCIATE_FRINGE
3b647e2b,LS Boucher,Batter,,,,20.365348834827103,,,,20.365348834827103,,,20.4,OTHER_T20/FRINGE
8b39d02a,H McAleer,Batter,Isle of Man,,20.435273360750067,,,,,20.435273360750067,,,20.4,INTL_T20/ASSOCIATE_FRINGE
c2c97df0,Manjeet Singh,Bowler,,,,,,,20.428672166739037,,20.428672166739037,,20.4,OTHER_T20/FRINGE
982dc390,Shivam Sharma,Bowler,,,,,,,20.363315096251263,,20.363315096251263,,20.4,OTHER_T20/FRINGE
732c9016,JE Scott,Bowler,Bahamas,,,,,20.353840689058067,,,20.353840689058067,,20.4,INTL_T20/ASSOCIATE_FRINGE
e88468b7,Mujibur Ali,Batter,Oman,,20.42177323980164,,,,,20.42177323980164,,,20.4,INTL_T20/ASSOCIATE_FRINGE
84c5c2f2,SK Gedara,Bowler,Sweden,,,,,20.353536222293258,,,20.353536222293258,,20.4,INTL_T20/ASSOCIATE_FRINGE
045cd23a,JL Lambourdiere,Batter,France,,20.361647974637197,,,,,20.361647974637197,,,20.4,INTL_T20/ASSOCIATE_FRINGE
78ba5d1b,AK Heal,Bowler,,,,,,,20.382881458966565,,20.382881458966565,,20.4,OTHER_T20/FRINGE
4f421623,JP Kreusch,Batter,,,,20.363358201565806,,,,20.363358201565806,,,20.4,OTHER_T20/FRINGE
85cbf838,MB Darshan,Bowler,,,,,,,20.381372316302407,,20.381372316302407,,20.4,OTHER_T20/FRINGE
04f0d409,S Pradhan,Batter,Bhutan,,20.368053135047884,,,29.48038602030998,,20.368053135047884,29.48038602030998,,20.4,INTL_T20/ASSOCIATE_FRINGE
02d0c9ae,Muhammad Asjed,Batter,Spain,,20.378592393994843,,,,,20.378592393994843,,,20.4,INTL_T20/ASSOCIATE_FRINGE
de43472d,SA Britton,Bowler,,,,17.75535189336242,,,20.36238387932005,17.75535189336242,20.36238387932005,,20.4,OTHER_T20/FRINGE
b9c225c2,Shahriar Nafees,Batter,,,,20.4436232324255,,,,20.4436232324255,,,20.4,OTHER_T20/FRANCHISE
90255fab,A Kapil,Batter,,,,20.446766357570297,,,,20.446766357570297,,,20.4,OTHER_T20/FRINGE
4ae89f36,Mohammed Azharuddeen,Batter,,,,20.372871221995425,,,,20.372871221995425,,,20.4,OTHER_T20/SMAT
519a99ad,HGK Dilshan,Bowler,,,,,,,20.352637206764868,,20.352637206764868,,20.4,OTHER_T20/FRINGE
2ef6c852,JM Joao,Batter,Mozambique,,20.415338463013736,,,17.334255098513655,,20.415338463013736,17.334255098513655,,20.4,INTL_T20/ASSOCIATE_FRINGE
c4281e43,Waleed Rana,Batter,Italy,,20.404025289788986,,,23.43423314430919,,20.404025289788986,23.43423314430919,,20.4,INTL_T20/ASSOCIATE_FRINGE
666936de,TJ Dean,Batter,,,,20.4128436080049,,,,20.4128436080049,,,20.4,OTHER_T20/FRINGE
4487cc09,LOB Cann,Batter,Bermuda,,20.41879551413331,,,,,20.41879551413331,,,20.4,INTL_T20/ASSOCIATE_FRINGE
e75cb073,UNGB Thenannahelage,Batter,Czech Republic,,20.40765847304377,,,,,20.40765847304377,,,20.4,INTL_T20/ASSOCIATE_FRINGE
03beb59f,Luis Hermida,Batter,Mexico,,20.407378549119677,,,29.903384372966126,,20.407378549119677,29.903384372966126,,20.4,INTL_T20/ASSOCIATE_FRINGE
7fe9a7e6,Y Jalloh,Batter,Sierra Leone,,20.312676908605464,,,,,20.312676908605464,,,20.3,INTL_T20/ASSOCIATE_FRINGE
76177951,G Murali,Batter,Costa Rica,,20.30914066118131,,,,,20.30914066118131,,,20.3,INTL_T20/ASSOCIATE_FRINGE
9818cc88,M Kyriacou,Batter,Cyprus,,20.278370934126123,,,18.848259311852466,,20.278370934126123,18.848259311852466,,20.3,INTL_T20/ASSOCIATE_FRINGE
ad4622c0,Bilal Ahmed,Bowler,Kuwait,,,,,20.270450438237138,,,20.270450438237138,,20.3,INTL_T20/ASSOCIATE_FRINGE
e2caec46,GA Bartlett,Batter,,,,20.25950671086881,,,,20.25950671086881,,,20.3,OTHER_T20/FRANCHISE
4fe6be0c,Shah Faisal,Bowler,Oman,,21.274895905150608,,,20.280654066595584,,21.274895905150608,20.280654066595584,,20.3,INTL_T20/ASSOCIATE_FRINGE
83787fde,Tukuna Sahoo,Bowler,,,,19.592521106650224,,,20.2788000192985,19.592521106650224,20.2788000192985,,20.3,OTHER_T20/FRINGE
41fc1ece,BB Chari,Batter,Zimbabwe,,20.303279372036563,,,,,20.303279372036563,,,20.3,INTL_T20/ASSOCIATE_FRINGE
76860ea3,Lamabam Singh,Bowler,,,,,,,20.322077922077924,,20.322077922077924,,20.3,OTHER_T20/SMAT
4d733a54,A Ilaoa,Batter,Samoa,,20.29923286058834,,,,,20.29923286058834,,,20.3,INTL_T20/ASSOCIATE_FRINGE
4a70ca45,Ashish Bam,Batter,Cyprus,,20.341699731125964,,,,,20.341699731125964,,,20.3,INTL_T20/ASSOCIATE_FRINGE
8f400760,Umar Farooq,Batter,Portugal,,20.295177235486605,,,,,20.295177235486605,,,20.3,INTL_T20/ASSOCIATE_FRINGE
2090e94d,J Vira,Batter,Vanuatu,,20.260676612974947,,,,,20.260676612974947,,,20.3,INTL_T20/ASSOCIATE_FRINGE
45cd90b2,SN Gunasinghe,Batter,,,,20.327199007473894,,,,20.327199007473894,,,20.3,OTHER_T20/FRINGE
d4e70d7c,Kapil Kumar,Batter,Philippines,,20.320773302640433,,,,,20.320773302640433,,,20.3,INTL_T20/ASSOCIATE_FRINGE
549e0f4e,AA Jones,Batter,,,,20.345536721343173,,,,20.345536721343173,,,20.3,OTHER_T20/FRINGE
b7892352,Pankaj Shaw,Batter,,,,20.303925515140527,,,,20.303925515140527,,,20.3,OTHER_T20/FRINGE
101373a3,Shehzad Patel,Batter,Swaziland,,20.336344620178984,,,,,20.336344620178984,,,20.3,INTL_T20/ASSOCIATE_FRINGE
00c98c78,NH Ekanayake,Batter,Bahamas,,20.259369853298573,,,25.83334703524818,,20.259369853298573,25.83334703524818,,20.3,INTL_T20/ASSOCIATE_FRINGE
f388129b,S Gunathilaka,Bowler,,,,,,,20.34056602499156,,20.34056602499156,,20.3,OTHER_T20/FRINGE
6355d428,WA White,Bowler,,,,20.237220658878385,,,20.34899701922089,20.237220658878385,20.34899701922089,,20.3,OTHER_T20/FRINGE
3473e5f2,DS Weerakkody,Batter,,,,20.300624912721688,,,,20.300624912721688,,,20.3,OTHER_T20/FRINGE
f62fa324,Tasaduq Hussain,Bowler,Sweden,,,,,20.31902718538699,,,20.31902718538699,,20.3,INTL_T20/ASSOCIATE_FRINGE
a73f1f24,Rajesh Mohanty,Bowler,,,,20.713187566003114,,,20.28131822787142,20.713187566003114,20.28131822787142,,20.3,OTHER_T20/FRINGE
c55a5dff,Karthik Raman,Bowler,,,,,,,20.334644376899696,,20.334644376899696,,20.3,OTHER_T20/FRINGE
9a6b71d1,SP Khakurel,Wicketkeeper,Nepal,,15.382420915787954,,,,,15.382420915787954,,40.19607843137255,20.3,INTL_T20/ASSOCIATE_FRINGE
561f3a34,RA Jones,Bowler,,,,,,,20.25526178785753,,20.25526178785753,,20.3,OTHER_T20/FRINGE
8144820e,HH Banner,Batter,Belize,,20.3474533326734,,,18.63377864556572,,20.3474533326734,18.63377864556572,,20.3,INTL_T20/ASSOCIATE_FRINGE
2e2fe3e8,DP Hyatt,Batter,West Indies,,25.197025131078668,20.31268893099408,,,,20.31268893099408,,,20.3,OTHER_T20/FRANCHISE
ebd1ab1f,Gulraiz Sadaf,Batter,,,,20.251271139011195,,,,20.251271139011195,,,20.3,OTHER_T20/FRINGE
ec72efc5,Al-Amin,Batter,,,,20.266363925088108,,,,20.266363925088108,,,20.3,OTHER_T20/FRANCHISE
2d4465da,SG Whittingham,Bowler,Scotland,,,,,20.250590289846503,,,20.250590289846503,,20.3,INTL_T20/ASSOCIATE_FRINGE
201facae,N Mokoena,Bowler,South Africa,,24.28430148681789,19.28551486793654,,20.335445588387476,20.22245187436677,22.40975650473738,20.29307294562971,,20.3,INTL_T20/ASSOCIATE_FRINGE
17efdeb8,Raqibul Hasan,Batter,Bangladesh,,20.630110842407102,19.79094964872234,,,,20.315425394775314,,,20.3,INTL_T20/ASSOCIATE_FRINGE
a4afc486,SZ Vayani,All-rounder,Malawi,,15.636383529525597,,,22.351880877742946,,15.636383529525597,22.351880877742946,,20.3,INTL_T20/ASSOCIATE_FRINGE
1e295ba7,NS Chaturved,Batter,,,,20.254897857755182,,,,20.254897857755182,,,20.3,OTHER_T20/FRINGE
3c29632a,Tripuresh Singh,Bowler,,,,,,,20.31825547502143,,20.31825547502143,,20.3,OTHER_T20/FRINGE
3c9f8f5f,Y Dilruk,Batter,,,,20.267674440255085,,,,20.267674440255085,,,20.3,OTHER_T20/FRINGE
65026426,Idan Varsulkar,Batter,Israel,,20.270758415180595,,,,,20.270758415180595,,,20.3,INTL_T20/ASSOCIATE_FRINGE
95d3c4a6,TS Braat,Bowler,Netherlands,,,,,20.348952119096786,,,20.348952119096786,,20.3,INTL_T20/ASSOCIATE_FRINGE
a0d832c0,Vinoop Manoharan,Batter,,,,20.1780958869156,,,23.506871769007688,20.1780958869156,23.506871769007688,,20.2,OTHER_T20/FRINGE
4e1b7998,Chare Smith,Bowler,Bermuda,,,,,20.193123480742305,,,20.193123480742305,,20.2,INTL_T20/ASSOCIATE_FRINGE
a02b9f81,SM Tupou,Batter,Fiji,,20.2190703865249,,,31.73475788175608,,20.2190703865249,31.73475788175608,,20.2,INTL_T20/ASSOCIATE_FRINGE
c08963b0,PS Sairam,Bowler,,,,,,,20.22745057171805,,20.22745057171805,,20.2,OTHER_T20/FRINGE
85dcc96d,N Wijesekera,Batter,Austria,,20.227290482173743,,,,,20.227290482173743,,,20.2,INTL_T20/ASSOCIATE_FRINGE
078ffbf2,WS Davis,Bowler,,,,,,,20.183823529411764,,20.183823529411764,,20.2,OTHER_T20/FRANCHISE
e23960c5,Shivam Khurana,Batter,,,,20.15089200020793,,,,20.15089200020793,,,20.2,OTHER_T20/FRINGE
a089f93f,Mohammad Abbas,Bowler,,,,26.584108215325678,,,20.1556702588192,26.584108215325678,20.1556702588192,,20.2,OTHER_T20/FRINGE
f9d6cfc6,Salman Sharjeel,Bowler,Malta,,,,,20.191085060221077,,,20.191085060221077,,20.2,INTL_T20/ASSOCIATE_FRINGE
aef9696e,D Jayatunga,Batter,,,,20.227480079227913,,,,20.227480079227913,,,20.2,OTHER_T20/FRINGE
ae677077,K Tayaga,Batter,Fiji,,20.151498554878916,,,,,20.151498554878916,,,20.2,INTL_T20/ASSOCIATE_FRINGE
3d930abb,Akash Sudan,Bowler,,,,,,,20.19972504091653,,20.19972504091653,,20.2,OTHER_T20/FRINGE
3e5dc16b,Gaurav Yadav,Bowler,,,,,,,20.20705317272693,,20.20705317272693,,20.2,OTHER_T20/FRINGE
97181d1b,MPS Cheema,Batter,Austria,,20.178634566039747,,,,,20.178634566039747,,,20.2,INTL_T20/ASSOCIATE_FRINGE
14e58d17,E Yaver,Batter,Turkey,,20.179089946802566,,,,,20.179089946802566,,,20.2,INTL_T20/ASSOCIATE_FRINGE
3fe2db87,DJ Pattinson,Bowler,,,,,,,20.20413283800518,,20.20413283800518,,20.2,OTHER_T20/FRINGE
218d7e5d,Sunghoon Cho,Batter,South Korea,,20.23607563923284,,,,,20.23607563923284,,,20.2,INTL_T20/ASSOCIATE_FRINGE
ac166f77,S Shrivastava,Bowler,Oman,,26.00664865503584,,,20.216861421768208,,26.00664865503584,20.216861421768208,,20.2,INTL_T20/ASSOCIATE_FRINGE
8b470bea,Subramanian Anand,Batter,,,,20.215102374656368,,,,20.215102374656368,,,20.2,OTHER_T20/FRINGE
ab591e7d,E Isaneez,Bowler,Uganda,,,,,20.21345095166268,,,20.21345095166268,,20.2,INTL_T20/ASSOCIATE_FRINGE
1ee9a0f6,Syed Ali Gillani,Bowler,Sweden,,,,,20.164266392407757,,,20.164266392407757,,20.2,INTL_T20/ASSOCIATE_FRINGE
f201593c,LA Doran,Bowler,,,,18.803660027317008,,,20.210067691584804,18.803660027317008,20.210067691584804,,20.2,OTHER_T20/FRINGE
0abb2525,M Heingo,Bowler,Namibia,,,,,20.18065410575644,,,20.18065410575644,,20.2,INTL_T20/ASSOCIATE_FRINGE
203b6a40,M Heshan,Bowler,,,,,,,20.155281427792065,,20.155281427792065,,20.2,OTHER_T20/FRINGE
1b42a100,BS Makhanya,Batter,,,,20.2034228904653,,,21.51282051282051,20.2034228904653,21.51282051282051,,20.2,OTHER_T20/FRANCHISE
9c1ccdea,J Louw,Bowler,South Africa,,,,,,20.17169489072225,,20.17169489072225,,20.2,OTHER_T20/FRINGE
a9d788e3,Mohameed Taiwo,All-rounder,Nigeria,,7.928104808632384,,,25.46144200626959,,7.928104808632384,25.46144200626959,,20.2,INTL_T20/ASSOCIATE_FRINGE
b01544ff,RS Sayer,Bowler,,,,20.989112325213,,,20.166311381290107,20.989112325213,20.166311381290107,,20.2,OTHER_T20/FRINGE
cd752e8a,Lee Kangmin,Batter,South Korea,,20.169868774884883,,,,,20.169868774884883,,,20.2,INTL_T20/ASSOCIATE_FRINGE
554f19e4,Nishat Sakib,Batter,South Korea,,20.1685450592622,,,,,20.1685450592622,,,20.2,INTL_T20/ASSOCIATE_FRINGE
d7acab5d,J Bangura,Wicketkeeper,Sierra Leone,,9.706498156101961,,,,,9.706498156101961,,62.254901960784316,20.2,INTL_T20/ASSOCIATE_FRINGE
59ddd811,NE Bonner,Batter,West Indies,,,20.150740894612937,,,,20.150740894612937,,,20.2,OTHER_T20/FRANCHISE
ed547c49,I Pandey,Batter,Nepal,,19.412501024519635,21.443602397769588,,,24.740469886100954,20.174164039488367,24.740469886100954,,20.2,INTL_T20/ASSOCIATE_FRINGE
c1077ba3,Pratis GC,Bowler,Nepal,,17.766976121209908,27.02548474281309,,17.603384907855972,24.411671732522795,21.2389168543111,20.156492467106027,,20.2,INTL_T20/ASSOCIATE_FRINGE
b816c2a5,KR Smith,Batter,,,,20.176566937518363,,,,20.176566937518363,,,20.2,OTHER_T20/FRINGE
b2b23612,RG More,Bowler,,,,20.0811892715576,,,20.180540480795802,20.0811892715576,20.180540480795802,,20.2,OTHER_T20/FRINGE
5531248e,MDK Perera,Bowler,Sri Lanka,,,18.696999572029437,,21.422652763411257,18.250620060790276,18.696999572029437,20.233140499928385,,20.2,INTL_T20/ASSOCIATE_FRINGE
f7177fd6,CE Shreck,Bowler,,,,,,,20.160420525657074,,20.160420525657074,,20.2,OTHER_T20/FRINGE
ed282cc2,A Cawley,Bowler,,,,20.5155939202861,,,20.241499493414388,20.5155939202861,20.241499493414388,,20.2,OTHER_T20/FRINGE
c5f1d2a1,BT Slater,Batter,,,,20.18992138527887,,,,20.18992138527887,,,20.2,OTHER_T20/FRINGE
00335246,Parvez Sultan,Bowler,,,,,,,20.148620060790275,,20.148620060790275,,20.1,OTHER_T20/FRINGE
03ecfde2,Shoaib Khan,Batter,Germany,,20.098318845745617,,,,,20.098318845745617,,,20.1,INTL_T20/ASSOCIATE_FRINGE
fd8f11e9,JM How,Batter,New Zealand,,20.086176435338274,,,,,20.086176435338274,,,20.1,INTL_T20/ASSOCIATE_FRINGE
0b22ec0f,G Tuskan,Bowler,Turkey,,18.54283522172522,,,20.072846612427327,,18.54283522172522,20.072846612427327,,20.1,INTL_T20/ASSOCIATE_FRINGE
fd2b8c06,A Reyes,Bowler,Gibraltar,,26.5049028525631,,,20.13030535226816,,26.5049028525631,20.13030535226816,,20.1,INTL_T20/ASSOCIATE_FRINGE
23639793,Varun Sood,Bowler,,,,24.29261867146549,,,20.095332271915858,24.29261867146549,20.095332271915858,,20.1,OTHER_T20/FRINGE
33ab1f1c,B Khumalo,Bowler,Botswana,,17.765180335248104,,,20.060729188868017,,17.765180335248104,20.060729188868017,,20.1,INTL_T20/ASSOCIATE_FRINGE
376557f7,A Bishnoi,Bowler,Malta,,15.647480255192129,,,20.07039912060379,,15.647480255192129,20.07039912060379,,20.1,INTL_T20/ASSOCIATE_FRINGE
3c4007d3,Sagar Pun,Batter,Nepal,,20.08958568538048,,,28.94446398109136,,20.08958568538048,28.94446398109136,,20.1,INTL_T20/ASSOCIATE_FRINGE
510d525c,Emanuel,Bowler,Greece,,16.668093807180856,,,20.11505136778595,,16.668093807180856,20.11505136778595,,20.1,INTL_T20/ASSOCIATE_FRINGE
3cc13c68,Rahat Ali,Bowler,Czech Republic,,25.601566338235415,,,20.083572714742004,,25.601566338235415,20.083572714742004,,20.1,INTL_T20/ASSOCIATE_FRINGE
4373c57e,JH Stander,Batter,Scotland,,20.051815079154828,,,18.105461925804132,,20.051815079154828,18.105461925804132,,20.1,INTL_T20/ASSOCIATE_FRINGE
4ed0bf6a,PL Bruno,Batter,Argentina,,20.093578331218435,,,,,20.093578331218435,,,20.1,INTL_T20/ASSOCIATE_FRINGE
300bdcbb,H Srinivasan,Batter,Germany,,20.122922372321412,,,,,20.122922372321412,,,20.1,INTL_T20/ASSOCIATE_FRINGE
2b203501,Akhil Arjunan,Bowler,Finland,,24.801934909969766,,,20.134347439628886,,24.801934909969766,20.134347439628886,,20.1,INTL_T20/ASSOCIATE_FRINGE
2ea2a138,Wasim Akram,Bowler,,,,,,,20.13876234181616,,20.13876234181616,,20.1,OTHER_T20/FRINGE
b7d1eadd,P Jayawickrama,Bowler,Sri Lanka,,,18.743160138565457,,16.11336696894506,26.78692733066091,18.743160138565457,20.1159521045885,,20.1,INTL_T20/ASSOCIATE_FRINGE
28d7f469,Pulina Tharanga,Bowler,,,,23.051576416547075,,,20.112312121065923,23.051576416547075,20.112312121065923,,20.1,OTHER_T20/FRINGE
235212f6,Janith Rathnasiri,Batter,,,,20.13708580206276,,,,20.13708580206276,,,20.1,OTHER_T20/FRINGE
602db3d9,GJ van Rensburg,Batter,Namibia,,20.051551006427687,,,21.994657241330245,,20.051551006427687,21.994657241330245,,20.1,INTL_T20/ASSOCIATE_FRINGE
5bd3bb5d,PJ Ingram,Batter,New Zealand,,20.12233435980911,,,,,20.12233435980911,,,20.1,INTL_T20/ASSOCIATE_FRINGE
bd9b6cc3,Ariful Islam,Batter,,,,20.137110274274292,,,,20.137110274274292,,,20.1,OTHER_T20/FRINGE
a2eac9df,Waqas Barkat,Batter,Hong Kong,,20.052724660928522,,,20.270081440756343,,20.052724660928522,20.270081440756343,,20.1,INTL_T20/ASSOCIATE_FRINGE
87a92b6b,N Pokana,Bowler,Papua New Guinea,,21.64644716063394,,,20.100640552878538,,21.64644716063394,20.100640552878538,,20.1,INTL_T20/ASSOCIATE_FRINGE
ca47f0fb,Asim Ashraf,Batter,Gambia,,20.128004958643643,,,16.94227445558244,,20.128004958643643,16.94227445558244,,20.1,INTL_T20/ASSOCIATE_FRINGE
86d327a3,Mohammad Shafiq,Wicketkeeper,United Arab Emirates,,19.16465044056045,,,,,19.16465044056045,,24.019607843137255,20.1,INTL_T20/ASSOCIATE_FRINGE
87ead66e,Mohamed Iqbal Noor,Bowler,Bahrain,,19.14385579503975,,,20.143082121981962,,19.14385579503975,20.143082121981962,,20.1,INTL_T20/ASSOCIATE_FRINGE
c4bc3b59,D Khanal,Batter,Nepal,,21.6552428263339,17.51505745833598,,,,20.10267331333468,,,20.1,INTL_T20/ASSOCIATE_FRINGE
907d6e58,Aamer Yamin,Bowler,Pakistan,,,45.78928443006114,,,20.136456908344734,45.78928443006114,20.136456908344734,,20.1,OTHER_T20/FRANCHISE
abd541e6,NM Serame,Bowler,,,,,,,20.10262478892266,,20.10262478892266,,20.1,OTHER_T20/FRINGE
91cdf3ae,Issa Al Balushi,Batter,Oman,,20.053635522941022,,,,,20.053635522941022,,,20.1,INTL_T20/ASSOCIATE_FRINGE
01dbf7cf,Sanjit Saha,Bowler,,,,16.205443936246045,,,20.11876798378926,16.205443936246045,20.11876798378926,,20.1,OTHER_T20/FRINGE
aac584a8,S Hunter,Batter,Turks and Caicos Island,,20.102340569771744,,,25.50985136536467,,20.102340569771744,25.50985136536467,,20.1,INTL_T20/ASSOCIATE_FRINGE
00852db7,Rohit Dangwal,Bowler,,,,,,,20.094229426995387,,20.094229426995387,,20.1,OTHER_T20/FRINGE
9c0f6688,AS Basra,Batter,,,,20.103716722224874,,,,20.103716722224874,,,20.1,OTHER_T20/FRINGE
95f2b15b,Achit Shigwan,Batter,,,,20.097084982451968,,,20.843581445523196,20.097084982451968,20.843581445523196,,20.1,OTHER_T20/FRINGE
c478e8e7,Shasheem Rathour,Batter,,,,20.12594694654213,,,25.865758836632622,20.12594694654213,25.865758836632622,,20.1,OTHER_T20/FRINGE
6ef38020,J Wadia,Batter,,,,20.121076194578613,,,19.089396040852353,20.121076194578613,19.089396040852353,,20.1,OTHER_T20/FRINGE
d4753890,Rongsen Jonathan,Batter,,,,20.071707417300185,,,,20.071707417300185,,,20.1,OTHER_T20/SMAT
d1ae8f94,Dolar Mahmud,Batter,,,,20.145732362497053,,,19.11268020005884,20.145732362497053,19.11268020005884,,20.1,OTHER_T20/FRINGE
780d1997,RK Kiseto,Bowler,Tanzania,,14.929627106516305,,,20.120537657031367,,14.929627106516305,20.120537657031367,,20.1,INTL_T20/ASSOCIATE_FRINGE
8ba20313,LR Johns,Batter,,,,20.058158573989502,,,,20.058158573989502,,,20.1,OTHER_T20/FRINGE
8d42cee6,Aftab Ibrahim,Bowler,,,,,,,20.050907957290935,,20.050907957290935,,20.1,OTHER_T20/FRINGE
79d724e7,D Goonewardena,Batter,,,,20.121515696136004,,,,20.121515696136004,,,20.1,OTHER_T20/FRINGE
8399a7af,R Dhakal,Bowler,Nepal,,,22.02684505266574,,18.10765956017854,23.320224013626422,22.02684505266574,20.062371230221494,,20.1,INTL_T20/ASSOCIATE_FRINGE
7a8a0237,JP Morley,Bowler,,,,19.170152909023773,,,20.13567462729773,19.170152909023773,20.13567462729773,,20.1,OTHER_T20/FRINGE
6a58e069,AA Bamal,Bowler,,,,22.205582886770586,,,20.0861979061128,22.205582886770586,20.0861979061128,,20.1,OTHER_T20/FRINGE
416881d1,ROO Jordan,Bowler,,,,,,,20.01457731461379,,20.01457731461379,,20.0,OTHER_T20/FRINGE
39ddc33b,Parvez Aziz,Batter,,,,20.037925303222778,,,,20.037925303222778,,,20.0,OTHER_T20/FRINGE
b8b024c7,Ninad Kadam,Batter,,,,20.006973435334174,,,,20.006973435334174,,,20.0,OTHER_T20/FRINGE
48fd691d,Dayal Joy,Batter,Slovenia,,20.008954063699992,,,17.84509743929896,,20.008954063699992,17.84509743929896,,20.0,INTL_T20/ASSOCIATE_FRINGE
b3092fc4,L Maphane,Batter,Botswana,,20.023906131266784,,,,,20.023906131266784,,,20.0,INTL_T20/ASSOCIATE_FRINGE
0398f255,BJ Pomare,Batter,,,,20.027390689870707,,,,20.027390689870707,,,20.0,OTHER_T20/FRINGE
63bff7f9,SM Harwood,Bowler,Australia,,,,,18.19130745828939,22.910245637735002,,19.960909275581493,,20.0,INTL_T20/ASSOCIATE_FRINGE
5a892f36,RLB Rambukwella,Bowler,Sri Lanka,,,,,20.02515003258673,,,20.02515003258673,,20.0,INTL_T20/ASSOCIATE_FRINGE
9a06679d,CD Hartley,Batter,,,,20.007575395331138,,,,20.007575395331138,,,20.0,OTHER_T20/FRINGE
a066c01a,WD Barnes,Bowler,,,,,,,19.968612405718794,,19.968612405718794,,20.0,OTHER_T20/FRINGE
c7bb2416,GG Alta,Batter,Turkey,,20.02233777234548,,,19.794637728583098,,20.02233777234548,19.794637728583098,,20.0,INTL_T20/ASSOCIATE_FRINGE
8ecb0241,Y Majid,Bowler,,,,16.306311547861736,,,20.037265488386055,16.306311547861736,20.037265488386055,,20.0,OTHER_T20/FRINGE
915264c2,HN Ya France,Bowler,Namibia,,28.66814776231206,,,20.003669807008443,,28.66814776231206,20.003669807008443,,20.0,INTL_T20/ASSOCIATE_FRINGE
ba57fb08,Z Bimenyimana,All-rounder,Rwanda,,17.68102667473906,,,21.0248275862069,,17.68102667473906,21.0248275862069,,20.0,INTL_T20/ASSOCIATE_FRINGE
a94c2947,N Mapunda,Batter,Tanzania,,20.04056143012288,,,,,20.04056143012288,,,20.0,INTL_T20/ASSOCIATE_FRINGE
a5735bd3,A Karvelas,Bowler,,,,16.56358273783447,,,19.975921648091862,16.56358273783447,19.975921648091862,,20.0,OTHER_T20/FRINGE
c15e2193,FY Fazal,Batter,,,,20.006176802958702,,,,20.006176802958702,,,20.0,OTHER_T20/SMAT
adee5bbd,Rakshan Readdi,Bowler,,,,,,,20.04516852414725,,20.04516852414725,,20.0,OTHER_T20/FRINGE
716bf559,BA Pai,All-rounder,Gibraltar,,20.0776559928176,,,19.9148275862069,,20.0776559928176,19.9148275862069,,20.0,INTL_T20/ASSOCIATE_FRINGE
727b313a,Rashid Hashmi,Batter,Croatia,,20.002933200966304,,,,,20.002933200966304,,,20.0,INTL_T20/ASSOCIATE_FRINGE
d0f5e72d,F Sutherland,Batter,Belize,,20.048563734664448,,,15.956420005849665,,20.048563734664448,15.956420005849665,,20.0,INTL_T20/ASSOCIATE_FRINGE
79194080,AS Karambelkar,Batter,,,,20.002140912725196,,,15.936063936063935,20.002140912725196,15.936063936063935,,20.0,OTHER_T20/FRINGE
a0b76243,T Luus,Bowler,,,,19.752579726629055,,,19.984658601029064,19.752579726629055,19.984658601029064,,20.0,OTHER_T20/FRINGE
f2dbbff5,Ravikumar Samarth,Batter,,,,19.97269079278751,,,,19.97269079278751,,,20.0,OTHER_T20/FRINGE
314642ed,K Sinclair,Bowler,West Indies,,,15.91848250995846,,18.30649910649609,22.944845905867183,15.91848250995846,20.04587915626025,,20.0,INTL_T20/ASSOCIATE_FRINGE
13d4fba2,Liyan Khan,Batter,,,,19.952074085907398,,,,19.952074085907398,,,20.0,OTHER_T20/FRINGE
1eb5affb,Paing Danu,Batter,Myanmar,,19.98988502829386,,,25.188156040342353,,19.98988502829386,25.188156040342353,,20.0,INTL_T20/ASSOCIATE_FRINGE
f4cd319e,Abhisek Das,Batter,,,,20.002296600258596,,,,20.002296600258596,,,20.0,OTHER_T20/FRINGE
185cbde3,Naeem Islam,Bowler,,,,15.69809136071509,,,19.970919991637317,15.69809136071509,19.970919991637317,,20.0,OTHER_T20/FRINGE
15745dbe,Vivekanand Tiwari,Bowler,,,,22.486274215822956,,,19.982439716312058,22.486274215822956,19.982439716312058,,20.0,OTHER_T20/FRINGE
38085d31,V Veiqravi,Batter,Fiji,,19.981845236424455,,,,,19.981845236424455,,,20.0,INTL_T20/ASSOCIATE_FRINGE
3d6617c6,S Jamil,Batter,Belgium,,20.001705831101262,,,17.267409666173926,,20.001705831101262,17.267409666173926,,20.0,INTL_T20/ASSOCIATE_FRINGE
457cab44,D Ibrahim,Batter,,,,19.971211223362957,,,,19.971211223362957,,,20.0,OTHER_T20/FRINGE
f3fa5592,JP Webb,Batter,,,,19.998825342579266,,,,19.998825342579266,,,20.0,OTHER_T20/FRINGE
61da7440,D Mullen,Bowler,Guernsey,,,,,19.965166515391537,,,19.965166515391537,,20.0,INTL_T20/ASSOCIATE_FRINGE
63798865,Rinsangzela Hmamte,Bowler,,,,,,,19.95241247326354,,19.95241247326354,,20.0,OTHER_T20/FRINGE
704e0160,A Nanda,Bowler,Luxembourg,,22.918299761127237,,,20.01256820986937,,22.918299761127237,20.01256820986937,,20.0,INTL_T20/ASSOCIATE_FRINGE
579f2447,Surya Tamang,Bowler,,,,18.964670156270824,,,20.013281999324555,18.964670156270824,20.013281999324555,,20.0,OTHER_T20/FRINGE
51c90542,D Scanlon,Bowler,,,,,,,19.93877589617407,,19.93877589617407,,19.9,OTHER_T20/FRINGE
e141fddd,EB Knowles,Batter,Czech Republic,,19.93534126201275,,,,,19.93534126201275,,,19.9,INTL_T20/ASSOCIATE_FRINGE
e5b78474,Mohit Mongia,Batter,,,,19.9049005155758,,,,19.9049005155758,,,19.9,OTHER_T20/FRINGE
502056e3,Ashith Rajiv,Bowler,,,,22.777484192961985,,,19.863540941328175,22.777484192961985,19.863540941328175,,19.9,OTHER_T20/FRINGE
e71f511e,Delroy Leo,Batter,St Helena,,19.947169930875727,,,,,19.947169930875727,,,19.9,INTL_T20/ASSOCIATE_FRINGE
44cb17b4,Bhagmender Lather,Bowler,,,,22.54471910887283,,,19.931896656534956,22.54471910887283,19.931896656534956,,19.9,OTHER_T20/FRINGE
29573e43,S Navaratne,Batter,Japan,,19.92783853401227,,,,,19.92783853401227,,,19.9,INTL_T20/ASSOCIATE_FRINGE
b8529e99,JPH Hayes,Bowler,,,,17.230171350201655,,,19.935831717083996,17.230171350201655,19.935831717083996,,19.9,OTHER_T20/FRINGE
f211b221,WWWL Lakshan,Batter,,,,19.850170618260865,,,22.608168530498627,19.850170618260865,22.608168530498627,,19.9,OTHER_T20/FRINGE
1335107b,S Bharratt,Batter,Suriname,,19.948587846742225,,,,,19.948587846742225,,,19.9,INTL_T20/ASSOCIATE_FRINGE
0b9a4ad6,MB Harris,Bowler,,,,,,,19.88362696000386,,19.88362696000386,,19.9,OTHER_T20/FRINGE
0d7e506a,V Marghashayam,Bowler,Czech Republic,,18.897894897567134,,,19.860323071198064,,18.897894897567134,19.860323071198064,,19.9,INTL_T20/ASSOCIATE_FRINGE
136848e6,J Dunn,Batter,Vanuatu,,19.934995277601647,,,,,19.934995277601647,,,19.9,INTL_T20/ASSOCIATE_FRINGE
f7966437,Y Dewthusa,Bowler,,,,21.889270403786014,,,19.895120567375884,21.889270403786014,19.895120567375884,,19.9,OTHER_T20/FRINGE
1b3acd33,MD Bates,Bowler,New Zealand,,,,,19.871987549944667,,,19.871987549944667,,19.9,INTL_T20/ASSOCIATE_FRINGE
2222f8a7,J Mallikarjun,Batter,,,,19.943737181230233,,,,19.943737181230233,,,19.9,OTHER_T20/FRINGE
05c7a444,HS Desai,Batter,,,,19.93272088894209,,,,19.93272088894209,,,19.9,OTHER_T20/FRINGE
82a7dfdd,Muhammad Usman,Bowler,Estonia,,23.889029000373263,,,19.896432297546486,,23.889029000373263,19.896432297546486,,19.9,INTL_T20/ASSOCIATE_FRINGE
725c73f2,H Rashid,Batter,Eswatini,,19.924660824742784,,,20.88601719590313,,19.924660824742784,20.88601719590313,,19.9,INTL_T20/ASSOCIATE_FRINGE
7298fa49,Shahid Yousuf,Batter,,,,19.94025487882374,,,,19.94025487882374,,,19.9,OTHER_T20/FRINGE
e09a869b,S Barnett,Batter,Isle of Man,,19.883749536527205,,,,,19.883749536527205,,,19.9,INTL_T20/ASSOCIATE_FRINGE
d9dcca57,Waseem Tabrez,Batter,Mexico,,19.862510767990774,,,,,19.862510767990774,,,19.9,INTL_T20/ASSOCIATE_FRINGE
aeb893b4,GG Banner,Batter,Belize,,19.877581243503712,,,,,19.877581243503712,,,19.9,INTL_T20/ASSOCIATE_FRINGE
d5dea4e7,LG Moras,Bowler,Brazil,,21.582529134119866,,,19.94356835920574,,21.582529134119866,19.94356835920574,,19.9,INTL_T20/ASSOCIATE_FRINGE
597d321a,Dinesh Rai,Bowler,,,,16.968665376232945,,,19.897822936266707,16.968665376232945,19.897822936266707,,19.9,OTHER_T20/FRINGE
e05b2a5b,MET Salisbury,Bowler,,,,,,,19.853955375253552,,19.853955375253552,,19.9,OTHER_T20/FRANCHISE
5407500f,Praveen Deshetti,Batter,,,,19.88943153620573,,,,19.88943153620573,,,19.9,OTHER_T20/FRINGE
547408c8,NL Smith,Batter,Italy,,21.853857309717032,16.764783151185096,,,21.902432288007876,19.94545450026755,21.902432288007876,,19.9,INTL_T20/ASSOCIATE_FRINGE
c5445834,S Stanikzay,Bowler,France,,17.529987784355697,,,19.894316827817143,,17.529987784355697,19.894316827817143,,19.9,INTL_T20/ASSOCIATE_FRINGE
8b91afb4,SS Bandiwar,Bowler,,,,,,,19.913922219624347,,19.913922219624347,,19.9,OTHER_T20/FRINGE
9b442f95,O Nyaku,Batter,,,,19.931229258511117,,,22.065253285780333,19.931229258511117,22.065253285780333,,19.9,OTHER_T20/FRINGE
abae26ad,Akbar Ali,Batter,,,,19.882540968194505,,,,19.882540968194505,,,19.9,OTHER_T20/FRANCHISE
fe3d2f39,Aveesha Samash,Batter,,,,19.83079849003346,,,,19.83079849003346,,,19.8,OTHER_T20/FRINGE
0fa92a21,C Bayraktar,Batter,Turkey,,19.759021353616635,,,,,19.759021353616635,,,19.8,INTL_T20/ASSOCIATE_FRINGE
53d0b0dc,A Kaul,Batter,Singapore,,21.165315566038913,17.464510725666116,,27.012876841584067,,19.777513750899114,27.012876841584067,,19.8,INTL_T20/ASSOCIATE_FRINGE
82d8aa2e,Imran Awan,Bowler,United States of America,,,,,19.844076788175304,,,19.844076788175304,,19.8,INTL_T20/ASSOCIATE_FRINGE
a6a50969,Arpit Gaud,Batter,,,,19.78110909401232,,,,19.78110909401232,,,19.8,OTHER_T20/FRINGE
a6a42dd2,C Gomez,Batter,,,,19.785987931337502,,,,19.785987931337502,,,19.8,OTHER_T20/FRINGE
f91f59f3,K Hardat,Batter,Suriname,,19.776456695937387,,,,,19.776456695937387,,,19.8,INTL_T20/ASSOCIATE_FRINGE
6ecd3d7b,GE Gutierrez Chavez,Batter,Mexico,,19.7956226844197,,,,,19.7956226844197,,,19.8,INTL_T20/ASSOCIATE_FRINGE
127bc5ca,NGRP Jayasuriya,Bowler,,,,,,,19.769265338286615,,19.769265338286615,,19.8,OTHER_T20/FRINGE
cc65e4a4,Arsalan Arif,Batter,Austria,,19.83602426572869,,,,,19.83602426572869,,,19.8,INTL_T20/ASSOCIATE_FRINGE
77bf0483,Akeem Jordan,Bowler,,,,,,,19.846648897202087,,19.846648897202087,,19.8,OTHER_T20/FRINGE
f8d4f714,R Nimantha,Batter,,,,19.8241656621693,,,,19.8241656621693,,,19.8,OTHER_T20/FRINGE
16c50be4,P Dhiman,Batter,Spain,,19.765090457234457,,,,,19.765090457234457,,,19.8,INTL_T20/ASSOCIATE_FRINGE
a5b71472,L Bowe,Bowler,,,,16.552007010195133,,,19.756045989163475,16.552007010195133,19.756045989163475,,19.8,OTHER_T20/FRINGE
a37b5c0a,BO Coad,Bowler,,,,16.562393864462738,,,19.817461668355286,16.562393864462738,19.817461668355286,,19.8,OTHER_T20/FRINGE
96013995,DJ Turkich,Batter,Croatia,,19.750111379130058,,,31.98991398018461,,19.750111379130058,31.98991398018461,,19.8,INTL_T20/ASSOCIATE_FRINGE
1a8f879b,Mujeeb-ur-Rehman,Bowler,Qatar,,26.452867490197548,,,19.758546135063256,,26.452867490197548,19.758546135063256,,19.8,INTL_T20/ASSOCIATE_FRINGE
19a51d59,A Musaev,Batter,Uzbekistan,,19.830895253623407,,,15.905002055287229,,19.830895253623407,15.905002055287229,,19.8,INTL_T20/ASSOCIATE_FRINGE
913b4b9f,J Grassi,Batter,Italy,,22.30547146252676,15.594970266282399,,,,19.789033513935124,,,19.8,INTL_T20/ASSOCIATE_FRINGE
3b22ee4e,P Gheewala,Bowler,Estonia,,21.283222847527625,,,19.751147887052362,,21.283222847527625,19.751147887052362,,19.8,INTL_T20/ASSOCIATE_FRINGE
f4a2d087,Bukhar Illikkal,Bowler,Qatar,,23.27499342976749,,,19.83613946982661,,23.27499342976749,19.83613946982661,,19.8,INTL_T20/ASSOCIATE_FRINGE
3fa5672e,P Mishra,All-rounder,Bulgaria,,16.48332558264322,,,21.23275862068966,,16.48332558264322,21.23275862068966,,19.8,INTL_T20/ASSOCIATE_FRINGE
e8550df5,Zahidullah Kamal,Batter,Finland,,19.81816312858554,,,,,19.81816312858554,,,19.8,INTL_T20/ASSOCIATE_FRINGE
f53d6c10,MD Bates (2),Batter,,,,19.770886971950738,,,,19.770886971950738,,,19.8,OTHER_T20/FRINGE
900dc22e,C Hassett,Batter,,,,19.844954219977755,,,,19.844954219977755,,,19.8,OTHER_T20/FRINGE
22a16551,Pinninit Tapaswi,Bowler,,,,,,,19.829696204504714,,19.829696204504714,,19.8,OTHER_T20/FRINGE
e8ffdab1,D Benoit,Batter,France,,19.7881152346092,,,22.59563251464392,,19.7881152346092,22.59563251464392,,19.8,INTL_T20/ASSOCIATE_FRINGE
c59d8f8a,KA Hope,Batter,,,,19.798679354439727,,,,19.798679354439727,,,19.8,OTHER_T20/FRINGE
c133943b,MS Akhil,Bowler,,,,,,,19.79917761670953,,19.79917761670953,,19.8,OTHER_T20/FRINGE
58b5299f,H Ivanov,Batter,Bulgaria,,19.835085900488348,,,,,19.835085900488348,,,19.8,INTL_T20/ASSOCIATE_FRINGE
bf0e0601,JWP Stephan,Batter,Germany,,19.821567586415537,,,,,19.821567586415537,,,19.8,INTL_T20/ASSOCIATE_FRINGE
24fcd95d,Kashif Daud,Bowler,United Arab Emirates,,31.078841619493243,,,19.815156557408557,,31.078841619493243,19.815156557408557,,19.8,INTL_T20/ASSOCIATE_FRINGE
86ac0262,S Mills,Bowler,Isle of Man,,16.938139947522163,,,19.82485267440753,,16.938139947522163,19.82485267440753,,19.8,INTL_T20/ASSOCIATE_FRINGE
4e56e796,JOP Scamans,Batter,Finland,,19.796380315153165,,,,,19.796380315153165,,,19.8,INTL_T20/ASSOCIATE_FRINGE
8c60bc07,J Veikauyaki,Batter,Fiji,,19.81842845541906,,,,,19.81842845541906,,,19.8,INTL_T20/ASSOCIATE_FRINGE
0331c99a,Hassan Mehmood,Batter,Sweden,,19.816029432821168,,,24.326474668584936,,19.816029432821168,24.326474668584936,,19.8,INTL_T20/ASSOCIATE_FRINGE
ff57eb02,Lalfakzuala Renthlei,Bowler,,,,,,,19.790065934065932,,19.790065934065932,,19.8,OTHER_T20/FRINGE
4de4c0e9,Shivam Shukla,Bowler,,,,,,,19.755897435897435,,19.755897435897435,,19.8,OTHER_T20/FRINGE
61e93009,Shivendra Singh,Bowler,,,,20.218988433675683,,,19.78008805379018,20.218988433675683,19.78008805379018,,19.8,OTHER_T20/FRINGE
62ef4abe,HJ Hunt,Batter,,,,19.804305117632794,,,,19.804305117632794,,,19.8,OTHER_T20/FRINGE
47dc9794,MW Harvey,Batter,,,,19.806302186907313,,,,19.806302186907313,,,19.8,OTHER_T20/FRANCHISE
c85bea6b,Yogev Nagavkar,Batter,Israel,,19.837684178045517,,,,,19.837684178045517,,,19.8,INTL_T20/ASSOCIATE_FRINGE
72147266,Karan Lal,Batter,,,,19.795928480278768,,,24.2548648762241,19.795928480278768,24.2548648762241,,19.8,OTHER_T20/FRINGE
aab3e7be,MJ Mason,Bowler,New Zealand,,,,,19.84680427958036,,,19.84680427958036,,19.8,INTL_T20/ASSOCIATE_FRINGE
ab859427,DA Rankin,Batter,Ireland,,,19.756274568995252,,,,19.756274568995252,,,19.8,OTHER_T20/FRINGE
eb7c5965,NR Narah,Batter,,,,19.7056644873891,,,,19.7056644873891,,,19.7,OTHER_T20/FRINGE
5786f224,Siddhesh Wath,Batter,,,,19.70147165284756,,,,19.70147165284756,,,19.7,OTHER_T20/FRINGE
4353bba5,YA Abdulla,Bowler,South Africa,,,,,,19.711455010372944,,19.711455010372944,,19.7,OTHER_T20/FRINGE
2e005bfd,H Lin Oo,Batter,Myanmar,,19.659783832289136,,,23.827477355138953,,19.659783832289136,23.827477355138953,,19.7,INTL_T20/ASSOCIATE_FRINGE
c9473a95,SRMJJ Arachchilage,Bowler,Cyprus,,,,,19.718254219075913,,,19.718254219075913,,19.7,INTL_T20/ASSOCIATE_FRINGE
ecf9fb2e,JS Rymell,Batter,,,,19.657774299672127,,,,19.657774299672127,,,19.7,OTHER_T20/FRINGE
534c4b03,P Shrestha,Batter,,,,19.67903149433211,,,,19.67903149433211,,,19.7,OTHER_T20/FRINGE
fd25e20c,Vikash Kumar,Batter,,,,19.672615145942626,,,,19.672615145942626,,,19.7,OTHER_T20/FRINGE
8cf570b0,AM Northcote,Batter,Italy,,19.679557032038026,,,,,19.679557032038026,,,19.7,INTL_T20/ASSOCIATE_FRINGE
7595b47f,Shariz Ahmad,Bowler,Netherlands,,26.728941917150856,,,19.658501846581274,,26.728941917150856,19.658501846581274,,19.7,INTL_T20/ASSOCIATE_FRINGE
bd386d09,NN Fernando,Bowler,,,,21.77009488027315,,,19.67623190363616,21.77009488027315,19.67623190363616,,19.7,OTHER_T20/FRINGE
0f9c9d1d,DC Delany,Bowler,Ireland,,,25.522843594771107,,19.55915550002981,20.02547112462006,25.522843594771107,19.734023859251153,,19.7,INTL_T20/ASSOCIATE_FRINGE
02d11602,AA Banner,Batter,Belize,,19.66637595253839,,,19.29743112452238,,19.66637595253839,19.29743112452238,,19.7,INTL_T20/ASSOCIATE_FRINGE
cbfd2a67,TL Maynard,Batter,,,,19.662775960912022,,,,19.662775960912022,,,19.7,OTHER_T20/FRINGE
e06f7116,Sujit Nayak,Batter,,,,19.693919085866753,,,20.90516818672159,19.693919085866753,20.90516818672159,,19.7,OTHER_T20/FRINGE
37940451,Jafar Jamal,Batter,,,,19.71677586565562,,,,19.71677586565562,,,19.7,OTHER_T20/FRINGE
6ec13131,Shah Abrar Hussain,Bowler,Cambodia,,31.71496110360931,,,19.671540888556883,,31.71496110360931,19.671540888556883,,19.7,INTL_T20/ASSOCIATE_FRINGE
a9231c3f,Steven Ryan Taylor,All-rounder,United States of America,,28.837108013937282,16.816465256797585,,20.928879310344826,,16.816465256797585,20.928879310344826,,19.7,INTL_T20/ASSOCIATE_FRINGE
37b12633,N Potts,Bowler,,,,24.350182878264285,,,19.74879532472872,24.350182878264285,19.74879532472872,,19.7,OTHER_T20/FRINGE
fbcfa528,T Munyonga,Batter,Zimbabwe,,19.670286538857965,,,,,19.670286538857965,,,19.7,INTL_T20/FULL_MEMBER
d477678c,SI Sopariya,Bowler,,,,,,,19.694172818063397,,19.694172818063397,,19.7,OTHER_T20/FRINGE
d33740d9,Pulindu Perera,Batter,,,,19.698860240859382,,,,19.698860240859382,,,19.7,OTHER_T20/FRINGE
25228673,Harsh Dubey,Bowler,,,,,,,19.70240632990785,,19.70240632990785,,19.7,OTHER_T20/FRINGE
63b1093f,N Ndzeute,Bowler,Mozambique,,,,,19.72311629178794,,,19.72311629178794,,19.7,INTL_T20/ASSOCIATE_FRINGE
ae53180e,W Makwetu,Batter,,,,19.715410815887783,,,,19.715410815887783,,,19.7,OTHER_T20/FRINGE
71ee052e,Aanshul Gupta,Batter,,,,19.70153434339261,,,,19.70153434339261,,,19.7,OTHER_T20/FRINGE
f15d17c7,Sarfaraj Patel,Batter,Lesotho,,19.658192375119235,,,28.200393073682047,,19.658192375119235,28.200393073682047,,19.7,INTL_T20/ASSOCIATE_FRINGE
20f4a109,TGJ Gruijters,Bowler,Netherlands,,25.896404951953734,,,19.65404461655206,,25.896404951953734,19.65404461655206,,19.7,INTL_T20/ASSOCIATE_FRINGE
2c47dd7c,Rakesh Kumar,Bowler,,,,,,,19.66968070632508,,19.66968070632508,,19.7,OTHER_T20/FRINGE
c4d28aa3,MS Aulakh,Bowler,Canada,,,,,19.662777670169476,,,19.662777670169476,,19.7,INTL_T20/ASSOCIATE_FRINGE
90a5e58a,AA Sanklecha,Bowler,,,,21.887526195221003,,,19.74813142278188,21.887526195221003,19.74813142278188,,19.7,OTHER_T20/FRINGE
57fcfd3b,S Muniandy,All-rounder,Malaysia,,22.828515926795678,,,12.395382817066043,,22.828515926795678,12.395382817066043,,19.7,INTL_T20/ASSOCIATE_FRINGE
a4a53adf,J Albin,Batter,Bulgaria,,19.628633609974138,,,15.346123890550546,,19.628633609974138,15.346123890550546,,19.6,INTL_T20/ASSOCIATE_FRINGE
d6f139ee,Vamshi Reddy,Batter,Mali,,19.561888902886004,,,17.676647984632776,,19.561888902886004,17.676647984632776,,19.6,INTL_T20/ASSOCIATE_FRINGE
384fa385,TL Cutler,Bowler,Vanuatu,,26.905047860595108,,,19.623636869523438,,26.905047860595108,19.623636869523438,,19.6,INTL_T20/ASSOCIATE_FRINGE
6e991bd4,Amir Farooq,Bowler,Qatar,,23.76716650864612,,,19.577244595091912,,23.76716650864612,19.577244595091912,,19.6,INTL_T20/ASSOCIATE_FRINGE
bc304f82,A Nimaga,Batter,Mali,,19.592492738453778,,,,,19.592492738453778,,,19.6,INTL_T20/ASSOCIATE_FRINGE
36769c31,SJ Coyte (2),Bowler,,,,25.20847199283989,,,19.571841173348773,25.20847199283989,19.571841173348773,,19.6,OTHER_T20/FRINGE
aae2eb6c,HC Darley,Bowler,,,,,,,19.614496260915715,,19.614496260915715,,19.6,OTHER_T20/FRINGE
6c8e4b0a,Anirudh Kanwar,Bowler,,,,,,,19.63937214558491,,19.63937214558491,,19.6,OTHER_T20/FRINGE
717b424d,YR Sharma,Batter,,,,19.649043896078542,,,,19.649043896078542,,,19.6,OTHER_T20/FRINGE
518cfb98,JD Alembe,Batter,Cameroon,,19.583291711213448,,,,,19.583291711213448,,,19.6,INTL_T20/ASSOCIATE_FRINGE
fd7fd0a0,Saruk Hossain,Bowler,,,,,,,19.637052762839996,,19.637052762839996,,19.6,OTHER_T20/FRINGE
497b05f4,NN Sen,Batter,,,,19.579461645523672,,,,19.579461645523672,,,19.6,OTHER_T20/FRINGE
a7378253,RJ Forrest,Batter,,,,19.646431138837315,,,,19.646431138837315,,,19.6,OTHER_T20/FRINGE
96912eac,A Denuwan,Bowler,Italy,,,,,19.562219530941753,,,19.562219530941753,,19.6,INTL_T20/ASSOCIATE_FRINGE
170f4647,S Seth,Bowler,Lesotho,,,,,19.603757376559347,,,19.603757376559347,,19.6,INTL_T20/ASSOCIATE_FRINGE
53967e23,Nazmus Sakib,Batter,Malaysia,,19.635151899692094,,,,,19.635151899692094,,,19.6,INTL_T20/ASSOCIATE_FRINGE
684d21d7,M Bhanuka,Wicketkeeper,Sri Lanka,,19.311443738263762,21.002173575531746,,,,21.002173575531746,,13.982642237222757,19.6,OTHER_T20/FRANCHISE
93fabc71,SKW Wood,Batter,,,,19.62611502667358,,,18.894576836324408,19.62611502667358,18.894576836324408,,19.6,OTHER_T20/FRINGE
8357fc3e,Ilyas Cetin,Bowler,Turkey,,,,,19.572315716148257,,,19.572315716148257,,19.6,INTL_T20/ASSOCIATE_FRINGE
2c2013a9,A Bhattarai,Bowler,Nepal,,,,,19.625657223676118,,,19.625657223676118,,19.6,INTL_T20/ASSOCIATE_FRINGE
441b1b20,LS Baker,Bowler,West Indies,,,,,19.601046613070466,,,19.601046613070466,,19.6,INTL_T20/ASSOCIATE_FRINGE
f78aa227,Hilal Ahmad,Batter,Czech Republic,,19.552504795692503,,,,,19.552504795692503,,,19.6,INTL_T20/ASSOCIATE_FRINGE
a46de6e0,Hassan Khan Mohammad,Bowler,Hong Kong,,21.015197033299515,,,19.643365499735125,,21.015197033299515,19.643365499735125,,19.6,INTL_T20/ASSOCIATE_FRINGE
b0f9dac4,R Nil,Bowler,Seychelles,,,,,19.637432073601833,,,19.637432073601833,,19.6,INTL_T20/ASSOCIATE_FRINGE
39d608d4,F O'Neill,Bowler,,,,20.821962336339503,,,19.596429216173895,20.821962336339503,19.596429216173895,,19.6,OTHER_T20/FRINGE
349c5e58,RMR Brathwaite,Batter,Cyprus,,19.586637366954434,,,16.949865672299133,,19.586637366954434,16.949865672299133,,19.6,INTL_T20/ASSOCIATE_FRINGE
7adc2d68,Yash Singh,Bowler,Malta,,,,,19.588379642189203,,,19.588379642189203,,19.6,INTL_T20/ASSOCIATE_FRINGE
78feb458,JN Hamilton,Batter,,,,19.553134988935334,,,,19.553134988935334,,,19.6,OTHER_T20/FRANCHISE
b93a5d0b,Kolla Sumanth,Batter,,,,19.56461230989211,,,,19.56461230989211,,,19.6,OTHER_T20/SMAT
e1a867df,DJM Moody,Bowler,,,,,,,19.551632556568727,,19.551632556568727,,19.6,OTHER_T20/FRINGE
d8e48e1b,MFI Assuncao,Batter,Brazil,,19.587737216214652,,,23.03781728496557,,19.587737216214652,23.03781728496557,,19.6,INTL_T20/ASSOCIATE_FRINGE
59377a7f,NA Gordon,Bowler,,,,17.693381399552887,,,19.64443498817967,17.693381399552887,19.64443498817967,,19.6,OTHER_T20/FRINGE
f17ac7d0,Muhammad Khan,Batter,Hong Kong,,19.571388901618143,,,,,19.571388901618143,,,19.6,INTL_T20/ASSOCIATE_FRINGE
25ef10a2,S Saeed,Bowler,Maldives,,,,,19.63071698340784,,,19.63071698340784,,19.6,INTL_T20/ASSOCIATE_FRINGE
c15e7ba4,E Dusingizimana,Batter,Rwanda,,19.560095009880467,,,,,19.560095009880467,,,19.6,INTL_T20/ASSOCIATE_FRINGE
231a7404,GJ Abrahams,Batter,,,,19.619517123822714,,,,19.619517123822714,,,19.6,OTHER_T20/FRINGE
245ca608,Matthew Mount,Batter,Malawi,,19.603496260381448,,,,,19.603496260381448,,,19.6,INTL_T20/ASSOCIATE_FRINGE
d9cdf81e,GY Prastama,Batter,Indonesia,,19.61407121069446,,,,,19.61407121069446,,,19.6,INTL_T20/ASSOCIATE_FRINGE
bf50e8de,Aslam Bera,Bowler,Zambia,,15.565159571932412,,,19.557180244819513,,15.565159571932412,19.557180244819513,,19.6,INTL_T20/ASSOCIATE_FRINGE
b76b2d25,Sachin Kumar,Bowler,Bahrain,,22.760473397559792,24.72253173037957,,17.981179577080827,22.37803865060603,23.496245272367208,19.630001729652776,,19.6,INTL_T20/ASSOCIATE_FRINGE
da2eeb97,S Kochar,Batter,Mexico,,19.57568429704154,,,,,19.57568429704154,,,19.6,INTL_T20/ASSOCIATE_FRINGE
5f0f398d,D Mauro,Batter,Argentina,,19.604361356007956,,,,,19.604361356007956,,,19.6,INTL_T20/ASSOCIATE_FRINGE
21526a38,E Jabarkhel,Bowler,Luxembourg,,23.535091248439556,,,19.64633829543051,,23.535091248439556,19.64633829543051,,19.6,INTL_T20/ASSOCIATE_FRINGE
8836fcac,M Mosehle,Wicketkeeper,South Africa,,28.957009244547166,15.97627611309493,,,,15.97627611309493,,33.97219543555127,19.6,OTHER_T20/FRANCHISE
62d3f506,SD Valjalo,Batter,Croatia,,19.6001760683954,,,19.59331201631582,,19.6001760683954,19.59331201631582,,19.6,INTL_T20/ASSOCIATE_FRINGE
aeab0d4f,D Klein,Bowler,Germany,,28.696847332746078,,,29.118158398094316,19.59867172675522,28.696847332746078,19.59867172675522,,19.6,OTHER_T20/FRANCHISE
65122d56,K Christie,Bowler,Hong Kong,,22.781194538092603,,,19.602169501700608,,22.781194538092603,19.602169501700608,,19.6,INTL_T20/ASSOCIATE_FRINGE
069a5170,O Patterson,Bowler,,,,,,,19.613715532694254,,19.613715532694254,,19.6,OTHER_T20/FRINGE
8ac11b50,Sharifullah,Batter,,,,19.593271733914385,,,21.133546065584902,19.593271733914385,21.133546065584902,,19.6,OTHER_T20/FRINGE
44d623c9,J Pakhiaokajee,Batter,Thailand,,19.580588513250273,,,,,19.580588513250273,,,19.6,INTL_T20/ASSOCIATE_FRINGE
b481216d,A Poulose,Batter,Oman,,19.615046848326102,,,,,19.615046848326102,,,19.6,INTL_T20/ASSOCIATE_FRINGE
75186c24,Kamran Shazad,Bowler,United Arab Emirates,,,,,19.456345408038924,,,19.456345408038924,,19.5,INTL_T20/ASSOCIATE_FRINGE
e5e42c6b,SG Rohilla,Batter,,,,19.458098353259643,,,,19.458098353259643,,,19.5,OTHER_T20/FRINGE
de6b3760,Festus Benn,Batter,Bahamas,,19.45174916189182,,,34.06181906179453,,19.45174916189182,34.06181906179453,,19.5,INTL_T20/ASSOCIATE_FRINGE
e5eb5edf,Vishal Das,Bowler,,,,,,,19.527429150383558,,19.527429150383558,,19.5,OTHER_T20/FRINGE
c8c4709d,Hasan Yanar,Batter,Turkey,,19.543587891933374,,,,,19.543587891933374,,,19.5,INTL_T20/ASSOCIATE_FRINGE
479f9b04,S Milenko,Batter,,,,19.453858192732056,,,,19.453858192732056,,,19.5,OTHER_T20/FRANCHISE
d2ac5c4c,Hem Chetri,Batter,,,,19.47342648505481,,,,19.47342648505481,,,19.5,OTHER_T20/FRINGE
5da43a10,R Sekaran,Batter,Estonia,,19.458109163466638,,,,,19.458109163466638,,,19.5,INTL_T20/ASSOCIATE_FRINGE
092ccf20,JS Kundi,Batter,Kenya,,19.543228248171665,,,24.374941061616305,,19.543228248171665,24.374941061616305,,19.5,INTL_T20/ASSOCIATE_FRINGE
73b1db79,Abdul Hashim,Wicketkeeper,Denmark,,12.349819285431673,,,,,12.349819285431673,,48.03921568627451,19.5,INTL_T20/ASSOCIATE_FRINGE
85c80de3,Ram Gurung,Bowler,,,,,,,19.548191723170447,,19.548191723170447,,19.5,OTHER_T20/FRINGE
403d4c73,T Harshana,Batter,,,,19.534275003747293,,,,19.534275003747293,,,19.5,OTHER_T20/FRINGE
3d65556f,FOE van den Bergh,Batter,,,,19.512273070638827,,,16.55144855144855,19.512273070638827,16.55144855144855,,19.5,OTHER_T20/FRINGE
7f7f658b,SF Hunt,Bowler,,,,,,,19.511395911556114,,19.511395911556114,,19.5,OTHER_T20/FRINGE
c56819b2,CAJ Brodrick,Batter,,,,19.510977131057285,,,,19.510977131057285,,,19.5,OTHER_T20/FRINGE
27cc4361,PJ Ongondo,Bowler,Kenya,,24.817255219052356,,,19.543018909580542,,24.817255219052356,19.543018909580542,,19.5,INTL_T20/ASSOCIATE_FRINGE
27320242,IW Budiarta,Batter,Indonesia,,19.46656966916977,,,22.993114087125495,,19.46656966916977,22.993114087125495,,19.5,INTL_T20/ASSOCIATE_FRINGE
2669d6b7,Mohsin Khan,Batter,Swaziland,,19.518431547272463,,,22.978847824665316,,19.518431547272463,22.978847824665316,,19.5,INTL_T20/ASSOCIATE_FRINGE
279c51f0,Aakash Chand,Bowler,Nepal,,,17.696771470734628,,23.58345675752677,12.771717662951705,17.696771470734628,19.52905459706112,,19.5,INTL_T20/ASSOCIATE_FRINGE
ce099359,TP Lewis,Batter,,,,19.45294729165697,,,,19.45294729165697,,,19.5,OTHER_T20/FRINGE
2a04400b,Sabir Ali,Bowler,United Arab Emirates,,,,,20.102435248167826,18.476698412698415,,19.492783934866797,,19.5,INTL_T20/ASSOCIATE_FRINGE
d146924b,Raza-ur-Rehman,Batter,Canada,,19.511893351364858,,,20.734368512999694,,19.511893351364858,20.734368512999694,,19.5,INTL_T20/ASSOCIATE_FRINGE
679302a1,Z McLaughlin,Bowler,Cayman Islands,,,,,19.466862558768096,,,19.466862558768096,,19.5,INTL_T20/ASSOCIATE_FRINGE
151e8077,CS Baugh,Batter,West Indies,,19.644667002021986,19.231670229795306,,,,19.48979321243698,,,19.5,INTL_T20/ASSOCIATE_FRINGE
acb94221,RA Weatherall,Bowler,,,,,,,19.522939547450186,,19.522939547450186,,19.5,OTHER_T20/FRINGE
1500d104,Imtiaz Khan,Bowler,Saudi Arabia,,,,,19.49770967726461,,,19.49770967726461,,19.5,INTL_T20/ASSOCIATE_FRINGE
891b9757,Rahul Batham,Bowler,,,,22.68712988286199,,,19.474889564336372,22.68712988286199,19.474889564336372,,19.5,OTHER_T20/FRINGE
e3f53051,T Makaya,Batter,Malawi,,19.49019353031861,,,22.504693762203267,,19.49019353031861,22.504693762203267,,19.5,INTL_T20/ASSOCIATE_FRINGE
c2409632,ML Bojang,Batter,Gambia,,19.45478342713102,,,23.867917164019826,,19.45478342713102,23.867917164019826,,19.5,INTL_T20/ASSOCIATE_FRINGE
514db0e2,Sarfaraj Mulla,Batter,Panama,,19.47409540278793,,,,,19.47409540278793,,,19.5,INTL_T20/ASSOCIATE_FRINGE
c166ca1c,Shashi Shekhar,Bowler,,,,15.778444528684192,,,19.49710271626381,15.77844452868419,19.49710271626381,,19.5,OTHER_T20/FRINGE
2be27bdf,JS Gatting,Batter,,,,19.45302957401301,,,,19.45302957401301,,,19.5,OTHER_T20/FRINGE
9bc324b5,JR Barry,Batter,Bahamas,,19.494257638967962,,,21.277325449323648,,19.494257638967962,21.277325449323648,,19.5,INTL_T20/ASSOCIATE_FRINGE
2bdd2350,LLB Harper,Bowler,,,,24.752986401761884,,,19.525719389095276,24.752986401761884,19.525719389095276,,19.5,OTHER_T20/FRINGE
cc3ebe28,Haroon Shahid,Bowler,Kuwait,,26.196674879033957,,,19.514968307607752,,26.196674879033957,19.514968307607752,,19.5,INTL_T20/ASSOCIATE_FRINGE
f9b9883f,K Dorji,Bowler,Bhutan,,,,,19.481409117293722,,,19.481409117293722,,19.5,INTL_T20/ASSOCIATE_FRINGE
12bba2d4,U Dorji,Batter,Bhutan,,19.48213762096265,,,,,19.48213762096265,,,19.5,INTL_T20/ASSOCIATE_FRINGE
53419aff,J Ghadiyali,Batter,Swaziland,,19.53803109853216,,,26.569972253622446,,19.53803109853216,26.569972253622446,,19.5,INTL_T20/ASSOCIATE_FRINGE
d221c0cf,Jagjit Singh,Bowler,,,,,,,19.493480430785397,,19.493480430785397,,19.5,OTHER_T20/FRINGE
a9e63549,N Chejay,Batter,Bhutan,,19.47211096804955,,,,,19.47211096804955,,,19.5,INTL_T20/ASSOCIATE_FRINGE
bbf5da29,Khandubhai Ahir,Batter,Panama,,19.497517973471012,,,,,19.497517973471012,,,19.5,INTL_T20/ASSOCIATE_FRINGE
bc02b37a,Sana Ullah,Bowler,South Korea,,,,,19.515420802412905,,,19.515420802412905,,19.5,INTL_T20/ASSOCIATE_FRINGE
76903be1,Faheem Afrad,Bowler,Saudi Arabia,,,,,19.49986019573967,,,19.49986019573967,,19.5,INTL_T20/ASSOCIATE_FRINGE
50dbc953,Ayyaz Qureshi,Batter,Slovenia,,19.45294813438642,,,22.304313534066388,,19.45294813438642,22.304313534066388,,19.5,INTL_T20/ASSOCIATE_FRINGE
c45701b6,MP Biddappa,Batter,Philippines,,19.478539322180445,,,,,19.478539322180445,,,19.5,INTL_T20/ASSOCIATE_FRINGE
021ac4dd,H Aggarwal,Batter,Estonia,,19.472331467392294,,,21.76248586990032,,19.472331467392294,21.76248586990032,,19.5,INTL_T20/ASSOCIATE_FRINGE
ff1e68fa,B Indrajith,Batter,,,,19.40515450246215,,,,19.40515450246215,,,19.4,OTHER_T20/FRINGE
7e64e33f,L Smith,Batter,France,,19.43728144994024,,,,,19.43728144994024,,,19.4,INTL_T20/ASSOCIATE_FRINGE
7f28f186,Dinesh Mor,Batter,,,,19.382019953977967,,,,19.382019953977967,,,19.4,OTHER_T20/FRINGE
ce2b42ae,Darshan Misal,Bowler,,,,24.518681318681317,,,19.41528239202658,24.518681318681317,19.41528239202658,,19.4,OTHER_T20/SMAT
1bd69aec,C Classen,Bowler,,,,,,,19.400489795918368,,19.400489795918368,,19.4,OTHER_T20/FRINGE
f6c2659d,Aizaz Khan,All-rounder,Hong Kong,,18.83221629965767,,,19.585221674876845,,18.83221629965767,19.585221674876845,,19.4,INTL_T20/ASSOCIATE_FRINGE
505c2a60,Sufyan Naseeb,Batter,Eswatini,,19.364266259681955,,,,,19.364266259681955,,,19.4,INTL_T20/ASSOCIATE_FRINGE
267468de,N Edward,Bowler,,,,,,,19.429015157836183,,19.429015157836183,,19.4,OTHER_T20/FRINGE
9a742f29,C Battage,Bowler,,,,,,,19.409577429662534,,19.409577429662534,,19.4,OTHER_T20/FRINGE
ca82673d,L Kishan Singha,Bowler,,,,20.348191678083168,,,19.36755819861093,20.348191678083168,19.36755819861093,,19.4,OTHER_T20/FRINGE
eab61ead,ORT Sale,Bowler,,,,21.088460501138794,,,19.42954407294833,21.088460501138794,19.42954407294833,,19.4,OTHER_T20/FRINGE
c9a38569,Zakir Husain Patel,Bowler,Zambia,,28.936941467241695,,,19.429197444998067,,28.936941467241695,19.429197444998067,,19.4,INTL_T20/ASSOCIATE_FRINGE
43057192,JA Sinclair,Bowler,,,,25.406892730176295,,,19.400936170212766,25.406892730176295,19.400936170212766,,19.4,OTHER_T20/FRINGE
42151725,GK Berg,All-rounder,Italy,,29.992411449092586,19.611741651016573,,29.65,18.7973831300813,19.611741651016573,18.7973831300813,,19.4,OTHER_T20/FRANCHISE
8dfc706f,Shoaib Mohammed Khan,Bowler,,,,23.83962495321122,,,19.40023119602451,23.83962495321122,19.40023119602451,,19.4,OTHER_T20/FRINGE
7068c81e,MJ Fisher,Bowler,New Zealand,,,,,,19.35854341736695,,19.35854341736695,,19.4,OTHER_T20/FRANCHISE
ea0e8ea2,R Mahajan,Bowler,Philippines,,25.274920470833603,,,19.44104283992187,,25.274920470833603,19.44104283992187,,19.4,INTL_T20/ASSOCIATE_FRINGE
9d450c28,C Hemraj,Batter,,,,19.441804323043563,,,40.705882352941174,19.441804323043563,40.705882352941174,,19.4,OTHER_T20/FRANCHISE
d33fce1b,Luqman Hussan,Batter,Uzbekistan,,19.427906938330526,,,16.828897338403042,,19.427906938330526,16.828897338403042,,19.4,INTL_T20/ASSOCIATE_FRINGE
d3a3e82d,AB Barath,Batter,West Indies,,,19.434568757855047,,,,19.434568757855047,,,19.4,OTHER_T20/FRINGE
b6a85ead,Vimal Kumar,Batter,Philippines,,19.415059267834273,,,21.57565585683456,,19.415059267834273,21.57565585683456,,19.4,INTL_T20/ASSOCIATE_FRINGE
b6980844,B Kynman,Bowler,Jersey,,20.245279039299945,,,19.36219808325226,,20.245279039299945,19.36219808325226,,19.4,INTL_T20/ASSOCIATE_FRINGE
04df9697,JAM Henri,Bowler,Portugal,,25.575079092100903,,,19.39408410465785,,25.575079092100903,19.39408410465785,,19.4,INTL_T20/ASSOCIATE_FRINGE
fb1d3872,BS Bartley,Batter,United States of America,,19.4169729432243,,,16.08984865971558,,19.4169729432243,16.08984865971558,,19.4,INTL_T20/ASSOCIATE_FRINGE
a744d530,RV Viraj,Batter,Cambodia,,19.35089002317914,,,19.66738913126746,,19.35089002317914,19.66738913126746,,19.4,INTL_T20/ASSOCIATE_FRINGE
a8c5552f,Aslam Doria,Batter,Panama,,19.368638336131106,,,,,19.368638336131106,,,19.4,INTL_T20/ASSOCIATE_FRINGE
1f41b702,Anique Uddin,Batter,Denmark,,19.395089964571913,,,29.016187804892787,,19.395089964571913,29.016187804892787,,19.4,INTL_T20/ASSOCIATE_FRINGE
67d0ca6d,R Lungu,Batter,Zambia,,19.386786568204066,,,28.704985257266628,,19.386786568204066,28.704985257266628,,19.4,INTL_T20/ASSOCIATE_FRINGE
966b2677,Mustakim Aslam,Bowler,Denmark,,,,,19.356337758869177,,,19.356337758869177,,19.4,INTL_T20/ASSOCIATE_FRINGE
c436c424,Tehseen Hassan,Batter,Swaziland,,19.363985830577096,,,16.8831662633944,,19.363985830577096,16.8831662633944,,19.4,INTL_T20/ASSOCIATE_FRINGE
7fe32072,K Rapulana,Batter,,,,19.369452310974484,,,,19.369452310974484,,,19.4,OTHER_T20/FRINGE
2e3dc859,YYM Jakda,Batter,Lesotho,,19.39118757252634,,,24.575887370259995,,19.39118757252634,24.575887370259995,,19.4,INTL_T20/ASSOCIATE_FRINGE
995aedfe,KZ Rehmtullah,Bowler,Tanzania,,,,,19.42111516575309,,,19.42111516575309,,19.4,INTL_T20/ASSOCIATE_FRINGE
d0178c53,S Kubheka,Batter,Eswatini,,19.434162539555047,,,14.412108803743786,,19.434162539555047,14.412108803743786,,19.4,INTL_T20/ASSOCIATE_FRINGE
79c2f9bf,J Madan,Bowler,Luxembourg,,27.44469902537057,,,19.437551184464184,,27.44469902537057,19.437551184464184,,19.4,INTL_T20/ASSOCIATE_FRINGE
a02a0e07,C Shivakumar,Batter,Singapore,,19.359088515836802,,,17.440027652955408,,19.359088515836802,17.440027652955408,,19.4,INTL_T20/ASSOCIATE_FRINGE
b2ae53f5,T Thushara,Bowler,Sri Lanka,,,,,19.449309331633895,,,19.449309331633895,,19.4,INTL_T20/ASSOCIATE_FRINGE
f58839ad,GA Manou,Batter,,,,19.421453232972624,,,,19.421453232972624,,,19.4,OTHER_T20/FRINGE
c5eff91b,Chinta Gandhi,Bowler,,,,,,,19.359678186798753,,19.359678186798753,,19.4,OTHER_T20/FRINGE
9001b45c,A Makesh,Batter,Kuwait,,19.432501965657043,,,27.730934641866202,,19.432501965657043,27.730934641866202,,19.4,INTL_T20/ASSOCIATE_FRINGE
1b7b0fa7,Vivrant Sharma,Batter,,,,19.369072555708502,,,,19.369072555708502,,,19.4,OTHER_T20/FRINGE
d1761087,RM West,Bowler,Ireland,,22.911550384137737,,,19.376921484883614,,22.911550384137737,19.376921484883614,,19.4,INTL_T20/ASSOCIATE_FRINGE
296358c9,Raag Kapur,Bowler,Hong Kong,,21.979432037874943,,,19.446040379076194,,21.979432037874943,19.446040379076194,,19.4,INTL_T20/ASSOCIATE_FRINGE
bdf7a718,W Prestwidge,Bowler,,,,21.15875885065412,,,19.352735187061427,21.15875885065412,19.352735187061427,,19.4,OTHER_T20/FRINGE
3ddd957f,OSB Tilley,Batter,Croatia,,19.309192641456526,,,16.65562279155435,,19.309192641456526,16.65562279155435,,19.3,INTL_T20/ASSOCIATE_FRINGE
60beb01b,WW Hinds,Batter,West Indies,,19.273681637492345,,,,,19.273681637492345,,,19.3,INTL_T20/ASSOCIATE_FRINGE
9dc27cf0,Pulkit Narang,Bowler,,,,,,,19.279542046605876,,19.279542046605876,,19.3,OTHER_T20/FRINGE
ea36b0ee,Abdullah Al Mamun,Batter,,,,19.293091048736212,,,22.740250041220918,19.293091048736212,22.740250041220918,,19.3,OTHER_T20/FRINGE
d8d67045,Akshat Raghuwanshi,Batter,,,,19.277830234281847,,,,19.277830234281847,,,19.3,OTHER_T20/FRINGE
f3ca5af8,G Kansonkho,Batter,Malawi,,19.3050063936508,,,19.492385160826224,,19.3050063936508,19.492385160826224,,19.3,INTL_T20/ASSOCIATE_FRINGE
00df8c9b,BADL Faunce,Batter,Greece,,19.313620570468135,,,22.862006147177247,,19.313620570468135,22.862006147177247,,19.3,INTL_T20/ASSOCIATE_FRINGE
8be38ec4,Digvijay Rangi,Bowler,,,,24.7504719827797,,,19.277541371158392,24.7504719827797,19.277541371158392,,19.3,OTHER_T20/FRINGE
5b615e7c,Raghu Sharma,Bowler,,,,,,,19.345779440417736,,19.345779440417736,,19.3,OTHER_T20/FRINGE
928baf6b,Yasir Iqbal,Batter,Denmark,,19.348512115589337,,,19.263963107594286,,19.348512115589337,19.263963107594286,,19.3,INTL_T20/ASSOCIATE_FRINGE
62141a22,Gayan Munaweera,Bowler,Qatar,,32.25411289716611,,,19.282076812610327,,32.25411289716611,19.282076812610327,,19.3,INTL_T20/ASSOCIATE_FRINGE
e96801ea,MS Bhandage,Bowler,,,,25.036184543844044,,,19.316079987202045,25.036184543844044,19.316079987202045,,19.3,OTHER_T20/FRINGE
08b15b9e,A Kharel,Bowler,,,,19.382824354384073,,,19.2864266576607,19.382824354384073,19.2864266576607,,19.3,OTHER_T20/FRINGE
09a341f9,G Ajitesh,Batter,,,,19.250740316543002,,,,19.250740316543002,,,19.3,OTHER_T20/FRINGE
2b38fa6d,Somorjit Salam,Batter,,,,19.320816635772076,,,15.95204795204795,19.320816635772076,15.95204795204795,,19.3,OTHER_T20/FRINGE
29ee9bf9,K Nassoro,All-rounder,Tanzania,,18.04510280980429,,,19.864571746384875,,18.04510280980429,19.864571746384875,,19.3,INTL_T20/ASSOCIATE_FRINGE
9b411f8f,SH Choudhry,Bowler,,,,,,,19.31765754812563,,19.31765754812563,,19.3,OTHER_T20/FRINGE
29f0e3c3,Fahad Tariq,Batter,United Arab Emirates,,19.27033962417144,,,,,19.27033962417144,,,19.3,INTL_T20/ASSOCIATE_FRINGE
2619e00c,Kasir Ahmed,Batter,Hungary,,19.273755080485877,,,,,19.273755080485877,,,19.3,INTL_T20/ASSOCIATE_FRINGE
f1599171,Inho Cha,Bowler,South Korea,,,,,19.295691680020443,,,19.295691680020443,,19.3,INTL_T20/ASSOCIATE_FRINGE
2d7b09ce,BJ Lazarus,Batter,Israel,,19.299338431266477,,,,,19.299338431266477,,,19.3,INTL_T20/ASSOCIATE_FRINGE
a584021c,MD Ingale,Bowler,,,,,,,19.256360688956434,,19.256360688956434,,19.3,OTHER_T20/FRINGE
49f6d023,AL Stephen,Bowler,Vanuatu,,12.65844602935017,,,19.281192889867405,,12.65844602935017,19.281192889867405,,19.3,INTL_T20/ASSOCIATE_FRINGE
443b47a6,HG Duke,Batter,,,,19.278753296878847,,,,19.278753296878847,,,19.3,OTHER_T20/FRINGE
76ed445f,Tejas Patel,Bowler,,,,24.98849600750025,,,19.27316961772889,24.98849600750025,19.27316961772889,,19.3,OTHER_T20/FRINGE
d1f63ad5,AR Kumar,Batter,,,,19.321090914162333,,,,19.321090914162333,,,19.3,OTHER_T20/FRINGE
39431db7,Anowarul Islam,Batter,Thailand,,19.316093738202245,,,,,19.316093738202245,,,19.3,INTL_T20/ASSOCIATE_FRINGE
1a8cedc8,M Jele,Bowler,Eswatini,,15.605092493886762,,,19.27714563560568,,15.605092493886762,19.27714563560568,,19.3,INTL_T20/ASSOCIATE_FRINGE
a35c119e,AW Summers,Bowler,,,,,,,19.323780219780218,,19.323780219780218,,19.3,OTHER_T20/FRINGE
88ee683b,Z Arinaitwe,Batter,Uganda,,19.273445318668827,,,,,19.273445318668827,,,19.3,INTL_T20/ASSOCIATE_FRINGE
30fc60b5,Vidyadhar Patil,Bowler,,,,,,,19.330731509625124,,19.330731509625124,,19.3,OTHER_T20/FRINGE
17ea3bee,Momin Qamar,Bowler,,,,,,,19.28480378250591,,19.28480378250591,,19.3,OTHER_T20/FRINGE
770ae770,T Tavo,Bowler,Fiji,,17.161037737796008,,,19.306119483405336,,17.161037737796008,19.306119483405336,,19.3,INTL_T20/ASSOCIATE_FRINGE
762f43b7,ROC Dunka,Bowler,Cayman Islands,,22.105890466733506,,,19.34454640028016,,22.105890466733506,19.34454640028016,,19.3,INTL_T20/ASSOCIATE_FRINGE
549fdc26,D Rai,Bowler,,,,,,,19.33040542436287,,19.33040542436287,,19.3,OTHER_T20/FRINGE
52d11798,DJ Grobbelaar,Bowler,,,,23.429448933463433,,,19.338094869669334,23.429448933463433,19.338094869669334,,19.3,OTHER_T20/FRINGE
fb0d3749,Zameer Khan,Batter,Denmark,,19.283240167127296,,,,,19.283240167127296,,,19.3,INTL_T20/ASSOCIATE_FRINGE
0bb51ea6,Mayank Sidhana,Batter,,,,19.255386502028905,,,,19.255386502028905,,,19.3,OTHER_T20/FRINGE
e51abd5e,LR Gaonkar,Batter,Panama,,19.25241425879398,,,,,19.25241425879398,,,19.3,INTL_T20/ASSOCIATE_FRINGE
babc65d3,Parveen Kumar,Bowler,Finland,,17.017847204014767,,,19.274091734895485,,17.017847204014767,19.274091734895485,,19.3,INTL_T20/ASSOCIATE_FRINGE
fdb68cc0,Parameeswaran Sivaraman,Batter,,,,19.207669647201463,,,,19.207669647201463,,,19.2,OTHER_T20/FRINGE
e0c30d35,LM Yadav,Bowler,,,,,,,19.228926134993007,,19.228926134993007,,19.2,OTHER_T20/FRINGE
059ec7a5,B Kgosiemang,Bowler,Botswana,,20.266799580477688,,,19.225292852233064,,20.266799580477688,19.225292852233064,,19.2,INTL_T20/ASSOCIATE_FRINGE
95bcba19,RP Magar,Batter,Nepal,,18.07755543226046,21.041701977970337,,,,19.189110386901664,,,19.2,INTL_T20/ASSOCIATE_FRINGE
9bc4faa8,Sourav Dey,Bowler,,,,,,,19.2037010365521,,19.2037010365521,,19.2,OTHER_T20/FRINGE
2b8718c8,Shahrulnizam Yusof,Bowler,Malaysia,,,,,19.22487426183008,,,19.22487426183008,,19.2,INTL_T20/ASSOCIATE_FRINGE
4ff4e5a1,L Abeyratne,Batter,,,,19.245634204505173,,,,19.245634204505173,,,19.2,OTHER_T20/FRINGE
93fefdfa,Ram Dayal,Bowler,,,,16.42498381299531,,,19.212718676122932,16.42498381299531,19.212718676122932,,19.2,OTHER_T20/FRINGE
ef25490c,Asif Hasan,Bowler,,,,,,,19.24834763030508,,19.24834763030508,,19.2,OTHER_T20/FRINGE
cabf72cc,MA Wallace,Wicketkeeper,,,,19.847604572679955,,,,19.847604572679955,,16.39344262295082,19.2,OTHER_T20/FRANCHISE
4e35e8ea,Y Divekar,Batter,Israel,,19.208566963315185,,,,,19.208566963315185,,,19.2,INTL_T20/ASSOCIATE_FRINGE
4edfc785,A Modi,Batter,Singapore,,19.212829938070655,,,,,19.212829938070655,,,19.2,INTL_T20/ASSOCIATE_FRINGE
552518ea,Ashish Gupta,Batter,Indonesia,,19.16841475082429,,,,,19.16841475082429,,,19.2,INTL_T20/ASSOCIATE_FRINGE
30b902a3,P Heron,Batter,Cayman Islands,,19.15784817328157,,,,,19.15784817328157,,,19.2,INTL_T20/ASSOCIATE_FRINGE
c5d7b244,Mohammad Nadeem,All-rounder,Oman,,22.21934831092395,,,12.070912124582872,,22.21934831092395,12.070912124582872,,19.2,INTL_T20/ASSOCIATE_FRINGE
212b6afa,KBAK Basnayake,Batter,,,,19.18709164843218,,,,19.18709164843218,,,19.2,OTHER_T20/FRINGE
7ea2141b,M Clarke,Bowler,,,,,,,19.184918608578187,,19.184918608578187,,19.2,OTHER_T20/FRINGE
596c60cf,Tshering Tashi,Wicketkeeper,Bhutan,,12.031351072982936,,,,,12.031351072982936,,48.03921568627451,19.2,INTL_T20/ASSOCIATE_FRINGE
5d9d83e6,D Young,Batter,St Helena,,19.175005851892458,,,,,19.175005851892458,,,19.2,INTL_T20/ASSOCIATE_FRINGE
7c8ce592,BB Ghosh,Batter,,,,19.240511101801427,,,,19.240511101801427,,,19.2,OTHER_T20/FRINGE
f5ee85cf,NM Kwant,Batter,,,,19.155792411464247,,,,19.155792411464247,,,19.2,OTHER_T20/FRINGE
1daf3f74,Khurram Shahzad,Bowler,,,,,,,19.201466171338513,,19.201466171338513,,19.2,OTHER_T20/FRINGE
66272dc4,Ziaur Rahman,Bowler,,,,,,,19.194490374873354,,19.194490374873354,,19.2,OTHER_T20/FRINGE
898a21a4,J Fernando,Bowler,Romania,,32.109704764513964,,,19.194959439631628,,32.109704764513964,19.194959439631628,,19.2,INTL_T20/ASSOCIATE_FRINGE
e6e847f9,Ilhwan Seo,Batter,South Korea,,19.234680234824538,,,,,19.234680234824538,,,19.2,INTL_T20/ASSOCIATE_FRINGE
7ae1aad9,S Williams,Bowler,Sierra Leone,,20.06854384292832,,,19.217040745860302,,20.06854384292832,19.217040745860302,,19.2,INTL_T20/ASSOCIATE_FRINGE
90065d86,Kunal Dabas,Batter,,,,19.15955818375173,,,,19.15955818375173,,,19.2,OTHER_T20/FRINGE
8f7a598f,RMS Eranga,Bowler,Sri Lanka,,,,,19.15588171911642,,,19.15588171911642,,19.2,INTL_T20/ASSOCIATE_FRINGE
cfd84210,DC Green,Batter,,,,19.164033348808942,,,17.4896097891937,19.164033348808942,17.4896097891937,,19.2,OTHER_T20/FRINGE
1fbef290,G Wijekoon,Bowler,Sri Lanka,,,,,19.220772670235828,,,19.220772670235828,,19.2,INTL_T20/ASSOCIATE_FRINGE
e5b4e363,R Limbu,Batter,Bhutan,,19.150833709316508,,,24.276220093235302,,19.150833709316508,24.276220093235302,,19.2,INTL_T20/ASSOCIATE_FRINGE
6a84b40e,Davion Codner,Batter,Cayman Islands,,19.197421257985916,,,19.789785222484845,,19.197421257985916,19.789785222484845,,19.2,INTL_T20/ASSOCIATE_FRINGE
a97c96bf,Vivek Kumar,Batter,,,,19.182112535758826,,,16.97793468667255,19.182112535758826,16.97793468667255,,19.2,OTHER_T20/FRINGE
be271641,Amit Pachhara,Batter,,,,19.20046965071559,,,,19.20046965071559,,,19.2,OTHER_T20/FRINGE
766e328e,Jiwon Choi,Bowler,South Korea,,17.183268136041555,,,19.24024608291078,,17.183268136041555,19.24024608291078,,19.2,INTL_T20/ASSOCIATE_FRINGE
11406bad,Mohammad Asaduzzaman,Bowler,Finland,,,,,19.244855580143135,,,19.244855580143135,,19.2,INTL_T20/ASSOCIATE_FRINGE
e28327c6,H Pragji,Batter,Botswana,,19.06505147121662,,,,,19.06505147121662,,,19.1,INTL_T20/ASSOCIATE_FRINGE
7c885103,Ahmed Hassan,Batter,Maldives,,19.13148171640198,,,25.932256631971455,,19.13148171640198,25.932256631971455,,19.1,INTL_T20/ASSOCIATE_FRINGE
2c3643f8,Sahil Lotra,Bowler,,,,,,,19.054846543527393,,19.054846543527393,,19.1,OTHER_T20/FRINGE
981b9303,Sammu Ashan,Batter,,,,19.101204819277108,,,,19.101204819277108,,,19.1,OTHER_T20/FRANCHISE
eb5dddc8,Dipayan Debbarma,Batter,,,,19.141917447223708,,,,19.141917447223708,,,19.1,OTHER_T20/FRINGE
301762cd,Sumit Lama,Bowler,,,,16.421036574169683,,,19.09509998609373,16.421036574169683,19.09509998609373,,19.1,OTHER_T20/FRINGE
56153e74,TV Valivarthi,Batter,Hungary,,19.138513666997614,,,,,19.138513666997614,,,19.1,INTL_T20/ASSOCIATE_FRINGE
deccdffa,L Makhosi,Bowler,,,,,,,19.078868585732167,,19.078868585732167,,19.1,OTHER_T20/FRINGE
2c13defe,TM Odoyo,Batter,Kenya,,19.12935468269475,,,31.10181379097729,,19.12935468269475,31.10181379097729,,19.1,INTL_T20/ASSOCIATE_FRINGE
4bf5c12f,L Doneathy,Batter,,,,19.108430287458958,,,,19.108430287458958,,,19.1,OTHER_T20/FRINGE
526e006d,Jay Odedra,Bowler,Oman,,26.93556644065803,,,19.11667679069293,,26.93556644065803,19.11667679069293,,19.1,INTL_T20/ASSOCIATE_FRINGE
b0160f4e,Yahya Zeb,Bowler,,,,,,,19.09646200607903,,19.09646200607903,,19.1,OTHER_T20/FRINGE
8558b101,M Burton,Batter,,,,19.08937352969611,,,,19.08937352969611,,,19.1,OTHER_T20/FRINGE
83b6c5fb,Azim Patel,Batter,Lesotho,,19.10963495277097,,,,,19.10963495277097,,,19.1,INTL_T20/ASSOCIATE_FRINGE
fb5a5fe3,Mertcan Donmez,Batter,Turkey,,19.10104095779385,,,,,19.10104095779385,,,19.1,INTL_T20/ASSOCIATE_FRINGE
020f0699,K Pathiratne,Bowler,,,,17.876565174106247,,,19.052249240121583,17.876565174106247,19.052249240121583,,19.1,OTHER_T20/FRINGE
fb27d38c,S Waqas Ahmed,Batter,Norway,,19.067399131386672,,,29.19513969908177,,19.067399131386672,29.19513969908177,,19.1,INTL_T20/ASSOCIATE_FRINGE
a671ad8b,Bobby Yadav,Bowler,,,,,,,19.05096594185956,,19.05096594185956,,19.1,OTHER_T20/FRINGE
0d24b1f7,UKPW Kumaranayaka,Bowler,Kuwait,,,,,19.148090061356253,,,19.148090061356253,,19.1,INTL_T20/ASSOCIATE_FRINGE
6a6037c8,JS Bangera,Batter,Israel,,19.08699910252706,,,,,19.08699910252706,,,19.1,INTL_T20/ASSOCIATE_FRINGE
698fd649,JJNP Bhula,Batter,,,,19.106109059761625,,,,19.106109059761625,,,19.1,OTHER_T20/FRINGE
6a2fadd0,MW Pillans,Bowler,,,,37.837938760268855,,,19.132010943912448,37.837938760268855,19.132010943912448,,19.1,OTHER_T20/FRANCHISE
78bbeba1,Khizar Hayat,All-rounder,Malaysia,,14.664896004788268,,,21.013348164627367,,14.664896004788268,21.013348164627367,,19.1,INTL_T20/ASSOCIATE_FRINGE
a454fa21,Saahil Jain,Batter,,,,19.09644257477059,,,,19.09644257477059,,,19.1,OTHER_T20/FRINGE
1b05424f,P Matshikwe,Bowler,,,,,,,19.076238465126004,,19.076238465126004,,19.1,OTHER_T20/FRINGE
4ae44aec,G Singhdeo,Batter,Costa Rica,,19.13232155192918,,,,,19.13232155192918,,,19.1,INTL_T20/ASSOCIATE_FRINGE
43449b1e,JEA Doctora,Batter,Philippines,,19.116557439698717,,,17.967401089302232,,19.116557439698717,17.967401089302232,,19.1,INTL_T20/ASSOCIATE_FRINGE
4bbfddd5,GS Dinusha,Batter,,,,19.134863960617853,,,24.185824962523995,19.134863960617853,24.185824962523995,,19.1,OTHER_T20/FRINGE
90dd5193,BM Chingakham,Batter,,,,19.119001348766094,,,15.689464488354918,19.119001348766094,15.689464488354918,,19.1,OTHER_T20/FRINGE
21d38d47,A Aravinddaraj,Bowler,,,,,,,19.145636858102705,,19.145636858102705,,19.1,OTHER_T20/FRINGE
f59e9ac9,Anmol Malhotra,Batter,,,,19.117419182319708,,,,19.117419182319708,,,19.1,OTHER_T20/FRINGE
eba32b12,Delwar Hossain,Bowler,,,,21.30894999495304,,,19.007472250365872,21.30894999495304,19.007472250365872,,19.0,OTHER_T20/FRINGE
b8828a1b,KJ Dudgeon,Bowler,,,,26.083447585709976,,,18.976983451536643,26.083447585709976,18.976983451536643,,19.0,OTHER_T20/FRINGE
835a58da,NA Karnik,Bowler,Singapore,,19.08608057320204,,,18.97086349004888,,19.08608057320204,18.97086349004888,,19.0,INTL_T20/ASSOCIATE_FRINGE
05e0fab5,CS Martin,Bowler,New Zealand,,,,,19.002151595398637,,,19.002151595398637,,19.0,INTL_T20/ASSOCIATE_FRINGE
856fc47a,S Bangera,Batter,Israel,,19.013926216841917,,,,,19.013926216841917,,,19.0,INTL_T20/ASSOCIATE_FRINGE
09a3f653,Parth Bhut,Bowler,,,,,,,19.03288528650231,,19.03288528650231,,19.0,OTHER_T20/FRINGE
d2b99c2d,Myendung Singpho,Bowler,,,,14.44474830811589,,,18.96242302878598,14.444748308115889,18.96242302878598,,19.0,OTHER_T20/FRINGE
fe2ac1a8,TE Lawes,Bowler,,,,23.887229275578786,,,19.041723666210668,23.887229275578786,19.041723666210668,,19.0,OTHER_T20/FRANCHISE
99ed60f8,JPR Scantlebury-Searles,Batter,,,,19.003067664242977,,,34.89080459770115,19.003067664242977,34.89080459770115,,19.0,OTHER_T20/FRANCHISE
b2431c60,Sheraz Sirwari,Bowler,Switzerland,,27.084796478564897,,,18.976552289877283,,27.084796478564897,18.976552289877283,,19.0,INTL_T20/ASSOCIATE_FRINGE
809ab8d4,S Tarawally,Bowler,Sierra Leone,,,,,19.00795508758766,,,19.00795508758766,,19.0,INTL_T20/ASSOCIATE_FRINGE
c3e40574,DD de Soysa,Batter,,,,18.98808722902651,,,16.3996003996004,18.98808722902651,16.3996003996004,,19.0,OTHER_T20/FRINGE
8187519b,GM Hamilton,Batter,Scotland,,19.01111640455818,,,,,19.01111640455818,,,19.0,INTL_T20/ASSOCIATE_FRINGE
532cc5b8,KPNM Karunanayake,Batter,,,,18.99251304769902,,,,18.99251304769902,,,19.0,OTHER_T20/FRINGE
37a1766e,SP Guzman,Batter,Panama,,19.041486430470357,,,,,19.041486430470357,,,19.0,INTL_T20/ASSOCIATE_FRINGE
84012d7f,J Essex,Batter,St Helena,,18.95636168529098,,,,,18.95636168529098,,,19.0,INTL_T20/ASSOCIATE_FRINGE
82c78845,Khurram Manzoor,Batter,Pakistan,,17.58436085671911,21.29694918939616,,,,18.976581481472998,,,19.0,INTL_T20/ASSOCIATE_FRINGE
25d12bb4,WD Sheridan,Bowler,,,,22.076714430099663,,,18.979282674772037,22.076714430099663,18.979282674772037,,19.0,OTHER_T20/FRINGE
cf59f9b2,PS Kataria,Bowler,,,,,,,18.966918244875693,,18.966918244875693,,19.0,OTHER_T20/FRINGE
f0f0f668,SN Patel,Bowler,,,,,,,19.026769542514224,,19.026769542514224,,19.0,OTHER_T20/FRINGE
29b67b4f,GRL Weerasuriya,Batter,,,,19.02233840878798,,,,19.02233840878798,,,19.0,OTHER_T20/FRINGE
281ce63c,Riaz Afridi,Bowler,Czech Republic,,,,,18.967412586358257,,,18.967412586358257,,19.0,INTL_T20/ASSOCIATE_FRINGE
b1549dc0,GR Severin,Batter,,,,19.046910417901696,,,,19.046910417901696,,,19.0,OTHER_T20/FRINGE
f31ce798,J Thompson,Batter,,,,19.02189663287675,,,21.708689830742536,19.02189663287675,21.708689830742536,,19.0,OTHER_T20/FRINGE
249fe400,Lemar Momand,Bowler,Sweden,,18.20635279095691,,,19.0159115947564,,18.20635279095691,19.0159115947564,,19.0,INTL_T20/ASSOCIATE_FRINGE
4c4d245a,T Zotos,Batter,Greece,,18.979191368703965,,,,,18.979191368703965,,,19.0,INTL_T20/ASSOCIATE_FRINGE
e32d22f6,Pankaj Singh,Bowler,,,,,,,19.036363636363635,,19.036363636363635,,19.0,OTHER_T20/SMAT
88b4d220,K Pitman,Bowler,,,,,,,19.023176993219543,,19.023176993219543,,19.0,OTHER_T20/FRINGE
e95951b8,Henan Nazir,Batter,,,,18.978931380700285,,,,18.978931380700285,,,19.0,OTHER_T20/FRINGE
90c734f8,T Horpinitch,Batter,Seychelles,,19.023059837801974,,,,,19.023059837801974,,,19.0,INTL_T20/ASSOCIATE_FRINGE
e9ea5eb5,Khalid Usman,Bowler,,,,22.89428637807436,,,18.955162252134897,22.89428637807436,18.955162252134897,,19.0,OTHER_T20/FRINGE
9d61f3d2,V Ahir,Batter,Panama,,19.038064986156176,,,,,19.038064986156176,,,19.0,INTL_T20/ASSOCIATE_FRINGE
a0d05c98,Suraj Ahuja,Batter,,,,19.025737198491477,,,,19.025737198491477,,,19.0,OTHER_T20/FRINGE
d0db2e43,M Gqadushe,Bowler,,,,,,,19.01151648351648,,19.01151648351648,,19.0,OTHER_T20/FRINGE
4ba77c99,A Nicholas,Batter,Swaziland,,18.980492210651818,,,,,18.980492210651818,,,19.0,INTL_T20/ASSOCIATE_FRINGE
b2e79789,VM Waqavakatoga,Batter,Fiji,,19.010220303442686,,,20.262357414448672,,19.010220303442686,20.262357414448672,,19.0,INTL_T20/ASSOCIATE_FRINGE
b3354c63,Chopise Hopongkyu,Bowler,,,,,,,19.003540245412587,,19.003540245412587,,19.0,OTHER_T20/FRINGE
da09ca26,Breeze Ahir,Batter,Panama,,18.997073594090885,,,,,18.997073594090885,,,19.0,INTL_T20/ASSOCIATE_FRINGE
b31d458f,Luca Petre,Bowler,Romania,,27.41720199368458,,,19.030453747685584,,27.41720199368458,19.030453747685584,,19.0,INTL_T20/ASSOCIATE_FRINGE
1ca51098,Hassan Rasheed,Batter,Maldives,,18.99252085688255,,,,,18.99252085688255,,,19.0,INTL_T20/ASSOCIATE_FRINGE
c945df30,CB Paul,Bowler,,,,19.003897004713735,,,18.999970280310706,19.003897004713735,18.999970280310706,,19.0,OTHER_T20/FRINGE
f992200b,Akash Parkar,Bowler,,,,19.72883225051413,,,19.046105409539706,19.72883225051413,19.046105409539706,,19.0,OTHER_T20/FRINGE
1688f2dc,T Lungameni,Bowler,Namibia,,24.66771887006783,,,19.013203873622793,,24.66771887006783,19.013203873622793,,19.0,INTL_T20/ASSOCIATE_FRINGE
8e02f42b,Aditya Garhwal,Batter,,,,18.954017541199068,,,,18.954017541199068,,,19.0,OTHER_T20/SMAT
6af31962,JS Iggo,Batter,Singapore,,18.975132712785168,,,20.063407712932428,,18.975132712785168,20.063407712932428,,19.0,INTL_T20/ASSOCIATE_FRINGE
ab446fe9,KR Smuts,Batter,,,,19.032489742590784,,,21.594202376449257,19.032489742590784,21.594202376449257,,19.0,OTHER_T20/FRINGE
6c7f0100,Song Yulin,Bowler,China,,,,,19.036806617750543,,,19.036806617750543,,19.0,INTL_T20/ASSOCIATE_FRINGE
8a9e3cd0,C Forbes,Batter,Swaziland,,18.983655968414816,,,,,18.983655968414816,,,19.0,INTL_T20/ASSOCIATE_FRINGE
039cabd9,TS Waqavakatoga,Bowler,Fiji,,26.42959563439673,,,18.98788236092308,,26.42959563439673,18.98788236092308,,19.0,INTL_T20/ASSOCIATE_FRINGE
bbe68b55,HRD Adair,Batter,,,,18.85900389932648,,,,18.85900389932648,,,18.9,OTHER_T20/FRINGE
0d705d2d,Y Khatri,Bowler,,,,,,,18.86909557581898,,18.86909557581898,,18.9,OTHER_T20/FRINGE
fd0aef78,UBS Thakuri,Bowler,,,,,,,18.89128267477204,,18.89128267477204,,18.9,OTHER_T20/FRINGE
0d1e8d3a,J Kida,Batter,Fiji,,18.893106896877214,,,24.837311170486075,,18.893106896877214,24.837311170486075,,18.9,INTL_T20/ASSOCIATE_FRINGE
e515ed23,ZAJ Cumming,Bowler,,,,,,,18.852755981607043,,18.852755981607043,,18.9,OTHER_T20/FRINGE
1339f52a,M Fontaine,Batter,Hungary,,18.93161248299397,,,17.959004727160618,,18.93161248299397,17.959004727160618,,18.9,INTL_T20/ASSOCIATE_FRINGE
448dab1a,S Loday,Batter,Bhutan,,18.881048475788834,,,,,18.881048475788834,,,18.9,INTL_T20/ASSOCIATE_FRINGE
4898e6fb,S Karki,Batter,,,,18.92342641896039,,,,18.92342641896039,,,18.9,OTHER_T20/FRINGE
6d6f52fc,Guido Angeletti,Batter,Argentina,,18.881100246143724,,,24.743644419499933,,18.881100246143724,24.743644419499933,,18.9,INTL_T20/ASSOCIATE_FRINGE
137b58de,GS Sandhu (2),Bowler,,,,,,,18.918981425194193,,18.918981425194193,,18.9,OTHER_T20/FRINGE
4c1e18e8,CR Jones,Batter,,,,18.850803957946816,,,,18.850803957946816,,,18.9,OTHER_T20/FRINGE
753ada66,A Dhingra,Bowler,Luxembourg,,23.32775308132979,,,18.878423343124823,,23.32775308132979,18.878423343124823,,18.9,INTL_T20/ASSOCIATE_FRINGE
3185266a,DLS van Bunge,Batter,Netherlands,,18.8668765041348,,,21.298903457553646,,18.8668765041348,21.298903457553646,,18.9,INTL_T20/ASSOCIATE_FRINGE
a18da10f,Karan Patel,Batter,,,,18.928295219878862,,,21.670029000126085,18.928295219878862,21.670029000126085,,18.9,OTHER_T20/FRINGE
aef46dfc,SJ Barman,Bowler,,,,,,,18.862632894292467,,18.862632894292467,,18.9,OTHER_T20/FRINGE
b2dbe638,A Sheikh,Bowler,,,,,,,18.887294832826747,,18.887294832826747,,18.9,OTHER_T20/FRINGE
cd468a10,Mitulkumar Patel,Batter,Panama,,18.92727310286054,,,,,18.92727310286054,,,18.9,INTL_T20/ASSOCIATE_FRINGE
634749ad,TC Ali,Bowler,,,,,,,18.904768208938425,,18.904768208938425,,18.9,OTHER_T20/FRINGE
c08bdbbe,A Muthalib,Batter,,,,18.86173988475671,,,,18.86173988475671,,,18.9,OTHER_T20/FRINGE
b3213c74,Mohor Sheikh,Bowler,,,,15.248432338595695,,,18.943682989980864,15.248432338595695,18.943682989980864,,18.9,OTHER_T20/FRINGE
752cd438,TB Thapa,Bowler,,,,,,,18.944,,18.944,,18.9,OTHER_T20/FRINGE
750d906e,MJ Gibson,Bowler,,,,,,,18.857132049983115,,18.857132049983115,,18.9,OTHER_T20/FRINGE
8c5b0ce7,VK Saha,Bowler,,,,18.000005062082373,,,18.943215708978627,18.000005062082373,18.943215708978627,,18.9,OTHER_T20/FRINGE
638f451b,N Zimonjic,Batter,Serbia,,18.945897095391775,,,18.033629637241805,,18.945897095391775,18.033629637241805,,18.9,INTL_T20/ASSOCIATE_FRINGE
5a8ab04a,Riyad Khan,Bowler,Fiji,,,,,18.906694046231035,,,18.906694046231035,,18.9,INTL_T20/ASSOCIATE_FRINGE
5afc0b37,Yusuf Bhoola,Batter,Panama,,18.905141277954744,,,,,18.905141277954744,,,18.9,INTL_T20/ASSOCIATE_FRINGE
5a42db78,Abdullah Jasat,Bowler,Panama,,24.34705642078494,,,18.925791548745895,,24.34705642078494,18.925791548745895,,18.9,INTL_T20/ASSOCIATE_FRINGE
6978bff0,Sajad Ahmadzai,Bowler,Belgium,,24.10697654773064,,,18.913554112427835,,24.10697654773064,18.913554112427835,,18.9,INTL_T20/ASSOCIATE_FRINGE
e086735b,Umair Qasim,Bowler,Eswatini,,30.19720120850731,,,18.87172899928497,,30.19720120850731,18.87172899928497,,18.9,INTL_T20/ASSOCIATE_FRINGE
ccc17282,SJ Harbinson,Bowler,,,,26.28994663784261,,,18.89346431141066,26.28994663784261,18.89346431141066,,18.9,OTHER_T20/FRINGE
3bc18521,VF Bomnyuy,Batter,Cameroon,,18.925470693629066,,,21.403604459973284,,18.925470693629066,21.403604459973284,,18.9,INTL_T20/ASSOCIATE_FRINGE
8799dc6d,Akash Luitel,Batter,,,,18.885515827212828,,,,18.885515827212828,,,18.9,OTHER_T20/FRINGE
2122c023,Nazeeb Saiyed,Batter,,,,18.923657075558484,,,19.805248842696834,18.923657075558484,19.805248842696834,,18.9,OTHER_T20/FRINGE
67721a32,S Santhirakumaran,Batter,France,,18.89825012926086,,,,,18.89825012926086,,,18.9,INTL_T20/ASSOCIATE_FRINGE
789fd884,CA Thyssen,Batter,,,,18.856507453126994,,,,18.856507453126994,,,18.9,OTHER_T20/FRINGE
77079be1,D Mohammed,Bowler,,,,,,,18.882911698230846,,18.882911698230846,,18.9,OTHER_T20/FRINGE
e7199177,S van Staden,Batter,,,,18.755899198914136,,,,18.755899198914136,,,18.8,OTHER_T20/FRINGE
44e58b5b,AA Chakraborty,Bowler,,,,16.774225414037513,,,18.762836879432626,16.774225414037513,18.762836879432626,,18.8,OTHER_T20/FRINGE
473041ad,Lagnajit Samal,Batter,,,,18.849849430933904,,,,18.849849430933904,,,18.8,OTHER_T20/FRINGE
7804d401,R Davson,Batter,Bahamas,,18.81577752941024,,,,,18.81577752941024,,,18.8,INTL_T20/ASSOCIATE_FRINGE
43936951,DR Tuffey,Bowler,New Zealand,,,,,18.83165993946924,,,18.83165993946924,,18.8,INTL_T20/ASSOCIATE_FRINGE
b504e8b8,P Hatchman,Batter,Gibraltar,,18.766460451841493,,,,,18.766460451841493,,,18.8,INTL_T20/ASSOCIATE_FRINGE
0e4de7de,J Kunnanchirakkal,Batter,Malta,,18.755489704679057,,,,,18.755489704679057,,,18.8,INTL_T20/ASSOCIATE_FRINGE
69c2944f,FF Lellman,Bowler,,,,19.104128147820624,,,18.824074492208233,19.104128147820624,18.824074492208233,,18.8,OTHER_T20/FRINGE
a1e80d06,A Shukla,Bowler,Hong Kong,,17.444217459210417,,,18.80819185290673,,17.444217459210417,18.80819185290673,,18.8,INTL_T20/ASSOCIATE_FRINGE
2f873ad6,S Seyibokwe,Batter,,,,18.769044331677694,,,,18.769044331677694,,,18.8,OTHER_T20/FRINGE
324e5c36,Samarth Shetty,Batter,Sweden,,18.8277711273004,,,25.843951383114877,,18.8277711273004,25.843951383114877,,18.8,INTL_T20/ASSOCIATE_FRINGE
561aff5c,Taibur Rahman,Batter,,,,18.778164847474187,,,,18.778164847474187,,,18.8,OTHER_T20/FRINGE
de6ad58b,P Pustoslemsek,Batter,Slovenia,,18.805960159232786,,,25.057910681960113,,18.805960159232786,25.057910681960113,,18.8,INTL_T20/ASSOCIATE_FRINGE
f6d3cab2,J Masquater,Batter,Tanzania,,18.753010455423794,,,,,18.753010455423794,,,18.8,INTL_T20/ASSOCIATE_FRINGE
79765f6f,JS Floros,Batter,,,,18.800726716389367,,,20.95,18.800726716389367,20.95,,18.8,OTHER_T20/FRANCHISE
5222f5fa,H McKenzie,Bowler,,,,21.666042035411806,,,18.84526038500507,21.666042035411806,18.84526038500507,,18.8,OTHER_T20/FRINGE
7239b60d,CAH Stevenson,Bowler,United States of America,,20.14692194184024,,,20.319883112673327,16.224790466541226,20.14692194184024,18.784223370373788,,18.8,INTL_T20/ASSOCIATE_FRINGE
7023aeed,S Manuranga,Batter,,,,18.844946988495376,,,,18.844946988495376,,,18.8,OTHER_T20/FRINGE
7625e5df,UVS Fernando,Batter,,,,18.759592546949772,,,,18.759592546949772,,,18.8,OTHER_T20/FRINGE
da44ae21,T Verwey,Bowler,Namibia,,,,,18.809105848957945,,,18.809105848957945,,18.8,INTL_T20/ASSOCIATE_FRINGE
286fab38,Tenzin Wangchuk jnr,Batter,Bhutan,,18.7866180301596,,,,,18.7866180301596,,,18.8,INTL_T20/ASSOCIATE_FRINGE
cd626284,Akshay Jain,Bowler,,,,,,,18.829768321513004,,18.829768321513004,,18.8,OTHER_T20/FRINGE
a80cc0cc,Shahrukh Quddus,Bowler,Kuwait,,17.839579285109377,,,18.847629172589983,,17.839579285109377,18.847629172589983,,18.8,INTL_T20/ASSOCIATE_FRINGE
782ca295,JE Jayakodyge,Batter,,,,18.777661896677177,,,,18.777661896677177,,,18.8,OTHER_T20/FRINGE
c3b93a03,J Blackwood,Batter,,,,18.792429191986606,,,,18.792429191986606,,,18.8,OTHER_T20/FRANCHISE
8546afe3,A Kajan,Batter,,,,18.78777199687114,,,,18.78777199687114,,,18.8,OTHER_T20/FRINGE
3a661be2,BG Porteous,Batter,,,,18.768849489352814,,,,18.768849489352814,,,18.8,OTHER_T20/FRINGE
764f35d8,N Sharma,Bowler,,,,17.600045163590192,,,18.67362202753442,17.600045163590192,18.67362202753442,,18.7,OTHER_T20/FRINGE
8d70ab3e,Bishawnath Halder,Bowler,,,,,,,18.73398086232129,,18.73398086232129,,18.7,OTHER_T20/FRINGE
4765ad1e,Vishal Jayswal,Batter,,,,18.700172474067916,,,,18.700172474067916,,,18.7,OTHER_T20/FRINGE
3e46c4f3,Junaid Mehmood,Batter,Norway,,18.73810769564453,,,,,18.73810769564453,,,18.7,INTL_T20/ASSOCIATE_FRINGE
047e80ca,Sabbir Hossain,Batter,,,,18.660306761501364,,,17.06694846223279,18.660306761501364,17.06694846223279,,18.7,OTHER_T20/FRINGE
0b30bc8a,AA Pragasam,Bowler,,,,,,,18.684421167484995,,18.684421167484995,,18.7,OTHER_T20/FRINGE
74a274cc,TG Helm,All-rounder,,,,9.891427492447129,,,22.464401004304165,9.891427492447129,22.464401004304165,,18.7,OTHER_T20/FRANCHISE
b3f84419,Lithma Perera,Batter,,,,18.72583717771905,,,,18.72583717771905,,,18.7,OTHER_T20/FRINGE
85b0ccd1,Khurram Shahzad,Batter,Qatar,,18.749167193959664,,,,,18.749167193959664,,,18.7,INTL_T20/ASSOCIATE_FRINGE
43b01577,Koripalli Sreekanth,Batter,,,,18.735433000179544,,,,18.735433000179544,,,18.7,OTHER_T20/FRINGE
46b9eda8,S Langa,Bowler,,,,,,,18.734075725167923,,18.734075725167923,,18.7,OTHER_T20/FRINGE
e345bcdc,Mohammad Waheed,Bowler,Hong Kong,,,,,18.71430005694968,,,18.71430005694968,,18.7,INTL_T20/ASSOCIATE_FRINGE
d3eedb51,I Mugisha,Bowler,Rwanda,,25.3207063312139,,,18.740391473978185,,25.3207063312139,18.740391473978185,,18.7,INTL_T20/ASSOCIATE_FRINGE
5b8cf03a,Yashaswi Rishav,Batter,,,,18.674927787579975,,,,18.674927787579975,,,18.7,OTHER_T20/FRINGE
0474fd64,KB Patil,Batter,Mexico,,18.68158802107168,,,,,18.68158802107168,,,18.7,INTL_T20/ASSOCIATE_FRINGE
9fc73711,CJM Sabburg,Batter,,,,18.71317590026909,,,,18.71317590026909,,,18.7,OTHER_T20/FRINGE
ad9a3160,BJJ Wells,Batter,,,,18.727272727272727,,,,18.727272727272727,,,18.7,OTHER_T20/FRINGE
bf385668,RB Javed,Bowler,Denmark,,24.400042980411214,,,18.690039905892547,,24.400042980411214,18.690039905892547,,18.7,INTL_T20/ASSOCIATE_FRINGE
c329d304,J Cutinho,Batter,Costa Rica,,18.706579630981413,,,25.664417839893126,,18.706579630981413,25.664417839893126,,18.7,INTL_T20/ASSOCIATE_FRINGE
72caebdc,GI Gokoel,Batter,Suriname,,18.66883787459136,,,17.82267542343588,,18.66883787459136,17.82267542343588,,18.7,INTL_T20/ASSOCIATE_FRINGE
ddc7a53d,DR Deshmukh,Bowler,,,,,,,18.723978306216104,,18.723978306216104,,18.7,OTHER_T20/FRINGE
24c1844e,S Chaudhary,Bowler,Czech Republic,,21.28424781163187,,,18.654714779757295,,21.28424781163187,18.654714779757295,,18.7,INTL_T20/ASSOCIATE_FRINGE
cefe0886,E Schiferli,Bowler,Netherlands,,,,,18.708646208186366,,,18.708646208186366,,18.7,INTL_T20/ASSOCIATE_FRINGE
df3438ae,TW Samuels,Batter,Belize,,18.689226948241476,,,17.42136190805392,,18.689226948241476,17.42136190805392,,18.7,INTL_T20/ASSOCIATE_FRINGE
76d0ac27,Arpit Pannu,Bowler,,,,,,,18.715145506975293,,18.715145506975293,,18.7,OTHER_T20/FRINGE
a843d7a8,Obed Yosef,Bowler,Vanuatu,,,,,18.656686784527846,,,18.656686784527846,,18.7,INTL_T20/ASSOCIATE_FRINGE
411cc6c6,Himalaya Barad,Batter,,,,18.72027757235489,,,,18.72027757235489,,,18.7,OTHER_T20/FRINGE
4cbf2e06,Saad Ali,Batter,,,,18.739502004626893,,,,18.739502004626893,,,18.7,OTHER_T20/FRINGE
2f1c0815,D Cato,Batter,Cayman Islands,,18.722607897401897,,,,,18.722607897401897,,,18.7,INTL_T20/ASSOCIATE_FRINGE
13ef4457,A Wanninayake,Batter,,,,18.656231430173943,,,,18.656231430173943,,,18.7,OTHER_T20/FRINGE
80de053e,B Siddharth,Batter,Oman,,18.663115904314402,,,,,18.663115904314402,,,18.7,INTL_T20/ASSOCIATE_FRINGE
97175150,D O'Bey,Batter,St Helena,,18.663824793174612,,,,,18.663824793174612,,,18.7,INTL_T20/ASSOCIATE_FRINGE
35a9b029,ND Ahangamage,Batter,,,,18.724282516362344,,,,18.724282516362344,,,18.7,OTHER_T20/FRINGE
6755b6c7,Merwais Shinwari,Batter,Slovenia,,18.65997253884649,,,22.567081071738865,,18.65997253884649,22.567081071738865,,18.7,INTL_T20/ASSOCIATE_FRINGE
f059910f,Moshiur Rahman,Batter,Estonia,,18.690796842273528,,,,,18.690796842273528,,,18.7,INTL_T20/ASSOCIATE_FRINGE
363e36a7,K Anjula,Bowler,,,,20.27063606995497,,,18.695814212209708,20.27063606995497,18.695814212209708,,18.7,OTHER_T20/FRINGE
778b9795,K Nadeeshan,Bowler,,,,20.652884843944378,,,18.7059386843784,20.652884843944378,18.7059386843784,,18.7,OTHER_T20/FRINGE
4fc115af,RJ Pierre,Batter,Rwanda,,18.654659257551945,,,15.836621548218504,,18.654659257551945,15.836621548218504,,18.7,INTL_T20/ASSOCIATE_FRINGE
78091b14,M Sidibe,Batter,Mali,,18.67120911814232,,,,,18.67120911814232,,,18.7,INTL_T20/ASSOCIATE_FRINGE
3758028b,JD Allan,Batter,Vanuatu,,18.675118839479072,,,,,18.675118839479072,,,18.7,INTL_T20/ASSOCIATE_FRINGE
880eca04,J Reb,Batter,Serbia,,18.705869054806932,,,,,18.705869054806932,,,18.7,INTL_T20/ASSOCIATE_FRINGE
8c911414,D Faletar,Batter,Croatia,,18.557661322353358,,,,,18.557661322353358,,,18.6,INTL_T20/ASSOCIATE_FRINGE
6d9238ac,Serdar Burak Emir,Batter,Turkey,,18.604533755022146,,,16.43764344192101,,18.604533755022146,16.43764344192101,,18.6,INTL_T20/ASSOCIATE_FRINGE
928670cc,BJ Watling,Batter,New Zealand,,18.578499561486232,,,,,18.578499561486232,,,18.6,INTL_T20/ASSOCIATE_FRINGE
f29dfbc0,W Bedja,Bowler,,,,,,,18.588344319287998,,18.588344319287998,,18.6,OTHER_T20/FRINGE
f51c1a3b,K Molefe,Bowler,,,,,,,18.607754344945832,,18.607754344945832,,18.6,OTHER_T20/FRINGE
b16cf2ec,AP Palladino,Bowler,,,,17.485326196520777,,,18.624591691995946,17.485326196520777,18.624591691995946,,18.6,OTHER_T20/FRINGE
eb45b187,I Mustafoev,Bowler,Uzbekistan,,,,,18.58844986917648,,,18.58844986917648,,18.6,INTL_T20/ASSOCIATE_FRINGE
11b785d6,J Thomas,Batter,St Helena,,18.590382898889033,,,22.02038074195869,,18.590382898889033,22.02038074195869,,18.6,INTL_T20/ASSOCIATE_FRINGE
14f2ce7a,Ankit Yadav,Batter,,,,18.617225871044354,,,20.608025469675955,18.617225871044354,20.608025469675955,,18.6,OTHER_T20/FRINGE
29bcd46c,RS Pillay,Batter,,,,18.615041207485035,,,18.370930040832953,18.615041207485035,18.370930040832953,,18.6,OTHER_T20/FRINGE
44cc7766,Iqlas Naha,Batter,,,,18.59482159926179,,,,18.59482159926179,,,18.6,OTHER_T20/FRINGE
2123f6e8,Piyush Joshi,Batter,,,,18.64204947036667,,,,18.64204947036667,,,18.6,OTHER_T20/FRINGE
9ac1dc9f,Qadeer Ahmed,Bowler,United Arab Emirates,,20.126698147960308,,,18.609131068550006,,20.126698147960308,18.609131068550006,,18.6,INTL_T20/ASSOCIATE_FRINGE
4a441764,R Amarshi,Batter,Tanzania,,18.59562309536801,,,,,18.59562309536801,,,18.6,INTL_T20/ASSOCIATE_FRINGE
3eb26dc4,S Desungnoen,Batter,Thailand,,18.602165865474426,,,24.321871992974657,,18.602165865474426,24.321871992974657,,18.6,INTL_T20/ASSOCIATE_FRINGE
dc2f959a,SO Dowrich,Batter,,,,18.587228391248097,,,,18.587228391248097,,,18.6,OTHER_T20/FRINGE
a15aaa7f,TR Ambrose,Wicketkeeper,England,,,16.84751567844255,,,,16.84751567844255,,25.799582127933142,18.6,OTHER_T20/FRANCHISE
a8942d26,P Ochan,Bowler,Uganda,,18.026367636924178,,,18.62234499084024,,18.026367636924178,18.62234499084024,,18.6,INTL_T20/ASSOCIATE_FRINGE
c83c594d,M Cope,Bowler,Luxembourg,,19.422999890825288,,,18.647473922857152,,19.422999890825288,18.647473922857152,,18.6,INTL_T20/ASSOCIATE_FRINGE
b2498b5d,Saad Masood,Bowler,,,,26.443428045093874,,,18.61116365381539,26.443428045093874,18.61116365381539,,18.6,OTHER_T20/FRINGE
c6355538,Mayan Yadav,Batter,,,,18.621167031819304,,,22.871303453827725,18.621167031819304,22.871303453827725,,18.6,OTHER_T20/FRINGE
54403333,N Salekar,Batter,Thailand,,18.61753732796761,,,23.554704552461207,,18.61753732796761,23.554704552461207,,18.6,INTL_T20/ASSOCIATE_FRINGE
664189ff,CR Amini,Bowler,Papua New Guinea,,23.763375523149556,,,18.618892460467848,,23.763375523149556,18.618892460467848,,18.6,INTL_T20/ASSOCIATE_FRINGE
ecfa6005,P Deol,Batter,Cyprus,,18.556406821806554,,,,,18.556406821806554,,,18.6,INTL_T20/ASSOCIATE_FRINGE
3307fd38,Azmatullah Nazeer,Bowler,Kuwait,,25.83827769330825,,,18.599860283851598,,25.83827769330825,18.599860283851598,,18.6,INTL_T20/ASSOCIATE_FRINGE
f66b8839,NT Gamage,Batter,,,,18.644827154287135,,,17.96441530422113,18.644827154287135,17.96441530422113,,18.6,OTHER_T20/FRINGE
1ce4f664,KS Bagabena,Bowler,Ghana,,19.952263360944936,,,18.632976711723515,,19.952263360944936,18.632976711723515,,18.6,INTL_T20/ASSOCIATE_FRINGE
8c7b9bfc,Mohamed Ishmath,Bowler,Maldives,,,,,18.485717007393863,,,18.485717007393863,,18.5,INTL_T20/ASSOCIATE_FRINGE
0d8f5fc6,GK Beghin,Batter,,,,18.529743184073155,,,,18.529743184073155,,,18.5,OTHER_T20/FRINGE
e72d8f6a,Marshall Ayub,Batter,,,,18.482231774046838,,,,18.482231774046838,,,18.5,OTHER_T20/FRINGE
899bc881,Neelambuj Vats,Batter,,,,18.524156202360043,,,17.806193806193804,18.524156202360043,17.806193806193804,,18.5,OTHER_T20/FRINGE
8da6dbf1,Sagar Trivedi,Bowler,,,,,,,18.519480519480517,,18.519480519480517,,18.5,OTHER_T20/SMAT
c6e87b1c,Kashif Khan,Batter,Singapore,,18.48093203910051,,,24.458783783783787,,18.48093203910051,24.458783783783787,,18.5,INTL_T20/ASSOCIATE_FRINGE
49fd9963,KF Bakiweyem,Batter,Ghana,,18.514638329198423,,,,,18.514638329198423,,,18.5,INTL_T20/ASSOCIATE_FRINGE
e64c35df,A Johnmary,Batter,France,,18.533577146210273,,,,,18.533577146210273,,,18.5,INTL_T20/ASSOCIATE_FRINGE
e2ee90d9,MA Aponso,Bowler,Sri Lanka,,,,,21.44157091518149,13.61338399189463,,18.506000818948916,,18.5,INTL_T20/ASSOCIATE_FRINGE
c577d7d4,A Chaubey,Batter,Croatia,,18.469887000794294,,,18.313513513513517,,18.469887000794294,18.313513513513517,,18.5,INTL_T20/ASSOCIATE_FRINGE
a557333b,VO Lawes,Bowler,,,,22.811573128545934,,,18.513888250966264,22.811573128545934,18.513888250966264,,18.5,OTHER_T20/FRINGE
1ce56cb2,Inayat Saeed,Batter,Saudi Arabia,,18.50480111900119,,,,,18.50480111900119,,,18.5,INTL_T20/ASSOCIATE_FRINGE
f5c73a14,J Perry,Batter,Suriname,,18.528511209412066,,,,,18.528511209412066,,,18.5,INTL_T20/ASSOCIATE_FRINGE
ad286dcc,AT Thomson,Bowler,,,,49.84732226746007,,,18.503063725490197,49.84732226746007,18.503063725490197,,18.5,OTHER_T20/FRANCHISE
31fa4a14,BM Johnson,Batter,,,,18.495203135845784,,,17.537918392287324,18.495203135845784,17.537918392287324,,18.5,OTHER_T20/FRINGE
ec201565,JD Newton,Batter,Croatia,,18.49466185490624,,,24.307409310451135,,18.49466185490624,24.307409310451135,,18.5,INTL_T20/ASSOCIATE_FRINGE
123e663a,S Dhaniram,Batter,Canada,,18.472705751330246,,,22.723637905101782,,18.472705751330246,22.723637905101782,,18.5,INTL_T20/ASSOCIATE_FRINGE
a73251ff,JN Dorji,Batter,Bhutan,,18.45738543490068,,,,,18.45738543490068,,,18.5,INTL_T20/ASSOCIATE_FRINGE
0e4843d2,Hamed Khan,Batter,Hong Kong,,18.500381394480236,,,,,18.500381394480236,,,18.5,INTL_T20/ASSOCIATE_FRINGE
f879ff6b,Avinash Yadav,Batter,,,,18.53498909462572,,,18.820965442324663,18.53498909462572,18.820965442324663,,18.5,OTHER_T20/FRINGE
e1fcde86,Rosan Kumar Rao,Batter,,,,18.477924182423994,,,,18.477924182423994,,,18.5,OTHER_T20/FRINGE
80beeaa1,Gandhar Bhatawadekar,Batter,,,,18.53513775011471,,,,18.53513775011471,,,18.5,OTHER_T20/FRINGE
2fef3b0c,RL Toole,Bowler,,,,,,,18.54744478216819,,18.54744478216819,,18.5,OTHER_T20/FRINGE
6464a804,Imran Bulbulia,Batter,Panama,,18.486037512215916,,,,,18.486037512215916,,,18.5,INTL_T20/ASSOCIATE_FRINGE
9e51462f,Naveed Shahid,Bowler,Finland,,,,,18.500147131859194,,,18.500147131859194,,18.5,INTL_T20/ASSOCIATE_FRINGE
9d75aec7,J Marples,Batter,Gibraltar,,18.473583338352967,,,,,18.473583338352967,,,18.5,INTL_T20/ASSOCIATE_FRINGE
5899dceb,CT Steel,Bowler,,,,46.008215085885,,,18.52777777777778,46.008215085885,18.52777777777778,,18.5,OTHER_T20/FRANCHISE
9e8bb9d2,Ritesh Negi,Batter,,,,18.490373094960766,,,16.517695896336672,18.490373094960766,16.517695896336672,,18.5,OTHER_T20/FRINGE
595f565e,TM Maphaka,Bowler,,,,,,,18.533228864122485,,18.533228864122485,,18.5,OTHER_T20/FRINGE
57330536,AJ Hickey,Batter,,,,18.530961780155327,,,,18.530961780155327,,,18.5,OTHER_T20/FRINGE
dcc76384,IC Simao,Bowler,Brazil,,13.512402743248787,,,18.495430621914092,,13.512402743248787,18.495430621914092,,18.5,INTL_T20/ASSOCIATE_FRINGE
58fba7cb,M Grzinic,Batter,Croatia,,18.454468887722292,,,,,18.454468887722292,,,18.5,INTL_T20/ASSOCIATE_FRINGE
febe4bfa,Md Saptula,Bowler,,,,16.7578368480535,,,18.450476640774518,16.7578368480535,18.450476640774518,,18.5,OTHER_T20/FRINGE
b4349ad3,D Mahavithana,Batter,,,,18.507609326157713,,,,18.507609326157713,,,18.5,OTHER_T20/FRINGE
62a48252,Anish Charak,Bowler,,,,18.84779175503794,,,18.47710510318349,18.84779175503794,18.47710510318349,,18.5,OTHER_T20/FRINGE
5ffb535d,Suhail Sattar,Batter,Timor-Leste,,18.468572348090873,,,19.593647621005037,,18.468572348090873,19.593647621005037,,18.5,INTL_T20/ASSOCIATE_FRINGE
70abbb67,Ismaeel Zia,Batter,Sweden,,18.477026518305756,,,,,18.477026518305756,,,18.5,INTL_T20/ASSOCIATE_FRINGE
7023d182,AN Ghosh,Batter,,,,18.531541257881162,,,,18.531541257881162,,,18.5,OTHER_T20/FRINGE
c8574282,MD Craig,Bowler,,,,,,,18.454857142857144,,18.454857142857144,,18.5,OTHER_T20/FRINGE
091880f7,Shantanu Kaveri,Batter,Mexico,,18.51579715775796,,,30.77788364138174,,18.51579715775796,30.77788364138174,,18.5,INTL_T20/ASSOCIATE_FRINGE
740a5494,B Leo,Bowler,St Helena,,17.840729838853473,,,18.395863105782972,,17.840729838853473,18.395863105782972,,18.4,INTL_T20/ASSOCIATE_FRINGE
0813a8b1,D Marks,Bowler,Malta,,23.23748474368034,,,18.44829847935454,,23.23748474368034,18.44829847935454,,18.4,INTL_T20/ASSOCIATE_FRINGE
75c51539,Robiul Islam Robi,Batter,,,,18.3722065088169,,,16.69328729522904,18.3722065088169,16.69328729522904,,18.4,OTHER_T20/FRINGE
5ca4a6ff,JJ Tasman-Jones,Batter,,,,18.389692729824944,,,17.225594562626462,18.389692729824944,17.225594562626462,,18.4,OTHER_T20/FRINGE
58c71b70,N Joshi,Batter,,,,18.359558528514402,,,13.525974025974026,18.359558528514402,13.525974025974026,,18.4,OTHER_T20/FRINGE
bfe33045,Nawaf Ahmed,Bowler,Kuwait,,24.196397973129862,,,18.356875662613945,,24.196397973129862,18.356875662613945,,18.4,INTL_T20/ASSOCIATE_FRINGE
bf896894,Zahid Khan,Batter,Sierra Leone,,18.416267155788724,,,16.191943641088127,,18.416267155788724,16.191943641088127,,18.4,INTL_T20/ASSOCIATE_FRINGE
253ba431,T Palihawadana,Bowler,,,,,,,18.397012235990957,,18.397012235990957,,18.4,OTHER_T20/FRINGE
9ab2cc9b,C Tshiki,Batter,,,,18.446461236140536,,,,18.446461236140536,,,18.4,OTHER_T20/FRINGE
7cf7139e,SS Shinde,Bowler,,,,18.98536144493347,,,18.42072350074782,18.98536144493347,18.42072350074782,,18.4,OTHER_T20/FRINGE
c15706c8,VV Gite,Bowler,,,,,,,18.416556250869142,,18.416556250869142,,18.4,OTHER_T20/FRINGE
219a417a,Assad Borham,Batter,Qatar,,18.367898228253836,,,,,18.367898228253836,,,18.4,INTL_T20/ASSOCIATE_FRINGE
21267b60,P Chin,Batter,Cayman Islands,,18.413740860067758,,,,,18.413740860067758,,,18.4,INTL_T20/ASSOCIATE_FRINGE
2fa66783,Kusal Wijethunga,Batter,,,,18.442855147924273,,,,18.442855147924273,,,18.4,OTHER_T20/FRINGE
63f306ac,Mudassir Iqbal,Batter,South Korea,,18.354528022488473,,,26.29967899658714,,18.354528022488473,26.29967899658714,,18.4,INTL_T20/ASSOCIATE_FRINGE
c206d8dc,Lalith Mohan,Bowler,,,,,,,18.44546909827761,,18.44546909827761,,18.4,OTHER_T20/FRINGE
bf26cd81,AM Green,Bowler,,,,15.929093368503137,,,18.429616420878833,15.929093368503136,18.429616420878833,,18.4,OTHER_T20/FRINGE
7bc29ffb,CA Dry,Bowler,,,,,,,18.351851851851848,,18.351851851851848,,18.4,OTHER_T20/FRANCHISE
cedc1d9a,P Suyal,Bowler,,,,,,,18.37333555833681,,18.37333555833681,,18.4,OTHER_T20/FRINGE
20081969,Pradeep Dadhe,Bowler,,,,,,,18.42680175616346,,18.42680175616346,,18.4,OTHER_T20/FRINGE
391d8a48,Dane Leo,Batter,St Helena,,18.407556556126885,,,,,18.407556556126885,,,18.4,INTL_T20/ASSOCIATE_FRINGE
d617bf90,TI Hinley,Bowler,,,,22.812162733817544,,,18.424611505122144,22.812162733817544,18.424611505122144,,18.4,OTHER_T20/FRINGE
6ed3d5ac,DO Obuya,Batter,Kenya,,18.39992942760116,,,,,18.39992942760116,,,18.4,INTL_T20/ASSOCIATE_FRINGE
7795ab76,BW Harmison,Batter,,,,18.371806979705188,,,20.023088023088025,18.371806979705188,20.023088023088025,,18.4,OTHER_T20/FRINGE
d1b5efdf,NCK Liyanage,Bowler,Malaysia,,23.086952184942938,,,18.426756616545013,,23.086952184942938,18.426756616545013,,18.4,INTL_T20/ASSOCIATE_FRINGE
c9729534,H Kinga,Batter,Cameroon,,18.448411734456112,,,,,18.448411734456112,,,18.4,INTL_T20/ASSOCIATE_FRINGE
c7f6dd3b,SW Ambris,Batter,,,,18.395276802817282,,,,18.395276802817282,,,18.4,OTHER_T20/FRINGE
4a65051a,HH Khadiwale,Batter,,,,18.4245029164384,,,,18.4245029164384,,,18.4,OTHER_T20/FRINGE
4557dc54,PA van Meekeren,All-rounder,Netherlands,,14.898568360458054,16.61739318083729,,20.309067688378033,19.216595970307527,16.61739318083729,19.216595970307527,,18.4,OTHER_T20/FRANCHISE
68e7e8d5,J Henry,Batter,St Helena,,18.431785289930716,,,20.791536620814185,,18.431785289930716,20.791536620814185,,18.4,INTL_T20/ASSOCIATE_FRINGE
ba3533fe,KK Hermann,Batter,Ivory Coast,,18.397764218487115,,,,,18.397764218487115,,,18.4,INTL_T20/ASSOCIATE_FRINGE
361c920a,KDA Manoj,Bowler,,,,,,,18.40160151814863,,18.40160151814863,,18.4,OTHER_T20/FRINGE
ec178b04,Jaskaran Singh,Bowler,,,,,,,18.35572486772487,,18.35572486772487,,18.4,OTHER_T20/FRINGE
ed982dfa,TM Bodibe,Batter,,,,18.406168893260116,,,,18.406168893260116,,,18.4,OTHER_T20/FRANCHISE
3b9f3af4,A Mokgakane,Batter,,,,18.382177484709807,,,,18.382177484709807,,,18.4,OTHER_T20/FRINGE
ec064d97,A Dowling,Batter,Bulgaria,,18.351704025388557,,,21.547983950075206,,18.351704025388557,21.547983950075206,,18.4,INTL_T20/ASSOCIATE_FRINGE
7864bd38,Abdul Makda,Bowler,Panama,,,,,18.377493090311496,,,18.377493090311496,,18.4,INTL_T20/ASSOCIATE_FRINGE
33e59f48,Ashar Abbas,Batter,Costa Rica,,18.36239612208734,,,,,18.36239612208734,,,18.4,INTL_T20/ASSOCIATE_FRINGE
96662adf,RR Chopra,Batter,,,,18.41673054885368,,,,18.41673054885368,,,18.4,OTHER_T20/FRINGE
d8b24492,K Carver,Bowler,,,,,,,18.369714285714288,,18.369714285714288,,18.4,OTHER_T20/FRINGE
ed97af2b,SS Dhindsa,Batter,Canada,,18.433332978328554,,,19.572216954251175,,18.433332978328554,19.572216954251175,,18.4,INTL_T20/ASSOCIATE_FRINGE
1b8c2b54,M Prasanna,Bowler,Romania,,27.136407750275197,,,18.372936088208267,,27.136407750275197,18.372936088208267,,18.4,INTL_T20/ASSOCIATE_FRINGE
1c014a94,K Dasan,Batter,Bulgaria,,18.392920346634043,,,,,18.392920346634043,,,18.4,INTL_T20/ASSOCIATE_FRINGE
b8ef67a0,D Manchanayake,Batter,,,,18.448460392793265,,,,18.448460392793265,,,18.4,OTHER_T20/FRINGE
a45a92b0,R Madushanka,Batter,,,,18.352308802308805,,,,18.352308802308805,,,18.4,OTHER_T20/FRINGE
4fbb35dd,RR Singh,Bowler,,,,23.229551716060016,,,18.3934062816616,23.229551716060016,18.3934062816616,,18.4,OTHER_T20/FRINGE
fee3c48a,EJM Cowan,Batter,,,,18.251858484701778,,,,18.251858484701778,,,18.3,OTHER_T20/FRINGE
4895df9e,S Houghton,Batter,Croatia,,18.27012877576038,,,,,18.27012877576038,,,18.3,INTL_T20/ASSOCIATE_FRINGE
3e331df6,Matthew Walker,Bowler,Gibraltar,,,,,18.257353943953568,,,18.257353943953568,,18.3,INTL_T20/ASSOCIATE_FRINGE
d27dafe2,Ankit Kushwah,Bowler,,,,,,,18.302731509625126,,18.302731509625126,,18.3,OTHER_T20/FRINGE
92780e2f,JU Goolie,Batter,,,,18.285714285714285,,,,18.285714285714285,,,18.3,OTHER_T20/FRANCHISE
4052ab5c,Mohit Jangra,Bowler,,,,20.986641723070214,,,18.306277608915906,20.986641723070214,18.306277608915906,,18.3,OTHER_T20/FRINGE
4dac55a7,H Amarasinghe,Batter,,,,18.329028600687586,,,,18.329028600687586,,,18.3,OTHER_T20/FRINGE
16b5917d,Daryl Ferrario,Batter,,,,18.347927716259584,,,,18.347927716259584,,,18.3,OTHER_T20/FRINGE
0c8836b6,AJ Crosthwaite,Batter,,,,18.325757091821405,,,,18.325757091821405,,,18.3,OTHER_T20/FRINGE
8a027c6a,KB Tember,Batter,Indonesia,,18.313941965826288,,,,,18.313941965826288,,,18.3,INTL_T20/ASSOCIATE_FRINGE
87c93848,Wei Guo Lei,Batter,China,,18.322305366621762,,,,,18.322305366621762,,,18.3,INTL_T20/ASSOCIATE_FRINGE
91cd337c,R Panchal,Batter,Spain,,18.32026522909335,,,23.62460124723483,,18.32026522909335,23.62460124723483,,18.3,INTL_T20/ASSOCIATE_FRINGE
1e50426a,M Kristensen,Bowler,Denmark,,,,,18.27472976316199,,,18.27472976316199,,18.3,INTL_T20/ASSOCIATE_FRINGE
bd25d145,H Coetzer,Batter,,,,18.312936962424132,,,21.681334846383393,18.312936962424132,21.681334846383393,,18.3,OTHER_T20/FRINGE
ee40679e,HA Jackson,Batter,France,,18.295991841615916,,,,,18.295991841615916,,,18.3,INTL_T20/ASSOCIATE_FRINGE
de16fed9,L Grace,Batter,Cook Islands,,18.254114098381883,,,,,18.254114098381883,,,18.3,INTL_T20/ASSOCIATE_FRINGE
d9092a19,DJ White,Batter,,,,18.321497626050782,,,,18.321497626050782,,,18.3,OTHER_T20/FRINGE
5597338d,S Ravikumar,Batter,Costa Rica,,18.319129956969505,,,27.286481348268417,,18.319129956969505,27.286481348268417,,18.3,INTL_T20/ASSOCIATE_FRINGE
61b9410c,Langlonyamba Meitan Keishangbam,Batter,,,,18.288004611283448,,,20.626480315800706,18.288004611283448,20.626480315800706,,18.3,OTHER_T20/FRINGE
5e5eab39,Nazmul Hossain,Bowler,Bangladesh,,,,,17.411753949735136,19.91026856831112,,18.34869693170113,,18.3,INTL_T20/ASSOCIATE_FRINGE
da520be4,C Sandaru,Batter,,,,18.27672697057346,,,,18.27672697057346,,,18.3,OTHER_T20/FRINGE
72ae14d0,Zeeshan Goraya,Bowler,Austria,,19.795053276780294,,,18.257447247575406,,19.795053276780294,18.257447247575406,,18.3,INTL_T20/ASSOCIATE_FRINGE
a18d14c7,Zubaid Akbari,Batter,,,,18.251796437049894,,,,18.251796437049894,,,18.3,OTHER_T20/FRINGE
f0f5b2aa,Akshay Chandran,Bowler,,,,21.51256632955121,,,18.349583055917403,21.51256632955121,18.349583055917403,,18.3,OTHER_T20/FRINGE
2f6f44bb,RDB Ahir,Batter,Panama,,18.295405743358007,,,29.32387683224185,,18.295405743358007,29.32387683224185,,18.3,INTL_T20/ASSOCIATE_FRINGE
3c5df172,JKC Ahir,Bowler,Panama,,,,,18.294800926271755,,,18.294800926271755,,18.3,INTL_T20/ASSOCIATE_FRINGE
50b8bb30,S Rayner,Batter,Bermuda,,18.330622279899426,,,,,18.330622279899426,,,18.3,INTL_T20/ASSOCIATE_FRINGE
ed82d9a5,L Shafeeg,Bowler,Maldives,,23.92478744697803,,,18.31016386110127,,23.92478744697803,18.31016386110127,,18.3,INTL_T20/ASSOCIATE_FRINGE
52dfe157,T Filer,Batter,Estonia,,18.325455048397963,,,,,18.325455048397963,,,18.3,INTL_T20/ASSOCIATE_FRINGE
d406e303,D Johnson,Bowler,Cayman Islands,,19.2124110940792,,,18.248350960777366,,19.2124110940792,18.248350960777366,,18.2,INTL_T20/ASSOCIATE_FRINGE
8bba9ec2,KJ Young,Batter,Belize,,18.236013966932134,,,20.95070954120384,,18.236013966932134,20.95070954120384,,18.2,INTL_T20/ASSOCIATE_FRINGE
30a307d3,J Baleicikoibia,Batter,Fiji,,18.236433767093693,,,18.025192683177476,,18.236433767093693,18.025192683177476,,18.2,INTL_T20/ASSOCIATE_FRINGE
81b4dd77,Yudha Verdian,Batter,Indonesia,,18.15499668924508,,,,,18.15499668924508,,,18.2,INTL_T20/ASSOCIATE_FRINGE
23d4170c,RW Hartley,Batter,Serbia,,18.20488015191979,,,,,18.20488015191979,,,18.2,INTL_T20/ASSOCIATE_FRINGE
af4a9a0a,J Blades,Bowler,West Indies,,17.704866330656657,,,18.0930426723134,18.319359675785208,17.704866330656657,18.177911548615324,,18.2,INTL_T20/ASSOCIATE_FRINGE
21fdde93,SF Mofokeng,Bowler,,,,,,,18.225602836879432,,18.225602836879432,,18.2,OTHER_T20/FRINGE
5ce5204c,IA Moran,Bowler,,,,,,,18.15091325695581,,18.15091325695581,,18.2,OTHER_T20/FRINGE
6fdff976,Suheh Hussain,Batter,,,,18.177491057329767,,,,18.177491057329767,,,18.2,OTHER_T20/FRINGE
fd8a9b23,GH Rhodes,Batter,,,,18.191197781758845,,,26.14296721925016,18.191197781758845,26.14296721925016,,18.2,OTHER_T20/FRINGE
ff13b10c,Mohamed Shafeeq,Bowler,Kuwait,,20.511926387359146,,,18.225547857945163,,20.511926387359146,18.225547857945163,,18.2,INTL_T20/ASSOCIATE_FRINGE
d3fcb126,E Hasahya,Batter,Uganda,,18.167203087722527,,,,,18.167203087722527,,,18.2,INTL_T20/ASSOCIATE_FRINGE
014da3d8,Paras Singh,Bowler,Hong Kong,,,,,18.23579324868779,,,18.23579324868779,,18.2,INTL_T20/ASSOCIATE_FRINGE
b6d95d47,Manvan Patel,Bowler,,,,20.56644760632686,,,18.22816298150466,20.56644760632686,18.22816298150466,,18.2,OTHER_T20/FRINGE
8c11c10a,DR Tawake,Batter,Fiji,,18.226937221390727,,,,,18.226937221390727,,,18.2,INTL_T20/ASSOCIATE_FRINGE
d017ecd5,J Kaushal,Batter,,,,18.175657106167336,,,,18.175657106167336,,,18.2,OTHER_T20/FRINGE
ecf7bbc9,TJ Phillips,Bowler,,,,25.326444454318487,,,18.24986552721613,25.326444454318487,18.24986552721613,,18.2,OTHER_T20/FRINGE
305c9b8a,V Rathinasamy,Batter,Croatia,,18.16975348273582,,,24.07449762240637,,18.16975348273582,24.07449762240637,,18.2,INTL_T20/ASSOCIATE_FRINGE
3ad2a6d1,Treyaksh Bali,Batter,,,,18.150005236698785,,,,18.150005236698785,,,18.2,OTHER_T20/FRINGE
8360c9b9,AM Reddy,Batter,,,,18.173031806902774,,,,18.173031806902774,,,18.2,OTHER_T20/FRINGE
a2f71c9f,DJ van Wyk,Batter,,,,18.156841746962716,,,,18.156841746962716,,,18.2,OTHER_T20/FRINGE
93c8799e,N Acawei,Batter,Fiji,,18.228879609953246,,,,,18.228879609953246,,,18.2,INTL_T20/ASSOCIATE_FRINGE
177009a5,LA Collado,Batter,Gibraltar,,18.206633603421487,,,,,18.206633603421487,,,18.2,INTL_T20/ASSOCIATE_FRINGE
879aedd7,DR Melton,Bowler,,,,,,,18.19008172914556,,18.19008172914556,,18.2,OTHER_T20/FRINGE
144fdfd4,Yogesh Tiwari,Batter,,,,18.219219583037297,,,,18.219219583037297,,,18.2,OTHER_T20/FRINGE
6a37f771,Muawiyath Ghanee,Batter,Maldives,,18.162080279309567,,,,,18.162080279309567,,,18.2,INTL_T20/ASSOCIATE_FRINGE
89b2f78f,Sameer Yousuf,Bowler,Bahrain,,,,,18.194866859805046,,,18.194866859805046,,18.2,INTL_T20/ASSOCIATE_FRINGE
4a90dda5,SC Mucyo,Batter,Swaziland,,18.22564970416574,,,17.545800207397164,,18.22564970416574,17.545800207397164,,18.2,INTL_T20/ASSOCIATE_FRINGE
e3882f9a,SJC Keen,Batter,,,,18.15436099699759,,,,18.15436099699759,,,18.2,OTHER_T20/FRINGE
407563b0,S Stolk,Batter,,,,18.210790339320525,,,,18.210790339320525,,,18.2,OTHER_T20/FRINGE
03ce2270,MA Widanapathirana,Batter,,,,18.165613418839225,,,,18.165613418839225,,,18.2,OTHER_T20/FRINGE
fe11e1a3,K Kekez,Batter,Croatia,,18.178878659424058,,,,,18.178878659424058,,,18.2,INTL_T20/ASSOCIATE_FRINGE
b40393b7,Sangwook Lee,Batter,South Korea,,18.17891780532838,,,,,18.17891780532838,,,18.2,INTL_T20/ASSOCIATE_FRINGE
ffb65f46,Ugyen Dorji,Bowler,Bhutan,,,,,18.222474089330063,,,18.222474089330063,,18.2,INTL_T20/ASSOCIATE_FRINGE
88a5adcf,LM Gabriel,Batter,Lesotho,,18.095876476806687,,,15.626997739184052,,18.095876476806687,15.626997739184052,,18.1,INTL_T20/ASSOCIATE_FRINGE
0d15a8c9,Zahid Ali,Bowler,United Arab Emirates,,,,,18.105511391354906,,,18.105511391354906,,18.1,INTL_T20/ASSOCIATE_FRINGE
74bff7ca,KN Singh,Bowler,Suriname,,,,,18.084569241829165,,,18.084569241829165,,18.1,INTL_T20/ASSOCIATE_FRINGE
ccc4756d,Basant Mohanty,Bowler,,,,,,,18.145158167285828,,18.145158167285828,,18.1,OTHER_T20/FRINGE
e454c356,T Singye,Batter,Bhutan,,18.148533203326558,,,24.017778234508278,,18.148533203326558,24.017778234508278,,18.1,INTL_T20/ASSOCIATE_FRINGE
821403b6,Amos Rai,Batter,,,,18.113885685462186,,,15.79220779220779,18.113885685462186,15.792207792207789,,18.1,OTHER_T20/FRINGE
a822c6fb,WVD Seneviratne,Batter,,,,18.119049296170544,,,16.063974860091363,18.119049296170544,16.063974860091363,,18.1,OTHER_T20/FRINGE
f8b7dfc0,Arya Pastika,Batter,Indonesia,,18.064118906691867,,,,,18.064118906691867,,,18.1,INTL_T20/ASSOCIATE_FRINGE
469ccead,CB Sole,Bowler,Scotland,,20.94201475275822,21.637468106463235,,16.7512529271517,20.44414184397163,21.202809760397596,18.136086270959172,,18.1,INTL_T20/ASSOCIATE_FRINGE
a3a078ba,Subashis Roy,Bowler,,,,,,,18.127450980392158,,18.127450980392158,,18.1,OTHER_T20/FRANCHISE
33001741,J Anderson,Batter,,,,18.085209145693018,,,,18.085209145693018,,,18.1,OTHER_T20/FRINGE
3317dc7a,P Jayeshbhai Patel,Batter,Panama,,18.099756820950876,,,24.956100933287246,,18.099756820950876,24.956100933287246,,18.1,INTL_T20/ASSOCIATE_FRINGE
52912da9,EV Jack,Bowler,,,,20.43299179726717,,,18.101177583089974,20.43299179726717,18.101177583089974,,18.1,OTHER_T20/FRINGE
b858be20,AV Lalcheta,Bowler,Oman,,26.281881578974705,,,18.089525439920834,,26.281881578974705,18.089525439920834,,18.1,INTL_T20/ASSOCIATE_FRINGE
73cbe848,Salman Fayyaz,Bowler,,,,,,,18.14572706725898,,18.14572706725898,,18.1,OTHER_T20/FRINGE
ba4d600a,Shafiqullah,Batter,,,,18.129766201540395,,,,18.129766201540395,,,18.1,OTHER_T20/FRINGE
33328ec7,Fakhrul Mohon,Bowler,Portugal,,22.33427870925809,,,18.110093652211056,,22.33427870925809,18.110093652211056,,18.1,INTL_T20/ASSOCIATE_FRINGE
41acc8bf,E Kahamker,Batter,Israel,,18.127100051881957,,,15.126947384647004,,18.127100051881957,15.126947384647004,,18.1,INTL_T20/ASSOCIATE_FRINGE
2d209101,Felix Alemao,Bowler,,,,22.30131922809441,,,18.07192410426453,22.30131922809441,18.07192410426453,,18.1,OTHER_T20/FRINGE
ef6aea67,PHT Kaushal,Bowler,,,,19.18613990873914,,,18.053371158392437,19.18613990873914,18.053371158392437,,18.1,OTHER_T20/FRINGE
e9200997,M Matthew,Bowler,,,,22.927247465478644,,,18.072579613405644,22.927247465478644,18.072579613405644,,18.1,OTHER_T20/FRINGE
40f1590c,M Yambayamba,Batter,Zambia,,18.08143785821556,,,,,18.08143785821556,,,18.1,INTL_T20/ASSOCIATE_FRINGE
44ce5cb8,Ruvishan Perera,Bowler,,,,,,,18.14295627776479,,18.14295627776479,,18.1,OTHER_T20/FRINGE
2002c586,Omar Hussain,Batter,Lesotho,,18.085840794477505,,,,,18.085840794477505,,,18.1,INTL_T20/ASSOCIATE_FRINGE
16d52916,Aqif Farooq,Bowler,Kuwait,,,,,18.01519950796875,,,18.01519950796875,,18.0,INTL_T20/ASSOCIATE_FRINGE
6d4c2087,D Samarawickrama,Batter,Italy,,17.97086377845926,,,,,17.97086377845926,,,18.0,INTL_T20/ASSOCIATE_FRINGE
d52ab778,Jiang Shuyao,Batter,China,,17.984183490862875,,,,,17.984183490862875,,,18.0,INTL_T20/ASSOCIATE_FRINGE
0e567e38,Supriyo Chakraborty,Bowler,,,,,,,18.02117122593718,,18.02117122593718,,18.0,OTHER_T20/FRINGE
52e8dd6b,Zaheer Maqsood,Bowler,United Arab Emirates,,,,,17.960116255590847,,,17.960116255590847,,18.0,INTL_T20/ASSOCIATE_FRINGE
a0095f0e,H Richards,Batter,,,,18.020623517121017,,,,18.020623517121017,,,18.0,OTHER_T20/FRINGE
a07c24ea,F Pieters,Batter,South Korea,,17.956744057911667,,,,,17.956744057911667,,,18.0,INTL_T20/ASSOCIATE_FRINGE
4900d2bf,OH Freckingham,Bowler,,,,,,,17.96333130699088,,17.96333130699088,,18.0,OTHER_T20/FRINGE
e5117568,B Pondani,Bowler,Malawi,,17.617452568769394,,,18.015589440223636,,17.617452568769394,18.015589440223636,,18.0,INTL_T20/ASSOCIATE_FRINGE
6b0da09f,J Carty,Batter,,,,18.049660248387895,,,20.188215955206246,18.049660248387895,20.188215955206246,,18.0,OTHER_T20/FRINGE
4af886ed,Lakshay Garg,Bowler,,,,22.95064935064935,,,17.980066445182725,22.95064935064935,17.980066445182725,,18.0,OTHER_T20/SMAT
88228580,MMR Obili,Bowler,Estonia,,18.824370697982037,,,18.03169958805715,,18.824370697982037,18.03169958805715,,18.0,INTL_T20/ASSOCIATE_FRINGE
84624717,D Ganesh,Batter,Costa Rica,,18.047381437313547,,,26.72807008529442,,18.047381437313547,26.72807008529442,,18.0,INTL_T20/ASSOCIATE_FRINGE
1c366af1,E Batkhuyag,Batter,Mongolia,,17.992016846837316,,,,,17.992016846837316,,,18.0,INTL_T20/ASSOCIATE_FRINGE
d159bc7a,PA Petricola,Batter,Italy,,17.953403988068963,,,,,17.953403988068963,,,18.0,INTL_T20/ASSOCIATE_FRINGE
1676b2d6,Muhammad Ghous,Bowler,United States of America,,28.75777467117429,,,17.95017608189945,,28.75777467117429,17.95017608189945,,18.0,INTL_T20/ASSOCIATE_FRINGE
98299b67,HGV Vare,Batter,Papua New Guinea,,17.982465630518863,,,,,17.982465630518863,,,18.0,INTL_T20/ASSOCIATE_FRINGE
f2637e05,LSP Siriwardene,Batter,Israel,,18.03947791478166,,,,,18.03947791478166,,,18.0,INTL_T20/ASSOCIATE_FRINGE
7e46794e,D Bohara,Batter,,,,18.006275133361868,,,,18.006275133361868,,,18.0,OTHER_T20/FRINGE
4432aa36,Manoj Barik,Bowler,,,,,,,17.96106679136466,,17.96106679136466,,18.0,OTHER_T20/FRINGE
23eedcd3,Shahbaz Badar,Wicketkeeper,Bahrain,,13.755106638866035,,,,,13.755106638866035,,34.80392156862745,18.0,INTL_T20/ASSOCIATE_FRINGE
2cbdd22f,Izharulhaq Naveed,Bowler,,,,16.44819483868173,,,18.02422753770025,16.44819483868173,18.02422753770025,,18.0,OTHER_T20/FRINGE
9d6644a0,Muhammad Saqib,Bowler,Saudi Arabia,,,,,18.00791475567018,,,18.00791475567018,,18.0,INTL_T20/ASSOCIATE_FRINGE
b95f28af,S Modgil,Batter,,,,18.029278673835126,,,16.523573513864775,18.029278673835126,16.523573513864775,,18.0,OTHER_T20/FRINGE
93b6157d,Mohamed Shamaz,Batter,,,,18.0164319140408,,,,18.0164319140408,,,18.0,OTHER_T20/FRINGE
ff3c76ad,T Amarasinghe,Batter,,,,17.99841303090151,,,,17.99841303090151,,,18.0,OTHER_T20/FRINGE
e1846e12,T Mpatane,Bowler,Botswana,,,,,18.031066356995662,,,18.031066356995662,,18.0,INTL_T20/ASSOCIATE_FRINGE
02df7b37,Nadeem Butt,Batter,Portugal,,17.979312979606114,,,23.242537205369903,,17.979312979606114,23.242537205369903,,18.0,INTL_T20/ASSOCIATE_FRINGE
2f949d55,A Daxini,Batter,Croatia,,17.972105217621362,,,,,17.972105217621362,,,18.0,INTL_T20/ASSOCIATE_FRINGE
5b2a1532,Prashant Singh,Batter,,,,17.977047139435744,,,19.23013771557461,17.977047139435744,19.23013771557461,,18.0,OTHER_T20/FRINGE
d9ead847,J van Dyk,Bowler,,,,,,,18.036456706414153,,18.036456706414153,,18.0,OTHER_T20/FRINGE
3bf40832,GL Cloete,Wicketkeeper,South Africa,,,17.104662169268444,,,,17.104662169268444,,21.55255544840887,18.0,OTHER_T20/FRANCHISE
9f961c14,Joginder Sharma,Bowler,India,,,,,18.008013045656373,,,18.008013045656373,,18.0,INTL_T20/ASSOCIATE_FRINGE
099135ad,Aryan Lakra,Batter,United Arab Emirates,,17.961984973829804,,,23.289451705421286,,17.961984973829804,23.289451705421286,,18.0,INTL_T20/ASSOCIATE_FRINGE
1b6aafc8,Nawed Al Balushi,Batter,Oman,,17.9773477780769,,,22.74747036182397,,17.9773477780769,22.74747036182397,,18.0,INTL_T20/ASSOCIATE_FRINGE
9f16f7c8,J Dowling,Bowler,Bulgaria,,14.357612488216864,,,17.950659754555517,,14.357612488216864,17.950659754555517,,18.0,INTL_T20/ASSOCIATE_FRINGE
d4520718,Nitesh Lohchab,Batter,,,,18.036874415906674,,,,18.036874415906674,,,18.0,OTHER_T20/FRINGE
d44569de,T Ntini,Bowler,,,,,,,18.027875267364628,,18.027875267364628,,18.0,OTHER_T20/FRINGE
4a4991c1,Mian Mehmood,Batter,Portugal,,17.85379588526057,,,,,17.85379588526057,,,17.9,INTL_T20/ASSOCIATE_FRINGE
d1f14716,Yahya Suhail,Batter,Timor-Leste,,17.930657305251685,,,19.017097420614533,,17.930657305251685,19.017097420614533,,17.9,INTL_T20/ASSOCIATE_FRINGE
b1b99a1a,Sajid Liaqat,Bowler,Germany,,34.329802124463164,,,17.902287525037682,,34.329802124463164,17.902287525037682,,17.9,INTL_T20/ASSOCIATE_FRINGE
38c0d699,Nakul Verma,Batter,,,,17.92095755499652,,,,17.92095755499652,,,17.9,OTHER_T20/SMAT
44744467,VL Mukesh,Batter,Seychelles,,17.917677523843793,,,18.726235741444867,,17.917677523843793,18.726235741444867,,17.9,INTL_T20/ASSOCIATE_FRINGE
23f94c02,J Drysdale,Bowler,United States of America,,22.699824136186713,,,18.884457153150265,16.260304851964428,22.699824136186713,17.900400040205575,,17.9,INTL_T20/ASSOCIATE_FRINGE
55e6c23c,Mustafa Balkis,Batter,Turkey,,17.85498168572855,,,16.982716902868994,,17.85498168572855,16.982716902868994,,17.9,INTL_T20/ASSOCIATE_FRINGE
672d7379,KA Anderson,Batter,,,,17.93115839852378,,,,17.93115839852378,,,17.9,OTHER_T20/FRINGE
ef55b38c,D Warren,Batter,,,,17.863310850272693,,,18.79033587771452,17.863310850272693,18.79033587771452,,17.9,OTHER_T20/FRINGE
3031bf83,Rizwan Hussain,Batter,,,,17.91980205987988,,,,17.91980205987988,,,17.9,OTHER_T20/FRINGE
c1a89821,NRT Gubbins,Batter,,,,17.938996301741742,,,,17.938996301741742,,,17.9,OTHER_T20/FRANCHISE
8c483884,Kuldeep Singh,Batter,Philippines,,17.913730326128235,,,,,17.913730326128235,,,17.9,INTL_T20/ASSOCIATE_FRINGE
7bc1a2d1,Naved Yasin,Batter,,,,17.853171377804237,,,,17.853171377804237,,,17.9,OTHER_T20/FRINGE
5b8fffb4,GD Drummond,Bowler,Scotland,,22.454992329913917,,,17.863994391773634,,22.454992329913917,17.863994391773634,,17.9,INTL_T20/ASSOCIATE_FRINGE
8505bd55,HS Liyanage,Batter,,,,17.905393476924758,,,,17.905393476924758,,,17.9,OTHER_T20/FRINGE
3624d0d0,SN Gunawardana,Bowler,,,,20.560984309719785,,,17.926893166722955,20.560984309719785,17.926893166722955,,17.9,OTHER_T20/FRINGE
03b9ec54,E Packard,Bowler,Gibraltar,,27.213508841124025,,,17.873397305204353,,27.213508841124025,17.873397305204353,,17.9,INTL_T20/ASSOCIATE_FRINGE
ecbad6c6,HT Dixon,Batter,,,,17.93221106198298,,,,17.93221106198298,,,17.9,OTHER_T20/FRINGE
70841eab,C Tlali,Batter,Lesotho,,17.884945481136217,,,,,17.884945481136217,,,17.9,INTL_T20/ASSOCIATE_FRINGE
a300e810,PRP Boissevain,Bowler,Netherlands,,,,,17.946520024267983,,,17.946520024267983,,17.9,INTL_T20/ASSOCIATE_FRINGE
1ac8edcf,J Pickering,Batter,Cook Islands,,17.882530973003703,,,,,17.882530973003703,,,17.9,INTL_T20/ASSOCIATE_FRINGE
8ae49076,Sathya Narayanan,Batter,Switzerland,,17.856387425394814,,,,,17.856387425394814,,,17.9,INTL_T20/ASSOCIATE_FRINGE
1d1c6410,J West,Batter,Gibraltar,,17.914849294674987,,,,,17.914849294674987,,,17.9,INTL_T20/ASSOCIATE_FRINGE
525c3f54,AR Adams,Bowler,New Zealand,,,,,17.859135900020767,,,17.859135900020767,,17.9,INTL_T20/ASSOCIATE_FRINGE
78359d28,NK Singh,Batter,,,,17.930764332107373,,,,17.930764332107373,,,17.9,OTHER_T20/FRINGE
41d333e3,Ibrahim Kpaka,Batter,Sierra Leone,,17.85054689560242,,,,,17.85054689560242,,,17.9,INTL_T20/ASSOCIATE_FRINGE
36c5b043,D O'Sullivan,Bowler,,,,22.489791915889295,,,17.947393448159406,22.489791915889295,17.947393448159406,,17.9,OTHER_T20/FRINGE
b18d78f6,Ajhar Alam,Bowler,Czech Republic,,18.245589102601453,,,17.909861203152726,,18.245589102601453,17.909861203152726,,17.9,INTL_T20/ASSOCIATE_FRINGE
507dd87f,Gaurav Mishra,Bowler,Romania,,27.85045647600735,,,17.89433141696415,,27.85045647600735,17.89433141696415,,17.9,INTL_T20/ASSOCIATE_FRINGE
d52db29b,DJG Sales,Batter,,,,17.932902412308536,,,,17.932902412308536,,,17.9,OTHER_T20/FRINGE
0c95e20e,F Clarke,Batter,Isle of Man,,17.79277528018627,,,23.593330592950366,,17.79277528018627,23.593330592950366,,17.8,INTL_T20/ASSOCIATE_FRINGE
4b8e8f64,AS Broomfield,Batter,South Korea,,17.810532034331658,,,,,17.810532034331658,,,17.8,INTL_T20/ASSOCIATE_FRINGE
1427277f,MHA Footitt,Bowler,,,,,,,17.758001946878043,,17.758001946878043,,17.8,OTHER_T20/FRINGE
465fd722,A Chaudhary,Bowler,Singapore,,23.82442139369548,,,17.84097755651358,,23.82442139369548,17.84097755651358,,17.8,INTL_T20/ASSOCIATE_FRINGE
d66edc9a,IAA Thomas,Bowler,,,,,,,17.84566344294004,,17.84566344294004,,17.8,OTHER_T20/FRINGE
c07a7562,D Ashen,Batter,,,,17.807765205119367,,,17.549419296992113,17.807765205119367,17.549419296992113,,17.8,OTHER_T20/FRINGE
9fa54c94,MY Vallie,Batter,,,,17.76609645579402,,,,17.76609645579402,,,17.8,OTHER_T20/FRANCHISE
a6a04501,Rohit Shah,Batter,,,,17.82227924405344,,,,17.82227924405344,,,17.8,OTHER_T20/FRINGE
177eb92d,Suresh Kumar,Batter,,,,17.84425520193375,,,,17.84425520193375,,,17.8,OTHER_T20/FRINGE
f2c0c73d,R Parkin,Bowler,Estonia,,,,,17.771612265219648,,,17.771612265219648,,17.8,INTL_T20/ASSOCIATE_FRINGE
5147c792,JS Sykes,Bowler,,,,,,,17.82777086743044,,17.82777086743044,,17.8,OTHER_T20/FRINGE
4fde9ae6,Aminullah Tanha,Batter,Norway,,17.779929903102154,,,,,17.779929903102154,,,17.8,INTL_T20/ASSOCIATE_FRINGE
fdc1ac0f,Hazrat Luqman,Bowler,United Arab Emirates,,,,,,17.788066193853428,,17.788066193853428,,17.8,OTHER_T20/FRINGE
3c9b7d18,Jaydev Shah,Batter,,,,17.77833403155984,,,,17.77833403155984,,,17.8,OTHER_T20/FRINGE
9c4f7515,Kavija Gamage,Batter,,,,17.774321464276905,,,,17.774321464276905,,,17.8,OTHER_T20/FRINGE
7ccbfc83,KSB Tavo,Batter,Fiji,,17.836321585162626,,,23.97366762053074,,17.836321585162626,23.97366762053074,,17.8,INTL_T20/ASSOCIATE_FRINGE
feb6180d,Mohammad Umar,Bowler,,,,14.901503258085434,,,17.848770010131712,14.901503258085434,17.848770010131712,,17.8,OTHER_T20/FRINGE
5d1c2102,R Haasbroek,Batter,,,,17.807016772728012,,,,17.807016772728012,,,17.8,OTHER_T20/FRINGE
343407f3,TK Parkes,Batter,,,,17.776975114855478,,,,17.776975114855478,,,17.8,OTHER_T20/FRINGE
5b658677,BJ Davidson,Batter,Serbia,,17.758308045827548,,,,,17.758308045827548,,,17.8,INTL_T20/ASSOCIATE_FRINGE
9943b637,M Copeland,Batter,,,,17.841750676174087,,,,17.841750676174087,,,17.8,OTHER_T20/FRANCHISE
ce1abd25,J Jemison,Wicketkeeper,Bahamas,,11.50492470749675,,,,,11.50492470749675,,43.13725490196079,17.8,INTL_T20/ASSOCIATE_FRINGE
211aeb65,KO Wickham,Batter,,,,17.794394543307472,,,,17.794394543307472,,,17.8,OTHER_T20/FRINGE
f211a4c1,Taposh Ghosh,Bowler,,,,,,,17.77576301442563,,17.77576301442563,,17.8,OTHER_T20/FRINGE
424a646f,D Ahir,Bowler,Panama,,21.466858838544404,,,17.791564389113635,,21.466858838544404,17.791564389113635,,17.8,INTL_T20/ASSOCIATE_FRINGE
59e1abef,A Gupta,Bowler,Norway,,21.528293139059453,,,17.774045871506917,,21.528293139059453,17.774045871506917,,17.8,INTL_T20/ASSOCIATE_FRINGE
210b05cb,Ehsan Adil,Bowler,United States of America,,,,,,17.75,,17.75,,17.8,OTHER_T20/FRANCHISE
b67af1c4,Muhammad Jabir,Bowler,Qatar,,12.882394070309227,,,17.683292325537337,,12.882394070309227,17.683292325537337,,17.7,INTL_T20/ASSOCIATE_FRINGE
de72e7c9,A Mucyodusenge,Batter,Rwanda,,17.72904985193442,,,,,17.72904985193442,,,17.7,INTL_T20/ASSOCIATE_FRINGE
f43dd8c2,SM Sharif,All-rounder,Scotland,,13.36619567773241,,,19.266937119675458,20.0,13.36619567773241,19.54183569979716,,17.7,INTL_T20/ASSOCIATE_FRINGE
8a00eec1,AN Hyobeom,Bowler,South Korea,,17.6109742693672,,,17.737934858067838,,17.6109742693672,17.737934858067838,,17.7,INTL_T20/ASSOCIATE_FRINGE
724cecd0,Zubair Khan,Bowler,,,,,,,17.74238516093835,,17.74238516093835,,17.7,OTHER_T20/FRINGE
ceec82cd,G Johnson,Bowler,St Helena,,20.505095803142133,,,17.735161094549873,,20.505095803142133,17.735161094549873,,17.7,INTL_T20/ASSOCIATE_FRINGE
7d15170b,Mohamed Rishwan,Batter,Maldives,,17.680602148950047,,,,,17.680602148950047,,,17.7,INTL_T20/ASSOCIATE_FRINGE
b146b897,G Senhas,Batter,,,,17.73492645347484,,,,17.73492645347484,,,17.7,OTHER_T20/FRINGE
3883402f,Tian Sen Qun,Bowler,China,,10.259313292702359,,,17.695035221764506,,10.259313292702359,17.695035221764506,,17.7,INTL_T20/ASSOCIATE_FRINGE
29663fda,HL Harji,Bowler,Seychelles,,19.647566137589322,,,17.742907221531016,,19.647566137589322,17.742907221531016,,17.7,INTL_T20/ASSOCIATE_FRINGE
f2665768,A Phillip,Bowler,,,,,,,17.746848739495796,,17.746848739495796,,17.7,OTHER_T20/FRANCHISE
2ca0f319,Lalchhuanliana ,Batter,,,,17.69722844934656,,,,17.69722844934656,,,17.7,OTHER_T20/FRINGE
a124a56b,RL Dougherty,Batter,,,,17.66396922504258,,,,17.66396922504258,,,17.7,OTHER_T20/FRINGE
9688690d,KHJ de Silva,Batter,,,,17.680167108574917,,,18.199412238247188,17.680167108574917,18.199412238247188,,17.7,OTHER_T20/FRINGE
2dac322b,D Nedd,Batter,,,,17.704719023706723,,,,17.704719023706723,,,17.7,OTHER_T20/FRINGE
6223636a,PR Yadav,Batter,,,,17.676270503689857,,,,17.676270503689857,,,17.7,OTHER_T20/FRINGE
45ca0dc0,LJ Hurt,Bowler,,,,,,,17.69059161694623,,17.69059161694623,,17.7,OTHER_T20/FRINGE
a62f55ba,DJ Hawoe,All-rounder,Indonesia,,18.117648287669237,,,16.64039408866995,,18.117648287669237,16.64039408866995,,17.7,INTL_T20/ASSOCIATE_FRINGE
6cdc3215,PS Painkra,Bowler,,,,,,,17.72012656846699,,17.72012656846699,,17.7,OTHER_T20/FRINGE
77f60c02,G Weerasinghe,Batter,,,,17.6716486745527,,,16.209646435802917,17.6716486745527,16.209646435802917,,17.7,OTHER_T20/FRINGE
a2e63eab,OJ White,Batter,,,,17.664195048985434,,,,17.664195048985434,,,17.7,OTHER_T20/FRINGE
692ed48b,KAB Hynam-Nyberg,Bowler,Samoa,,,,,17.72770814705411,,,17.72770814705411,,17.7,INTL_T20/ASSOCIATE_FRINGE
75e476d4,WT Owen,Bowler,,,,,,,17.65568900975844,,17.65568900975844,,17.7,OTHER_T20/FRINGE
807b63ae,RK Terblanche,Bowler,,,,,,,17.711591129123047,,17.711591129123047,,17.7,OTHER_T20/FRINGE
80b92515,Harry Johnson,Bowler,Guernsey,,,,,17.681807216778157,,,17.681807216778157,,17.7,INTL_T20/ASSOCIATE_FRINGE
a81cac82,BJR Martindale,Batter,,,,17.726241097612068,,,,17.726241097612068,,,17.7,OTHER_T20/FRINGE
a7a7a2d5,DJ Hall,Batter,Croatia,,17.682885987082237,,,24.164343928602484,,17.682885987082237,24.164343928602484,,17.7,INTL_T20/ASSOCIATE_FRINGE
4fc7fc34,S Hegde,Bowler,,,,,,,17.69833808744447,,17.69833808744447,,17.7,OTHER_T20/FRINGE
ff9c2522,Abhishek Thakuri,Batter,,,,17.680966345482474,,,,17.680966345482474,,,17.7,OTHER_T20/FRINGE
07160156,A Tripathi,Batter,Mexico,,17.715885547612505,,,,,17.715885547612505,,,17.7,INTL_T20/ASSOCIATE_FRINGE
07697ab0,C Nethsara,Batter,,,,17.585909383119752,,,,17.585909383119752,,,17.6,OTHER_T20/FRINGE
4ba4649c,Riaz Suleman,Batter,Lesotho,,17.550739940864144,,,19.0151075288908,,17.550739940864144,19.0151075288908,,17.6,INTL_T20/ASSOCIATE_FRINGE
bcaf7d33,RN Gurbani,Bowler,,,,,,,17.633766233766234,,17.633766233766234,,17.6,OTHER_T20/SMAT
871cf744,Deng Jinqi,Batter,China,,17.603995426553055,,,18.13200279835261,,17.603995426553055,18.13200279835261,,17.6,INTL_T20/ASSOCIATE_FRINGE
fecf144d,L Abeysinghe,Batter,,,,17.55826431632883,,,,17.55826431632883,,,17.6,OTHER_T20/FRINGE
3f796a61,MR Pedersen,Bowler,Denmark,,22.885983267334957,,,17.648231526187548,,22.885983267334957,17.648231526187548,,17.6,INTL_T20/ASSOCIATE_FRINGE
f18e00c2,Chandan Ray,Bowler,,,,,,,17.574681318681318,,17.574681318681318,,17.6,OTHER_T20/FRINGE
7793e24b,Anurag Tiwari,Bowler,,,,,,,17.5953515704154,,17.5953515704154,,17.6,OTHER_T20/FRINGE
14373322,RJ Sayer,Bowler,,,,19.443055069711342,,,17.631147435175805,19.443055069711342,17.631147435175805,,17.6,OTHER_T20/FRINGE
4e31ea36,Kristan Tillett,Batter,Belize,,17.552557175184333,,,,,17.552557175184333,,,17.6,INTL_T20/ASSOCIATE_FRINGE
0e102c3b,BAA Zammitt,Batter,Gibraltar,,17.5663384921721,,,,,17.5663384921721,,,17.6,INTL_T20/ASSOCIATE_FRINGE
0cea2730,J Pakeman,Batter,Belize,,17.644716541883135,,,,,17.644716541883135,,,17.6,INTL_T20/ASSOCIATE_FRINGE
695b4273,Haider Razzaq,Bowler,,,,,,,17.577377526897283,,17.577377526897283,,17.6,OTHER_T20/FRINGE
a83107e2,KS Velani,Batter,,,,17.615252629322384,,,,17.615252629322384,,,17.6,OTHER_T20/FRINGE
15531194,J Richards,Batter,,,,17.55348743603013,,,,17.55348743603013,,,17.6,OTHER_T20/FRINGE
6b07c151,TA Willett,Batter,,,,17.578508749065236,,,,17.578508749065236,,,17.6,OTHER_T20/FRINGE
486f252b,MO Bacarese,Batter,Gibraltar,,17.61954078521155,,,21.47716612593038,,17.61954078521155,21.47716612593038,,17.6,INTL_T20/ASSOCIATE_FRINGE
1713d202,O Motlhoaring,Batter,,,,17.605704935832335,,,,17.605704935832335,,,17.6,OTHER_T20/FRINGE
791b8fac,Mohit Ahlawat,Batter,,,,17.623257744880533,,,,17.623257744880533,,,17.6,OTHER_T20/FRINGE
063870fc,SR Santhanam,Batter,United States of America,,17.607138943667834,,,,,17.607138943667834,,,17.6,INTL_T20/ASSOCIATE_FRINGE
fd96de7c,JJ Bohannon,Batter,,,,17.618292719751185,,,,17.618292719751185,,,17.6,OTHER_T20/FRANCHISE
92ac032e,Devender Lohchab,Batter,,,,17.562379577921366,,,,17.562379577921366,,,17.6,OTHER_T20/FRINGE
ff86a0e1,Muhammad Kaleem,Batter,United Arab Emirates,,17.57550446621275,,,,,17.57550446621275,,,17.6,INTL_T20/ASSOCIATE_FRINGE
b9671119,Aswin Crist,Bowler,,,,,,,17.628189229210506,,17.628189229210506,,17.6,OTHER_T20/FRINGE
30291c08,H Beresford-Peirse,Bowler,Croatia,,,,,17.556817223934715,,,17.556817223934715,,17.6,INTL_T20/ASSOCIATE_FRINGE
4289ccc9,Samader Shadab,Batter,Greece,,17.582932401299878,,,19.37785538118238,,17.582932401299878,19.37785538118238,,17.6,INTL_T20/ASSOCIATE_FRINGE
851b0636,Santiago Iturbe,Batter,Argentina,,17.572881707838015,,,,,17.572881707838015,,,17.6,INTL_T20/ASSOCIATE_FRINGE
dd17e4bc,SJ Magoffin,Bowler,,,,,,,17.574490471365852,,17.574490471365852,,17.6,OTHER_T20/FRINGE
7cdecc31,TE Barber,Bowler,,,,14.922780318059814,,,17.592451198919285,14.922780318059814,17.592451198919285,,17.6,OTHER_T20/FRINGE
314ed7e6,MW Dixon,Bowler,,,,,,,17.591144132988106,,17.591144132988106,,17.6,OTHER_T20/FRINGE
3cf5a041,VN Veetil,Bowler,Qatar,,26.979631539866894,,,17.631404422885957,,26.979631539866894,17.631404422885957,,17.6,INTL_T20/ASSOCIATE_FRINGE
93883b6a,A Khakimov,Batter,Uzbekistan,,17.61253020871993,,,,,17.61253020871993,,,17.6,INTL_T20/ASSOCIATE_FRINGE
b75b7b09,Rakibul Hasan,Batter,Italy,,17.57979665767334,,,31.903100914602813,,17.57979665767334,31.903100914602813,,17.6,INTL_T20/ASSOCIATE_FRINGE
e8d1c172,M Worndl,Batter,Czech Republic,,17.641534413124212,,,,,17.641534413124212,,,17.6,INTL_T20/ASSOCIATE_FRINGE
c65e0275,Babar Ali,Batter,Rwanda,,17.566083604206796,,,,,17.566083604206796,,,17.6,INTL_T20/ASSOCIATE_FRINGE
f0c86c2d,Chanderpal Saini,Bowler,,,,21.845403712682067,,,17.634230906547018,21.845403712682067,17.634230906547018,,17.6,OTHER_T20/FRINGE
c6c7d01b,KM Awala,Batter,Ghana,,17.560594480317107,,,,,17.560594480317107,,,17.6,INTL_T20/ASSOCIATE_FRINGE
4e6bc859,E Kuyumcu,Batter,Turkey,,17.471332801889094,,,16.727618389215348,,17.471332801889094,16.727618389215348,,17.5,INTL_T20/ASSOCIATE_FRINGE
a9af6fea,Shahzad Mahmood,Batter,Swaziland,,17.503122036882992,,,23.307293466989282,,17.503122036882992,23.307293466989282,,17.5,INTL_T20/ASSOCIATE_FRINGE
07e5bda2,L Monanthane,Bowler,Lesotho,,19.270393620329067,,,17.470548010698273,,19.270393620329067,17.470548010698273,,17.5,INTL_T20/ASSOCIATE_FRINGE
b483905d,Akash Singh,Bowler,,,,19.79528077197731,,,17.485523571130578,19.79528077197731,17.485523571130578,,17.5,OTHER_T20/FRINGE
5473ec6f,Manish Sharma,Batter,Cambodia,,17.52012408760191,,,21.324982950458235,,17.52012408760191,21.324982950458235,,17.5,INTL_T20/ASSOCIATE_FRINGE
819ae1ad,FS Organ,Batter,,,,17.517796546995115,,,22.189344635946576,17.517796546995115,22.189344635946576,,17.5,OTHER_T20/FRINGE
137e7065,C Valente,Bowler,,,,23.827666943943697,,,17.46873427281938,23.827666943943697,17.46873427281938,,17.5,OTHER_T20/FRINGE
8955b928,S Dhakal,Bowler,Nepal,,16.40297916142886,20.9718172623821,,16.251098045961335,19.4702654508612,18.116293449286324,17.458285822798782,,17.5,INTL_T20/ASSOCIATE_FRINGE
a819f6c8,Zahid Zadran,Bowler,Germany,,19.41446832831069,,,17.499837482442473,,19.41446832831069,17.499837482442473,,17.5,INTL_T20/ASSOCIATE_FRINGE
6ad7d184,D Jamyansuren,Batter,Mongolia,,17.46792144590105,,,,,17.46792144590105,,,17.5,INTL_T20/ASSOCIATE_FRINGE
54c58a5e,Nauman Ali,Bowler,,,,,,,17.50410652771747,,17.50410652771747,,17.5,OTHER_T20/FRINGE
cce2bcb2,V Tokas,Bowler,,,,,,,17.523134907645545,,17.523134907645545,,17.5,OTHER_T20/FRINGE
6dbcf855,VH Zol,Batter,,,,17.5080059180306,,,,17.5080059180306,,,17.5,OTHER_T20/FRINGE
537021f5,JT Brassell,Bowler,Namibia,,17.55149583135043,,,17.548464800860145,,17.55149583135043,17.548464800860145,,17.5,INTL_T20/ASSOCIATE_FRINGE
b7b09ba5,S Descarte,Batter,,,,17.545306367147944,,,20.290474089017778,17.545306367147944,20.290474089017778,,17.5,OTHER_T20/FRINGE
1e43a8c8,Sukhkaran Sahi,Bowler,Romania,,,,,17.543038841224536,,,17.543038841224536,,17.5,INTL_T20/ASSOCIATE_FRINGE
a08a3c52,LM Edward,Bowler,,,,,,,17.45230769230769,,17.45230769230769,,17.5,OTHER_T20/FRINGE
d8360178,CJL Rogers,Batter,,,,17.45615486663874,,,,17.45615486663874,,,17.5,OTHER_T20/FRINGE
461bde69,P Pathum,Batter,,,,17.512014491837512,,,,17.512014491837512,,,17.5,OTHER_T20/FRINGE
45f4af74,S Chophel,Batter,Bhutan,,17.502031332430818,,,,,17.502031332430818,,,17.5,INTL_T20/ASSOCIATE_FRINGE
587e65cc,Shahid Arshad,Batter,Slovenia,,17.48596558687965,,,,,17.48596558687965,,,17.5,INTL_T20/ASSOCIATE_FRINGE
63bd7086,B Jerkovic,Batter,Croatia,,17.459869742644464,,,20.662401286926002,,17.459869742644464,20.662401286926002,,17.5,INTL_T20/ASSOCIATE_FRINGE
56a94565,Karan Singh,Bowler,Cyprus,,18.24531131977183,,,17.504161575347304,,18.24531131977183,17.504161575347304,,17.5,INTL_T20/ASSOCIATE_FRINGE
45b5ce8d,Nyeing Cham Soe,Batter,Myanmar,,17.51676247686937,,,25.800290867822692,,17.51676247686937,25.800290867822692,,17.5,INTL_T20/ASSOCIATE_FRINGE
45d0af7e,R Brar,Batter,Cyprus,,17.475134858713496,,,,,17.475134858713496,,,17.5,INTL_T20/ASSOCIATE_FRINGE
457e6a8e,Muhammed Basil,Batter,Bahrain,,17.547311947390618,,,,,17.547311947390618,,,17.5,INTL_T20/ASSOCIATE_FRINGE
b9228ad0,Rajashekhar Harikant,Batter,,,,17.53975215857041,,,,17.53975215857041,,,17.5,OTHER_T20/FRINGE
1f490b28,AR Puri,Bowler,Singapore,,15.171292500503885,,,17.52620485697694,,15.171292500503885,17.52620485697694,,17.5,INTL_T20/ASSOCIATE_FRINGE
8b6aebf7,SF Nhavotso,Batter,Mozambique,,17.455451133324793,,,20.847209246924077,,17.455451133324793,20.847209246924077,,17.5,INTL_T20/ASSOCIATE_FRINGE
af917dde,MJ Nqolo,Batter,,,,17.458807049031908,,,,17.458807049031908,,,17.5,OTHER_T20/FRINGE
c6e1354c,Ikramullah Khan,Bowler,Qatar,,33.36416749084386,,,17.527520457489523,,33.36416749084386,17.527520457489523,,17.5,INTL_T20/ASSOCIATE_FRINGE
3eb2a27b,V Hirlal,Batter,Suriname,,17.485962193641683,,,,,17.485962193641683,,,17.5,INTL_T20/ASSOCIATE_FRINGE
2c5fb7f6,Rakesh Thakur,Batter,,,,17.482794232548976,,,,17.482794232548976,,,17.5,OTHER_T20/FRINGE
e8c00c13,JDA Richardson,Batter,Bermuda,,17.47905837380435,,,,,17.47905837380435,,,17.5,INTL_T20/ASSOCIATE_FRINGE
ee3bfb9b,SR Rocket,Bowler,Seychelles,,15.377299051598513,,,17.51418024945971,,15.377299051598513,17.51418024945971,,17.5,INTL_T20/ASSOCIATE_FRINGE
5a004050,Deepak Punia,Bowler,,,,21.612473018682874,,,17.4510413148711,21.612473018682874,17.4510413148711,,17.5,OTHER_T20/FRINGE
385bb7ff,Wasim Al Balushi,Batter,Oman,,17.539435906395237,,,16.94940022981848,,17.539435906395237,16.94940022981848,,17.5,INTL_T20/ASSOCIATE_FRINGE
ac762575,MJ Nofal,Batter,,,,17.501902906735673,,,16.994764050461548,17.501902906735673,16.994764050461548,,17.5,OTHER_T20/FRINGE
334360c4,D Kumarasingha,Bowler,,,,,,,17.53993546878653,,17.53993546878653,,17.5,OTHER_T20/FRINGE
6005fe89,MH Oman,Batter,Slovenia,,17.481898234024328,,,,,17.481898234024328,,,17.5,INTL_T20/ASSOCIATE_FRINGE
ac265013,M Singh,Batter,Philippines,,17.535615684229334,,,,,17.535615684229334,,,17.5,INTL_T20/ASSOCIATE_FRINGE
cba5185d,AR Swanepoel,Batter,,,,17.5054822464461,,,36.30952380952381,17.5054822464461,36.30952380952381,,17.5,OTHER_T20/FRANCHISE
70b51feb,Hrishikesh Tamuli,Batter,,,,17.510806408352536,,,,17.510806408352536,,,17.5,OTHER_T20/FRINGE
719c5146,I Khan,Batter,,,,17.4682237117721,,,23.40593171661133,17.4682237117721,23.40593171661133,,17.5,OTHER_T20/FRINGE
025f79d1,R Pathak,Batter,Finland,,17.50056754132231,,,,,17.50056754132231,,,17.5,INTL_T20/ASSOCIATE_FRINGE
b64e3749,E Ochieng,Bowler,Kenya,,20.857129204043822,,,17.53305418168934,,20.857129204043822,17.53305418168934,,17.5,INTL_T20/ASSOCIATE_FRINGE
ac02a458,V Pulibanti,Batter,Croatia,,17.37737728770324,,,,,17.37737728770324,,,17.4,INTL_T20/ASSOCIATE_FRINGE
70e1b3a8,VRB Arachchige,Bowler,Malta,,,,,17.41992334066392,,,17.41992334066392,,17.4,INTL_T20/ASSOCIATE_FRINGE
5d00cd6f,MT Diaby,Batter,Mali,,17.39546224031876,,,,,17.39546224031876,,,17.4,INTL_T20/ASSOCIATE_FRINGE
dc4a6a35,MG Hughes,Batter,,,,17.40645626774659,,,,17.40645626774659,,,17.4,OTHER_T20/FRINGE
b0b80a99,CV Harrison,Bowler,Gibraltar,,,,,17.428832925195614,,,17.428832925195614,,17.4,INTL_T20/ASSOCIATE_FRINGE
59a7fc89,MQ Adams,Batter,,,,17.395748407162486,,,,17.395748407162486,,,17.4,OTHER_T20/FRANCHISE
dd468277,N M'shangwe,Bowler,Zimbabwe,,,,,17.40875584277166,,,17.40875584277166,,17.4,INTL_T20/ASSOCIATE_FRINGE
2f9a41e7,Ahmed Banday,Batter,,,,17.43719530171143,,,,17.43719530171143,,,17.4,OTHER_T20/FRINGE
ace31a5c,JH Brown,Bowler,,,,,,,17.3860799922806,,17.3860799922806,,17.4,OTHER_T20/FRINGE
efcd6d23,KS Melius,Batter,,,,17.397970577809286,,,,17.397970577809286,,,17.4,OTHER_T20/FRINGE
f05d1564,BJ Holt,Batter,,,,17.38106777317695,,,,17.38106777317695,,,17.4,OTHER_T20/FRINGE
90bd1f11,B Mahesh,Bowler,Cyprus,,26.08525035413296,,,17.417170193078015,,26.08525035413296,17.417170193078015,,17.4,INTL_T20/ASSOCIATE_FRINGE
30f4ac6f,SA Lewis,Bowler,,,,,,,17.448049255708828,,17.448049255708828,,17.4,OTHER_T20/FRINGE
97d86e77,K Thagunna,Batter,Nepal,,,17.362923520827636,,,22.099356953725884,17.362923520827636,22.099356953725884,,17.4,OTHER_T20/FRINGE
971439f3,Imran Patel,Bowler,Swaziland,,,,,17.406486338276594,,,17.406486338276594,,17.4,INTL_T20/ASSOCIATE_FRINGE
8d83e97a,VA Jagadeesh,Batter,,,,17.390546268710363,,,23.776058702386518,17.390546268710363,23.776058702386518,,17.4,OTHER_T20/FRINGE
1579d497,Ameel Mauroof,Bowler,Maldives,,17.456466271743942,,,17.39375424466979,,17.456466271743942,17.39375424466979,,17.4,INTL_T20/ASSOCIATE_FRINGE
d2c250c8,BD McDonough,Bowler,,,,22.70827721845778,,,17.404001668752606,22.70827721845778,17.404001668752606,,17.4,OTHER_T20/FRINGE
4ef73fb3,M Govia,Bowler,,,,,,,17.42753768217598,,17.42753768217598,,17.4,OTHER_T20/FRINGE
6ef9a32f,Abdulla Bhoola,Batter,Panama,,17.411692982740544,,,,,17.411692982740544,,,17.4,INTL_T20/ASSOCIATE_FRINGE
e05dd44b,V Shaw,Batter,Suriname,,17.42244776771996,,,26.818101942246432,,17.42244776771996,26.818101942246432,,17.4,INTL_T20/ASSOCIATE_FRINGE
a7367f83,SK Ismail,Bowler,,,,,,,17.439173252279637,,17.439173252279637,,17.4,OTHER_T20/FRINGE
d5eed764,A G Pradeep,Batter,,,,17.36169529395336,,,,17.36169529395336,,,17.4,OTHER_T20/FRINGE
874c2cb3,Sameer Othman,Bowler,Oman,,16.393808664371115,,,17.439239181208833,,16.393808664371115,17.439239181208833,,17.4,INTL_T20/ASSOCIATE_FRINGE
24cacd0a,DJ Lincoln,Batter,,,,17.35447356494444,,,,17.35447356494444,,,17.4,OTHER_T20/FRINGE
f8c7484e,Sachidanand Pandey,Bowler,,,,21.57088110330499,,,17.415654416505483,21.57088110330499,17.415654416505483,,17.4,OTHER_T20/FRINGE
1c5e8b5b,Sangeeth Sankalpa,Bowler,,,,,,,17.44808791208791,,17.44808791208791,,17.4,OTHER_T20/FRINGE
bfc7799f,E Kubwimana,Bowler,Rwanda,,14.930136758413372,,,17.385122757491803,,14.930136758413372,17.385122757491803,,17.4,INTL_T20/ASSOCIATE_FRINGE
3c703eee,Tashi Bhalla,Batter,,,,17.30452993306012,,,,17.30452993306012,,,17.3,OTHER_T20/FRINGE
2964e311,CO Thurston,Batter,,,,17.328386249121785,,,,17.328386249121785,,,17.3,OTHER_T20/FRINGE
5f2732f7,Aryan Juyal,Batter,,,,17.283218125960065,,,,17.283218125960065,,,17.3,OTHER_T20/FRINGE
27ca21c1,S Wankhade,Batter,Costa Rica,,17.310743923110405,,,,,17.310743923110405,,,17.3,INTL_T20/ASSOCIATE_FRINGE
f3c217a9,Wang Liuyang,Batter,China,,17.261417349760194,,,,,17.261417349760194,,,17.3,INTL_T20/ASSOCIATE_FRINGE
15322a7b,TA Dudnath,Batter,Suriname,,17.281200064983544,,,26.98629577954673,,17.281200064983544,26.98629577954673,,17.3,INTL_T20/ASSOCIATE_FRINGE
18a0ba24,S Smith,Wicketkeeper,Bermuda,,10.215975352942518,,,,,10.215975352942518,,45.588235294117645,17.3,INTL_T20/ASSOCIATE_FRINGE
1e843603,M Khauta,Bowler,Lesotho,,,,,17.267540154630737,,,17.267540154630737,,17.3,INTL_T20/ASSOCIATE_FRINGE
537d02f3,Sijomon Joseph,Bowler,,,,,,,17.324336372847014,,17.324336372847014,,17.3,OTHER_T20/FRINGE
d4c9b75a,GTG Cork,Bowler,,,,21.248675043192918,,,17.256600223964167,21.248675043192918,17.256600223964167,,17.3,OTHER_T20/FRINGE
762ea5b1,D Gupta,Bowler,,,,,,,17.312676219423942,,17.312676219423942,,17.3,OTHER_T20/FRINGE
fd094249,M Sclanders,Batter,,,,17.309107022010245,,,,17.309107022010245,,,17.3,OTHER_T20/FRINGE
aa4154ad,MD Garratt,Bowler,Gibraltar,,17.005652874538754,,,17.28019515029986,,17.005652874538754,17.28019515029986,,17.3,INTL_T20/ASSOCIATE_FRINGE
0ec45a9a,Abubacarr Kuyateh,Batter,Gambia,,17.318874671888565,,,21.161639776658788,,17.318874671888565,21.161639776658788,,17.3,INTL_T20/ASSOCIATE_FRINGE
10735e1d,JS Buckingham,Bowler,,,,,,,17.270539162964695,,17.270539162964695,,17.3,OTHER_T20/FRINGE
6ceec40d,Sandeep Nair,Bowler,Bulgaria,,,,,17.306454707874202,,,17.306454707874202,,17.3,INTL_T20/ASSOCIATE_FRINGE
0b62d391,A Gharti,Batter,,,,17.333904462023412,,,,17.333904462023412,,,17.3,OTHER_T20/FRINGE
9c93c0a3,Y Saranonnakkun,Batter,Thailand,,17.30271441881105,,,,,17.30271441881105,,,17.3,INTL_T20/ASSOCIATE_FRINGE
f4cbce64,NC McGarrell,Bowler,United States of America,,,,,17.3461138870176,,,17.3461138870176,,17.3,INTL_T20/ASSOCIATE_FRINGE
7ad1417c,B Vakatini,Batter,Cook Islands,,17.264822695012814,,,,,17.264822695012814,,,17.3,INTL_T20/ASSOCIATE_FRINGE
16fa34cf,D Marsic,Batter,Croatia,,17.261307918575103,,,,,17.261307918575103,,,17.3,INTL_T20/ASSOCIATE_FRINGE
3c8faed4,F Banunaek,All-rounder,Indonesia,,14.67579909989756,,,18.423197492163013,,14.67579909989756,18.423197492163013,,17.3,INTL_T20/ASSOCIATE_FRINGE
6113433c,Akbar Khan,Batter,Hong Kong,,17.259457030486736,,,,,17.259457030486736,,,17.3,INTL_T20/ASSOCIATE_FRINGE
356bf068,Shamsullah Ehsan,Batter,Turkey,,17.258064025635193,,,21.80404307695182,,17.258064025635193,21.80404307695182,,17.3,INTL_T20/ASSOCIATE_FRINGE
6359ffe3,Agniv Pan,Batter,,,,17.33752227836755,,,,17.33752227836755,,,17.3,OTHER_T20/FRINGE
5f222a64,MW Edwards,Bowler,,,,,,,17.33277967422648,,17.33277967422648,,17.3,OTHER_T20/FRINGE
90f9aedf,RGA Amah,Batter,Cameroon,,17.269472018020736,,,,,17.269472018020736,,,17.3,INTL_T20/ASSOCIATE_FRINGE
ee3a3a7f,ALKL Abeyrathne,Batter,,,,17.264107138037996,,,,17.264107138037996,,,17.3,OTHER_T20/FRINGE
ad76746f,TCR Kimber,Batter,Guernsey,,17.25944381340142,,,,,17.25944381340142,,,17.3,INTL_T20/ASSOCIATE_FRINGE
ec59f49f,Shafiullah Zakhel,Bowler,Belgium,,27.295355010870864,,,17.307425113916487,,27.295355010870864,17.307425113916487,,17.3,INTL_T20/ASSOCIATE_FRINGE
b743f01b,Syed Rasel,Bowler,Bangladesh,,,,,17.30106556203026,,,17.30106556203026,,17.3,INTL_T20/ASSOCIATE_FRINGE
73a0e5d8,Maaz Khan,Bowler,,,,,,,17.29519694489907,,17.29519694489907,,17.3,OTHER_T20/FRINGE
745c3cbc,Adnan Mirza,Bowler,Qatar,,30.660832826407265,,,17.280841149861907,,30.660832826407265,17.280841149861907,,17.3,INTL_T20/ASSOCIATE_FRINGE
c9c2a7e8,FC Muniz,Batter,Brazil,,17.335706976558765,,,22.84618020197868,,17.335706976558765,22.84618020197868,,17.3,INTL_T20/ASSOCIATE_FRINGE
ca38de66,Bonny Chingangbam,Batter,,,,17.32356141202005,,,,17.32356141202005,,,17.3,OTHER_T20/FRINGE
711e73ac,Itibarshah Deedar,Bowler,Austria,,,,,17.28481259718623,,,17.28481259718623,,17.3,INTL_T20/ASSOCIATE_FRINGE
00467a76,S Bodha,Bowler,Gibraltar,,26.064989023106783,,,17.322078479437103,,26.064989023106783,17.322078479437103,,17.3,INTL_T20/ASSOCIATE_FRINGE
9cebb612,JR Doran,Batter,,,,17.29753031500036,,,,17.29753031500036,,,17.3,OTHER_T20/FRINGE
b5dcec37,TKP Rajapaksha,Batter,Seychelles,,17.199958803280804,,,18.936360967159445,,17.199958803280804,18.936360967159445,,17.2,INTL_T20/ASSOCIATE_FRINGE
64f5120c,M Nandu,Batter,,,,17.185530751890198,,,,17.185530751890198,,,17.2,OTHER_T20/FRINGE
c89e4c9f,HP Kingston,Bowler,,,,22.96018035890085,,,17.163399752335923,22.96018035890085,17.163399752335923,,17.2,OTHER_T20/FRINGE
d87404b4,TP Doropoulos,Batter,,,,17.234114383189137,,,,17.234114383189137,,,17.2,OTHER_T20/FRINGE
6827210b,Suraj Tayam,Batter,,,,17.237298317347268,,,,17.237298317347268,,,17.2,OTHER_T20/FRINGE
21527bc1,Lalhriatrenga,Batter,,,,17.211496961889203,,,,17.211496961889203,,,17.2,OTHER_T20/FRINGE
22ae4973,Zuhair Muhammad,Batter,Saudi Arabia,,17.16735838206052,,,,,17.16735838206052,,,17.2,INTL_T20/ASSOCIATE_FRINGE
2009e01b,Krishna Das,Bowler,,,,14.868764568683783,,,17.17431948665991,14.868764568683783,17.17431948665991,,17.2,OTHER_T20/FRINGE
10636efb,Ajay Sarkar,Bowler,,,,,,,17.239113827349122,,17.239113827349122,,17.2,OTHER_T20/SMAT
4af69c7c,Srinivas Fadte,Batter,,,,17.217320579900207,,,17.390016671570073,17.217320579900207,17.390016671570073,,17.2,OTHER_T20/FRINGE
190957d2,IKEG Artawan,All-rounder,Indonesia,,9.712025036729509,,,20.388933440256615,,9.712025036729509,20.388933440256615,,17.2,INTL_T20/ASSOCIATE_FRINGE
5173fb9d,Murad Khan,Bowler,,,,,,,17.232308004052683,,17.232308004052683,,17.2,OTHER_T20/FRINGE
6cf75582,KK Lin Thu,Batter,Myanmar,,17.22046074383356,,,27.056253388566226,,17.22046074383356,27.056253388566226,,17.2,INTL_T20/ASSOCIATE_FRINGE
db767b89,TL Best,Bowler,West Indies,,,,,20.164335600322723,17.18785578747628,,17.18785578747628,,17.2,OTHER_T20/FRANCHISE
cf77f579,Rojith Ganesh,Batter,,,,17.2256721720604,,,,17.2256721720604,,,17.2,OTHER_T20/FRINGE
9a211e08,ND Buchanan,Bowler,,,,18.10038520081206,,,17.224490825171678,18.10038520081206,17.224490825171678,,17.2,OTHER_T20/FRINGE
3f951265,R Galgalikar,Batter,Mexico,,17.202778529137362,,,,,17.202778529137362,,,17.2,INTL_T20/ASSOCIATE_FRINGE
8d4a236d,AD Fofana,Batter,Mali,,17.21523138089746,,,,,17.21523138089746,,,17.2,INTL_T20/ASSOCIATE_FRINGE
b561e8ea,Nimish Lathief,Bowler,Kuwait,,24.258805458594093,,,17.233154279394405,,24.258805458594093,17.233154279394405,,17.2,INTL_T20/ASSOCIATE_FRINGE
3094606e,AJ Prajapati,Batter,Mali,,17.183614772996364,,,26.353800079275366,,17.183614772996364,26.353800079275366,,17.2,INTL_T20/ASSOCIATE_FRINGE
5db10a22,Anmoldeep Singh,Bowler,Italy,,,,,17.246918652423997,,,17.246918652423997,,17.2,INTL_T20/ASSOCIATE_FRINGE
c70448aa,R Hekure,Bowler,Papua New Guinea,,19.667895392636144,,,17.17565279266927,,19.667895392636144,17.17565279266927,,17.2,INTL_T20/ASSOCIATE_FRINGE
da39f141,S Sengupta,Bowler,Czech Republic,,24.56680951160655,,,17.18211162843022,,24.56680951160655,17.18211162843022,,17.2,INTL_T20/ASSOCIATE_FRINGE
98e4af63,J Danikula,Batter,Croatia,,17.237140160315526,,,23.347761515537183,,17.237140160315526,23.347761515537183,,17.2,INTL_T20/ASSOCIATE_FRINGE
a7f1ef98,K Lalhmingmawia,Bowler,,,,,,,17.173802197802196,,17.173802197802196,,17.2,OTHER_T20/FRINGE
a40ac203,Hossain Ali,Bowler,,,,,,,17.17448815554591,,17.17448815554591,,17.2,OTHER_T20/FRINGE
6bfa638b,Ahmad Raza,Bowler,Saudi Arabia,,,,,17.213132280186926,,,17.213132280186926,,17.2,INTL_T20/ASSOCIATE_FRINGE
42df38b0,Rahul Singh,Bowler,,,,,,,17.141689969604865,,17.141689969604865,,17.1,OTHER_T20/FRINGE
413aa65b,CM Falconer,Batter,,,,17.101403435274403,,,,17.101403435274403,,,17.1,OTHER_T20/FRINGE
427e6670,BB Dey,Bowler,,,,,,,17.090073727690747,,17.090073727690747,,17.1,OTHER_T20/FRINGE
c3604d71,Tana Davit,Batter,,,,17.08335195932472,,,,17.08335195932472,,,17.1,OTHER_T20/FRINGE
413d26f3,KRS Hansen,Bowler,Denmark,,,,,17.071010222220867,,,17.071010222220867,,17.1,INTL_T20/ASSOCIATE_FRINGE
423d2b12,S Shailesh,Batter,Mali,,17.14384041941223,,,23.783293083958483,,17.14384041941223,23.783293083958483,,17.1,INTL_T20/ASSOCIATE_FRINGE
8e48d9a3,Himalay Agarwal,Batter,,,,17.13823755861972,,,,17.13823755861972,,,17.1,OTHER_T20/SMAT
7bf39e5c,DE Burgess,Bowler,Samoa,,26.844271735874734,,,17.083095227162833,,26.844271735874734,17.083095227162833,,17.1,INTL_T20/ASSOCIATE_FRINGE
3192eea1,MR Thompson,Bowler,,,,,,,17.12812158054711,,17.12812158054711,,17.1,OTHER_T20/FRINGE
3caaf69e,P Campbell,Batter,Gambia,,17.08928242881494,,,,,17.08928242881494,,,17.1,INTL_T20/ASSOCIATE_FRINGE
32009b6a,Furkan Tuskan,Batter,Turkey,,17.12866045975578,,,18.25248907140542,,17.12866045975578,18.25248907140542,,17.1,INTL_T20/ASSOCIATE_FRINGE
71a110dd,JF Jeremiah,Batter,,,,17.096744747240542,,,,17.096744747240542,,,17.1,OTHER_T20/FRINGE
7c6293d1,A Orfila,Bowler,Gibraltar,,16.874525861530064,,,17.05445321114624,,16.874525861530064,17.05445321114624,,17.1,INTL_T20/ASSOCIATE_FRINGE
37fec668,Damodaran Rohit,Batter,,,,17.071444819966203,,,,17.071444819966203,,,17.1,OTHER_T20/SMAT
60de7b0a,SML Fernandes,Batter,,,,17.0518353227161,,,,17.0518353227161,,,17.1,OTHER_T20/FRINGE
edeba8c3,WAN Ransika,Bowler,,,,21.148902239524336,,,17.117665653495443,21.148902239524336,17.117665653495443,,17.1,OTHER_T20/FRINGE
b63b7aa9,M Thilina,Batter,,,,17.09842865180508,,,17.099774012395372,17.09842865180508,17.099774012395372,,17.1,OTHER_T20/FRINGE
365df3f9,Abdul Sadiq,Bowler,Kuwait,,22.926459345431944,,,17.078885239205775,,22.926459345431944,17.078885239205775,,17.1,INTL_T20/ASSOCIATE_FRINGE
16605a1b,AA Kazi,Bowler,,,,22.849223856093012,,,17.0625306122449,22.849223856093012,17.0625306122449,,17.1,OTHER_T20/FRINGE
a19ab702,Inakato Zhimomi,Bowler,,,,,,,17.108336996336995,,17.108336996336995,,17.1,OTHER_T20/FRINGE
55715105,DS Abeywickramasingha,Batter,,,,17.065237987818634,,,,17.065237987818634,,,17.1,OTHER_T20/FRINGE
22a2a635,Abhishek Gupta,Batter,,,,17.128561770224255,,,,17.128561770224255,,,17.1,OTHER_T20/FRINGE
441006af,K Mirpuri,Bowler,Gibraltar,,31.053132207748504,,,17.066008855640447,,31.053132207748504,17.066008855640447,,17.1,INTL_T20/ASSOCIATE_FRINGE
bed7ecf5,JJ Garth,Batter,,,,17.05358201573645,,,17.43316661763264,17.05358201573645,17.43316661763264,,17.1,OTHER_T20/FRINGE
8ac3d7ee,Haroon Mughal,Batter,Malta,,17.144061944071794,,,,,17.144061944071794,,,17.1,INTL_T20/ASSOCIATE_FRINGE
0bab1be2,M Fru,Batter,Cameroon,,17.095418488803023,,,20.73998047477135,,17.095418488803023,20.73998047477135,,17.1,INTL_T20/ASSOCIATE_FRINGE
e43c9818,Mohamed Azzam,Wicketkeeper,Maldives,,7.396432182579807,,,,,7.396432182579807,,55.88235294117647,17.1,INTL_T20/ASSOCIATE_FRINGE
895ae8b6,D Kalvin,Batter,Seychelles,,17.09550387638016,,,15.270430289061466,,17.09550387638016,15.270430289061466,,17.1,INTL_T20/ASSOCIATE_FRINGE
a6cbe67b,Rhys Burinaga,Batter,Philippines,,17.148382569279256,,,25.552292813034256,,17.148382569279256,25.552292813034256,,17.1,INTL_T20/ASSOCIATE_FRINGE
e3e9f70a,Amit Kumar,Bowler,,,,,,,17.052281505728313,,17.052281505728313,,17.1,OTHER_T20/FRINGE
6e974d8f,RK Singh,Batter,Mexico,,17.145344063503508,,,,,17.145344063503508,,,17.1,INTL_T20/ASSOCIATE_FRINGE
fc30a5b7,RP Mitchell,Bowler,Bahamas,,,,,17.08150142922444,,,17.08150142922444,,17.1,INTL_T20/ASSOCIATE_FRINGE
a467273e,RJ Engelbrecht,Bowler,,,,19.95696185162417,,,17.024630417651693,19.95696185162417,17.024630417651693,,17.0,OTHER_T20/FRINGE
1763bc6c,X Thalaivan Sargunam,Batter,,,,17.013162442396315,,,,17.013162442396315,,,17.0,OTHER_T20/FRINGE
1d683ea3,IDGP Kisawa,Batter,Indonesia,,16.998680293743444,,,,,16.998680293743444,,,17.0,INTL_T20/ASSOCIATE_FRINGE
78ec6ff1,KDACK Gunarathne,Batter,Cambodia,,16.98303748101755,,,,,16.98303748101755,,,17.0,INTL_T20/ASSOCIATE_FRINGE
0a01e891,Tian Suqing,Batter,China,,17.0323607206323,,,,,17.0323607206323,,,17.0,INTL_T20/ASSOCIATE_FRINGE
704c16b9,Chen Xiaoran,Batter,China,,17.045858351742584,,,,,17.045858351742584,,,17.0,INTL_T20/ASSOCIATE_FRINGE
c0ee8488,AL Khunti,Bowler,Israel,,20.12899425737586,,,17.01141798052535,,20.12899425737586,17.01141798052535,,17.0,INTL_T20/ASSOCIATE_FRINGE
41a61623,S Kharvi,Batter,Indonesia,,17.03435576568851,,,22.27831635274601,,17.03435576568851,22.27831635274601,,17.0,INTL_T20/ASSOCIATE_FRINGE
7f2cb055,MS Graham,Batter,Bahamas,,17.02031155674249,,,20.144818107080468,,17.02031155674249,20.144818107080468,,17.0,INTL_T20/ASSOCIATE_FRINGE
8f5313ce,WJ Malinda,Batter,Maldives,,17.017767063784316,,,18.77085345802076,,17.017767063784316,18.77085345802076,,17.0,INTL_T20/ASSOCIATE_FRINGE
5485c999,P Dakainivanua,Batter,Fiji,,16.990767498787246,,,27.14864849752459,,16.990767498787246,27.14864849752459,,17.0,INTL_T20/ASSOCIATE_FRINGE
e5ee7c83,XA Crone,Bowler,,,,,,,16.967032967032967,,16.967032967032967,,17.0,OTHER_T20/FRINGE
bddbf5ec,Manuel Iturbe,Batter,Argentina,,16.95668290540704,,,,,16.95668290540704,,,17.0,INTL_T20/ASSOCIATE_FRINGE
76b0c2ac,Sunil Yadav,Bowler,,,,,,,17.014857142857146,,17.014857142857146,,17.0,OTHER_T20/FRINGE
a19db58e,Umair Sharif,Bowler,Saudi Arabia,,,,,17.000419350479625,,,17.000419350479625,,17.0,INTL_T20/ASSOCIATE_FRINGE
270b3f8e,JK Kamande,Batter,Kenya,,16.98404781682045,,,27.24224129072038,,16.98404781682045,27.24224129072038,,17.0,INTL_T20/ASSOCIATE_FRINGE
adc96559,D Mogan,Bowler,Malaysia,,,,,16.963452711676204,,,16.963452711676204,,17.0,INTL_T20/ASSOCIATE_FRINGE
f45e828c,Mughavi Wotsa,Batter,,,,16.993087223224038,,,17.398601398601397,16.993087223224038,17.398601398601397,,17.0,OTHER_T20/FRINGE
9dfd54a5,GA West,Bowler,,,,,,,16.953341126958147,,16.953341126958147,,17.0,OTHER_T20/FRINGE
b7879e16,D Sutherland,Batter,Belize,,17.008846594219033,,,,,17.008846594219033,,,17.0,INTL_T20/ASSOCIATE_FRINGE
213fd5e9,S Lakshan,Bowler,,,,,,,17.042183818208134,,17.042183818208134,,17.0,OTHER_T20/FRINGE
52bf4a58,K Dilhara,Bowler,,,,,,,16.996829553425297,,16.996829553425297,,17.0,OTHER_T20/FRINGE
45a6cf8a,A Cloete,Bowler,,,,,,,16.98112619610492,,16.98112619610492,,17.0,OTHER_T20/FRINGE
89b7e368,Asad Mohammad,Bowler,Germany,,28.40986895235006,,,17.03888558474881,,28.40986895235006,17.03888558474881,,17.0,INTL_T20/ASSOCIATE_FRINGE
99ad98b0,JM Vujinovich,Batter,Croatia,,16.96608194035246,,,23.247732504367484,,16.96608194035246,23.247732504367484,,17.0,INTL_T20/ASSOCIATE_FRINGE
4169b03a,RSC Dalpethado,Batter,,,,17.022182656053623,,,,17.022182656053623,,,17.0,OTHER_T20/FRINGE
e41dee27,W Maximo,Batter,Brazil,,16.953036867170283,,,,,16.953036867170283,,,17.0,INTL_T20/ASSOCIATE_FRINGE
9a09c4b2,Sinan Khadir,Batter,,,,16.998509196916785,,,19.034318052022222,16.998509196916785,19.034318052022222,,17.0,OTHER_T20/FRINGE
80058153,Karma Dorji,Bowler,Bhutan,,27.84874113894543,,,17.038853397683024,,27.84874113894543,17.038853397683024,,17.0,INTL_T20/ASSOCIATE_FRINGE
4494e8b7,Techi Sonam,Batter,,,,17.02585962424672,,,,17.02585962424672,,,17.0,OTHER_T20/FRINGE
af7f15f3,MR Raut,Batter,,,,16.884214611666522,,,18.47851609016658,16.884214611666522,18.47851609016658,,16.9,OTHER_T20/FRINGE
86d7acf4,ML Turner,Bowler,,,,16.131014112827238,,,16.899429851223804,16.131014112827238,16.899429851223804,,16.9,OTHER_T20/FRINGE
2c14421f,B Isaac,Batter,St Helena,,16.913667148911188,,,17.920152091254756,,16.913667148911188,17.920152091254756,,16.9,INTL_T20/ASSOCIATE_FRINGE
d2d881de,S Waqabaca,Batter,Fiji,,16.87395987041826,,,,,16.87395987041826,,,16.9,INTL_T20/ASSOCIATE_FRINGE
b7096165,SHB Morgan,Bowler,,,,24.263510838513287,,,16.870230009734392,24.263510838513287,16.870230009734392,,16.9,OTHER_T20/FRINGE
aa6c2fbf,J Shields,Batter,Cook Islands,,16.926998259995276,,,,,16.926998259995276,,,16.9,INTL_T20/ASSOCIATE_FRINGE
67954d19,GJ Harte,Batter,,,,16.94217741411523,,,,16.94217741411523,,,16.9,OTHER_T20/FRINGE
f5be7b08,S Rukmal,Bowler,Seychelles,,18.4968643977478,,,16.85358327228319,,18.4968643977478,16.85358327228319,,16.9,INTL_T20/ASSOCIATE_FRINGE
2d62198b,R Ganganath,Batter,,,,16.887364894425268,,,,16.887364894425268,,,16.9,OTHER_T20/FRINGE
f0380005,Pranshu Vijayran,Bowler,,,,21.372014809605595,,,16.913725706917194,21.372014809605595,16.913725706917194,,16.9,OTHER_T20/FRINGE
a89433c5,K Boniface,Batter,Nigeria,,16.853064363394637,,,18.15621724385983,,16.853064363394637,18.15621724385983,,16.9,INTL_T20/ASSOCIATE_FRINGE
90a8dfec,P Abanda,Batter,Cameroon,,16.855235090975135,,,,,16.855235090975135,,,16.9,INTL_T20/ASSOCIATE_FRINGE
eb87663e,Jyothi Sai Krishna,Batter,,,,16.862264452700003,,,,16.862264452700003,,,16.9,OTHER_T20/FRINGE
dd6f4040,Shubham Singh,Bowler,,,,,,,16.942428411454166,,16.942428411454166,,16.9,OTHER_T20/FRINGE
95f0262b,IGTP Wiguna,Bowler,Indonesia,,,,,16.919141807436077,,,16.919141807436077,,16.9,INTL_T20/ASSOCIATE_FRINGE
ed470edb,L Attanayake,Batter,,,,16.856218741511196,,,,16.856218741511196,,,16.9,OTHER_T20/FRINGE
c226b4b6,Y Avishka,Bowler,,,,,,,16.932370724176195,,16.932370724176195,,16.9,OTHER_T20/FRINGE
7f87204d,SP Terry,Batter,Ireland,,,16.906731370541912,,,,16.906731370541912,,,16.9,OTHER_T20/FRINGE
4437df8c,R Patten,Batter,Bahamas,,16.853208449289784,,,17.44360735605983,,16.853208449289784,17.44360735605983,,16.9,INTL_T20/ASSOCIATE_FRINGE
721032ec,Alauddin Babu,Batter,,,,16.854110318826322,,,38.65909090909091,16.854110318826322,38.65909090909091,,16.9,OTHER_T20/FRANCHISE
ea28e189,Y Naing Kyaw,Batter,Myanmar,,16.888354759498885,,,,,16.888354759498885,,,16.9,INTL_T20/ASSOCIATE_FRINGE
571f11e4,Tanveer Ahmed,Bowler,Hong Kong,,,,,16.939921860383517,,,16.939921860383517,,16.9,INTL_T20/ASSOCIATE_FRINGE
3676b91f,D Kegasitswe,Bowler,Botswana,,,,,16.886092921362657,,,16.886092921362657,,16.9,INTL_T20/ASSOCIATE_FRINGE
94ed8d37,Aftab Ahmed (2),Batter,Denmark,,16.89528977834702,,,15.842940455392926,,16.89528977834702,15.842940455392926,,16.9,INTL_T20/ASSOCIATE_FRINGE
1a772306,Akbar-ur-Rehman,Batter,,,,16.933110465117494,,,21.226773226773226,16.933110465117494,21.226773226773226,,16.9,OTHER_T20/FRINGE
f7c3d426,CK Holder,Bowler,,,,,,,16.9111834237241,,16.9111834237241,,16.9,OTHER_T20/FRINGE
5249f9c4,AE Isesele,Batter,Nigeria,,16.914042956503973,,,22.57765428487862,,16.914042956503973,22.57765428487862,,16.9,INTL_T20/ASSOCIATE_FRINGE
6527fb51,B Rawal,Batter,,,,16.921882418656615,,,,16.921882418656615,,,16.9,OTHER_T20/FRINGE
24dd1b81,AO Morgan,Batter,,,,16.93089917254486,,,,16.93089917254486,,,16.9,OTHER_T20/FRINGE
dfbea4b3,V Jagannivasan,Batter,Czech Republic,,16.87783505653515,,,,,16.87783505653515,,,16.9,INTL_T20/ASSOCIATE_FRINGE
9b327948,Faisal Khan Ahmadzai,Bowler,,,,,,,16.85230356539779,,16.85230356539779,,16.9,OTHER_T20/FRINGE
21e1e7bd,L Holt,Bowler,,,,,,,16.891277686852153,,16.891277686852153,,16.9,OTHER_T20/FRINGE
6d1c88a4,Mohammad Bhaidu,Batter,Zambia,,16.89963601269891,,,,,16.89963601269891,,,16.9,INTL_T20/ASSOCIATE_FRINGE
773cec26,JN Mohammed,Batter,West Indies,,20.00862893651808,16.913610485899643,,,,16.913610485899643,,,16.9,OTHER_T20/FRANCHISE
f681fa6e,DVD Madampage,Batter,South Korea,,16.94092466039988,,,20.96680747830938,,16.94092466039988,20.96680747830938,,16.9,INTL_T20/ASSOCIATE_FRINGE
7044cd2e,NA Janes,Batter,Thailand,,16.910177932017906,,,,,16.910177932017906,,,16.9,INTL_T20/ASSOCIATE_FRINGE
baf3cf01,I Uboh,Bowler,Nigeria,,,,,16.79111358890557,,,16.79111358890557,,16.8,INTL_T20/ASSOCIATE_FRINGE
ab8ef1e9,TC Vine,Bowler,Spain,,,,,16.782031633253595,,,16.782031633253595,,16.8,INTL_T20/ASSOCIATE_FRINGE
b04e6811,S Pitabeddara,Bowler,South Korea,,15.449559460100945,,,16.793775246938765,,15.449559460100945,16.793775246938765,,16.8,INTL_T20/ASSOCIATE_FRINGE
7a27bee5,Parvindar Kumar,Bowler,Kuwait,,25.86884870752561,,,16.819643350324903,,25.86884870752561,16.819643350324903,,16.8,INTL_T20/ASSOCIATE_FRINGE
7b10c047,Mazhar Khan,Batter,Slovenia,,16.806880992363332,,,,,16.806880992363332,,,16.8,INTL_T20/ASSOCIATE_FRINGE
029c4618,AL Fekete,Bowler,,,,,,,16.788235294117648,,16.788235294117648,,16.8,OTHER_T20/FRANCHISE
442461fa,M Perry,Bowler,,,,,,,16.774151075087246,,16.774151075087246,,16.8,OTHER_T20/FRINGE
81b0935a,R Wilson,Bowler,,,,17.788600335827947,,,16.758967375886524,17.788600335827947,16.758967375886524,,16.8,OTHER_T20/FRINGE
2df87089,RR Biswa,Batter,,,,16.776986150829067,,,21.926070693060986,16.776986150829067,21.926070693060986,,16.8,OTHER_T20/FRINGE
307684f3,T Wuatai,Batter,Cook Islands,,16.758115021577247,,,,,16.758115021577247,,,16.8,INTL_T20/ASSOCIATE_FRINGE
c5d7b5d8,L Hyde,Batter,Belize,,16.846404418128365,,,17.822271839762333,,16.846404418128365,17.822271839762333,,16.8,INTL_T20/ASSOCIATE_FRINGE
7da44536,RM Duffield,Bowler,,,,,,,16.79757649442756,,16.79757649442756,,16.8,OTHER_T20/FRINGE
f21b01e1,Kranthi Kumar,Bowler,,,,17.616597936269898,,,16.77843199691224,17.616597936269898,16.77843199691224,,16.8,OTHER_T20/FRINGE
68832922,Taher Muhammad,Batter,Slovenia,,16.800384407399704,,,14.222691723141994,,16.800384407399704,14.222691723141994,,16.8,INTL_T20/ASSOCIATE_FRINGE
a1588e46,Ibrahim Vhora,Batter,Panama,,16.75479749254794,,,19.91242958305696,,16.75479749254794,19.91242958305696,,16.8,INTL_T20/ASSOCIATE_FRINGE
a0d66374,T Pradeep,Bowler,,,,,,,16.77777777777778,,16.77777777777778,,16.8,OTHER_T20/SMAT
ad9d8382,CJD de Villiers,Bowler,,,,,,,16.84354925137904,,16.84354925137904,,16.8,OTHER_T20/FRINGE
ad19dda3,N van Heerden,Bowler,,,,16.444379453385437,,,16.848860369995123,16.444379453385437,16.848860369995123,,16.8,OTHER_T20/FRINGE
b1a4226c,CV Ranasinghe,Bowler,South Korea,,18.423437541370138,,,16.841761647246635,,18.423437541370138,16.841761647246635,,16.8,INTL_T20/ASSOCIATE_FRINGE
88256fe1,Aks Swadhin,Bowler,,,,,,,16.78534240362812,,16.78534240362812,,16.8,OTHER_T20/FRINGE
1494a583,Dhiman Ghosh,Batter,Bangladesh,,,16.760727125954276,,,,16.760727125954276,,,16.8,OTHER_T20/FRINGE
0ad1b607,Khalil Ahmed,Bowler,,,,,,,16.772243472839218,,16.772243472839218,,16.8,OTHER_T20/FRINGE
84ba2fbc,Parikshit Valsangkar,Bowler,,,,20.890544895780682,,,16.775616646027995,20.890544895780682,16.775616646027995,,16.8,OTHER_T20/FRINGE
0d39a026,Asif Mehmood,Bowler,,,,,,,16.783148936170214,,16.783148936170214,,16.8,OTHER_T20/FRINGE
0f88e2dc,Shafraz Jaleel,Batter,Maldives,,16.849644391024025,,,,,16.849644391024025,,,16.8,INTL_T20/ASSOCIATE_FRINGE
d6d52545,SC Das,Batter,,,,16.752614028580513,,,,16.752614028580513,,,16.8,OTHER_T20/FRINGE
9c3a8776,D Nikolov,Batter,Bulgaria,,16.75803747965147,,,14.758826724606191,,16.75803747965147,14.758826724606191,,16.8,INTL_T20/ASSOCIATE_FRINGE
734062e6,Umar Nazir,Bowler,,,,21.613889667395387,,,16.682007998720206,21.613889667395387,16.682007998720206,,16.7,OTHER_T20/FRINGE
6d5fceb7,LC Doherty,Batter,,,,16.70843143873561,,,,16.70843143873561,,,16.7,OTHER_T20/FRINGE
0ee7ede5,Mahmad Data,Batter,Panama,,16.671045438501555,,,17.626685101970274,,16.671045438501555,17.626685101970274,,16.7,INTL_T20/ASSOCIATE_FRINGE
fb59e5bc,Akash Babu,Batter,Qatar,,16.695203272678153,,,,,16.695203272678153,,,16.7,INTL_T20/ASSOCIATE_FRINGE
d504bc4c,C Brown,Batter,Belize,,16.749560426656704,,,,,16.749560426656704,,,16.7,INTL_T20/ASSOCIATE_FRINGE
a990c9c4,C Lamont,Bowler,,,,,,,16.74786780527814,,16.74786780527814,,16.7,OTHER_T20/FRINGE
bf07cc63,Rahimgul Naseri,Bowler,France,,26.38379623133126,,,16.738308286212217,,26.38379623133126,16.738308286212217,,16.7,INTL_T20/ASSOCIATE_FRINGE
82903f3a,A Gulati,Bowler,Bahamas,,,,,16.718800452033776,,,16.718800452033776,,16.7,INTL_T20/ASSOCIATE_FRINGE
522bb42d,Vijay Bharti,Batter,,,,16.73957787298084,,,,16.73957787298084,,,16.7,OTHER_T20/FRINGE
2656936a,Hiten Mehra,Batter,,,,16.746124842899036,,,,16.746124842899036,,,16.7,OTHER_T20/FRINGE
268ec1d6,S Bogdos,Batter,Greece,,16.728793835674875,,,,,16.728793835674875,,,16.7,INTL_T20/ASSOCIATE_FRINGE
2649b254,OMR Pringle,Bowler,,,,,,,16.731599407684513,,16.731599407684513,,16.7,OTHER_T20/FRINGE
af16cd9e,G Riley,Batter,Gambia,,16.69824716527939,,,,,16.69824716527939,,,16.7,INTL_T20/ASSOCIATE_FRINGE
af985576,Hrithik Kanojia,Batter,,,,16.716409348987483,,,,16.716409348987483,,,16.7,OTHER_T20/FRINGE
9ccb6e52,K Irakoze,All-rounder,Rwanda,,13.08716893610654,,,18.298049745618993,,13.08716893610654,18.298049745618993,,16.7,INTL_T20/ASSOCIATE_FRINGE
1ef6ed2b,PUKK Arachchige,Batter,Finland,,16.684136807242524,,,23.459986126811224,,16.684136807242524,23.459986126811224,,16.7,INTL_T20/ASSOCIATE_FRINGE
a9fd6ca3,Rahman Ademi,Bowler,Serbia,,16.71575183782048,,,16.66603709061852,,16.71575183782048,16.66603709061852,,16.7,INTL_T20/ASSOCIATE_FRINGE
29b6bcd4,Ajaz Patel,Batter,Lesotho,,16.712043468367977,,,23.572378574564887,,16.712043468367977,23.572378574564887,,16.7,INTL_T20/ASSOCIATE_FRINGE
9a089b15,GS Drissell,Bowler,,,,,,,16.6661263086795,,16.6661263086795,,16.7,OTHER_T20/FRINGE
882fd091,MF Manjate,Batter,Mozambique,,16.716215901025063,,,,,16.716215901025063,,,16.7,INTL_T20/ASSOCIATE_FRINGE
61fb296e,TL Chivanga,Bowler,Zimbabwe,,,,,16.697430342869946,,,16.697430342869946,,16.7,INTL_T20/ASSOCIATE_FRINGE
f06b5585,P Manning,Batter,Cayman Islands,,16.66107079183729,,,22.910568861189525,,16.66107079183729,22.910568861189525,,16.7,INTL_T20/ASSOCIATE_FRINGE
98614193,IKO Aboagye,Batter,Ghana,,16.66595524612931,,,33.35885904356604,,16.66595524612931,33.35885904356604,,16.7,INTL_T20/ASSOCIATE_FRINGE
61650adb,YI Kachhalia,Batter,Panama,,16.73955117720907,,,,,16.73955117720907,,,16.7,INTL_T20/ASSOCIATE_FRINGE
88a4a356,Nazim Siddiqui,Batter,,,,16.748965097308265,,,,16.748965097308265,,,16.7,OTHER_T20/FRINGE
367e254b,R Clinton,Batter,,,,16.664528256124182,,,,16.664528256124182,,,16.7,OTHER_T20/FRINGE
5c842df4,P Yevugah,Batter,Ghana,,16.66953236467176,,,,,16.66953236467176,,,16.7,INTL_T20/ASSOCIATE_FRINGE
ee833654,Arif Ahmed,Bowler,,,,,,,16.740858233964616,,16.740858233964616,,16.7,OTHER_T20/FRINGE
b9d8abd3,Vishal Sharma,Batter,Norway,,16.72656904626501,,,,,16.72656904626501,,,16.7,INTL_T20/ASSOCIATE_FRINGE
8d913205,Vishaul Singh,Batter,Suriname,,16.684799644796175,,,,,16.684799644796175,,,16.7,INTL_T20/ASSOCIATE_FRINGE
906ef9e5,A Bhagwat,Batter,Hong Kong,,16.736572181650352,,,,,16.736572181650352,,,16.7,INTL_T20/ASSOCIATE_FRINGE
7f784eb8,V Zimonjic,Bowler,Serbia,,29.576434135255774,,,16.703699229972095,,29.576434135255774,16.703699229972095,,16.7,INTL_T20/ASSOCIATE_FRINGE
cec44e08,SM Sharma,Bowler,United Arab Emirates,,,,,15.632355228919199,18.527273076307793,,16.71794942168992,,16.7,INTL_T20/ASSOCIATE_FRINGE
c8d0314b,TD Cruickshank,Batter,,,,16.693211024154287,,,,16.693211024154287,,,16.7,OTHER_T20/FRINGE
42462766,F McGregor-Sumpter,Batter,,,,16.67914182591602,,,,16.67914182591602,,,16.7,OTHER_T20/FRINGE
55a5cffb,A Ahmadhel,Batter,Bulgaria,,16.7373210701125,,,,,16.7373210701125,,,16.7,INTL_T20/ASSOCIATE_FRINGE
8c9d3000,MG Finan,Bowler,,,,23.444108461292807,,,16.738727854262272,23.444108461292807,16.738727854262272,,16.7,OTHER_T20/FRINGE
47f75983,Alok Sahoo,Bowler,,,,22.56410093639085,,,16.65363323201621,22.56410093639085,16.65363323201621,,16.7,OTHER_T20/FRINGE
44482748,TO Thilappan,Batter,Singapore,,16.701063386647885,,,18.008641315010134,,16.701063386647885,18.008641315010134,,16.7,INTL_T20/ASSOCIATE_FRINGE
e4bc45e0,T Brown,Batter,Bahamas,,16.731599473587124,,,24.774921291841444,,16.731599473587124,24.774921291841444,,16.7,INTL_T20/ASSOCIATE_FRINGE
72275237,Anjar Tadarus,All-rounder,Indonesia,,10.33426119943421,,,19.370689655172413,,10.33426119943421,19.370689655172413,,16.7,INTL_T20/ASSOCIATE_FRINGE
c2123fd0,C Stephenson,Batter,Belize,,16.577986941796233,,,,,16.577986941796233,,,16.6,INTL_T20/ASSOCIATE_FRINGE
75749112,K Mira,Batter,Rwanda,,16.629050184686452,,,,,16.629050184686452,,,16.6,INTL_T20/ASSOCIATE_FRINGE
75223da4,DJ Wainwright,Bowler,,,,25.505373968476643,,,16.56579533941236,25.505373968476643,16.56579533941236,,16.6,OTHER_T20/FRINGE
aad2830e,Zeeshan Zameer,Bowler,,,,,,,16.640603538305665,,16.640603538305665,,16.6,OTHER_T20/FRINGE
ca099aeb,Ranjeet Nikam,Batter,,,,16.61106990578561,,,,16.61106990578561,,,16.6,OTHER_T20/FRINGE
e01d4cc6,W Jing Zhang,Batter,China,,16.55189438478232,,,16.85205668855859,,16.55189438478232,16.85205668855859,,16.6,INTL_T20/ASSOCIATE_FRINGE
d5ca4759,Zou Kui,Batter,China,,16.622298368667234,,,,,16.622298368667234,,,16.6,INTL_T20/ASSOCIATE_FRINGE
bcac2e51,H Hajnic,Batter,Croatia,,16.590393517443175,,,,,16.590393517443175,,,16.6,INTL_T20/ASSOCIATE_FRINGE
74d63a44,Rizwan Mangera,Batter,Panama,,16.622950025915667,,,,,16.622950025915667,,,16.6,INTL_T20/ASSOCIATE_FRINGE
61a1cead,Abdul Mazid,Batter,,,,16.612593012882602,,,,16.612593012882602,,,16.6,OTHER_T20/FRINGE
4cc968c5,Abdullah Mohd Yousaf,Bowler,Bahrain,,23.86974834867228,,,16.575346114387827,,23.86974834867228,16.575346114387827,,16.6,INTL_T20/ASSOCIATE_FRINGE
57e1d7e4,R de Swardt,Batter,,,,16.568982559913902,,,17.776543273973317,16.568982559913902,17.776543273973317,,16.6,OTHER_T20/FRINGE
6e61adb8,JWW Gardner,Bowler,Papua New Guinea,,,,,16.575687717557862,,,16.575687717557862,,16.6,INTL_T20/ASSOCIATE_FRINGE
3ec178e7,Sohel Ebrahim Desai,Wicketkeeper,Panama,,14.763351537239304,,,,,14.763351537239304,,24.019607843137255,16.6,INTL_T20/ASSOCIATE_FRINGE
c8e5012c,Nazwan Ismail,Bowler,Maldives,,17.377519055595442,,,16.590246146547173,,17.377519055595442,16.590246146547173,,16.6,INTL_T20/ASSOCIATE_FRINGE
c1f05d1d,Jaweed Sadran,Bowler,Austria,,27.20219099516105,,,16.61651510272725,,27.20219099516105,16.61651510272725,,16.6,INTL_T20/ASSOCIATE_FRINGE
30c884c8,B Terbish,Batter,Mongolia,,16.60181685472307,,,,,16.60181685472307,,,16.6,INTL_T20/ASSOCIATE_FRINGE
e440caab,Chen Jinfeng,Batter,China,,16.590539333178306,,,,,16.590539333178306,,,16.6,INTL_T20/ASSOCIATE_FRINGE
a323465c,RR Joshi,Bowler,Canada,,,,,16.577415786779316,,,16.577415786779316,,16.6,INTL_T20/ASSOCIATE_FRINGE
ef5cbaf6,NFI McCallum,Batter,Scotland,,16.641113661025354,,,,,16.641113661025354,,,16.6,INTL_T20/ASSOCIATE_FRINGE
17c02b38,Pradeep Chamoli,Bowler,,,,,,,16.64182807263658,,16.64182807263658,,16.6,OTHER_T20/FRINGE
be37d889,R Walker,Batter,Cayman Islands,,16.59770492809251,,,,,16.59770492809251,,,16.6,INTL_T20/ASSOCIATE_FRINGE
2e18b647,T Turan,Batter,Turkey,,16.574630433549306,,,,,16.574630433549306,,,16.6,INTL_T20/ASSOCIATE_FRINGE
806f03dd,T Koen,Bowler,,,,20.09234325537694,,,16.62674787929356,20.09234325537694,16.62674787929356,,16.6,OTHER_T20/FRINGE
96d56d32,M Frost,Bowler,,,,15.313449881266745,,,16.63046654122642,15.313449881266745,16.63046654122642,,16.6,OTHER_T20/FRINGE
1186f196,JJ Pienaar,Batter,,,,16.57312526183494,,,,16.57312526183494,,,16.6,OTHER_T20/FRINGE
a7a6c1c2,AR Odedara,Batter,Oman,,16.628378010324127,,,,,16.628378010324127,,,16.6,INTL_T20/ASSOCIATE_FRINGE
c3ba4942,R Siriwardena,Batter,Cyprus,,16.634475726817612,,,26.5732324529853,,16.634475726817612,26.5732324529853,,16.6,INTL_T20/ASSOCIATE_FRINGE
52c0576c,MK McGillivray,Bowler,,,,23.091746248819575,,,16.579157491838345,23.091746248819575,16.579157491838345,,16.6,OTHER_T20/FRINGE
a2500c86,HM Crawshaw,Bowler,,,,,,,16.627340659340657,,16.627340659340657,,16.6,OTHER_T20/FRINGE
a2437e72,R Murugan,Batter,Croatia,,16.582397982456094,,,,,16.582397982456094,,,16.6,INTL_T20/ASSOCIATE_FRINGE
6a315fb5,AJ Malan,Batter,,,,16.566109436117866,,,,16.566109436117866,,,16.6,OTHER_T20/FRINGE
02c3024c,F Campbell,Batter,Gambia,,16.625693298695683,,,,,16.625693298695683,,,16.6,INTL_T20/ASSOCIATE_FRINGE
b6e96180,Rajiv Darjee,Bowler,,,,,,,16.573375404062336,,16.573375404062336,,16.6,OTHER_T20/FRINGE
7413c5c6,R Jones,Batter,,,,16.598560689969,,,,16.598560689969,,,16.6,OTHER_T20/FRINGE
04855b85,K Vislapuu,Bowler,Estonia,,21.459185009417133,,,16.61011870762875,,21.459185009417133,16.61011870762875,,16.6,INTL_T20/ASSOCIATE_FRINGE
aa59b2c9,DSA Wijesinghe,Batter,,,,16.58907278237013,,,22.742868781703734,16.58907278237013,22.742868781703734,,16.6,OTHER_T20/FRINGE
361388d6,M Separovic,Bowler,Croatia,,,,,16.538914179435277,,,16.538914179435277,,16.5,INTL_T20/ASSOCIATE_FRINGE
bc9425fc,Lim Jeongwook,Batter,South Korea,,16.487951051215408,,,,,16.487951051215408,,,16.5,INTL_T20/ASSOCIATE_FRINGE
89e17934,Ali Waqar,Bowler,Czech Republic,,21.310416410691996,,,16.536991669574423,,21.310416410691996,16.536991669574423,,16.5,INTL_T20/ASSOCIATE_FRINGE
0fce11e1,M Janicijevic,Bowler,Serbia,,19.67162663409271,,,16.51803093139889,,19.67162663409271,16.51803093139889,,16.5,INTL_T20/ASSOCIATE_FRINGE
10962078,U Sofi,Bowler,Samoa,,,,,16.455404496899977,,,16.455404496899977,,16.5,INTL_T20/ASSOCIATE_FRINGE
6d62117a,BE McGain,Bowler,,,,,,,16.52067274569402,,16.52067274569402,,16.5,OTHER_T20/FRINGE
dde809f3,Techi Doria,Batter,,,,16.516273535381814,,,,16.516273535381814,,,16.5,OTHER_T20/SMAT
dabf96a5,Toni Chishi,Bowler,,,,,,,16.530906710310965,,16.530906710310965,,16.5,OTHER_T20/FRINGE
7f280989,D Induwara,Batter,,,,16.542082167203557,,,,16.542082167203557,,,16.5,OTHER_T20/FRINGE
3f607519,Farmanullah,Bowler,,,,21.071715928703448,,,16.527292448894453,21.071715928703448,16.527292448894453,,16.5,OTHER_T20/FRINGE
8e5b6ee3,Jayanta Sagatpam,Batter,,,,16.544975039232604,,,,16.544975039232604,,,16.5,OTHER_T20/FRINGE
4d4e6658,ARB Singh,Batter,,,,16.476355902162354,,,,16.476355902162354,,,16.5,OTHER_T20/FRINGE
f0b3e7ee,S Maharjan,Batter,,,,16.52971523881438,,,,16.52971523881438,,,16.5,OTHER_T20/FRINGE
cc23e91e,JA Warrican,Bowler,,,,,,,16.490466734211417,,16.490466734211417,,16.5,OTHER_T20/FRINGE
568fe66e,I Stewart,Bowler,Switzerland,,30.440134924784594,,,16.535849924238427,,30.440134924784594,16.535849924238427,,16.5,INTL_T20/ASSOCIATE_FRINGE
08a11820,NN Sen Chowdhary,Batter,,,,16.47547051500861,,,18.45877839220419,16.47547051500861,18.45877839220419,,16.5,OTHER_T20/FRINGE
fb68e13e,TV Badri Narayanan,Batter,Costa Rica,,16.522203950154292,,,,,16.522203950154292,,,16.5,INTL_T20/ASSOCIATE_FRINGE
0a396666,MD Wagstaff,Bowler,,,,,,,16.457687943262414,,16.457687943262414,,16.5,OTHER_T20/FRINGE
2a53d8a4,ST Mendis,Batter,,,,16.526405705529356,,,19.52307701544872,16.526405705529356,19.52307701544872,,16.5,OTHER_T20/FRINGE
d17b73f7,Park Keunyeol,Batter,South Korea,,16.534403696045203,,,29.007527489466657,,16.534403696045203,29.007527489466657,,16.5,INTL_T20/ASSOCIATE_FRINGE
32ef8b08,DT Wijesinghe,Batter,,,,16.515473867582564,,,,16.515473867582564,,,16.5,OTHER_T20/FRINGE
fd0e5582,S Kansakar,Batter,,,,16.524481346971157,,,,16.524481346971157,,,16.5,OTHER_T20/FRINGE
d8fee704,Prayas Singh,Batter,,,,16.535905276526517,,,24.314590796601074,16.535905276526517,24.314590796601074,,16.5,OTHER_T20/FRINGE
a21d62c9,Prasad Anish,Batter,Cambodia,,16.469931317905743,,,16.011406844106467,,16.469931317905743,16.011406844106467,,16.5,INTL_T20/ASSOCIATE_FRINGE
902d916b,Jubair Hossain,Bowler,Bangladesh,,,,,,16.463238095238097,,16.463238095238097,,16.5,OTHER_T20/FRINGE
38f548aa,Saurabh Das,Bowler,,,,22.900234591553946,,,16.542116606797457,22.900234591553946,16.542116606797457,,16.5,OTHER_T20/FRINGE
3361993b,Mehedi Maruf,Batter,,,,16.481762213689926,,,,16.481762213689926,,,16.5,OTHER_T20/FRANCHISE
59cc6b79,SJ Massiah,Batter,United States of America,,16.525322889903034,,,23.965347156696964,,16.525322889903034,23.965347156696964,,16.5,INTL_T20/ASSOCIATE_FRINGE
b0f332e1,L Stubbs,Batter,Croatia,,16.501927961779614,,,,,16.501927961779614,,,16.5,INTL_T20/ASSOCIATE_FRINGE
9ef8ebb9,MG Gale,Bowler,,,,,,,16.472864186809478,,16.472864186809478,,16.5,OTHER_T20/FRINGE
fdf8d681,SM Gugale,Batter,,,,16.45935109033581,,,19.69177008844138,16.45935109033581,19.69177008844138,,16.5,OTHER_T20/FRINGE
b45accc7,K Withanapathirana,Batter,,,,16.46677372806405,,,21.181804172095436,16.46677372806405,21.181804172095436,,16.5,OTHER_T20/FRINGE
adb629f6,AL Kerai,Batter,Sierra Leone,,16.529537998157252,,,,,16.529537998157252,,,16.5,INTL_T20/ASSOCIATE_FRINGE
24f5e41a,Aakash Verma,Batter,,,,16.538297186684282,,,,16.538297186684282,,,16.5,OTHER_T20/FRINGE
083e01d9,Matiullah Khan,Bowler,United Arab Emirates,,,15.119624876061959,,16.971512087981374,15.80925963450786,15.119624876061959,16.535667417928803,,16.5,INTL_T20/ASSOCIATE_FRINGE
cc36706f,Amit Chopra,Batter,,,,16.38799722658727,,,,16.38799722658727,,,16.4,OTHER_T20/FRINGE
dfcebdbe,JKZ Daniel,Batter,,,,16.411268143805483,,,,16.411268143805483,,,16.4,OTHER_T20/FRINGE
075d569e,Ahmed Shah,Batter,,,,16.405741595336174,,,,16.405741595336174,,,16.4,OTHER_T20/FRINGE
b9b65f93,A Lazic,Bowler,Serbia,,,,,16.419100620004482,,,16.419100620004482,,16.4,INTL_T20/ASSOCIATE_FRINGE
df08c69e,KM Dabengwa,Bowler,Zimbabwe,,,,,16.411033091805482,,,16.411033091805482,,16.4,INTL_T20/ASSOCIATE_FRINGE
09ea761c,BB Roy,Batter,,,,16.411504777864224,,,20.84545874837137,16.411504777864224,20.84545874837137,,16.4,OTHER_T20/FRINGE
5d6064b0,E Kuchey,Bowler,Finland,,19.59165568276493,,,16.364799949434296,,19.59165568276493,16.364799949434296,,16.4,INTL_T20/ASSOCIATE_FRINGE
5abb0f07,TAW Patterson,Batter,Belize,,16.382102675688785,,,16.491185620463188,,16.382102675688785,16.491185620463188,,16.4,INTL_T20/ASSOCIATE_FRINGE
52062ed6,Ali Muaaz,Batter,Greece,,16.444629584120424,,,,,16.444629584120424,,,16.4,INTL_T20/ASSOCIATE_FRINGE
b4402d8a,R MacBeth,Bowler,,,,20.825569366025384,,,16.382202081606337,20.825569366025384,16.382202081606337,,16.4,OTHER_T20/FRINGE
336a85f6,Abdullah Sheikh,Batter,Norway,,16.37456181240044,,,21.938116035644548,,16.37456181240044,21.938116035644548,,16.4,INTL_T20/ASSOCIATE_FRINGE
18956346,Susheel Kumar,Bowler,,,,,,,16.39151818079478,,16.39151818079478,,16.4,OTHER_T20/FRINGE
19cc9592,RJ McCone,Bowler,,,,19.086505599525175,,,16.406222608192213,19.086505599525175,16.406222608192213,,16.4,OTHER_T20/FRINGE
f74b682b,AJ Ayannaike,Batter,Nigeria,,16.378241745167124,,,,,16.378241745167124,,,16.4,INTL_T20/ASSOCIATE_FRINGE
4a51c045,Kim Daeyeon,Batter,South Korea,,16.391801623032514,,,32.293410682131956,,16.391801623032514,32.293410682131956,,16.4,INTL_T20/ASSOCIATE_FRINGE
d22287a8,KA Bazil,Bowler,Cayman Islands,,17.3749121787744,,,16.39848771538594,,17.3749121787744,16.39848771538594,,16.4,INTL_T20/ASSOCIATE_FRINGE
514628bd,I Katzarski,Batter,Bulgaria,,16.397389083571532,,,,,16.397389083571532,,,16.4,INTL_T20/ASSOCIATE_FRINGE
bc3fc527,SK Awiah,Batter,Ghana,,16.375939469139603,,,30.967385160826225,,16.375939469139603,30.967385160826225,,16.4,INTL_T20/ASSOCIATE_FRINGE
e57312fb,N Balasooriya,Batter,,,,16.359201849524432,,,24.942251922834448,16.359201849524432,24.942251922834448,,16.4,OTHER_T20/FRINGE
dcdc9b49,Basharat Hussain,Bowler,South Korea,,17.26162331624268,,,16.35467861125027,,17.26162331624268,16.35467861125027,,16.4,INTL_T20/ASSOCIATE_FRINGE
f3e240a6,Mustapha Yusuf,Bowler,Nigeria,,24.576206723873014,,,16.391762877424718,,24.576206723873014,16.391762877424718,,16.4,INTL_T20/ASSOCIATE_FRINGE
b820271d,Y Wang,Batter,China,,16.36870163132705,,,,,16.36870163132705,,,16.4,INTL_T20/ASSOCIATE_FRINGE
39e6bad7,Saqib Naveed,Bowler,Estonia,,,,,16.43120191230298,,,16.43120191230298,,16.4,INTL_T20/ASSOCIATE_FRINGE
3a61496b,Shankar Rana,Batter,,,,16.438081700711926,,,,16.438081700711926,,,16.4,OTHER_T20/FRINGE
5a719b87,JF Chester,Batter,Swaziland,,16.418296561691903,,,,,16.418296561691903,,,16.4,INTL_T20/ASSOCIATE_FRINGE
3a7ea906,VJ Kingma,Bowler,Netherlands,,17.17009720357403,,,16.4487894938469,,17.17009720357403,16.4487894938469,,16.4,INTL_T20/ASSOCIATE_FRINGE
86cd782f,Mehrab Hossain jnr,Batter,Bangladesh,,,16.404999201623514,,,,16.404999201623514,,,16.4,OTHER_T20/FRINGE
62474838,Mohammad Ahsan,Bowler,Kuwait,,25.71278740255167,,,16.406952863348874,,25.71278740255167,16.406952863348874,,16.4,INTL_T20/ASSOCIATE_FRINGE
5edd9f96,Maruf Mridha,Bowler,,,,,,,16.372176135920817,,16.372176135920817,,16.4,OTHER_T20/FRINGE
e97aefe2,SI Mahmood,Bowler,England,,,,,16.35438461111458,,,16.35438461111458,,16.4,INTL_T20/ASSOCIATE_FRINGE
493a5224,T Ashel,Batter,,,,16.440778173439465,,,25.3979741940907,16.440778173439465,25.3979741940907,,16.4,OTHER_T20/FRINGE
b3034790,Fawad Ali,Bowler,,,,,,,16.404510187999552,,16.404510187999552,,16.4,OTHER_T20/FRINGE
788dbfcd,Arnav Manoj,Batter,Singapore,,16.376572563211813,,,,,16.376572563211813,,,16.4,INTL_T20/ASSOCIATE_FRINGE
34e10659,K Babu,Bowler,South Korea,,16.32059803170272,,,16.340393082978625,,16.32059803170272,16.340393082978625,,16.3,INTL_T20/ASSOCIATE_FRINGE
a227a3c7,Shahzaib Khan,Batter,,,,16.31805694305694,,,,16.31805694305694,,,16.3,OTHER_T20/FRINGE
03ef382c,ZE Matsinhe,Bowler,Mozambique,,18.144127647011675,,,16.336471794885853,,18.144127647011675,16.336471794885853,,16.3,INTL_T20/ASSOCIATE_FRINGE
03be7a88,Kumar Nyompu,Batter,,,,16.278799967408336,,,,16.278799967408336,,,16.3,OTHER_T20/FRINGE
7a25958c,Huang Junjie,Batter,China,,16.30524221339233,,,,,16.30524221339233,,,16.3,INTL_T20/ASSOCIATE_FRINGE
1ece10dd,KP Kakad,Bowler,,,,,,,16.256,,16.256,,16.3,OTHER_T20/FRINGE
7cb931fc,Hassnain Shah,Bowler,Oman,,16.65363519961543,,,16.317505069617727,,16.65363519961543,16.317505069617727,,16.3,INTL_T20/ASSOCIATE_FRINGE
10da9f8b,CR McLachlan,Batter,,,,16.256921563806245,,,,16.256921563806245,,,16.3,OTHER_T20/FRANCHISE
db3fe21b,Y Maddege,Batter,,,,16.33519941211042,,,17.545522438726323,16.33519941211042,17.545522438726323,,16.3,OTHER_T20/FRINGE
f0398c2f,J Matharu,Bowler,Canada,,,,,16.259456343525304,,,16.259456343525304,,16.3,INTL_T20/ASSOCIATE_FRINGE
acb6ee37,RR Saun,Batter,Costa Rica,,16.303629234753505,,,,,16.303629234753505,,,16.3,INTL_T20/ASSOCIATE_FRINGE
527c2dab,C Floyd,Bowler,Netherlands,,25.08605417226194,,,16.30659725339454,,25.08605417226194,16.30659725339454,,16.3,INTL_T20/ASSOCIATE_FRINGE
f4427cc6,SM Whiteman,Wicketkeeper,,,,13.465078625767958,,,,13.465078625767957,,27.86885245901639,16.3,OTHER_T20/FRANCHISE
baaae738,Royston Dias,Bowler,,,,,,,16.26510271626381,,16.26510271626381,,16.3,OTHER_T20/FRINGE
c594137f,A Shukla,Batter,Croatia,,16.319086528642128,,,,,16.319086528642128,,,16.3,INTL_T20/ASSOCIATE_FRINGE
895a0ead,Remruatdika Ralte,Bowler,,,,17.191619622215207,,,16.256519944463207,17.191619622215207,16.256519944463207,,16.3,OTHER_T20/FRINGE
af24d8de,M Lumsden,Bowler,,,,,,,16.32119756838906,,16.32119756838906,,16.3,OTHER_T20/FRINGE
76cc7070,K D Patel,Bowler,,,,,,,16.262626262626263,,16.262626262626263,,16.3,OTHER_T20/SMAT
a8473c4a,J Hansrod,Batter,Swaziland,,16.348028408622397,,,,,16.348028408622397,,,16.3,INTL_T20/ASSOCIATE_FRINGE
9b1276f1,Deepak Bohara,Batter,,,,16.32034650146863,,,,16.32034650146863,,,16.3,OTHER_T20/FRINGE
43d365ca,Tashi Phuntsho,Batter,Bhutan,,16.340858189561423,,,34.35348090918433,,16.340858189561423,34.35348090918433,,16.3,INTL_T20/ASSOCIATE_FRINGE
c8e7c983,RJG Lockyear,Batter,,,,16.27357304275933,,,17.050681172733878,16.27357304275933,17.050681172733878,,16.3,OTHER_T20/FRINGE
97b8d15e,Shahid Bhutta,Bowler,,,,,,,16.30034011378692,,16.30034011378692,,16.3,OTHER_T20/FRINGE
f104c434,Muhammad Wafiq,Bowler,Malaysia,,20.911207828074964,,,16.32934387137245,,20.911207828074964,16.32934387137245,,16.3,INTL_T20/ASSOCIATE_FRINGE
00741bc7,ZC Qwabe,Bowler,,,,,,,16.334504871015508,,16.334504871015508,,16.3,OTHER_T20/FRINGE
d617f2bf,Hardeep Singh,Bowler,Cyprus,,,,,16.346609027106265,,,16.346609027106265,,16.3,INTL_T20/ASSOCIATE_FRINGE
c2aaa4be,YB Kothari,Batter,,,,16.292370711725553,,,,16.292370711725553,,,16.3,OTHER_T20/FRINGE
7b0fb3d5,Mizanur Rahman,Batter,,,,16.27318987420477,,,,16.27318987420477,,,16.3,OTHER_T20/FRANCHISE
40f1a776,TR Das,Batter,,,,16.300530754779533,,,,16.300530754779533,,,16.3,OTHER_T20/FRINGE
531f7ccc,Himanshu Sangwan,Bowler,,,,21.230392756659473,,,16.29012042831317,21.230392756659473,16.29012042831317,,16.3,OTHER_T20/FRINGE
ed27d267,Yousif Wali,Bowler,Bahrain,,20.13644488226084,,,16.3415277590268,,20.13644488226084,16.3415277590268,,16.3,INTL_T20/ASSOCIATE_FRINGE
b9c3ffcd,Tafseer Ali,Batter,Norway,,16.248087098554436,,,17.897343541259893,,16.248087098554436,17.897343541259893,,16.2,INTL_T20/ASSOCIATE_FRINGE
ab126ea8,JE Pitcher,Bowler,Bermuda,,19.259134816851514,,,16.234717157282045,,19.259134816851514,16.234717157282045,,16.2,INTL_T20/ASSOCIATE_FRINGE
03c94c2f,J Grzinic,Batter,Croatia,,16.230841601698504,,,,,16.230841601698504,,,16.2,INTL_T20/ASSOCIATE_FRINGE
391a825b,C Sudarsanan,Batter,Malta,,16.175341233936237,,,,,16.175341233936237,,,16.2,INTL_T20/ASSOCIATE_FRINGE
f856b613,R Cameron,Batter,,,,16.153934440522868,,,,16.153934440522868,,,16.2,OTHER_T20/FRINGE
ea1eae66,S Gunasekera,Batter,,,,16.215861378764608,,,,16.215861378764608,,,16.2,OTHER_T20/FRINGE
17f03e69,Nikhil Kohli,Bowler,,,,,,,16.18101317122594,,16.18101317122594,,16.2,OTHER_T20/FRINGE
8eaa058c,Amlanjyoti Das,Bowler,,,,18.001261815073896,,,16.176680851063832,18.001261815073896,16.176680851063832,,16.2,OTHER_T20/FRINGE
68581793,S Malshan,Batter,,,,16.18056280044795,,,,16.18056280044795,,,16.2,OTHER_T20/FRINGE
7d8feff2,R Rohit,Bowler,,,,,,,16.201292494739302,,16.201292494739302,,16.2,OTHER_T20/FRINGE
0e1baf3d,Abraar Khan,Batter,Lesotho,,16.21018637080312,,,,,16.21018637080312,,,16.2,INTL_T20/ASSOCIATE_FRINGE
cf719840,Nirmaljit Singh,Batter,Cambodia,,16.15031052783076,,,,,16.15031052783076,,,16.2,INTL_T20/ASSOCIATE_FRINGE
c266599c,A Khasanov,Bowler,Uzbekistan,,,,,16.181692426515387,,,16.181692426515387,,16.2,INTL_T20/ASSOCIATE_FRINGE
0c79cd0e,G Malkan,Batter,,,,16.15807585971276,,,24.409916482038533,16.15807585971276,24.409916482038533,,16.2,OTHER_T20/FRINGE
e6ce0f4a,S Kalyan,Batter,,,,16.151887185447496,,,,16.151887185447496,,,16.2,OTHER_T20/FRINGE
62318525,P Thongsa,Batter,Thailand,,16.171407408274316,,,33.19006330284657,,16.171407408274316,33.19006330284657,,16.2,INTL_T20/ASSOCIATE_FRINGE
ce7936a5,S Ravoka,Batter,Fiji,,16.177693685526677,,,24.77435515363272,,16.177693685526677,24.77435515363272,,16.2,INTL_T20/ASSOCIATE_FRINGE
97b109d2,Y Naing Tun,Batter,Myanmar,,16.238993207927557,,,,,16.238993207927557,,,16.2,INTL_T20/ASSOCIATE_FRINGE
7cd7eb50,JD Freyone,Batter,Gibraltar,,16.18546670027456,,,,,16.18546670027456,,,16.2,INTL_T20/ASSOCIATE_FRINGE
7cefb2a2,A Mehmood,Bowler,Hong Kong,,,,,16.195951638690964,,,16.195951638690964,,16.2,INTL_T20/ASSOCIATE_FRINGE
9e67cfd0,Sameer Choudhary,Batter,,,,16.24170610988108,,,,16.24170610988108,,,16.2,OTHER_T20/FRINGE
83e74e91,TC Fell,Batter,,,,16.155299245379467,,,,16.155299245379467,,,16.2,OTHER_T20/FRINGE
91056862,SA Jumbe,All-rounder,Tanzania,,15.973106959378097,,,16.33129973474801,,15.973106959378097,16.33129973474801,,16.2,INTL_T20/ASSOCIATE_FRINGE
876bec53,TA Dithole,Batter,,,,16.169094001134724,,,,16.169094001134724,,,16.2,OTHER_T20/FRINGE
948beb1f,ER Bamber,Bowler,,,,,,,16.17616210739615,,16.17616210739615,,16.2,OTHER_T20/FRINGE
1dc3330f,E Bhonkar,Batter,Israel,,16.246783603984284,,,,,16.246783603984284,,,16.2,INTL_T20/ASSOCIATE_FRINGE
83904270,DBL Powell,Bowler,West Indies,,,,,16.1115949025005,,,16.1115949025005,,16.1,INTL_T20/ASSOCIATE_FRINGE
518d090c,Sharafuddeen,Bowler,,,,,,,16.05021214246746,,16.05021214246746,,16.1,OTHER_T20/FRINGE
b6af1647,Abdul Bashir,Bowler,Germany,,,,,16.124333616825307,,,16.124333616825307,,16.1,INTL_T20/ASSOCIATE_FRINGE
b68b1633,P Vekaria,Bowler,Rwanda,,30.184240479553047,,,16.094325249129135,,30.184240479553047,16.094325249129135,,16.1,INTL_T20/ASSOCIATE_FRINGE
b3544c5d,BA Hutton,Bowler,,,,22.652466087072547,,,16.079183490641498,22.652466087072547,16.079183490641498,,16.1,OTHER_T20/FRINGE
70fdd428,JD Shantry,Bowler,,,,,,,16.100998890122085,,16.100998890122085,,16.1,OTHER_T20/FRANCHISE
9f54ae00,GD Putland,Bowler,,,,,,,16.116723682380755,,16.116723682380755,,16.1,OTHER_T20/FRINGE
16edfe47,ND Stewart,Bowler,,,,22.681147169422303,,,16.102227625802094,22.681147169422303,16.102227625802094,,16.1,OTHER_T20/FRINGE
617040e4,Farhan Khan,Bowler,,,,,,,16.078658322903628,,16.078658322903628,,16.1,OTHER_T20/FRINGE
4e04666c,YV Takawale,Batter,,,,16.100592076378916,,,,16.100592076378916,,,16.1,OTHER_T20/FRINGE
420431c9,K Jaikaran,Batter,Suriname,,16.107392613725448,,,27.497158932425094,,16.107392613725448,27.497158932425094,,16.1,INTL_T20/ASSOCIATE_FRINGE
2b8b75a0,H Osinde,Bowler,Canada,,21.578275540291532,,,16.0752438179447,,21.578275540291532,16.0752438179447,,16.1,INTL_T20/ASSOCIATE_FRINGE
753b5a2d,NN Odhiambo,Bowler,Kenya,,28.043233910635706,,,16.101340934884625,,28.043233910635706,16.101340934884625,,16.1,INTL_T20/ASSOCIATE_FRINGE
2843d331,Mohammad Saif,Batter,,,,16.06714029697901,,,,16.06714029697901,,,16.1,OTHER_T20/FRINGE
6264d645,CP Turkich,Batter,Croatia,,16.05236222333197,,,,,16.05236222333197,,,16.1,INTL_T20/ASSOCIATE_FRINGE
b978780e,G Chohan,Bowler,Philippines,,26.204265651871438,,,16.055522165485755,,26.204265651871438,16.055522165485755,,16.1,INTL_T20/ASSOCIATE_FRINGE
7ca04294,SM Singha,Batter,,,,16.093244338584494,,,,16.093244338584494,,,16.1,OTHER_T20/FRINGE
7662cf7a,Bilawal Bhatti,Bowler,Pakistan,,26.824891919808888,20.907667476907815,,13.702656555072256,20.126034126180024,24.605932753720985,16.11142314423767,,16.1,INTL_T20/ASSOCIATE_FRINGE
773bf733,Vijesh Prabhudessai,Bowler,,,,,,,16.085541070959508,,16.085541070959508,,16.1,OTHER_T20/FRINGE
123ab754,Syed Faizan Tahir,Batter,Saudi Arabia,,16.06290027038122,,,,,16.06290027038122,,,16.1,INTL_T20/ASSOCIATE_FRINGE
b85fa1d4,H Zimmerman,Bowler,,,,19.89469804141438,,,16.063984561200368,19.89469804141438,16.063984561200368,,16.1,OTHER_T20/FRINGE
906bc22b,Saqlain Mukhtar,Bowler,Czech Republic,,26.895981844375132,,,16.11708190341919,,26.895981844375132,16.11708190341919,,16.1,INTL_T20/ASSOCIATE_FRINGE
56544f81,S Rossi,Batter,Argentina,,15.954877736497593,,,19.42148288973384,,15.954877736497593,19.42148288973384,,16.0,INTL_T20/ASSOCIATE_FRINGE
702c0d92,Mahfijul Islam,Batter,,,,15.981746364234844,,,,15.981746364234846,,,16.0,OTHER_T20/FRINGE
01561e94,N Fernandes,Bowler,,,,17.068775037801657,,,15.954365178695593,17.068775037801657,15.954365178695591,,16.0,OTHER_T20/FRINGE
f31740ce,H Pattenden,Bowler,Estonia,,25.10062663657707,,,16.04889071487264,,25.10062663657707,16.04889071487264,,16.0,INTL_T20/ASSOCIATE_FRINGE
88781812,NR Gunasekera,Batter,,,,16.016550448889653,,,20.53946053946054,16.016550448889653,20.53946053946054,,16.0,OTHER_T20/FRINGE
7bd03d63,Mohammad Saddam,Bowler,,,,16.67589888996129,,,16.048575907854744,16.67589888996129,16.048575907854744,,16.0,OTHER_T20/FRINGE
9b06106d,Ashiqur Zaman,Bowler,,,,,,,15.950065934065933,,15.950065934065933,,16.0,OTHER_T20/FRINGE
8d474c63,ASIH Toppin,Bowler,,,,,,,16.04985550619593,,16.04985550619593,,16.0,OTHER_T20/FRINGE
53c35b3a,Elias Tilman,Bowler,Timor-Leste,,13.217662013830939,,,15.952932565689157,,13.217662013830939,15.952932565689157,,16.0,INTL_T20/ASSOCIATE_FRINGE
44a2bb4f,U Bhagwan,Bowler,Canada,,,,,15.976095870086208,,,15.976095870086208,,16.0,INTL_T20/ASSOCIATE_FRINGE
afab6988,Piyush Singh,Batter,,,,15.96643159707676,,,,15.966431597076758,,,16.0,OTHER_T20/FRINGE
fa83d1b6,D Svilicic,Batter,Croatia,,15.950399227962626,,,15.732404172233071,,15.950399227962626,15.732404172233071,,16.0,INTL_T20/ASSOCIATE_FRINGE
53f45cb5,Prateek Jain,Bowler,,,,,,,16.040276740483428,,16.040276740483428,,16.0,OTHER_T20/FRINGE
fc3d382b,Asfan Khan,Batter,,,,15.990714460756061,,,,15.990714460756061,,,16.0,OTHER_T20/FRINGE
4603914b,Asif Ahmed,Bowler,,,,21.970307035708657,,,16.043690645052347,21.970307035708657,16.043690645052347,,16.0,OTHER_T20/FRINGE
2f838fa4,M Boast,Bowler,,,,,,,15.986462785441507,,15.986462785441507,,16.0,OTHER_T20/FRINGE
90624d37,AJ Jabiri,Batter,Tanzania,,16.0030388928073,,,,,16.0030388928073,,,16.0,INTL_T20/ASSOCIATE_FRINGE
d24ad3e5,Danish Jasnaik,Bowler,Bahrain,,18.658513741539444,,,16.028918237123104,,18.658513741539444,16.028918237123104,,16.0,INTL_T20/ASSOCIATE_FRINGE
3c370b92,Bosco Tuyizere,Batter,Rwanda,,15.967956279269739,,,,,15.967956279269739,,,16.0,INTL_T20/ASSOCIATE_FRINGE
3847ec84,JI de Villiers,Bowler,Namibia,,17.533490526806418,,,16.021515190349668,,17.533490526806418,16.021515190349668,,16.0,INTL_T20/ASSOCIATE_FRINGE
9cd9e3f4,Denish Das,Batter,,,,15.964626933575978,,,,15.964626933575978,,,16.0,OTHER_T20/SMAT
cccea5bc,J Kann,Bowler,,,,,,,15.993297482659184,,15.993297482659184,,16.0,OTHER_T20/FRINGE
868345b5,EDBH Jayasinghe,Batter,,,,16.019819968563894,,,,16.019819968563894,,,16.0,OTHER_T20/FRINGE
dadb0634,RJKTD Ranatunga,Batter,,,,16.029884739648452,,,22.653241349496554,16.029884739648452,22.653241349496554,,16.0,OTHER_T20/FRINGE
7c8a1fd7,Ismat Alam,Batter,,,,15.964247848925266,,,18.21799559663637,15.964247848925266,18.21799559663637,,16.0,OTHER_T20/FRINGE
1d7c927b,HJ Chamberlain,Batter,,,,16.035243453238515,,,,16.035243453238515,,,16.0,OTHER_T20/FRINGE
95a53b0f,A Liyanaarachchi,Batter,,,,15.982114928082673,,,,15.982114928082671,,,16.0,OTHER_T20/FRINGE
781f2acc,K Gumede,Bowler,,,,,,,15.981677232595166,,15.981677232595164,,16.0,OTHER_T20/FRINGE
68c3f79d,LN Onyango,Bowler,Kenya,,22.446421823332326,,,16.013789565804977,,22.446421823332326,16.013789565804977,,16.0,INTL_T20/ASSOCIATE_FRINGE
4f782bfb,V Silva,Batter,,,,16.015490771088494,,,,16.015490771088494,,,16.0,OTHER_T20/FRINGE
f59b2121,Muhammad Shahzad,Bowler,,,,21.479710632779106,,,15.969110049693636,21.479710632779106,15.969110049693638,,16.0,OTHER_T20/FRINGE
1f28c0f2,RI Newton,Batter,,,,16.020844815733106,,,,16.020844815733106,,,16.0,OTHER_T20/FRINGE
c020cef5,Saqlain Haider,Batter,United Arab Emirates,,16.033363958872144,,,,,16.033363958872144,,,16.0,INTL_T20/ASSOCIATE_FRINGE
4fafd79a,TK Joseph,Batter,Ghana,,16.049965246849276,,,,,16.049965246849276,,,16.0,INTL_T20/ASSOCIATE_FRINGE
041db176,B Botcha,Batter,Mali,,15.974957730394587,,,,,15.974957730394587,,,16.0,INTL_T20/ASSOCIATE_FRINGE
b85c0597,H Khogiyani,Bowler,Austria,,31.172163256164257,,,15.943649035408708,,31.172163256164257,15.943649035408708,,15.9,INTL_T20/ASSOCIATE_FRINGE
05d9e607,Aditya Singh,Batter,,,,15.926523687600628,,,,15.926523687600627,,,15.9,OTHER_T20/FRINGE
ec75e72a,M Madubashana,Bowler,,,,,,,15.86505930948484,,15.865059309484842,,15.9,OTHER_T20/FRINGE
93f72fdc,AK Muslar,Batter,Belize,,15.88033016361537,,,,,15.88033016361537,,,15.9,INTL_T20/ASSOCIATE_FRINGE
b564b5e6,A Yadav,Batter,,,,15.91072469328086,,,20.93553048892855,15.91072469328086,20.93553048892855,,15.9,OTHER_T20/FRINGE
aa9980cb,R Hirushan,Batter,,,,15.88480049800183,,,17.763168869964986,15.88480049800183,17.763168869964986,,15.9,OTHER_T20/FRINGE
dc650363,FE Carava,Batter,Mozambique,,15.899128316897567,,,,,15.899128316897567,,,15.9,INTL_T20/ASSOCIATE_FRINGE
a3a1c7ef,Zohaib Khan,Bowler,,,,23.137805679569972,,,15.873137153364103,23.137805679569972,15.873137153364103,,15.9,OTHER_T20/FRINGE
b9b194d6,Altaf Gill,Batter,South Korea,,15.946271408179681,,,20.092436543006887,,15.946271408179681,20.092436543006887,,15.9,INTL_T20/ASSOCIATE_FRINGE
33f8789e,Riaz Hassan,Batter,,,,15.935529351824695,,,,15.935529351824695,,,15.9,OTHER_T20/FRINGE
49dc9cb4,KAR Hodge,Bowler,,,,21.110896241977258,,,15.90102202709295,21.110896241977258,15.90102202709295,,15.9,OTHER_T20/FRINGE
455a7563,Nabam Tempol,Bowler,,,,,,,15.891400395619241,,15.89140039561924,,15.9,OTHER_T20/FRINGE
8a9fe913,Reagan Pinto,Batter,,,,15.900695272469465,,,,15.900695272469463,,,15.9,OTHER_T20/FRINGE
e19c424c,Lalrempuia,Bowler,,,,,,,15.947956043956042,,15.947956043956042,,15.9,OTHER_T20/FRINGE
09497f5a,S Pillay,Batter,,,,15.87142219074834,,,,15.871422190748339,,,15.9,OTHER_T20/FRINGE
fdd5ba1e,Harry Singh,Bowler,,,,22.370941967934687,,,15.852991749891446,22.370941967934687,15.852991749891448,,15.9,OTHER_T20/FRINGE
8eb2e2e6,L McCarthy,Bowler,Ireland,,24.731924116122926,30.26955061552793,,16.542978221997576,14.889550629731222,26.8085340533998,15.922942874897691,,15.9,INTL_T20/ASSOCIATE_FRINGE
3ed39f01,S Murari,Batter,Costa Rica,,15.856795254082112,,,24.386634760779245,,15.856795254082112,24.386634760779245,,15.9,INTL_T20/ASSOCIATE_FRINGE
6d5bdc43,Nazril Rahman,Bowler,Malaysia,,26.32347299945946,,,15.928163773837825,,26.32347299945946,15.928163773837825,,15.9,INTL_T20/ASSOCIATE_FRINGE
22b70cb8,LLL Sesele,Batter,,,,15.866204574492333,,,,15.86620457449233,,,15.9,OTHER_T20/FRINGE
2353b224,Robiul Haque,Bowler,,,,22.92995640759377,,,15.89620623663177,22.92995640759377,15.89620623663177,,15.9,OTHER_T20/FRINGE
6535cc7b,V Jayant,Batter,Lesotho,,15.862685010007239,,,17.164767238721613,,15.862685010007239,17.164767238721613,,15.9,INTL_T20/ASSOCIATE_FRINGE
b960524d,Pritom Kumar,Batter,,,,15.94686764848055,,,,15.946867648480552,,,15.9,OTHER_T20/FRINGE
8c95e2dd,MS Diawara,Batter,Mali,,15.941169772244011,,,22.27750347997496,,15.941169772244011,22.27750347997496,,15.9,INTL_T20/ASSOCIATE_FRINGE
e88b6660,HH Patel,Bowler,Malawi,,23.08683685501721,,,15.901136510583715,,23.08683685501721,15.901136510583715,,15.9,INTL_T20/ASSOCIATE_FRINGE
b03303ca,L Guthrie,Bowler,,,,22.014014715700455,,,15.894599360311501,22.014014715700455,15.894599360311501,,15.9,OTHER_T20/FRINGE
0ed1a112,Ganesh Satish,Batter,,,,15.904998862602366,,,,15.904998862602366,,,15.9,OTHER_T20/SMAT
58f01d47,LM Zuma,Bowler,,,,19.131957716360468,,,15.818559534822256,19.131957716360468,15.818559534822256,,15.8,OTHER_T20/FRINGE
9a28e6e1,AJA Samuels,Bowler,Cook Islands,,,,,15.81163187110282,,,15.81163187110282,,15.8,INTL_T20/ASSOCIATE_FRINGE
249a17c8,T Isaacs,Batter,,,,15.826557909964462,,,,15.82655790996446,,,15.8,OTHER_T20/FRINGE
2eccc4bf,LJA Julien,Batter,,,,15.816670656532409,,,,15.816670656532409,,,15.8,OTHER_T20/FRINGE
91c0d39f,Adnan Razzaq,Bowler,Belgium,,28.445067643164656,,,15.806045134258593,,28.445067643164656,15.806045134258593,,15.8,INTL_T20/ASSOCIATE_FRINGE
57022b64,BA Simango,Batter,Mozambique,,15.75957841546897,,,20.921289973001,,15.75957841546897,20.921289973001,,15.8,INTL_T20/ASSOCIATE_FRINGE
53984f75,N Tyagi,Bowler,Czech Republic,,20.009900222688998,,,15.845077485140656,,20.009900222688998,15.845077485140656,,15.8,INTL_T20/ASSOCIATE_FRINGE
decd0bc4,OG Metcalfe,Batter,,,,15.761167126204157,,,,15.761167126204157,,,15.8,OTHER_T20/FRINGE
fc6f22e9,MA Cohen,Bowler,,,,22.3453230035097,,,15.755598483995646,22.3453230035097,15.755598483995648,,15.8,OTHER_T20/FRINGE
04cd8289,AN Longchar,Batter,,,,15.752532234790301,,,,15.7525322347903,,,15.8,OTHER_T20/FRINGE
12d8efc8,TL Greatwood,Bowler,,,,,,,15.845354531992829,,15.84535453199283,,15.8,OTHER_T20/FRINGE
a6de4c41,Zikria Islam,Batter,Oman,,15.843909329690955,,,,,15.843909329690955,,,15.8,INTL_T20/ASSOCIATE_FRINGE
4f3ab93a,K Campbell,Bowler,,,,,,,15.840910295378379,,15.840910295378379,,15.8,OTHER_T20/FRINGE
c079c66a,Noman Amjad,All-rounder,France,,16.738069899300648,,,13.494421906693713,,16.738069899300648,13.494421906693713,,15.8,INTL_T20/ASSOCIATE_FRINGE
895faea3,H Ramaiya,Bowler,Tanzania,,,,,15.833876902348782,,,15.833876902348782,,15.8,INTL_T20/ASSOCIATE_FRINGE
b3f47a20,S Natsagdorj,Batter,Mongolia,,15.80840463210821,,,,,15.80840463210821,,,15.8,INTL_T20/ASSOCIATE_FRINGE
21946d0d,AM Oyede,Batter,Nigeria,,15.80620603417206,,,,,15.80620603417206,,,15.8,INTL_T20/ASSOCIATE_FRINGE
b312a9c1,E Walker,Batter,Isle of Man,,15.789753761442972,,,18.288286964807877,,15.789753761442972,18.288286964807877,,15.8,INTL_T20/ASSOCIATE_FRINGE
e1bd3e2e,Kaung Htet Kyaw,Bowler,Myanmar,,,,,15.765410115503968,,,15.765410115503968,,15.8,INTL_T20/ASSOCIATE_FRINGE
5208c0a1,DI Allan,Batter,Kenya,,15.790207519897855,,,16.54809885931559,,15.790207519897855,16.54809885931559,,15.8,INTL_T20/ASSOCIATE_FRINGE
4a2159dc,E Ernest,Batter,Sierra Leone,,15.690771976677542,,,24.894310891554234,,15.690771976677542,24.894310891554234,,15.7,INTL_T20/ASSOCIATE_FRINGE
18ac3318,Mohammed Faraazuddin,Bowler,United Arab Emirates,,22.11190036521755,,,15.74436556410202,,22.11190036521755,15.74436556410202,,15.7,INTL_T20/ASSOCIATE_FRINGE
bf172ae6,Sufyan Mehmood,Bowler,Oman,,26.398387947920728,,,15.678108340189109,,26.398387947920728,15.678108340189109,,15.7,INTL_T20/ASSOCIATE_FRINGE
16ddd36b,TD Chaoana,Bowler,Lesotho,,18.86018268799091,,,15.678464995984255,,18.86018268799091,15.678464995984255,,15.7,INTL_T20/ASSOCIATE_FRINGE
730025e8,T Ramautar,Batter,Suriname,,15.73030649348652,,,,,15.73030649348652,,,15.7,INTL_T20/ASSOCIATE_FRINGE
b8d80b40,Sams Alam,Bowler,,,,,,,15.680813030940689,,15.68081303094069,,15.7,OTHER_T20/FRINGE
aa5d8c9e,A Tomar,Batter,,,,15.716813294232649,,,,15.716813294232649,,,15.7,OTHER_T20/FRINGE
b4ac9264,C Nimesh,Batter,,,,15.665279272602842,,,20.902708941543892,15.665279272602842,20.902708941543892,,15.7,OTHER_T20/FRINGE
28970e5a,Jahan Uddin,Batter,,,,15.655459796886932,,,,15.65545979688693,,,15.7,OTHER_T20/FRINGE
63ab7aeb,Harsh Vikram Singh,Bowler,,,,17.96636146559343,,,15.658079027355623,17.96636146559343,15.658079027355623,,15.7,OTHER_T20/FRINGE
819574ef,OR Willis,Batter,Cayman Islands,,15.737223959517475,,,,,15.737223959517475,,,15.7,INTL_T20/ASSOCIATE_FRINGE
e6f51ab7,KLD Vishvaka,Batter,,,,15.707548825982007,,,,15.707548825982007,,,15.7,OTHER_T20/FRINGE
ae624b05,C Trott,Batter,Bermuda,,15.738472324142561,,,,,15.738472324142561,,,15.7,INTL_T20/ASSOCIATE_FRINGE
9bdb9aa9,KR Jha,Batter,Austria,,15.662446403441997,,,24.41680197307574,,15.662446403441997,24.41680197307574,,15.7,INTL_T20/ASSOCIATE_FRINGE
847bfd3a,S Jones,Batter,,,,15.650697514902987,,,16.84953881070386,15.650697514902987,16.84953881070386,,15.7,OTHER_T20/FRINGE
702c6afb,D Sewmina,Batter,,,,15.747274063955375,,,21.70796194097165,15.747274063955377,21.70796194097165,,15.7,OTHER_T20/FRINGE
6034840a,O Isesele,Bowler,Nigeria,,,,,15.73132842145228,,,15.73132842145228,,15.7,INTL_T20/ASSOCIATE_FRINGE
c5e415aa,CA Wakim,Batter,,,,15.709772732306863,,,,15.709772732306861,,,15.7,OTHER_T20/FRINGE
cebbf3c9,Myat Thu Aung,Batter,Myanmar,,15.722374904767378,,,22.86192206724526,,15.722374904767378,22.86192206724526,,15.7,INTL_T20/ASSOCIATE_FRINGE
5a42a396,Callum Taylor,Batter,,,,15.72440198110225,,,,15.724401981102252,,,15.7,OTHER_T20/FRANCHISE
9a2f6db9,R Gamage,Batter,,,,15.719845679821203,,,,15.719845679821203,,,15.7,OTHER_T20/FRINGE
39e9f0c9,B Arora,All-rounder,Malta,,16.42911777239987,,,14.07979149959904,,16.42911777239987,14.07979149959904,,15.7,INTL_T20/ASSOCIATE_FRINGE
a4c50758,Andrew Vanlalhruaia,Bowler,,,,,,,15.711400202634245,,15.711400202634245,,15.7,OTHER_T20/FRINGE
91cc319d,Ma Qiancheng,Bowler,China,,11.888474020144704,,,15.699132665333957,,11.888474020144704,15.699132665333957,,15.7,INTL_T20/ASSOCIATE_FRINGE
c520c3b9,Syed Naqvi,Batter,Italy,,15.703043798155997,,,,,15.703043798155997,,,15.7,INTL_T20/ASSOCIATE_FRINGE
32885b08,Mohammad Irfan (5),Bowler,,,,19.826284091370475,,,15.672090960261176,19.826284091370475,15.672090960261176,,15.7,OTHER_T20/FRINGE
324e00a9,Danyal Raja,Bowler,Bulgaria,,20.840529766931546,,,15.728737159766803,,20.840529766931546,15.728737159766803,,15.7,INTL_T20/ASSOCIATE_FRINGE
1a3295a1,J Wilson,Bowler,Gibraltar,,29.77866962111847,,,15.719305850205938,,29.77866962111847,15.719305850205938,,15.7,INTL_T20/ASSOCIATE_FRINGE
32a85e70,C Tchale,Bowler,Malawi,,18.117557060017273,,,15.597592968119832,,18.117557060017273,15.597592968119832,,15.6,INTL_T20/ASSOCIATE_FRINGE
170f716c,AJ Mellor,Batter,,,,15.645224547289317,,,,15.645224547289319,,,15.6,OTHER_T20/FRINGE
4e7d882f,A Beresford-Peirse,Bowler,Croatia,,20.921320625756678,,,15.622712484032665,,20.921320625756678,15.622712484032665,,15.6,INTL_T20/ASSOCIATE_FRINGE
78d516fd,Arabind Singh,Batter,,,,15.594092045013776,,,,15.594092045013776,,,15.6,OTHER_T20/FRINGE
92cadfe2,AK Sarkar,Bowler,,,,18.49514339241778,,,15.5644867195105,18.49514339241778,15.5644867195105,,15.6,OTHER_T20/FRINGE
7ce244fd,RA Tappin,Batter,Bahamas,,15.606749305830531,,,,,15.606749305830531,,,15.6,INTL_T20/ASSOCIATE_FRINGE
f67dd650,N Bhatta,Batter,,,,15.576500672484496,,,21.318181818181817,15.576500672484496,21.318181818181817,,15.6,OTHER_T20/FRINGE
32ccd79b,LS Robinson,Bowler,,,,,,,15.603459063057848,,15.603459063057848,,15.6,OTHER_T20/FRINGE
1afd4f89,S Vats,Bowler,Luxembourg,,,,,15.565254007524443,,,15.565254007524443,,15.6,INTL_T20/ASSOCIATE_FRINGE
ad112e71,M Higginbottom,Bowler,,,,,,,15.553261349930043,,15.553261349930043,,15.6,OTHER_T20/FRINGE
dcb0fe34,Moakumzuk Tzudir,Batter,,,,15.566232248986108,,,,15.566232248986108,,,15.6,OTHER_T20/FRINGE
695173af,JJ Lamare,Batter,,,,15.58082315169362,,,,15.580823151693622,,,15.6,OTHER_T20/FRINGE
29182be9,K Gaston,Bowler,,,,,,,15.618255319148936,,15.618255319148936,,15.6,OTHER_T20/FRINGE
ae19375d,T Sumiya,Batter,Mongolia,,15.583293964804732,,,,,15.583293964804732,,,15.6,INTL_T20/ASSOCIATE_FRINGE
8b018008,Vikash Singh,Bowler,,,,,,,15.610389610389612,,15.610389610389612,,15.6,OTHER_T20/SMAT
d6e2a10e,KN Luitel,Bowler,,,,,,,15.611337482510736,,15.611337482510734,,15.6,OTHER_T20/FRINGE
0f06d3cd,G Caisley,Batter,Brazil,,15.582182350863947,,,,,15.582182350863947,,,15.6,INTL_T20/ASSOCIATE_FRINGE
e7db2a56,CM Mbebe,Bowler,Mozambique,,,,,15.635726361943636,,,15.635726361943636,,15.6,INTL_T20/ASSOCIATE_FRINGE
fc1608a2,GT Hankins,Batter,,,,15.559723089345281,,,,15.559723089345281,,,15.6,OTHER_T20/FRINGE
8b3cf264,A Curavic,Batter,Croatia,,15.575548698386577,,,,,15.575548698386577,,,15.6,INTL_T20/ASSOCIATE_FRINGE
5edaa34d,B Dugic,Bowler,Serbia,,16.31629224939548,,,15.616048501113294,,16.31629224939548,15.616048501113294,,15.6,INTL_T20/ASSOCIATE_FRINGE
14e1fdab,Amar Sharma,Bowler,Malta,,25.714523469042412,,,15.610403587803269,,25.714523469042412,15.610403587803269,,15.6,INTL_T20/ASSOCIATE_FRINGE
6c908ffc,CJC Wright,Bowler,,,,16.149975160249873,,,15.610219070133963,16.149975160249873,15.610219070133962,,15.6,OTHER_T20/FRINGE
15bbe51b,Lalhmangaiha,Batter,,,,15.622838944494998,,,,15.622838944495,,,15.6,OTHER_T20/SMAT
e7e1eeb2,Shreshth Nirmohi,Bowler,,,,,,,15.576636721828212,,15.576636721828212,,15.6,OTHER_T20/FRINGE
5190900f,E Haven,Batter,Bahamas,,15.473220013796997,,,,,15.473220013796997,,,15.5,INTL_T20/ASSOCIATE_FRINGE
fed92736,P Bosnjak,Batter,Croatia,,15.499578442041425,,,,,15.499578442041425,,,15.5,INTL_T20/ASSOCIATE_FRINGE
e13f8b16,AR Leo,Batter,St Helena,,15.475598989595815,,,25.033301395781827,,15.475598989595815,25.033301395781827,,15.5,INTL_T20/ASSOCIATE_FRINGE
e279fceb,HH Ramanayake,Bowler,,,,,,,15.537407246586579,,15.537407246586579,,15.5,OTHER_T20/FRINGE
5a802426,G Kotuwegoda,Batter,,,,15.548765750378653,,,,15.548765750378653,,,15.5,OTHER_T20/FRINGE
f7220198,SK Gharami,Batter,,,,15.472265637588217,,,,15.472265637588219,,,15.5,OTHER_T20/FRINGE
4a2ce060,M Jobarteh,Bowler,Gambia,,22.642341968362523,,,15.500461730982337,,22.642341968362523,15.500461730982337,,15.5,INTL_T20/ASSOCIATE_FRINGE
4fef092b,Bilal Sami,Batter,,,,15.51239495724559,,,18.18333123187492,15.51239495724559,18.18333123187492,,15.5,OTHER_T20/FRINGE
d12cead8,Zain-ul-Hassan,Bowler,,,,,,,15.536527472527471,,15.536527472527471,,15.5,OTHER_T20/FRINGE
1a353572,Saeed Waqar Ali,Bowler,Slovenia,,12.624632387313751,,,15.482732215806477,,12.624632387313751,15.482732215806477,,15.5,INTL_T20/ASSOCIATE_FRINGE
1ebfbbe4,Xie Kunkun,Batter,China,,15.461954067999947,,,,,15.461954067999947,,,15.5,INTL_T20/ASSOCIATE_FRINGE
48cfa3fd,YT Gunawardena,Batter,,,,15.479916008847852,,,,15.479916008847852,,,15.5,OTHER_T20/FRINGE
12c9c558,Wang Qi,Batter,China,,15.480647529266056,,,27.314451238310557,,15.480647529266056,27.314451238310557,,15.5,INTL_T20/ASSOCIATE_FRINGE
778062fb,Abhay,Batter,,,,15.465280107115175,,,,15.465280107115174,,,15.5,OTHER_T20/FRINGE
afb3ab47,JS Hunter,Bowler,,,,,,,15.533653045142408,,15.533653045142408,,15.5,OTHER_T20/FRINGE
e6581a17,CM Akachukwu,Bowler,Nigeria,,23.832802128263424,,,15.494727414815918,,23.832802128263424,15.494727414815918,,15.5,INTL_T20/ASSOCIATE_FRINGE
2cd3b457,M Manack,Batter,,,,15.49103697440587,,,,15.491036974405867,,,15.5,OTHER_T20/FRINGE
a9272860,Zahoor Sofi,Batter,,,,15.526097447890917,,,19.171280868923034,15.526097447890919,19.171280868923034,,15.5,OTHER_T20/FRINGE
299984bc,Karma Bhutia,Batter,,,,15.51263268550202,,,,15.51263268550202,,,15.5,OTHER_T20/FRINGE
d644b8b2,Joseph Lalthankhuma,Batter,,,,15.42407092805058,,,,15.42407092805058,,,15.4,OTHER_T20/FRINGE
d6ac6545,Nadif Chowdhury,Batter,Bangladesh,,,15.44100116157805,,,,15.441001161578052,,,15.4,OTHER_T20/FRANCHISE
cdc3e595,AJ Horton,Batter,,,,15.368037507074852,,,,15.368037507074852,,,15.4,OTHER_T20/FRINGE
afb1e61d,Saurabh Kumar,Batter,South Korea,,15.428882114968413,,,15.905947487411368,,15.428882114968413,15.905947487411368,,15.4,INTL_T20/ASSOCIATE_FRINGE
60e5dc97,EMKB Ekanayake,Bowler,,,,15.064223033759955,,,15.444241810199259,15.064223033759955,15.444241810199259,,15.4,OTHER_T20/FRINGE
e9cb8d60,Nitesh Sedai,Batter,,,,15.438883833788292,,,,15.43888383378829,,,15.4,OTHER_T20/SMAT
f8b4fd5f,Suliman Safi,Batter,,,,15.350370727935996,,,17.492992444448753,15.350370727935996,17.492992444448753,,15.4,OTHER_T20/FRINGE
82038f80,J Barnes,Bowler,,,,,,,15.360863221884498,,15.3608632218845,,15.4,OTHER_T20/FRINGE
3e90fbfd,RDS Morein,Batter,Timor-Leste,,15.354999555254865,,,,,15.354999555254865,,,15.4,INTL_T20/ASSOCIATE_FRINGE
af3042f1,P Suman Bhai Ahir,Batter,Panama,,15.401023437600045,,,,,15.401023437600045,,,15.4,INTL_T20/ASSOCIATE_FRINGE
246d11a2,Shadman Islam,Batter,,,,15.374982816020848,,,,15.374982816020848,,,15.4,OTHER_T20/FRINGE
64c88fab,HM Kapurubandara,Batter,,,,15.423431476661921,,,,15.42343147666192,,,15.4,OTHER_T20/FRINGE
704af8eb,MN Erlank,Batter,,,,15.42051335761013,,,,15.42051335761013,,,15.4,OTHER_T20/FRINGE
5c86b6ac,S Elayaperumal,Batter,Mexico,,15.44770888534955,,,,,15.44770888534955,,,15.4,INTL_T20/ASSOCIATE_FRINGE
c73c75f9,FFJ Heo,Batter,Indonesia,,15.44129443984075,,,,,15.44129443984075,,,15.4,INTL_T20/ASSOCIATE_FRINGE
5ccdb14f,C McKerr,Bowler,,,,,,,15.372549019607845,,15.372549019607845,,15.4,OTHER_T20/FRANCHISE
7e665859,PK Dimitri,Batter,Ivory Coast,,15.318375017416784,,,,,15.318375017416784,,,15.3,INTL_T20/ASSOCIATE_FRINGE
e898ab57,SJ Pearce,Bowler,,,,18.801604879150727,,,15.254857142857144,18.801604879150727,15.254857142857146,,15.3,OTHER_T20/FRINGE
f80bd415,LKW Ezechiel,Batter,Ivory Coast,,15.255454238701251,,,16.76183892153474,,15.255454238701251,16.76183892153474,,15.3,INTL_T20/ASSOCIATE_FRINGE
d83df855,S Burger,Bowler,,,,,,,15.324666763159165,,15.324666763159165,,15.3,OTHER_T20/FRINGE
afe8ff08,M Aboagye,Batter,Ghana,,15.26953488089993,,,25.14749199108184,,15.26953488089993,25.14749199108184,,15.3,INTL_T20/ASSOCIATE_FRINGE
e18e9598,S Vasilakis,Batter,Greece,,15.275034429531098,,,20.257004774590328,,15.275034429531098,20.257004774590328,,15.3,INTL_T20/ASSOCIATE_FRINGE
b5aa28ce,Yves Cyusa,Batter,Rwanda,,15.339540704105657,,,32.99343821007319,,15.339540704105657,32.99343821007319,,15.3,INTL_T20/ASSOCIATE_FRINGE
f9900488,P Prafullomani,Batter,,,,15.302013193812556,,,,15.302013193812556,,,15.3,OTHER_T20/SMAT
103431a3,B Kruger,Batter,,,,15.338050241276047,,,20.634856590473788,15.338050241276047,20.634856590473788,,15.3,OTHER_T20/FRINGE
9f964d26,M Deveraj,Bowler,,,,,,,15.340060790273558,,15.340060790273558,,15.3,OTHER_T20/FRINGE
ea45f98b,I Mansaray,Batter,Sierra Leone,,15.252866892181665,,,,,15.252866892181665,,,15.3,INTL_T20/ASSOCIATE_FRINGE
d05e9052,R Poojary,Batter,Mexico,,15.26508140976061,,,,,15.26508140976061,,,15.3,INTL_T20/ASSOCIATE_FRINGE
e1fe58ad,S Chilemanya,Batter,Nigeria,,15.258124106526068,,,,,15.258124106526068,,,15.3,INTL_T20/ASSOCIATE_FRINGE
431f2dd4,Jun Hyunwoo,Batter,South Korea,,15.33437376182387,,,24.146610878074757,,15.33437376182387,24.146610878074757,,15.3,INTL_T20/ASSOCIATE_FRINGE
f5ba4611,M Sarenac,Bowler,Serbia,,13.951498033011578,,,15.302969593700833,,13.951498033011578,15.302969593700833,,15.3,INTL_T20/ASSOCIATE_FRINGE
c07a1f41,NM Odhiambo,All-rounder,Kenya,,16.426145478461493,,,12.77861335289802,,16.426145478461493,12.77861335289802,,15.3,INTL_T20/ASSOCIATE_FRINGE
0251a22f,Abdul Bangalzai,Batter,,,,15.34141779879107,,,,15.34141779879107,,,15.3,OTHER_T20/FRINGE
bb939fa3,Elan Talker,Bowler,Israel,,22.568756493637764,,,15.293693308247626,,22.568756493637764,15.293693308247626,,15.3,INTL_T20/ASSOCIATE_FRINGE
2be0cc2f,Bikash Singh,Batter,,,,15.28481998137183,,,,15.284819981371829,,,15.3,OTHER_T20/FRINGE
d57936b4,KK Acharjee,Batter,,,,15.286322065597238,,,,15.286322065597238,,,15.3,OTHER_T20/FRINGE
dd506910,Dhrumil Matkar,Bowler,,,,,,,15.335392097264439,,15.335392097264439,,15.3,OTHER_T20/FRINGE
191ee2f2,J Khadka,Bowler,Romania,,17.252208966725114,,,15.32302317118552,,17.252208966725114,15.32302317118552,,15.3,INTL_T20/ASSOCIATE_FRINGE
9ca20359,SV Kitime,Batter,,,,15.260648303503654,,,,15.260648303503652,,,15.3,OTHER_T20/FRINGE
1eff4f98,Imran Uzzaman,Batter,,,,15.329336374497665,,,,15.329336374497665,,,15.3,OTHER_T20/FRINGE
4e57144f,Pritam Nirala,Batter,,,,15.25969096859735,,,19.488276864143714,15.25969096859735,19.488276864143714,,15.3,OTHER_T20/FRINGE
878b1e06,A Ghiraiya,Batter,,,,15.28443129451194,,,,15.28443129451194,,,15.3,OTHER_T20/FRINGE
2fca1733,Sedik Sahak,Bowler,Sweden,,,,,15.33481776077119,,,15.33481776077119,,15.3,INTL_T20/ASSOCIATE_FRINGE
bf6e03ea,K V Sasikanth,Bowler,,,,29.02857142857143,,,15.166833166833165,29.02857142857143,15.166833166833165,,15.2,OTHER_T20/SMAT
d9792701,SE Thomas,Batter,,,,15.232927878967796,,,,15.232927878967795,,,15.2,OTHER_T20/FRINGE
bd265857,Khawlhring Lalremruata,Batter,,,,15.177959189883378,,,,15.177959189883378,,,15.2,OTHER_T20/FRINGE
c2d9b9cd,SB Wood,Bowler,,,,,,,15.188649780479569,,15.188649780479569,,15.2,OTHER_T20/FRINGE
b7abb123,JB Abega,Batter,Cameroon,,15.245518971691132,,,30.26682138412177,,15.245518971691132,30.26682138412177,,15.2,INTL_T20/ASSOCIATE_FRINGE
a945bb28,T Muzarabani,Bowler,Zimbabwe,,,,,15.166710823796604,,,15.166710823796604,,15.2,INTL_T20/ASSOCIATE_FRINGE
1574f3fe,Muhammad Faizan,Batter,,,,15.226803652833347,,,19.469249197404537,15.226803652833345,19.469249197404537,,15.2,OTHER_T20/FRINGE
24104e5c,Tanbir Hayder,Bowler,,,,22.971138171997822,,,15.176669915247423,22.971138171997822,15.176669915247423,,15.2,OTHER_T20/FRINGE
856dcfa8,A Nagarajan,Bowler,Qatar,,25.08433844720974,,,15.195610625946163,,25.08433844720974,15.195610625946163,,15.2,INTL_T20/ASSOCIATE_FRINGE
6b96bebf,C Zavoiu,Batter,Romania,,15.196519761556612,,,21.03465434473039,,15.196519761556612,21.03465434473039,,15.2,INTL_T20/ASSOCIATE_FRINGE
15b39832,R Hadley,Bowler,,,,,,,15.153603319341922,,15.153603319341922,,15.2,OTHER_T20/FRINGE
92e3e61e,O Riley,Bowler,,,,19.097816843114174,,,15.199063829787233,19.097816843114174,15.199063829787232,,15.2,OTHER_T20/FRINGE
36cdbfec,K Roca,Batter,Belize,,15.156830590251367,,,,,15.156830590251367,,,15.2,INTL_T20/ASSOCIATE_FRINGE
f5932ad2,Zong Yuechao,Batter,China,,15.164562132899302,,,18.347757563061748,,15.164562132899302,18.347757563061748,,15.2,INTL_T20/ASSOCIATE_FRINGE
f8e48647,IG McPeake,Bowler,,,,16.717193755842505,,,15.173513061098632,16.717193755842505,15.173513061098632,,15.2,OTHER_T20/FRINGE
de3d549a,AM Fernando,Bowler,Sri Lanka,,28.470261345918924,,,15.291801856033349,15.245674740484429,28.470261345918924,15.245674740484429,,15.2,OTHER_T20/FRANCHISE
7fa2ab1f,RML Taylor,Bowler,Scotland,,32.94207086697379,,,19.173397809845397,15.175420168067225,32.94207086697379,15.175420168067227,,15.2,OTHER_T20/FRANCHISE
65a2fff5,Mohammad Imran,Bowler,,,,25.64664729455034,,,15.245028315469526,25.64664729455034,15.245028315469526,,15.2,OTHER_T20/FRINGE
a941d2d5,J de Klerk,Bowler,,,,,,,15.126092059518843,,15.126092059518843,,15.1,OTHER_T20/FRINGE
4a491652,Muktar Ali,Bowler,Bangladesh,,,40.99059466019417,,,15.125,40.99059466019417,15.125,,15.1,OTHER_T20/FRANCHISE
dd55932d,Kengo Bam,Bowler,,,,,,,15.076270629291908,,15.076270629291908,,15.1,OTHER_T20/FRINGE
b7d8d5ce,Lalnunkima Varte,Bowler,,,,16.30427293455037,,,15.056050433412135,16.30427293455037,15.056050433412134,,15.1,OTHER_T20/FRINGE
b0eaaac6,Ali Khan,Bowler,United States of America,,26.875075482230507,18.212985436893206,,14.839029520562688,15.102108768035514,18.212985436893206,15.102108768035514,,15.1,OTHER_T20/FRANCHISE
b0ff13d6,PV Naringrekar,Batter,Costa Rica,,15.05296086571748,,,,,15.05296086571748,,,15.1,INTL_T20/ASSOCIATE_FRINGE
c51c4c22,PRPM Guruge,Batter,Israel,,15.110841656663855,,,28.56261313960934,,15.110841656663855,28.56261313960934,,15.1,INTL_T20/ASSOCIATE_FRINGE
e7631adc,W Niyitanga,Batter,Rwanda,,15.078931921236608,,,,,15.078931921236608,,,15.1,INTL_T20/ASSOCIATE_FRINGE
04539335,D Wheatley,Batter,Bahamas,,15.089097550006347,,,,,15.089097550006347,,,15.1,INTL_T20/ASSOCIATE_FRINGE
ee572df8,ASH Parsons,Batter,South Korea,,15.130845223252216,,,,,15.130845223252216,,,15.1,INTL_T20/ASSOCIATE_FRINGE
c83ef4d6,Sandeep Goud,Batter,Bahamas,,15.087985900154404,,,16.380324251784774,,15.087985900154404,16.380324251784774,,15.1,INTL_T20/ASSOCIATE_FRINGE
13903f13,Tahmeed Rahman,Bowler,,,,,,,15.06158357771261,,15.06158357771261,,15.1,OTHER_T20/SMAT
6752c57b,Jahurul Islam,Wicketkeeper,Bangladesh,,22.977755308392315,12.431817005640944,,,,12.431817005640944,,26.000482160077148,15.1,OTHER_T20/FRANCHISE
97b9cb64,A Conteh,Batter,Gambia,,15.131938701869094,,,28.72747955723241,,15.131938701869094,28.72747955723241,,15.1,INTL_T20/ASSOCIATE_FRINGE
0867d81f,K Cotani,Batter,,,,15.05534389904291,,,,15.05534389904291,,,15.1,OTHER_T20/FRINGE
3ec513ea,A Maheshwari,Batter,Croatia,,15.130231752547513,,,17.791120645360188,,15.130231752547513,17.791120645360188,,15.1,INTL_T20/ASSOCIATE_FRINGE
15fe1668,O Casasola,Batter,Belize,,15.058398715947952,,,22.713888836987696,,15.058398715947952,22.713888836987696,,15.1,INTL_T20/ASSOCIATE_FRINGE
26529e00,Manoj Adhikari,Batter,Bhutan,,15.093565969489164,,,,,15.093565969489164,,,15.1,INTL_T20/ASSOCIATE_FRINGE
e6948355,P Suanchuai,Batter,Thailand,,15.100248091594832,,,,,15.100248091594832,,,15.1,INTL_T20/ASSOCIATE_FRINGE
267cafb0,H Upadhyay,Batter,Mongolia,,15.118363446150864,,,,,15.118363446150864,,,15.1,INTL_T20/ASSOCIATE_FRINGE
01dc3ec0,P Botha,Batter,,,,15.02924195980669,,,17.492011455950433,15.02924195980669,17.492011455950433,,15.0,OTHER_T20/FRINGE
68d11420,Mohammad Zeeshan,Bowler,,,,,,,15.004566410961548,,15.004566410961546,,15.0,OTHER_T20/FRINGE
018f6488,M Gouws,Bowler,Gibraltar,,29.376941766995156,,,15.001137622902679,,29.376941766995156,15.001137622902679,,15.0,INTL_T20/ASSOCIATE_FRINGE
5584885b,A Premaratne,Batter,,,,15.024757919844685,,,26.804375236414074,15.024757919844685,26.80437523641407,,15.0,OTHER_T20/FRINGE
e401f8a5,Mayank Nagayach,Bowler,Luxembourg,,25.398218848827412,,,15.049965739660301,,25.398218848827412,15.049965739660301,,15.0,INTL_T20/ASSOCIATE_FRINGE
04420914,P Zuze,Batter,Malawi,,14.990688903097801,,,,,14.990688903097801,,,15.0,INTL_T20/ASSOCIATE_FRINGE
6794586e,RD Banik,Batter,,,,14.980966345482477,,,,14.980966345482479,,,15.0,OTHER_T20/FRINGE
69cbd850,M Mariyappan,Batter,Seychelles,,15.049112775284645,,,,,15.049112775284645,,,15.0,INTL_T20/ASSOCIATE_FRINGE
b2e15fa9,Mertcan Filiz,Batter,Turkey,,14.95322284845278,,,,,14.95322284845278,,,15.0,INTL_T20/ASSOCIATE_FRINGE
77f6fd61,Larry Sangma,Batter,,,,15.009936289422502,,,,15.009936289422503,,,15.0,OTHER_T20/FRINGE
40919feb,HJ Yan,Batter,China,,15.042384583818437,,,,,15.042384583818437,,,15.0,INTL_T20/ASSOCIATE_FRINGE
a434f43c,Shi Yu Feng,Batter,China,,15.015810910592217,,,,,15.015810910592217,,,15.0,INTL_T20/ASSOCIATE_FRINGE
e77c9807,DK Pallekonda,Batter,Slovenia,,15.024207275723032,,,21.71801053605136,,15.024207275723032,21.71801053605136,,15.0,INTL_T20/ASSOCIATE_FRINGE
bc0c1f0d,Sarbeswar Mohanty,Batter,,,,14.955341028631633,,,18.459450858896076,14.955341028631633,18.459450858896076,,15.0,OTHER_T20/FRINGE
3a1c34e6,D Gim,Batter,Nigeria,,14.985695578667833,,,18.65512873212493,,14.985695578667833,18.65512873212493,,15.0,INTL_T20/ASSOCIATE_FRINGE
6ca4e7bf,D Ebersohn,Batter,Mexico,,14.922539452971005,,,,,14.922539452971005,,,14.9,INTL_T20/ASSOCIATE_FRINGE
5335c5a7,M Vaik,Batter,Estonia,,14.88976591599078,,,,,14.88976591599078,,,14.9,INTL_T20/ASSOCIATE_FRINGE
fe3e9880,SG Diaby,Bowler,Mali,,14.994060954447246,,,14.872814404482831,,14.994060954447246,14.872814404482831,,14.9,INTL_T20/ASSOCIATE_FRINGE
774e65b3,Aimal Khan,Bowler,,,,,,,14.9106274907126,,14.9106274907126,,14.9,OTHER_T20/FRINGE
42a01b52,Ilyas Ahmed,Bowler,Kuwait,,26.549539115932056,,,14.925113231171142,,26.549539115932056,14.925113231171142,,14.9,INTL_T20/ASSOCIATE_FRINGE
18fcb85f,Jaikumar Thakur,Batter,Croatia,,14.906489168441901,,,19.758747816257326,,14.906489168441901,19.758747816257326,,14.9,INTL_T20/ASSOCIATE_FRINGE
3559290a,E Ul Haq,Batter,Norway,,14.859187829690711,,,,,14.859187829690711,,,14.9,INTL_T20/ASSOCIATE_FRINGE
92673ce8,Arkaprabha Sinha,Batter,,,,14.924001218722626,,,,14.924001218722625,,,14.9,OTHER_T20/FRINGE
02ba80a0,J Merlo,Batter,,,,14.888672772239358,,,20.925170068027214,14.88867277223936,20.925170068027214,,14.9,OTHER_T20/FRINGE
0827b38d,TG Mokoena,Batter,,,,14.91853126792886,,,,14.918531267928861,,,14.9,OTHER_T20/FRANCHISE
1f22730e,Rafiulah Alokozai,Bowler,Belgium,,20.465224867276515,,,14.892405495795542,,20.465224867276515,14.892405495795542,,14.9,INTL_T20/ASSOCIATE_FRINGE
5e6d1a54,LJ Carey,Bowler,,,,,,,14.91054103343465,,14.910541033434653,,14.9,OTHER_T20/FRINGE
20d948ae,B Maphosa,Bowler,Botswana,,22.67422362296127,,,14.797853906701802,,22.67422362296127,14.797853906701802,,14.8,INTL_T20/ASSOCIATE_FRINGE
e2abcf16,Niv Nagavkar,Bowler,Israel,,30.372927472926875,,,14.783009690060418,,30.372927472926875,14.783009690060418,,14.8,INTL_T20/ASSOCIATE_FRINGE
97e36a0f,Mahmud Jasat,Batter,Panama,,14.76333147584176,,,18.539923954372625,,14.76333147584176,18.539923954372625,,14.8,INTL_T20/ASSOCIATE_FRINGE
f16953c5,Sareer Shah,Bowler,Luxembourg,,16.128934659430165,,,14.790033326868528,,16.128934659430165,14.790033326868528,,14.8,INTL_T20/ASSOCIATE_FRINGE
95e47073,Huzaif Yousuf,Bowler,Bulgaria,,23.389253327830083,,,14.790403128115054,,23.389253327830083,14.790403128115054,,14.8,INTL_T20/ASSOCIATE_FRINGE
3f05c34d,Raihan Hossain,Batter,Timor-Leste,,14.803284793083415,,,19.0150970188993,,14.803284793083415,19.0150970188993,,14.8,INTL_T20/ASSOCIATE_FRINGE
550c9b2c,O Duff,Bowler,Bulgaria,,16.153390938451114,,,14.771253845473804,,16.153390938451114,14.771253845473804,,14.8,INTL_T20/ASSOCIATE_FRINGE
f20e7aac,W Uisuk,Batter,Thailand,,14.83897872906177,,,17.152291842881198,,14.83897872906177,17.152291842881198,,14.8,INTL_T20/ASSOCIATE_FRINGE
23f37c09,Azri Azhar,Bowler,Malaysia,,22.463039321753175,,,14.800545373678284,,22.463039321753175,14.800545373678284,,14.8,INTL_T20/ASSOCIATE_FRINGE
8088632c,C Rububagumya,All-rounder,Rwanda,,10.093413458455357,,,16.84077079107505,,10.093413458455357,16.84077079107505,,14.8,INTL_T20/ASSOCIATE_FRINGE
d7af6207,S Kamate,Batter,Mali,,14.804129261917279,,,17.219815386847372,,14.804129261917279,17.219815386847372,,14.8,INTL_T20/ASSOCIATE_FRINGE
d718440b,V Pratap Singh,Bowler,,,,15.754563775601081,,,14.849501877346684,15.754563775601083,14.849501877346682,,14.8,OTHER_T20/FRINGE
1eb2b096,J Batinibulu,Batter,Fiji,,14.784490145842856,,,21.783720657104688,,14.784490145842856,21.783720657104688,,14.8,INTL_T20/ASSOCIATE_FRINGE
8b0b3bba,SA Mohandas,Bowler,Hungary,,20.190279570155443,,,14.737885778357432,,20.190279570155443,14.737885778357432,,14.7,INTL_T20/ASSOCIATE_FRINGE
fe473dc2,Ishwar Chaudhary,Bowler,,,,,,,14.679320679320679,,14.67932067932068,,14.7,OTHER_T20/SMAT
037429dc,L Haskett,Bowler,,,,,,,14.688135089496793,,14.688135089496795,,14.7,OTHER_T20/FRINGE
78bb68d4,Y Cariah,Bowler,West Indies,,,23.964738169158153,,,14.671374774023086,23.964738169158153,14.671374774023088,,14.7,OTHER_T20/FRINGE
96477053,Hokaito Zhimomi,Batter,,,,14.65598271155596,,,,14.65598271155596,,,14.7,OTHER_T20/SMAT
b8b95e44,SDJJ Dima,Batter,Mozambique,,14.733981306980734,,,18.333323179235727,,14.733981306980734,18.333323179235727,,14.7,INTL_T20/ASSOCIATE_FRINGE
bbafa5d6,A Harris,Batter,Bahamas,,14.697077407817893,,,,,14.697077407817893,,,14.7,INTL_T20/ASSOCIATE_FRINGE
f4a9e5a1,R Anders,Batter,,,,14.70293586585792,,,19.982543885456508,14.70293586585792,19.982543885456508,,14.7,OTHER_T20/FRINGE
c50bfbc2,A Myoli,Bowler,,,,18.113074238201527,,,14.736201897393387,18.113074238201527,14.736201897393387,,14.7,OTHER_T20/FRINGE
375322d1,A Osei,Batter,Ghana,,14.69969718527063,,,,,14.69969718527063,,,14.7,INTL_T20/ASSOCIATE_FRINGE
fa9c0196,RR Richards,Bowler,,,,,,,14.70304761904762,,14.70304761904762,,14.7,OTHER_T20/FRINGE
ec6d3617,Syed Sagar,Batter,,,,14.740665421890656,,,18.108014962383898,14.740665421890656,18.108014962383898,,14.7,OTHER_T20/FRINGE
dfc887dc,Swarupam Purkayastha,Batter,,,,14.709994178650213,,,22.532719707476986,14.709994178650215,22.532719707476986,,14.7,OTHER_T20/FRINGE
f4000a7d,SN Pathirana,Batter,Cyprus,,14.652614080153224,,,,,14.652614080153224,,,14.7,INTL_T20/ASSOCIATE_FRINGE
cbba9e4e,A Tripathi,Batter,,,,14.59820590719029,,,,14.59820590719029,,,14.6,OTHER_T20/FRINGE
98514dce,Ibrahim Nashath,Batter,Maldives,,14.612299872766929,,,26.80120182920563,,14.612299872766929,26.80120182920563,,14.6,INTL_T20/ASSOCIATE_FRINGE
e01b6c44,TL Lawford,Bowler,,,,20.85698683519233,,,14.58456129685917,20.85698683519233,14.58456129685917,,14.6,OTHER_T20/FRINGE
5355e20a,Johnson Singh,Batter,,,,14.623400982358586,,,,14.623400982358586,,,14.6,OTHER_T20/FRINGE
2494ff9e,D Ajekun,Batter,Nigeria,,14.632915805616314,,,24.75702702702703,,14.632915805616314,24.75702702702703,,14.6,INTL_T20/ASSOCIATE_FRINGE
9e29431f,Pragnay Reddy,Batter,,,,14.617163959099443,,,,14.617163959099443,,,14.6,OTHER_T20/FRINGE
f46fbe60,K Shivam,Batter,Costa Rica,,14.62614154392412,,,,,14.62614154392412,,,14.6,INTL_T20/ASSOCIATE_FRINGE
4d9dfc7f,S Banamali,Bowler,Singapore,,,,,14.60319154359244,,,14.60319154359244,,14.6,INTL_T20/ASSOCIATE_FRINGE
241a104c,V Hampihallikar,Bowler,Singapore,,18.513275141466877,,,14.567189178939385,,18.513275141466877,14.567189178939385,,14.6,INTL_T20/ASSOCIATE_FRINGE
6bc91087,Vathila Udara,Batter,,,,14.607504078954328,,,23.30632959273736,14.607504078954328,23.30632959273736,,14.6,OTHER_T20/FRINGE
dfbd203a,Karkir Taye,Bowler,,,,21.51635091925417,,,14.554775510204083,21.51635091925417,14.554775510204081,,14.6,OTHER_T20/FRINGE
c707b358,B Rahman,Batter,,,,14.58421309872923,,,,14.584213098729231,,,14.6,OTHER_T20/FRINGE
e87cc53a,JR Banik,Batter,,,,14.620067029744451,,,,14.620067029744453,,,14.6,OTHER_T20/FRINGE
837be376,Nazmul Huda,Batter,Timor-Leste,,14.562774357631787,,,21.84166581029699,,14.562774357631787,21.84166581029699,,14.6,INTL_T20/ASSOCIATE_FRINGE
a103d8ad,QS Tan,Batter,China,,14.574004130776967,,,,,14.574004130776967,,,14.6,INTL_T20/ASSOCIATE_FRINGE
f782103d,Shashwat Kohli,Batter,,,,14.634473290782589,,,,14.63447329078259,,,14.6,OTHER_T20/FRINGE
93544e69,A Awasthi,Batter,Croatia,,14.603409536166492,,,,,14.603409536166492,,,14.6,INTL_T20/ASSOCIATE_FRINGE
50636767,RJ Gibson,Batter,,,,14.616161438757947,,,,14.616161438757949,,,14.6,OTHER_T20/FRANCHISE
e52eb657,KR Ebanks,Bowler,Cayman Islands,,15.019383970361844,,,14.584727892252035,,15.019383970361844,14.584727892252035,,14.6,INTL_T20/ASSOCIATE_FRINGE
5b9b8d98,CA Keita,Batter,Mali,,14.628969329635776,,,26.91194675225094,,14.628969329635776,26.91194675225094,,14.6,INTL_T20/ASSOCIATE_FRINGE
06989091,Javid Patel,Batter,Zambia,,14.644811149148708,,,26.488412851150493,,14.644811149148708,26.488412851150493,,14.6,INTL_T20/ASSOCIATE_FRINGE
645eaa96,Wasiqur Rahman,Batter,,,,14.460054595086442,,,,14.46005459508644,,,14.5,OTHER_T20/SMAT
aa47439d,Ibrar Ahmad,Bowler,,,,,,,14.500123531839844,,14.500123531839844,,14.5,OTHER_T20/FRINGE
4c450aee,Narsingh Yadav,Batter,,,,14.490585847273744,,,,14.490585847273744,,,14.5,OTHER_T20/SMAT
269ff06e,TJ Price,Bowler,,,,22.338349510100585,,,14.470345212398868,22.338349510100585,14.47034521239887,,14.5,OTHER_T20/FRINGE
ba2f439f,DZ Ma,Batter,China,,14.466724179232044,,,,,14.466724179232044,,,14.5,INTL_T20/ASSOCIATE_FRINGE
1c40f69f,S Tosic,Batter,Serbia,,14.531185332285311,,,18.786350837529547,,14.531185332285311,18.786350837529547,,14.5,INTL_T20/ASSOCIATE_FRINGE
2182013e,SW Masakadza,Bowler,Zimbabwe,,20.204476108835195,,,14.490159561891826,,20.204476108835195,14.490159561891826,,14.5,INTL_T20/ASSOCIATE_FRINGE
37753749,Shahid Mahmood,Bowler,Bahrain,,24.51428919216539,,,14.514736769039349,,24.51428919216539,14.514736769039349,,14.5,INTL_T20/ASSOCIATE_FRINGE
054fc648,F Lalmuanzuala,Batter,,,,14.535891209867792,,,,14.535891209867792,,,14.5,OTHER_T20/FRINGE
f81005c4,Shivam Kumar,Bowler,,,,19.47760266162725,,,14.454921985815602,19.47760266162725,14.454921985815602,,14.5,OTHER_T20/FRINGE
58533699,SR Mohan,Wicketkeeper,Seychelles,,10.823270258558429,,,,,10.823270258558429,,28.921568627450984,14.4,INTL_T20/ASSOCIATE_FRINGE
7990dc16,Muhammet Bicer,Batter,Turkey,,14.410245239908612,,,18.7143613194944,,14.410245239908612,18.7143613194944,,14.4,INTL_T20/ASSOCIATE_FRINGE
53dd7d8e,Andre Jarju,Batter,Gambia,,14.429407369070418,,,20.718177302778066,,14.429407369070418,20.718177302778066,,14.4,INTL_T20/ASSOCIATE_FRINGE
14c90152,S Karthik,Batter,,,,14.364626468743452,,,,14.364626468743452,,,14.4,OTHER_T20/FRINGE
b89ac0fd,M O'Reilly,Bowler,,,,,,,14.420231003039515,,14.420231003039515,,14.4,OTHER_T20/FRINGE
8ab49ad2,Abdullah Bayoumy,Batter,,,,14.411861437879477,,,,14.411861437879477,,,14.4,OTHER_T20/FRINGE
943ca0cd,NT Nyamhuri,Bowler,Zimbabwe,,25.61136118061978,,,14.438412747798889,,25.61136118061978,14.438412747798889,,14.4,INTL_T20/ASSOCIATE_FRINGE
2f43ee81,J Layne,Bowler,,,,,,,14.426775510204083,,14.426775510204084,,14.4,OTHER_T20/FRINGE
6dd03875,CJ Taylor,Batter,,,,14.421632327235127,,,,14.421632327235127,,,14.4,OTHER_T20/FRINGE
ef4f539a,C Chete,Batter,Malawi,,14.368035274414185,,,,,14.368035274414185,,,14.4,INTL_T20/ASSOCIATE_FRINGE
91f266cf,HT Li,Batter,China,,14.434252606720575,,,,,14.434252606720575,,,14.4,INTL_T20/ASSOCIATE_FRINGE
6770bccd,K Nagnama,Batter,Ivory Coast,,14.421837217696941,,,,,14.421837217696941,,,14.4,INTL_T20/ASSOCIATE_FRINGE
35f622e6,YJC Altamirano,Batter,Costa Rica,,14.41255804357239,,,,,14.41255804357239,,,14.4,INTL_T20/ASSOCIATE_FRINGE
4ad7fc1b,AP McLaren,Batter,,,,14.352677637516662,,,,14.35267763751666,,,14.4,OTHER_T20/FRINGE
c10a581f,CR Richards,Batter,St Helena,,14.430355340074314,,,,,14.430355340074314,,,14.4,INTL_T20/ASSOCIATE_FRINGE
cb57dcf4,Azizul Hakim,Batter,,,,14.401002853530244,,,,14.401002853530244,,,14.4,OTHER_T20/FRINGE
9c5c3408,Mongdara Sok,Batter,Cambodia,,14.396892576011426,,,,,14.396892576011426,,,14.4,INTL_T20/ASSOCIATE_FRINGE
d92fb332,A Razmilic,Batter,Croatia,,14.421934189865702,,,15.240807214058165,,14.421934189865702,15.240807214058165,,14.4,INTL_T20/ASSOCIATE_FRINGE
99fdf8c9,RB Bishnoi Jr,Batter,,,,14.258934295648244,,,23.950797853710476,14.258934295648244,23.950797853710476,,14.3,OTHER_T20/FRINGE
4f36495c,Arup Das,Bowler,,,,,,,14.251044917257683,,14.251044917257685,,14.3,OTHER_T20/FRINGE
096601c5,DKJ Claude,Batter,Ivory Coast,,14.291938839520256,,,13.650220209345683,,14.291938839520256,13.650220209345683,,14.3,INTL_T20/ASSOCIATE_FRINGE
d1bec7a6,D Matla,Batter,Slovenia,,14.265629678029292,,,,,14.265629678029292,,,14.3,INTL_T20/ASSOCIATE_FRINGE
2d5c6e88,Yusuf Ebrahim,Batter,Panama,,14.329228873717806,,,18.243824962931427,,14.329228873717806,18.243824962931427,,14.3,INTL_T20/ASSOCIATE_FRINGE
7eb7b47b,P Cabebula,Batter,Fiji,,14.328679652880943,,,24.097290182841515,,14.328679652880943,24.097290182841515,,14.3,INTL_T20/ASSOCIATE_FRINGE
62708dce,S Tabuisulu,Bowler,Fiji,,14.881362772131528,,,14.309428199493176,,14.881362772131528,14.309428199493176,,14.3,INTL_T20/ASSOCIATE_FRINGE
a5262f5e,N Sun,Batter,China,,14.30955660246379,,,,,14.30955660246379,,,14.3,INTL_T20/ASSOCIATE_FRINGE
5c57229d,Muhammad Fahim,Bowler,Belgium,,20.776817493444295,,,14.188314242405832,,20.776817493444295,14.188314242405832,,14.2,INTL_T20/ASSOCIATE_FRINGE
fcd92ab0,Nooruddin Mujadady,Bowler,Germany,,28.632000172889352,,,14.220409116124651,,28.632000172889352,14.220409116124651,,14.2,INTL_T20/ASSOCIATE_FRINGE
a0936692,EL Hawken,Bowler,,,,23.260377852015004,,,14.179984239558706,23.260377852015004,14.179984239558706,,14.2,OTHER_T20/FRINGE
11ec0b58,JC Wainman,Bowler,,,,19.29656701621758,,,14.224818801279378,19.29656701621758,14.224818801279378,,14.2,OTHER_T20/FRINGE
2e78f685,KR Sen,Bowler,,,,,,,14.21700879765396,,14.21700879765396,,14.2,OTHER_T20/SMAT
fec369cd,E Barnes,Bowler,,,,,,,14.224733085669259,,14.224733085669259,,14.2,OTHER_T20/FRINGE
42046ec9,Amiangshu Sen,Batter,,,,14.152490936639612,,,23.22589689008878,14.152490936639612,23.22589689008878,,14.2,OTHER_T20/FRINGE
4a78f962,V Zanko,Batter,Croatia,,14.171387241358389,,,22.91751183766393,,14.171387241358389,22.91751183766393,,14.2,INTL_T20/ASSOCIATE_FRINGE
52c442e4,JO Baker,Bowler,,,,15.014672487699396,,,14.152108972194078,15.014672487699396,14.15210897219408,,14.2,OTHER_T20/FRINGE
76f168de,Mustafa Atmaca,Bowler,Turkey,,20.544215893378478,,,14.207894997511517,,20.544215893378478,14.207894997511517,,14.2,INTL_T20/ASSOCIATE_FRINGE
8d995b86,S Gantulga,Batter,Mongolia,,14.162007425869822,,,,,14.162007425869822,,,14.2,INTL_T20/ASSOCIATE_FRINGE
8d4653f3,Adil Reshi,Batter,,,,14.232960945864175,,,,14.232960945864175,,,14.2,OTHER_T20/FRINGE
5af743d0,Sohail Khan,Bowler,Pakistan,,,34.31467732724157,,21.089330810460375,14.138344226579523,34.31467732724157,14.138344226579525,,14.1,OTHER_T20/FRANCHISE
090f9211,Shahadat Hossain,Bowler,Bangladesh,,18.684310370226243,,,14.522016904190696,13.498478216818643,18.684310370226243,14.138189896426177,,14.1,INTL_T20/ASSOCIATE_FRINGE
a8333aa9,LAS Sebastien,Bowler,,,,21.946999437954734,,,14.087146376579748,21.946999437954734,14.08714637657975,,14.1,OTHER_T20/FRINGE
0dbe27b8,BD Glover,Bowler,Netherlands,,18.45355332006592,,,32.678437699770704,14.107843137254903,18.45355332006592,14.107843137254903,,14.1,OTHER_T20/FRANCHISE
c4e205e4,M Vivekanandan,Batter,Mongolia,,14.063743978383737,,,18.59202120371322,,14.063743978383737,18.59202120371322,,14.1,INTL_T20/ASSOCIATE_FRINGE
f3ba1bdc,Rex Rajkumar,Bowler,,,,19.2,,,14.127872127872127,19.2,14.127872127872125,,14.1,OTHER_T20/SMAT
5934e1b2,Y Konate,Batter,Mali,,14.137515762310777,,,,,14.137515762310777,,,14.1,INTL_T20/ASSOCIATE_FRINGE
978bd738,RA Stevenson,Bowler,,,,,,,14.132352941176471,,14.13235294117647,,14.1,OTHER_T20/FRANCHISE
d4bebd88,Rahat Kazi,Batter,Timor-Leste,,14.11558356005371,,,15.322083270752472,,14.11558356005371,15.322083270752472,,14.1,INTL_T20/ASSOCIATE_FRINGE
9dc85417,Saidingliana Sailo,Batter,,,,14.07535786145991,,,,14.07535786145991,,,14.1,OTHER_T20/FRINGE
9a0e4ca5,SE Gotch,Wicketkeeper,,,,12.703772706101535,,,,12.703772706101535,,19.672131147540984,14.1,OTHER_T20/FRANCHISE
1dc27b6b,Al Bashid Muhammed,Batter,,,,14.144728263535306,,,,14.144728263535304,,,14.1,OTHER_T20/FRINGE
8be36d3e,Sarfaraz Ashraf,Batter,,,,14.009195101397703,,,21.503814147018034,14.009195101397703,21.503814147018034,,14.0,OTHER_T20/FRINGE
4b6cc6c2,Licha Tehi,Bowler,,,,,,,13.977677811550151,,13.977677811550151,,14.0,OTHER_T20/FRINGE
3abe1ef6,A Ndlovu,Bowler,Zimbabwe,,21.287037993015,,,13.964338880044519,,21.287037993015,13.964338880044519,,14.0,INTL_T20/ASSOCIATE_FRINGE
1cc0a83d,J Hull,Bowler,,,,,,,13.950980392156865,,13.950980392156865,,14.0,OTHER_T20/FRANCHISE
72f03be4,Mohammad Amir Khan,Bowler,,,,17.83302673605568,,,13.886932650775876,17.83302673605568,13.886932650775874,,13.9,OTHER_T20/FRINGE
c821e504,Bipin Kumar,Bowler,Qatar,,,,,13.885073359544348,,,13.885073359544348,,13.9,INTL_T20/ASSOCIATE_FRINGE
5319f95b,Nay Lin Htun,Batter,Myanmar,,13.935804574948019,,,,,13.935804574948019,,,13.9,INTL_T20/ASSOCIATE_FRINGE
a84ccd7d,Sumon Khan,Bowler,Bangladesh,,,24.93963561355472,,,13.873236437321545,24.93963561355472,13.873236437321545,,13.9,OTHER_T20/FRINGE
94aa1697,AAS Silva,Batter,,,,13.865328125251873,,,26.2984070945236,13.865328125251873,26.2984070945236,,13.9,OTHER_T20/FRINGE
eca0c288,A Bramble,Batter,,,,13.851565701928564,,,,13.851565701928566,,,13.9,OTHER_T20/FRINGE
df49ae91,Muzammil Shahzad,Batter,Philippines,,13.90177619847307,,,,,13.90177619847307,,,13.9,INTL_T20/ASSOCIATE_FRINGE
a5ac694f,BJ Arnel,Bowler,,,,,,,13.940804983301437,,13.940804983301438,,13.9,OTHER_T20/FRINGE
69795fcd,MS Diakite,Batter,Mali,,13.929971788856705,,,,,13.929971788856705,,,13.9,INTL_T20/ASSOCIATE_FRINGE
1a710f40,Ali Rasool,Bowler,Bulgaria,,17.206904265487704,,,13.84913400169821,,17.206904265487704,13.84913400169821,,13.8,INTL_T20/ASSOCIATE_FRINGE
5772882c,Amal Jacob,Batter,Hungary,,13.80146943341963,,,22.77112031025901,,13.80146943341963,22.77112031025901,,13.8,INTL_T20/ASSOCIATE_FRINGE
c8d45843,JC Carmichael,Bowler,,,,17.2658075439968,,,13.810271728549576,17.2658075439968,13.810271728549575,,13.8,OTHER_T20/FRINGE
4c72b407,Ahsan Khan,Bowler,Bulgaria,,25.263357292583883,,,13.780053632752026,,25.263357292583883,13.780053632752026,,13.8,INTL_T20/ASSOCIATE_FRINGE
3cc7dd5f,Irfan Sukkur,Wicketkeeper,,,,14.779768123969333,,,,14.779768123969335,,9.836065573770492,13.8,OTHER_T20/FRANCHISE
a89730a9,W Viraliliu,Bowler,Vanuatu,,21.42526198971532,,,13.834327496962342,,21.42526198971532,13.834327496962342,,13.8,INTL_T20/ASSOCIATE_FRINGE
8ae98a8e,JS Louis,Bowler,,,,,,,13.716530107078293,,13.716530107078293,,13.7,OTHER_T20/FRINGE
a03ee6e1,Zhuang Zelin,Batter,China,,13.740341998712573,,,,,13.740341998712573,,,13.7,INTL_T20/ASSOCIATE_FRINGE
d3885f28,Techi Neri,Batter,,,,13.703723698312986,,,17.084912929573125,13.703723698312986,17.084912929573125,,13.7,OTHER_T20/FRINGE
490f475a,RD Atangana,Batter,Cameroon,,13.658601465829346,,,34.1606926317953,,13.658601465829346,34.1606926317953,,13.7,INTL_T20/ASSOCIATE_FRINGE
58c0c30c,L Maximo,Batter,Brazil,,13.65084015801768,,,,,13.65084015801768,,,13.7,INTL_T20/ASSOCIATE_FRINGE
8eb7c5a6,L Berthe,Batter,Mali,,13.560025639365552,,,,,13.560025639365552,,,13.6,INTL_T20/ASSOCIATE_FRINGE
9784fb60,K Nipper,Batter,,,,13.59655523365593,,,16.89459084604716,13.59655523365593,16.89459084604716,,13.6,OTHER_T20/FRINGE
4d2b96b4,I Tchakou,Batter,Cameroon,,13.562386689702084,,,23.393537109791865,,13.562386689702084,23.393537109791865,,13.6,INTL_T20/ASSOCIATE_FRINGE
2c06dca9,Mandup Bhutia,Batter,,,,13.63068592024466,,,15.04507628294036,13.63068592024466,15.04507628294036,,13.6,OTHER_T20/FRINGE
61a3c20c,Palzor Tamang,Batter,,,,13.61438158065774,,,25.655555555555555,13.614381580657742,25.655555555555555,,13.6,OTHER_T20/SMAT
b7873c81,E Duff,Batter,Bahamas,,13.596923102674317,,,,,13.596923102674317,,,13.6,INTL_T20/ASSOCIATE_FRINGE
6f2093a8,Karnajit Yumnam,Batter,,,,13.584023273492335,,,,13.584023273492337,,,13.6,OTHER_T20/FRINGE
047fc26e,Neelam Obi,Batter,,,,13.484163557896277,,,,13.484163557896277,,,13.5,OTHER_T20/FRINGE
38702fb5,I Kamara,Batter,Sierra Leone,,13.476389628918612,,,29.67959553156377,,13.476389628918612,29.67959553156377,,13.5,INTL_T20/ASSOCIATE_FRINGE
607c846c,W Parker,Bowler,,,,23.60429030238654,,,13.464728688638576,23.60429030238654,13.464728688638576,,13.5,OTHER_T20/FRINGE
8ad3d034,AB Mengoumou,Batter,Cameroon,,13.497324695540263,,,24.108596238824376,,13.497324695540263,24.108596238824376,,13.5,INTL_T20/ASSOCIATE_FRINGE
e49574d6,Sedezhalie Rupero,Batter,,,,13.481642402183803,,,,13.481642402183803,,,13.5,OTHER_T20/SMAT
acb89506,K Vanlalruata,Batter,,,,13.508330171617011,,,,13.508330171617011,,,13.5,OTHER_T20/FRINGE
49299473,AJ Ball,Bowler,,,,22.693552654130905,,,13.483344698471434,22.693552654130905,13.483344698471436,,13.5,OTHER_T20/FRINGE
023c40b8,Zhao Tianle,Batter,China,,13.407681577043682,,,,,13.407681577043682,,,13.4,INTL_T20/ASSOCIATE_FRINGE
abbc06cf,L Sanogo,Batter,Mali,,13.404828453488829,,,24.504870663710967,,13.404828453488829,24.504870663710967,,13.4,INTL_T20/ASSOCIATE_FRINGE
1c8cd1c3,J Horrocks,Bowler,Gibraltar,,25.34393511797668,,,13.446207226920817,,25.34393511797668,13.446207226920817,,13.4,INTL_T20/ASSOCIATE_FRINGE
1ec36a1e,Mohammad Sharif,Bowler,,,,19.839934960930115,,,13.353793538219069,19.839934960930115,13.353793538219069,,13.4,OTHER_T20/FRINGE
1f6f321d,AK Roger,Batter,Ivory Coast,,13.367439652925949,,,,,13.367439652925949,,,13.4,INTL_T20/ASSOCIATE_FRINGE
393f2ae3,RD John,Bowler,,,,24.92126950581741,,,13.433434014740648,24.92126950581741,13.433434014740646,,13.4,OTHER_T20/FRINGE
e15c6692,M Malle,Batter,Mali,,13.359376169933599,,,,,13.359376169933599,,,13.4,INTL_T20/ASSOCIATE_FRINGE
e76c8732,T Amarmend,Batter,Mongolia,,13.361835937356378,,,20.409241941561334,,13.361835937356378,20.409241941561334,,13.4,INTL_T20/ASSOCIATE_FRINGE
43e2e8c3,Neeraj Mishra,Bowler,Czech Republic,,18.84888784915215,,,13.436733637933008,,18.84888784915215,13.436733637933008,,13.4,INTL_T20/ASSOCIATE_FRINGE
f1ba9ed7,JAR Harris,Bowler,,,,,,,13.395624103299856,,13.395624103299857,,13.4,OTHER_T20/FRANCHISE
9ee21ee4,Swann Htet Ko Ko,Batter,Myanmar,,13.440409586641636,,,,,13.440409586641636,,,13.4,INTL_T20/ASSOCIATE_FRINGE
248b72c3,L Klazinga,Bowler,Namibia,,26.392859687479135,,,13.404984296006738,,26.392859687479135,13.404984296006738,,13.4,INTL_T20/ASSOCIATE_FRINGE
dbc76c59,Kishan Thokchom,Bowler,,,,19.546364872735865,,,13.299159893429396,19.546364872735865,13.299159893429396,,13.3,OTHER_T20/FRINGE
47b33198,Chen Zhuo Yue,Batter,China,,13.33320976533713,,,16.746101444650574,,13.33320976533713,16.746101444650574,,13.3,INTL_T20/ASSOCIATE_FRINGE
c2ed5822,Lalhruai Ralte,Bowler,,,,,,,13.3125,,13.3125,,13.3,OTHER_T20/SMAT
05464bcd,Kanchana de Livera,Batter,,,,13.260650761592144,,,,13.260650761592144,,,13.3,OTHER_T20/FRINGE
6adee1a9,TN Guruge,Batter,,,,13.285320121521686,,,24.091048450782743,13.285320121521686,24.091048450782743,,13.3,OTHER_T20/FRINGE
ee2ac9d7,Marimuthu Vikneshwaran,Batter,,,,13.31824018902815,,,,13.31824018902815,,,13.3,OTHER_T20/SMAT
88d574fd,EDS Pimheiro,Batter,Timor-Leste,,13.312069904930832,,,,,13.312069904930832,,,13.3,INTL_T20/ASSOCIATE_FRINGE
3f9783fd,E Otgonbayar,Batter,Mongolia,,13.26895541581621,,,,,13.26895541581621,,,13.3,INTL_T20/ASSOCIATE_FRINGE
677c18f9,A Djorovic,Bowler,Serbia,,21.224327819851226,,,13.160842207101997,,21.224327819851226,13.160842207101997,,13.2,INTL_T20/ASSOCIATE_FRINGE
95c214dd,Ousman Bah,Batter,Gambia,,13.175457132725896,,,,,13.175457132725896,,,13.2,INTL_T20/ASSOCIATE_FRINGE
e57d25fa,Jaison Jerome,Bowler,Malta,,,,,13.248871310667877,,,13.248871310667877,,13.2,INTL_T20/ASSOCIATE_FRINGE
a21dfb66,Arif Hosen,Batter,Timor-Leste,,13.167702185462787,,,,,13.167702185462787,,,13.2,INTL_T20/ASSOCIATE_FRINGE
3a200eb2,MC Alex,Batter,Ivory Coast,,13.179084116042189,,,16.867399474433693,,13.179084116042189,16.867399474433693,,13.2,INTL_T20/ASSOCIATE_FRINGE
59da1e8a,Kangabam Singh,Batter,,,,13.065335369816715,,,,13.065335369816715,,,13.1,OTHER_T20/SMAT
1b480a44,Homendro Kabrambam,Bowler,,,,16.058822732735734,,,13.141760216143197,16.058822732735734,13.141760216143197,,13.1,OTHER_T20/FRINGE
f146c339,SM Meherob,Batter,,,,13.0850640098318,,,25.205550652152592,13.0850640098318,25.205550652152592,,13.1,OTHER_T20/FRINGE
c2ecd4a7,N Ahir,Bowler,Panama,,20.86656011227571,,,13.092099071877893,,20.86656011227571,13.092099071877893,,13.1,INTL_T20/ASSOCIATE_FRINGE
b3179e21,CB Ondoa,Batter,Cameroon,,13.112683206140327,,,,,13.112683206140327,,,13.1,INTL_T20/ASSOCIATE_FRINGE
99528b4b,HR Cooper,Batter,,,,13.124407404052299,,,,13.124407404052299,,,13.1,OTHER_T20/FRANCHISE
128d1861,Song Tacho,Batter,,,,13.099971998490888,,,,13.099971998490888,,,13.1,OTHER_T20/FRINGE
c251b048,Luo Shilin,Bowler,China,,12.75957679780695,,,13.013302306838828,,12.75957679780695,13.013302306838828,,13.0,INTL_T20/ASSOCIATE_FRINGE
a22fb7b5,PM Nevill,Wicketkeeper,Australia,,29.460702341137125,12.387506106081089,,,,12.387506106081089,,15.549662487945998,13.0,OTHER_T20/FRANCHISE
a4a2a0c0,JTA Burnham,Batter,,,,12.970221020134963,,,,12.970221020134963,,,13.0,OTHER_T20/FRANCHISE
c343a8c6,H Lin Aung,Batter,Myanmar,,13.013405049730999,,,25.391120131538383,,13.013405049730999,25.391120131538383,,13.0,INTL_T20/ASSOCIATE_FRINGE
101dcc31,Shiraz Ahmed,Bowler,,,,,,,13.042562941426958,,13.042562941426958,,13.0,OTHER_T20/FRINGE
d3893060,FJ Mpegna,Batter,Cameroon,,12.963074069174565,,,,,12.963074069174565,,,13.0,INTL_T20/ASSOCIATE_FRINGE
54d9489d,Bibek Diyali,Batter,,,,12.92493811174163,,,,12.92493811174163,,,12.9,OTHER_T20/FRINGE
f8648b9b,R Goodwin,Batter,Philippines,,12.90314225986453,,,,,12.90314225986453,,,12.9,INTL_T20/ASSOCIATE_FRINGE
ccd88623,O Lutbayar,Batter,Mongolia,,12.888658554189991,,,14.169510841640118,,12.888658554189991,14.169510841640118,,12.9,INTL_T20/ASSOCIATE_FRINGE
5d656f48,O Issouf,Batter,Ivory Coast,,12.923657990024042,,,,,12.923657990024042,,,12.9,INTL_T20/ASSOCIATE_FRINGE
4add4c98,Ibrahim Hassan,All-rounder,Maldives,,8.84183263990237,,,14.433385579937305,,8.84183263990237,14.433385579937305,,12.8,INTL_T20/ASSOCIATE_FRINGE
7264b765,Mubasir Khan,Bowler,Pakistan,,,20.981551696693764,,,12.847039337474122,20.981551696693764,12.847039337474122,,12.8,OTHER_T20/FRINGE
54909313,Sajid Khan,Batter,Croatia,,12.759942243421445,,,16.997533141506526,,12.759942243421445,16.997533141506526,,12.8,INTL_T20/ASSOCIATE_FRINGE
dc501d26,Nilesh Lamichaney,Batter,,,,12.725201810358886,,,,12.725201810358886,,,12.7,OTHER_T20/FRINGE
09e5baeb,GF Cardos,Batter,Timor-Leste,,12.720135396527006,,,,,12.720135396527006,,,12.7,INTL_T20/ASSOCIATE_FRINGE
7fcaa9f4,Z Makadji,Batter,Mali,,12.676299615973182,,,,,12.676299615973182,,,12.7,INTL_T20/ASSOCIATE_FRINGE
44116edc,Mustapha Suwareh,Batter,Gambia,,12.735380031839721,,,,,12.735380031839721,,,12.7,INTL_T20/ASSOCIATE_FRINGE
e87c009a,A Gasteratos,Batter,Greece,,12.682253294614851,,,,,12.682253294614851,,,12.7,INTL_T20/ASSOCIATE_FRINGE
5992ef03,CC Machado,Batter,Brazil,,12.561556548539343,,,,,12.561556548539343,,,12.6,INTL_T20/ASSOCIATE_FRINGE
85ebf2be,LC Norwell,Bowler,,,,,,,12.598884381338744,,12.598884381338744,,12.6,OTHER_T20/FRANCHISE
28496266,CT Mumba,Bowler,Zimbabwe,,25.39739858927169,,,12.63521492748299,,25.39739858927169,12.63521492748299,,12.6,INTL_T20/ASSOCIATE_FRINGE
0ffe5a4b,Josh Wilson,Bowler,,,,16.23287443074692,,,12.539925700776763,16.23287443074692,12.539925700776763,,12.5,OTHER_T20/FRINGE
ae4a47d8,MP Ainsworth,Bowler,Hungary,,22.863455997181372,,,12.514574251481825,,22.863455997181372,12.514574251481825,,12.5,INTL_T20/ASSOCIATE_FRINGE
b8fe81be,Ali Hussain,Bowler,Romania,,22.429350777707175,,,12.443985778343087,,22.429350777707175,12.443985778343087,,12.4,INTL_T20/ASSOCIATE_FRINGE
8c2ce459,D Mendonca,Batter,Timor-Leste,,12.304401811438295,,,,,12.304401811438295,,,12.3,INTL_T20/ASSOCIATE_FRINGE
648d060e,Aung Ko Ko,Batter,Myanmar,,12.270938763617023,,,26.262689563545074,,12.270938763617023,26.262689563545074,,12.3,INTL_T20/ASSOCIATE_FRINGE
8d6505d3,Yab Niya,Bowler,,,,16.216083081324243,,,12.251295472724365,16.216083081324243,12.251295472724365,,12.3,OTHER_T20/FRINGE
92aa28fe,ML Cummins,Bowler,,,,19.119885333930743,,,12.264170212765958,19.119885333930743,12.264170212765958,,12.3,OTHER_T20/FRINGE
324a6e1e,Swarajeet Das,Batter,,,,12.30255553401925,,,14.415920648930356,12.30255553401925,14.415920648930356,,12.3,OTHER_T20/FRINGE
253bc9d8,M Ibrahim,Batter,Ivory Coast,,12.308629455720617,,,,,12.308629455720617,,,12.3,INTL_T20/ASSOCIATE_FRINGE
451db894,Kamsha Yangfo,Batter,,,,12.19574723673551,,,,12.19574723673551,,,12.2,OTHER_T20/FRINGE
2e092d2c,Thuya Aung,Batter,Myanmar,,12.180411720096885,,,31.458215276656336,,12.180411720096885,31.458215276656336,,12.2,INTL_T20/ASSOCIATE_FRINGE
c381cec5,M Kpaka,Batter,Sierra Leone,,12.15140726154469,,,29.45220733177007,,12.15140726154469,29.45220733177007,,12.2,INTL_T20/ASSOCIATE_FRINGE
86ea6123,Mohamed Coulibaly,Batter,Mali,,12.216606260687126,,,18.241804542184774,,12.216606260687126,18.241804542184774,,12.2,INTL_T20/ASSOCIATE_FRINGE
3b107df5,ME Leoela,Batter,Lesotho,,12.129080780563596,,,,,12.129080780563596,,,12.1,INTL_T20/ASSOCIATE_FRINGE
35ae9e8a,S Rungrueang,Batter,Thailand,,12.094813902353652,,,,,12.094813902353652,,,12.1,INTL_T20/ASSOCIATE_FRINGE
dad64776,MV Matsau,Batter,Lesotho,,12.14796067011722,,,20.636672746891378,,12.14796067011722,20.636672746891378,,12.1,INTL_T20/ASSOCIATE_FRINGE
1d8a3ca6,B Namsrai,Batter,Mongolia,,12.036186335668106,,,,,12.036186335668106,,,12.0,INTL_T20/ASSOCIATE_FRINGE
3cb42681,OK Mohamed,Batter,Ivory Coast,,12.011869160818934,,,,,12.011869160818934,,,12.0,INTL_T20/ASSOCIATE_FRINGE
a4ff3629,M Clarke,Bowler,,,,23.888630718473983,,,11.873882352941177,23.888630718473983,11.873882352941177,,11.9,OTHER_T20/FRINGE
4758488e,T Tumursukh,Batter,Mongolia,,11.899292458127205,,,17.318543315178296,,11.899292458127205,17.318543315178296,,11.9,INTL_T20/ASSOCIATE_FRINGE
06b766f4,R Francis,Batter,St Helena,,11.9208491976171,,,20.97539931294684,,11.9208491976171,20.97539931294684,,11.9,INTL_T20/ASSOCIATE_FRINGE
f2990906,Murat Yilmaz,Batter,Turkey,,11.937926499289679,,,17.14194755592094,,11.937926499289679,17.14194755592094,,11.9,INTL_T20/ASSOCIATE_FRINGE
38214163,M Faraz Akram,Bowler,Zimbabwe,,30.92732616571336,,,11.93422569341885,,30.92732616571336,11.93422569341885,,11.9,INTL_T20/ASSOCIATE_FRINGE
13bc54a8,U Aryaman Sunil,Bowler,Singapore,,29.33446212823963,,,11.878329174613466,,29.33446212823963,11.878329174613466,,11.9,INTL_T20/ASSOCIATE_FRINGE
2df874e6,R Kumar,Bowler,Romania,,27.711054260263136,,,11.792609288896596,,27.711054260263136,11.792609288896596,,11.8,INTL_T20/ASSOCIATE_FRINGE
26f98ea3,DV Varghese,Bowler,Bulgaria,,20.074354296203985,,,11.685840501157156,,20.074354296203985,11.685840501157156,,11.7,INTL_T20/ASSOCIATE_FRINGE
8a9320a1,TM Macalou,Batter,Mali,,11.715014176934089,,,25.04905620276343,,11.715014176934089,25.04905620276343,,11.7,INTL_T20/ASSOCIATE_FRINGE
5e72608f,KY Wilfried,Batter,Ivory Coast,,11.74061705130844,,,15.888454424005754,,11.74061705130844,15.888454424005754,,11.7,INTL_T20/ASSOCIATE_FRINGE
dd73b2ff,AR Pandey,Bowler,,,,23.248240320247966,,,11.493693963555204,23.248240320247966,11.493693963555204,,11.5,OTHER_T20/FRINGE
60c6038a,Ashish Thapa,Batter,,,,11.350500847165135,,,,11.350500847165135,,,11.4,OTHER_T20/SMAT
e8cfd743,KMA Aziz,Batter,Ivory Coast,,11.434703417358355,,,20.068702167246293,,11.434703417358355,20.068702167246293,,11.4,INTL_T20/ASSOCIATE_FRINGE
20afc7e7,T van Vuuren,Bowler,,,,23.90431773061972,,,11.273752970433822,23.90431773061972,11.273752970433822,,11.3,OTHER_T20/FRINGE
456af189,Pratyush Singh,Batter,,,,11.298775879585783,,,18.873468854051378,11.298775879585783,18.873468854051378,,11.3,OTHER_T20/FRINGE
d6a2f3a5,A Magdalenic,Batter,Croatia,,11.331771762780708,,,15.178707224334602,,11.331771762780708,15.178707224334602,,11.3,INTL_T20/ASSOCIATE_FRINGE
0c5c3a87,DLR Smith,Batter,,,,11.332768001550164,,,,11.332768001550164,,,11.3,OTHER_T20/FRINGE
45c6afaf,Z Shurentsetseg,Batter,Mongolia,,11.250860777673216,,,16.50066796834858,,11.250860777673216,16.50066796834858,,11.3,INTL_T20/ASSOCIATE_FRINGE
933b30c9,D Issiaka,Batter,Ivory Coast,,11.224495131517978,,,,,11.224495131517978,,,11.2,INTL_T20/ASSOCIATE_FRINGE
7ef0c030,Sultan Karim,Batter,,,,11.18844207373453,,,21.312739040894378,11.18844207373453,21.312739040894378,,11.2,OTHER_T20/FRINGE
66ea7420,G Lalbiakvela,Bowler,,,,,,,11.07319952774498,,11.07319952774498,,11.1,OTHER_T20/SMAT
10f68de1,WJ Weighell,Bowler,,,,51.846008629989214,,,10.959276018099546,51.846008629989214,10.959276018099546,,11.0,OTHER_T20/FRANCHISE
54a0e487,Parvez Ahmed,Batter,,,,10.937332973156526,,,12.572676174106936,10.937332973156526,12.572676174106936,,10.9,OTHER_T20/FRINGE
57b3c398,R Drake,Bowler,Japan,,25.88016402694558,,,10.831315978089892,,25.88016402694558,10.831315978089892,,10.8,INTL_T20/ASSOCIATE_FRINGE
4a370769,Gagandeep Singh,Bowler,Bulgaria,,23.16887320414709,,,10.801132661222066,,23.16887320414709,10.801132661222066,,10.8,INTL_T20/ASSOCIATE_FRINGE
9e3575ce,N Nuntarach,Batter,Thailand,,10.70266942500766,,,25.44432627684719,,10.70266942500766,25.44432627684719,,10.7,INTL_T20/ASSOCIATE_FRINGE
8c783a97,Mahmudul Hasan,Bowler,,,,21.362733695870826,,,10.725877551020409,21.362733695870826,10.725877551020409,,10.7,OTHER_T20/FRINGE
4b83e65a,AR Balla,Batter,Cameroon,,10.640447354050519,,,,,10.640447354050519,,,10.6,INTL_T20/ASSOCIATE_FRINGE
9ae09b37,QF Djakaridja,Batter,Ivory Coast,,10.56067995780566,,,14.63463525992043,,10.56067995780566,14.63463525992043,,10.6,INTL_T20/ASSOCIATE_FRINGE
947346d8,G Ganbold,Batter,Mongolia,,10.597095026218629,,,,,10.597095026218629,,,10.6,INTL_T20/ASSOCIATE_FRINGE
b0e16d9b,N Naranbaatar,Batter,Mongolia,,10.487319552677867,,,12.613224745658206,,10.487319552677867,12.613224745658206,,10.5,INTL_T20/ASSOCIATE_FRINGE
4cfda770,Lalhruaizela,Batter,,,,9.92667130546486,,,,9.92667130546486,,,9.9,OTHER_T20/SMAT
01c05b6c,RJ Hatchman,Bowler,Gibraltar,,30.161294371340638,,,9.766711851769106,,30.161294371340638,9.766711851769106,,9.8,INTL_T20/ASSOCIATE_FRINGE
dd967d0d,Lee Yong Lepcha,Batter,,,,9.791829522379976,,,12.365388316333641,9.791829522379976,12.365388316333641,,9.8,OTHER_T20/FRINGE
ad2efd29,Khin Aye,Batter,Myanmar,,9.373719114827473,,,16.695945945945947,,9.373719114827473,16.695945945945947,,9.4,INTL_T20/ASSOCIATE_FRINGE
c4f8d754,L Erdenebulgan,Batter,Mongolia,,9.376310228926958,,,23.853981605179325,,9.376310228926958,23.853981605179325,,9.4,INTL_T20/ASSOCIATE_FRINGE
a2f8e873,B Balala,Bowler,Malawi,,17.476460307482085,,,8.96111312191235,,17.476460307482085,8.96111312191235,,9.0,INTL_T20/ASSOCIATE_FRINGE
