player_id,player_name,year,ipl_batting_score,ipl_bowling_score,intl_t20_batting_score,intl_t20_bowling_score,other_t20_batting_score,other_t20_bowling_score,batting_score,bowling_score,keeping_score,value_score,ipl_matches_played,intl_t20_matches_played,other_t20_matches_played,has_ipl_history,has_intl_history,has_other_t20_history,primary_role,is_overseas,capped,value_score_tier,base_price_cr,price_cr,price_to_base_multiplier,price_pct_of_purse,prior_price_pct_of_purse,has_prior_sale,role_scarcity
000803b1,Harshal Patel,2022,,,,,,,,,,,0,0,0,0,0,0,Batter,Yes,1,,2.0,10.75,5.38,11.944444444444445,0.0,0,25
000803b1,Harshal Patel,2024,,,,,,,,,,,0,0,0,0,0,0,Batter,Yes,1,,2.0,11.75,5.88,11.75,11.944444444444445,1,8
000803b1,Harshal Patel,2025,,,,,,,,,,,0,0,0,0,0,0,Batter,Yes,1,,2.0,8.0,4.0,6.666666666666667,11.75,1,41
004c9e85,Philip Hughes,2013,,,,,,,,,,,0,0,1,0,0,1,Batter,Yes,1,,0.55,0.75,1.36,1.5290519877675843,0.0,0,7
00ea847a,Mayank Agarwal,2022,73.66534095857405,,,,33.61244478586518,,65.65476172403227,,,65.7,100,0,31,1,0,1,Batter,Unknown,0,IPL/IPL,2.0,14.0,7.0,15.555555555555555,0.0,0,25
00ea847a,Mayank Agarwal,2023,60.157742403144425,,,,33.03275920297197,,54.73274576310993,,,54.7,113,0,32,1,0,1,Batter,Unknown,0,IPL/IPL,1.0,8.25,8.25,8.68421052631579,15.555555555555555,1,5
014da3d8,Pankaj Singh,2013,,,,,,,,,,,0,0,0,0,0,0,Bowler,Yes,1,,0.27,1.13,4.19,2.3037716615698267,0.0,0,15
014da3d8,Prabhsimran Singh,2019,,,,,,,,,,,0,0,0,0,0,0,Bowler,Yes,1,,0.2,4.8,24.0,5.818181818181818,2.3037716615698267,1,5
014da3d8,Prabhsimran Singh,2025,,,,,,,,,,,0,0,0,0,0,0,Bowler,Yes,1,,2.0,4.0,2.0,3.3333333333333335,5.818181818181818,1,47
0184dc35,Rahul Dravid,2011,55.73778195488721,,,,,,55.73778195488721,,,55.7,43,0,0,1,0,0,Batter,No,0,IPL/IPL,1.8,2.25,1.25,5.555555555555555,0.0,0,26
030f3089,Kuldeep Yadav,2018,,,,,,,,,,,0,0,0,0,0,0,Bowler,Unknown,0,,1.5,5.8,3.87,7.249999999999999,0.0,0,30
030f3089,Kuldeep Yadav,2025,,,,,,,,,,,3,0,0,1,0,0,Bowler,Unknown,0,,2.0,13.25,6.62,11.041666666666666,7.249999999999999,1,47
03806cf8,Josh Hazlewood,2020,,,,18.735740222446495,16.93118856939812,25.936516669781852,16.93118856939812,21.43603139019725,,21.4,0,7,13,0,1,1,Bowler,Yes,1,INTL_T20/ASSOCIATE_FRINGE,2.0,2.0,1.0,2.3529411764705883,0.0,0,7
03806cf8,Josh Hazlewood,2022,,,,53.80491803278689,,48.99468085106383,,52.00107908964073,,52.0,12,24,18,1,1,1,Bowler,Yes,1,INTL_T20/FULL_MEMBER,2.0,7.75,3.88,8.61111111111111,2.3529411764705883,1,25
03806cf8,Josh Hazlewood,2025,,62.03647416413374,,51.01704015470368,,48.91012658227848,,57.312663524497935,,57.3,27,50,18,1,1,1,Bowler,Yes,1,IPL/IPL,2.0,12.5,6.25,10.416666666666668,8.61111111111111,1,47
03ecfde2,Sarfaraz Khan,2018,,,,,,,,,,,0,0,0,0,0,0,Batter,Yes,1,,2.0,1.75,0.88,2.1875,0.0,0,29
03ecfde2,Shahrukh Khan,2021,,,,,,,,,,,0,0,0,0,0,0,Batter,Yes,1,,0.2,5.25,26.25,6.176470588235294,2.1875,1,1
03ecfde2,Shahrukh Khan,2022,,,,,,,,,,,0,0,0,0,0,0,Batter,Yes,1,,0.4,9.0,22.5,10.0,6.176470588235294,1,25
03ecfde2,Shahrukh Khan,2024,,,19.99414167725699,,,,19.99414167725699,,,20.0,0,5,0,0,1,0,Batter,Yes,1,INTL_T20/ASSOCIATE_FRINGE,0.4,7.4,18.5,7.400000000000001,10.0,1,8
0467bd8d,Rudra Pratap Singh,2012,,,,,,,,,,,0,0,0,0,0,0,Batter,Yes,1,,0.98,2.94,3.0,6.666666666666667,0.0,0,9
0467bd8d,Rudra Pratap Singh,2013,,,,,,,,,,,0,0,0,0,0,0,Batter,Yes,1,,0.55,3.0,5.45,6.116207951070337,6.666666666666667,1,7
0467bd8d,Rinku Singh,2025,,,,,,,,,,,0,0,0,0,0,0,Batter,Yes,1,,2.0,13.0,6.5,10.833333333333334,6.116207951070337,1,41
0467bd8d,Ramandeep Singh,2025,,,,,,,,,,,0,0,0,0,0,0,Batter,Yes,1,,2.0,4.0,2.0,3.3333333333333335,10.833333333333334,1,41
04a418e8,Riyan Parag,2025,64.84702993764509,23.106060606060606,28.58354763912885,21.60544511668107,42.78467908902692,34.78947368421053,60.434559767921456,25.44274322169059,,49.9,69,10,28,1,1,1,All-rounder,No,1,IPL/IPL,2.0,14.0,7.0,11.666666666666666,0.0,0,24
05d9e607,Arshdeep Singh,2022,,,,,15.894025475528666,,15.894025475528666,,,15.9,0,0,3,0,0,1,Batter,Unknown,0,OTHER_T20/FRINGE,2.0,4.0,2.0,4.444444444444445,0.0,0,25
05d9e607,Arshdeep Singh,2025,,,,,15.907848088121288,,15.907848088121286,,,15.9,0,0,3,0,0,1,Batter,Unknown,0,OTHER_T20/FRINGE,2.0,18.0,9.0,15.0,4.444444444444445,1,41
069fbf56,Nathu Singh,2016,,,,,,,,,,,0,0,0,0,0,0,Batter,Unknown,0,,0.1,3.2,32.0,4.961240310077519,0.0,0,11
074acfb4,Avesh Khan,2022,,,,,,,,,,,0,0,0,0,0,0,Batter,Yes,1,,0.2,10.0,50.0,11.11111111111111,0.0,0,25
074acfb4,Avesh Khan,2025,,,35.92628677418835,,,,35.92628677418835,,,35.9,0,37,1,0,1,1,Batter,Yes,1,INTL_T20/ASSOCIATE_FRINGE,2.0,9.75,4.88,8.125,11.11111111111111,1,41
07687c15,Syed Khaleel Ahmed,2018,,,,,,,,,,,0,2,0,0,1,0,Bowler,Yes,1,,0.2,3.0,15.0,3.75,0.0,0,30
07687c15,Syed Khaleel Ahmed,2022,,,22.94976883378905,27.601549655097024,,,22.94976883378905,27.601549655097024,,27.6,0,19,0,0,1,0,Bowler,Yes,1,INTL_T20/ASSOCIATE_FRINGE,0.5,5.25,10.5,5.833333333333333,3.75,1,25
07687c15,Shahbaz Ahmed,2025,,,22.295439181110492,26.718916356353446,,,22.295439181110492,26.718916356353446,,26.7,0,22,0,0,1,0,Bowler,Yes,1,INTL_T20/ASSOCIATE_FRINGE,1.0,2.4,2.4,2.0,5.833333333333333,1,47
083e01d9,M Shahrukh Khan,2025,,,,,15.048825153725929,13.978026433656552,15.048825153725929,13.978026433656552,,14.0,0,0,11,0,0,1,Bowler,Yes,1,OTHER_T20/FRINGE,2.0,4.0,2.0,3.3333333333333335,0.0,0,47
083e01d9,Mohsin Khan,2025,,,,,15.048825153725929,13.978026433656552,15.048825153725929,13.978026433656552,,14.0,0,0,11,0,0,1,Bowler,Yes,1,OTHER_T20/FRINGE,2.0,4.0,2.0,3.3333333333333335,3.3333333333333335,1,47
0890552f,Abhinav Manohar,2025,,,,,27.70105515381576,,27.701055153815762,,,27.7,20,0,8,1,0,1,Batter,Unknown,0,OTHER_T20/FRINGE,0.3,3.2,10.67,2.666666666666667,0.0,0,41
0a3d54b9,Varun Aaron,2014,,,,,,,,,,,12,0,0,1,0,0,Bowler,Unknown,0,,0.5,2.0,4.0,3.3333333333333335,0.0,0,15
0a3d54b9,Varun Aaron,2017,,23.846153846153847,,,,,,23.846153846153847,,23.8,36,0,1,1,0,1,Bowler,Unknown,0,IPL/IPL,0.3,2.8,9.33,4.242424242424242,3.3333333333333335,1,8
0a476045,Shikhar Dhawan,2011,30.281517747858018,,,,,,30.281517747858018,,,30.3,30,0,0,1,0,0,Batter,No,0,IPL/IPL,0.45,1.35,3.0,3.3333333333333335,0.0,0,26
0a476045,Shikhar Dhawan,2014,62.60169433627109,,,,,,62.60169433627109,,,62.6,69,2,0,1,1,0,Batter,No,1,IPL/IPL,2.0,12.5,6.25,20.833333333333336,3.3333333333333335,1,26
0a476045,Shikhar Dhawan,2018,64.03362594851956,,44.387533875338754,,,,58.25536357405462,,,58.3,128,28,0,1,1,0,Batter,No,1,IPL/IPL,2.0,5.2,2.6,6.5,20.833333333333336,1,29
0a476045,Shikhar Dhawan,2022,61.34173661143259,,55.301305090475594,,23.597975022675662,,59.565139105268756,,,59.6,193,67,7,1,1,1,Batter,No,1,IPL/IPL,2.0,8.25,4.12,9.166666666666666,6.5,1,25
0a67aec0,Akash Deep,2025,,,,,,35.304985337243394,,35.304985337243394,,35.3,8,0,21,1,0,1,Bowler,Unknown,0,OTHER_T20/SMAT,1.0,8.0,8.0,6.666666666666667,0.0,0,47
0a8fce53,Mustafizur Rahman,2018,,,,72.18251851851852,,48.41149738695751,,63.26838559418314,,63.3,17,17,17,1,1,1,Bowler,Yes,1,INTL_T20/FULL_MEMBER,1.0,2.2,2.2,2.7500000000000004,0.0,0,30
0ad1b607,Khaleel Ahmed,2025,,,,,,,,,,,0,0,0,0,0,0,Bowler,Unknown,0,,2.0,4.8,2.4,4.0,0.0,0,47
0bacade8,Rahmanullah Gurbaz,2025,,,,,46.76841292977793,,46.76841292977793,,55.55313904596201,48.5,13,0,98,1,0,1,Wicketkeeper,Unknown,0,OTHER_T20/FRANCHISE,2.0,2.0,1.0,1.6666666666666667,0.0,0,14
0c5c3a87,Dwayne Smith,2014,,,,,11.572112098427889,,11.572112098427889,,,11.6,0,0,11,0,0,1,Batter,Unknown,0,OTHER_T20/FRINGE,1.5,4.5,3.0,7.5,0.0,0,26
0c5c3a87,Dwayne Smith,2016,,,,,10.759920634920633,,10.759920634920633,,,10.8,0,0,18,0,0,1,Batter,Unknown,0,OTHER_T20/FRINGE,0.5,2.3,4.6,3.565891472868217,7.5,1,11
0d51e658,Christopher Barnwell,2013,,,26.877125850340136,20.297922077922077,,,26.877125850340136,20.297922077922077,,26.9,0,4,0,0,1,0,Batter,Yes,1,INTL_T20/ASSOCIATE_FRINGE,0.27,0.38,1.41,0.7747196738022427,0.0,0,7
0ebaa16a,Sandeep Sharma,2018,,,,,,,,,,,0,0,0,0,0,0,Batter,Unknown,0,,0.5,3.0,6.0,3.75,0.0,0,29
0ebaa16a,Sandeep Sharma,2025,,,,,23.707459277805736,,23.707459277805736,,,23.7,0,0,7,0,0,1,Batter,Unknown,0,OTHER_T20/FRINGE,2.0,4.0,2.0,3.3333333333333335,3.75,1,41
0ebaa16a,Suyash Sharma,2025,,,,,23.707459277805736,,23.707459277805736,,,23.7,0,0,7,0,0,1,Batter,Unknown,0,OTHER_T20/FRINGE,0.3,2.6,8.67,2.166666666666667,3.3333333333333335,1,41
0ebfb1ad,Evin Lewis,2018,,,67.3201703445606,,45.59873116574147,,59.17463065250342,,,59.2,0,10,57,0,1,1,Batter,Yes,1,INTL_T20/FULL_MEMBER,1.5,3.8,2.53,4.75,0.0,0,29
0f60513c,Aniket Choudhary,2017,,,,,,,,,,,0,0,0,0,0,0,Bowler,Unknown,0,,0.1,2.0,20.0,3.0303030303030303,0.0,0,8
0f721006,Jason Holder,2013,,,,,,,,,,,0,0,0,0,0,0,All-rounder,Yes,1,,0.11,0.15,1.36,0.3058103975535168,0.0,0,12
0f721006,Jason Holder,2022,,64.60458240946046,49.539379951443905,30.693661971830984,41.129475110540575,25.737524241994226,46.38566563610515,50.296793574933155,,49.1,26,29,73,1,1,1,All-rounder,Yes,1,IPL/IPL,1.5,8.75,5.83,9.722222222222223,0.3058103975535168,1,17
0f721006,Jason Holder,2023,38.0690737833595,59.91120976692564,43.35260582742597,40.120594479830146,44.18840636699517,38.85609936967,40.307856681921464,51.80528938556342,,48.4,38,48,85,1,1,1,All-rounder,Yes,1,IPL/IPL,2.0,5.75,2.88,6.052631578947368,9.722222222222223,1,7
106fe7a6,Kusal Janith Perera,2013,,,,,,,,,,,0,0,0,0,0,0,Bowler,Unknown,0,,0.11,0.15,1.36,0.3058103975535168,0.0,0,15
11061889,Shubham Dubey,2024,,,,,,,,,,,0,0,0,0,0,0,Bowler,Unknown,0,,0.2,5.8,29.0,5.8,0.0,0,10
119678fd,Karn Sharma,2014,,,,,,,,,,,14,0,0,1,0,0,All-rounder,No,0,,0.3,3.75,12.5,6.25,0.0,0,21
119678fd,Karn Sharma,2017,40.00297727347911,46.149284966864315,,,21.781203007518798,25.461396086726598,40.00297727347911,46.149284966864315,,44.3,47,1,6,1,1,1,All-rounder,No,1,IPL/IPL,0.3,3.2,10.67,4.848484848484849,6.25,1,6
119678fd,Karn Sharma,2018,33.053131655848006,66.18571428571428,,,21.847333541023538,25.07072872014697,33.053131655848006,66.18571428571428,,56.2,56,1,6,1,1,1,All-rounder,No,1,IPL/IPL,2.0,5.0,2.5,6.25,4.848484848484849,1,25
119678fd,Kartik Sharma,2026,34.37392028941325,65.74660633484163,,,26.666666666666664,27.065217391304348,32.832469564863935,58.01032854613417,,50.5,90,1,38,1,1,1,All-rounder,No,1,IPL/IPL,0.3,14.2,47.33,11.36,6.25,1,2
12b610c2,Travis Head,2024,,,66.16763238821125,,31.696123238986115,41.882599580712785,53.24081645725182,41.882599580712785,,53.2,10,23,74,1,1,1,Batter,Yes,1,INTL_T20/FULL_MEMBER,2.0,6.8,3.4,6.800000000000001,0.0,0,8
12b610c2,Travis Head,2025,75.83974643369054,,74.14685314685315,,51.65259881730469,43.08159722222222,71.78845096952331,43.08159722222222,,71.8,25,37,83,1,1,1,Batter,Yes,1,IPL/IPL,2.0,14.0,7.0,11.666666666666666,6.800000000000001,1,41
12f75dbd,Abhishek Sharma,2022,,,,,16.985654318359117,20.761473429951693,16.985654318359117,20.761473429951693,,20.8,0,0,6,0,0,1,Bowler,Unknown,0,OTHER_T20/FRINGE,0.2,6.5,32.5,7.222222222222221,0.0,0,25
12f75dbd,Abhishek Sharma,2025,,,,,16.998854142496413,20.82241517499332,16.998854142496413,20.82241517499332,,20.8,0,0,6,0,0,1,Bowler,Unknown,0,OTHER_T20/FRINGE,2.0,14.0,7.0,11.666666666666666,7.222222222222221,1,47
12f75dbd,Ashutosh Sharma,2025,,,,,16.998854142496413,20.82241517499332,16.998854142496413,20.82241517499332,,20.8,0,0,6,0,0,1,Bowler,Unknown,0,OTHER_T20/FRINGE,0.3,3.8,12.67,3.166666666666666,11.666666666666666,1,47
14b14cd8,Dwayne Bravo,2011,,,,,,,,,,,0,1,0,0,1,0,Batter,Yes,1,,0.9,0.9,1.0,2.2222222222222223,0.0,0,26
14b14cd8,Darren Bravo,2012,,,24.755519709648155,,,,24.755519709648155,,,24.8,0,4,0,0,1,0,Batter,Yes,1,INTL_T20/ASSOCIATE_FRINGE,0.49,0.49,1.0,1.111111111111111,2.2222222222222223,1,9
14b14cd8,Dwayne Bravo,2014,,,25.881793318831292,,17.725829725829723,,22.823306971455704,,,22.8,0,10,8,0,1,1,Batter,Yes,1,INTL_T20/ASSOCIATE_FRINGE,2.0,4.0,2.0,6.666666666666667,1.111111111111111,1,26
14b14cd8,Dwayne Bravo,2016,,,43.57987230511651,,41.3695987654321,,42.75101972773486,,,42.8,0,12,30,0,1,1,Batter,Yes,1,INTL_T20/FULL_MEMBER,2.0,4.0,2.0,6.2015503875969,6.666666666666667,1,11
14b14cd8,Dwayne Bravo,2018,,,43.196038877682014,,38.62212529738302,,41.48082128506989,,,41.5,1,12,48,1,1,1,Batter,Yes,1,INTL_T20/FULL_MEMBER,2.0,6.4,3.2,8.0,6.2015503875969,1,29
14f96089,Adam Zampa,2023,,,38.146341463414636,60.63636363636363,24.005681818181813,46.25958539717482,32.84359409645232,55.24507179666782,,55.2,14,71,131,1,1,1,Bowler,Yes,1,INTL_T20/FULL_MEMBER,1.5,1.5,1.0,1.5789473684210527,0.0,0,5
14f96089,Adam Zampa,2025,,68.54103343465046,34.74074074074074,67.52923489932886,27.58430123641813,54.391796902623575,32.05707592661976,66.16569832101602,,66.2,20,93,172,1,1,1,Bowler,Yes,1,IPL/IPL,2.0,2.4,1.2,2.0,1.5789473684210527,1,47
18675d8d,Munaf Patel,2011,,,,,,,,,,,0,0,0,0,0,0,Batter,Yes,1,,0.45,3.15,7.0,7.777777777777778,0.0,0,26
18a0ba24,Steve Smith,2011,,,,,,,,,,,0,0,0,0,0,0,Wicketkeeper,Yes,1,,0.9,0.9,1.0,2.2222222222222223,0.0,0,8
18a0ba24,Steve Smith,2016,,,,,,,,,,,0,0,0,0,0,0,Wicketkeeper,Yes,1,,2.0,5.5,2.75,8.527131782945736,2.2222222222222223,1,7
18a0ba24,Steve Smith,2018,,,,,,,,,,,0,0,0,0,0,0,Wicketkeeper,Yes,1,,2.0,12.0,6.0,15.0,8.527131782945736,1,14
199b02e4,Suryakumar Yadav,2018,,,,,,,,,,,0,0,1,0,0,1,Batter,Unknown,0,,0.3,3.2,10.67,4.0,0.0,0,29
199b02e4,Suryakumar Yadav,2022,,,,,,,,,,,0,0,1,0,0,1,Batter,Unknown,0,,2.0,8.0,4.0,8.88888888888889,4.0,1,25
199b02e4,Suryakumar Yadav,2025,,,,,,,,,,,0,0,1,0,0,1,Batter,Unknown,0,,2.0,16.35,8.18,13.625000000000002,8.88888888888889,1,41
19b9f399,Cameron Green,2023,,,,,27.298323764461497,36.18425871809857,27.298323764461497,36.18425871809857,,33.5,2,0,172,1,0,1,All-rounder,Yes,1,OTHER_T20/FRANCHISE,2.0,17.5,8.75,18.421052631578945,0.0,0,7
19b9f399,Cameron Green,2026,,,,,41.925281151596934,43.019405376535516,41.925281151596934,43.019405376535516,,42.7,2,1,270,1,1,1,All-rounder,Yes,1,OTHER_T20/FRANCHISE,2.0,25.2,12.6,20.16,18.421052631578945,1,2
1a156c88,D'Arcy Short,2018,,,,,26.493916969772982,14.220759338640539,26.493916969772982,14.220759338640539,,22.8,0,0,10,0,0,1,All-rounder,Yes,1,OTHER_T20/FRINGE,0.2,4.0,20.0,5.0,0.0,0,25
1a2676c5,Sean Abbott,2015,,,,19.881818181818183,,21.75,,21.75,,21.8,0,3,18,0,1,1,All-rounder,Yes,1,OTHER_T20/FRANCHISE,0.5,2.4,4.8,3.902439024390244,0.0,0,6
1a5d690f,Gurjapneet Singh,2025,,,,,,,,,,,0,2,0,0,1,0,Batter,Yes,1,,0.3,2.2,7.33,1.8333333333333333,0.0,0,41
1abb78f8,Shardul Thakur,2018,,,,,,21.941674812642553,,21.941674812642553,,21.9,13,0,8,1,0,1,Bowler,No,0,OTHER_T20/FRINGE,0.75,2.6,3.47,3.25,0.0,0,30
1abb78f8,Shardul Thakur,2022,,49.898734177215196,,45.77879781420765,,29.691124260355025,,45.83760859893428,,45.8,61,22,29,1,1,1,Bowler,No,1,IPL/IPL,2.0,10.75,5.38,11.944444444444445,3.25,1,25
1abb78f8,Shardul Thakur,2024,80.44642857142857,39.77832512315271,,47.080343467161754,,30.53183902190525,80.44642857142857,40.21685679396785,,40.2,86,23,29,1,1,1,Bowler,No,1,IPL/IPL,2.0,4.0,2.0,4.0,11.944444444444445,1,10
1c17e270,Robin Uthappa,2011,61.69526901669759,,27.053571428571427,,,,61.69526901669759,,68.68421052631578,63.1,45,8,0,1,1,0,Wicketkeeper,No,1,IPL/IPL,0.9,9.45,10.5,23.333333333333332,0.0,0,8
1c17e270,Robin Uthappa,2014,61.150400754361144,,41.9145880574452,,,,55.49280878467999,,55.19343986543314,55.4,91,10,0,1,1,0,Wicketkeeper,No,1,IPL/IPL,1.5,5.0,3.33,8.333333333333332,23.333333333333332,1,9
1c17e270,Robin Uthappa,2018,68.71371466641287,,46.325921658986175,,23.417449758913175,,62.129069664228545,,50.96207986832987,59.9,149,12,5,1,1,1,Wicketkeeper,No,1,IPL/IPL,2.0,6.4,3.2,8.0,8.333333333333332,1,14
1c17e270,Robin Uthappa,2020,49.34331797235023,,45.51183673469388,,28.156261409273455,,45.20738917847462,,45.22329880833055,45.2,177,12,21,1,1,1,Wicketkeeper,No,1,IPL/IPL,1.5,3.0,2.0,3.5294117647058822,8.0,1,2
1c914163,Yuvraj Singh,2011,55.85034013605443,58.03571428571429,73.5765306122449,,,,61.0639255702281,58.0357142857143,,60.2,43,20,0,1,1,0,All-rounder,No,1,IPL/IPL,1.8,8.1,4.5,20.0,0.0,0,18
1c914163,Yuvraj Singh,2014,57.94047619047619,67.77777777777779,77.67973124300113,67.04074074074074,,,63.746139441218816,67.56100217864925,,66.4,70,31,0,1,1,0,All-rounder,No,1,IPL/IPL,2.0,14.0,7.0,23.333333333333332,20.0,1,21
1c914163,Yuvraj Singh,2015,67.70167602579384,58.3633741888969,72.74418604651163,65.19274376417235,,,69.1847672083579,60.372012299272036,,66.5,84,37,0,1,1,0,All-rounder,No,1,IPL/IPL,2.0,16.0,8.0,26.01626016260163,23.333333333333332,1,6
1c914163,Yuvraj Singh,2016,55.45082898024074,53.49827387802071,72.93186454508363,64.14084507042254,,,60.592310028723944,56.62844187578597,,59.4,98,37,0,1,1,0,All-rounder,No,1,IPL/IPL,2.0,7.0,3.5,10.852713178294573,26.01626016260163,1,10
1c914163,Yuvraj Singh,2018,63.25059957464139,54.62325581395349,61.874544017701915,57.991891891891896,20.216453234380673,18.684064251731122,62.84587735201213,55.6140311309942,,60.7,120,55,4,1,1,1,All-rounder,No,1,IPL/IPL,2.0,2.0,1.0,2.5,10.852713178294573,1,25
1d8388eb,Amit Mishra,2011,,,,,,,,,,,0,0,0,0,0,0,Bowler,Unknown,0,,0.45,1.35,3.0,3.3333333333333335,0.0,0,11
1d8388eb,Amit Mishra,2014,,,,,,,,,,,0,0,0,0,0,0,Bowler,Unknown,0,,1.0,4.75,4.75,7.916666666666666,3.3333333333333335,1,15
1d8388eb,Amit Mishra,2015,,,,,,,,,,,0,0,0,0,0,0,Bowler,Unknown,0,,0.5,3.5,7.0,5.691056910569105,7.916666666666666,1,4
1d8388eb,Amit Mishra,2018,,,,,,,,,,,0,0,0,0,0,0,Bowler,Unknown,0,,1.5,4.0,2.67,5.0,5.691056910569105,1,30
1dc12ab9,Suresh Raina,2011,75.40413533834587,,64.64291941711298,,,,72.2390718321009,,,72.2,46,17,0,1,1,0,Batter,No,1,IPL/IPL,2.0,5.85,2.92,14.444444444444443,0.0,0,26
1dc12ab9,Suresh Raina,2014,84.22151563328035,66.07142857142856,67.71570741449284,,,,79.36686615716637,66.07142857142856,,79.4,98,35,0,1,1,0,Batter,No,1,IPL/IPL,2.0,9.5,4.75,15.833333333333332,14.444444444444443,1,26
1dc12ab9,Suresh Raina,2016,70.99662247236283,64.8972602739726,59.730636986475815,41.20991735537191,,,67.68309732945488,57.93039470967829,,67.7,131,44,0,1,1,0,Batter,No,1,IPL/IPL,2.0,12.5,6.25,19.379844961240313,15.833333333333332,1,11
1dc12ab9,Suresh Raina,2018,81.76915569979154,52.730923694779115,54.801045296167246,49.942857142857136,24.19274109329637,,73.83735852225499,51.91090412068442,,73.8,160,63,5,1,1,1,Batter,No,1,IPL/IPL,2.0,11.0,5.5,13.750000000000002,19.379844961240313,1,29
1e66c162,Jaydev Unadkat,2013,,,,,,,,,,,11,0,0,1,0,0,Bowler,No,0,,0.55,3.94,7.16,8.032619775739041,0.0,0,15
1e66c162,Jaydev Unadkat,2014,,47.29224376731302,,,,,,47.29224376731302,,47.3,24,0,0,1,0,0,Bowler,No,0,IPL/IPL,1.0,2.8,2.8,4.666666666666666,8.032619775739041,1,15
1e66c162,Jaydev Unadkat,2015,,44.38297872340426,,,,,,44.38297872340426,,44.4,33,0,0,1,0,0,Bowler,No,0,IPL/IPL,0.5,1.1,2.2,1.788617886178862,4.666666666666666,1,4
1e66c162,Jaydev Unadkat,2018,,64.52337583485125,,23.179703732204693,26.088911668168027,26.62504582111437,26.088911668168027,64.52337583485125,,64.5,47,4,6,1,1,1,Bowler,No,1,IPL/IPL,1.5,11.5,7.67,14.374999999999998,1.788617886178862,1,30
1e66c162,Jaydev Unadkat,2019,,48.796052631578945,,47.03370786516854,27.596436061660548,27.503315690788696,27.596436061660548,48.277715935575884,,48.3,62,10,10,1,1,1,Bowler,No,1,IPL/IPL,1.5,8.4,5.6,10.181818181818182,14.374999999999998,1,5
1e66c162,Jaydev Unadkat,2020,,46.94429708222811,,49.22,,47.82967741935483,,47.64602986224009,,47.6,73,10,21,1,1,1,Bowler,No,1,IPL/IPL,1.0,3.0,3.0,3.5294117647058822,10.181818181818182,1,7
1e66c162,Jaydev Unadkat,2024,72.93436293436294,31.491060025542787,,50.74340527577938,39.78214285714285,47.76953642384106,66.30391891891891,38.74591779784667,,38.7,94,10,40,1,1,1,Bowler,No,1,IPL/IPL,0.5,1.6,3.2,1.6,3.5294117647058822,1,10
1eaac48d,Rashid Khan,2017,,,,,,,,,,,0,0,0,0,0,0,Bowler,Yes,1,,0.5,4.0,8.0,6.0606060606060606,0.0,0,8
1eaac48d,Rashid Khan,2018,,,,,,,,,,,0,0,0,0,0,0,Bowler,Yes,1,,2.0,9.0,4.5,11.25,6.0606060606060606,1,30
1eaac48d,Rashid Khan,2022,,,,,,,,,,,0,0,0,0,0,0,Bowler,Yes,1,,2.0,15.0,7.5,16.666666666666664,11.25,1,25
1eaac48d,Rashid Khan,2025,,,,,,,,,,,0,0,0,0,0,0,Bowler,Yes,1,,2.0,18.0,9.0,15.0,16.666666666666664,1,47
1ee08e9a,Jhye Richardson,2021,,,25.911189494396183,18.702060914863683,35.16103522645578,44.575,35.16103522645578,44.575,,41.8,0,9,40,0,1,1,All-rounder,Yes,1,OTHER_T20/FRANCHISE,1.5,14.0,9.33,16.470588235294116,0.0,0,11
1ee08e9a,Jhye Richardson,2023,,,,37.56178343949045,29.31702580938078,53.513793103448265,29.317025809380777,43.543787063474625,,39.3,3,18,59,1,1,1,All-rounder,Yes,1,INTL_T20/FULL_MEMBER,1.5,1.5,1.0,1.5789473684210527,16.470588235294116,1,7
1f0b8f44,Praveen Kumar,2011,,,,,,,,,,,0,0,0,0,0,0,Batter,Unknown,0,,0.9,3.6,4.0,8.88888888888889,0.0,0,26
1f0b8f44,Praveen Kumar,2015,,,,,,,,,,,0,0,0,0,0,0,Batter,Unknown,0,,0.5,2.2,4.4,3.577235772357724,8.88888888888889,1,4
1f0b8f44,Praveen Kumar,2016,,,,,,,,,,,0,0,0,0,0,0,Batter,Unknown,0,,0.5,3.5,7.0,5.426356589147287,3.577235772357724,1,11
2123d0af,Harbhajan Singh,2011,,,,,,,,,,,0,0,0,0,0,0,Batter,Unknown,0,,2.0,5.85,2.92,14.444444444444443,0.0,0,26
2123d0af,Harbhajan Singh,2014,,,,,,,,,,,0,0,0,0,0,0,Batter,Unknown,0,,2.0,5.5,2.75,9.166666666666666,14.444444444444443,1,26
2123d0af,Harbhajan Singh,2018,,,,,,,,,,,0,0,0,0,0,0,Batter,Unknown,0,,2.0,2.0,1.0,2.5,9.166666666666666,1,29
21d4e29b,Navdeep Saini,2018,,,,,,18.78519061583578,,18.78519061583578,,18.8,0,0,5,0,0,1,Bowler,No,0,OTHER_T20/FRINGE,0.2,3.0,15.0,3.75,0.0,0,30
21dbacff,Abdul Samad,2022,,,,,,,,,,,0,0,0,0,0,0,Bowler,Yes,1,,2.0,4.0,2.0,4.444444444444445,0.0,0,25
21dbacff,Abdul Samad,2025,,,,27.805804361746205,,,,27.805804361746205,,27.8,0,3,0,0,1,0,Bowler,Yes,1,INTL_T20/ASSOCIATE_FRINGE,0.3,4.2,14.0,3.5000000000000004,4.444444444444445,1,47
2278c4ca,Rohit Sharma,2011,,,,,,,,,,,0,0,0,0,0,0,Batter,Yes,1,,0.9,9.0,10.0,22.22222222222222,0.0,0,26
2278c4ca,Rohit Sharma,2014,,,,,,,,,,,0,0,0,0,0,0,Batter,Yes,1,,2.0,12.5,6.25,20.833333333333336,22.22222222222222,1,26
2278c4ca,Rohit Sharma,2018,,,,,,,,,,,0,0,0,0,0,0,Batter,Yes,1,,2.0,15.0,7.5,18.75,20.833333333333336,1,29
2278c4ca,Rohit Sharma,2022,,,,,,,,,,,0,0,0,0,0,0,Batter,Yes,1,,2.0,16.0,8.0,17.77777777777778,18.75,1,25
2278c4ca,Rohit Sharma,2025,,,29.14958192899116,,,,29.14958192899116,,,29.1,0,7,0,0,1,0,Batter,Yes,1,INTL_T20/ASSOCIATE_FRINGE,2.0,16.3,8.15,13.583333333333334,17.77777777777778,1,41
235c2bb6,Heinrich Klaasen,2023,,,63.83488032249937,,42.547412904555756,,55.85208004077051,,53.3513848697809,55.4,8,38,54,1,1,1,Wicketkeeper,Yes,1,INTL_T20/FULL_MEMBER,1.0,5.25,5.25,5.526315789473684,0.0,0,4
235c2bb6,Heinrich Klaasen,2025,71.07396149949342,,62.948173982389456,,53.777143076952655,,66.44799185683631,,68.50502633995457,66.9,36,57,103,1,1,1,Wicketkeeper,Yes,1,IPL/IPL,2.0,23.0,11.5,19.166666666666668,5.526315789473684,1,14
23eeb873,Deepak Chahar,2022,,41.207400194741965,,44.666754098360656,,44.00053050397878,,42.49120821703216,,42.5,63,17,19,1,1,1,Bowler,No,1,IPL/IPL,2.0,14.0,7.0,15.555555555555555,0.0,0,25
23eeb873,Deepak Chahar,2025,,45.06316489361702,,44.24026845637584,,44.5244066278549,,44.77662704444241,,44.8,81,24,19,1,1,1,Bowler,No,1,IPL/IPL,2.0,9.25,4.62,7.708333333333334,15.555555555555555,1,47
242a9261,Gautam Gambhir,2011,,,,,,,,,,,0,0,0,0,0,0,Bowler,Unknown,0,,0.9,10.8,12.0,26.666666666666668,0.0,0,11
242a9261,Gautam Gambhir,2014,,,,,,,,,,,0,0,0,0,0,0,Bowler,Unknown,0,,2.0,12.5,6.25,20.833333333333336,26.666666666666668,1,15
242a9261,Gautam Gambhir,2018,,,,,,,,,,,0,0,0,0,0,0,Bowler,Unknown,0,,2.0,2.8,1.4,3.4999999999999996,20.833333333333336,1,30
245c97cb,Tymal Mills,2017,,,,,,45.834377967711305,,45.834377967711305,,45.8,0,1,29,0,1,1,Bowler,Yes,1,OTHER_T20/FRANCHISE,0.5,12.0,24.0,18.181818181818183,0.0,0,8
248698f4,Dilshan Madushanka,2024,,,,,,,,,,,0,2,0,0,1,0,Bowler,Yes,1,,0.5,4.6,9.2,4.6,0.0,0,10
249d60c9,Adil Rashid,2023,,,44.42149720198502,44.08704061895552,49.765624999999986,52.07546251217137,46.42554512624063,47.08269882891146,,47.1,1,90,81,1,1,1,Bowler,Yes,1,INTL_T20/FULL_MEMBER,2.0,2.0,1.0,2.1052631578947367,0.0,0,5
26989d80,Shashank Singh,2025,,,,,30.345635069314355,31.619999999999997,30.345635069314355,31.619999999999997,,30.3,24,0,27,1,0,1,Batter,Unknown,0,OTHER_T20/SMAT,2.0,5.5,2.75,4.583333333333333,0.0,0,41
26a85969,Rishi Dhawan,2014,,,,,,,,,,,6,0,0,1,0,0,All-rounder,No,0,,0.2,3.0,15.0,5.0,0.0,0,21
26e5cabf,Manoj Tiwary,2014,39.33333333333333,,,,,,39.33333333333333,,,39.3,65,4,0,1,1,0,Batter,No,1,IPL/IPL,1.5,2.8,1.87,4.666666666666666,0.0,0,26
26ff4c29,Robin Peterson,2012,,,21.99860511006022,27.119999999999997,,,21.99860511006022,27.119999999999997,,25.6,0,7,0,0,1,0,All-rounder,Yes,1,INTL_T20/ASSOCIATE_FRINGE,0.49,0.49,1.0,1.111111111111111,0.0,0,8
28392e11,Zaheer Khan,2011,,,,,,,,,,,0,0,0,0,0,0,Bowler,Yes,1,,1.35,4.05,3.0,10.0,0.0,0,11
28392e11,Zaheer Khan,2014,,,,,,,,,,,0,0,0,0,0,0,Bowler,Yes,1,,1.0,2.6,2.6,4.333333333333334,10.0,1,15
29b6bcd4,Axar Patel,2018,,,,,,,,,,,0,0,0,0,0,0,Batter,Yes,1,,2.0,6.75,3.38,8.4375,0.0,0,29
29b6bcd4,Axar Patel,2019,,,,,,,,,,,0,2,0,0,1,0,Batter,Yes,1,,1.0,5.0,5.0,6.0606060606060606,8.4375,1,8
29b6bcd4,Axar Patel,2022,,,,,,,,,,,0,2,0,0,1,0,Batter,Yes,1,,2.0,9.0,4.5,10.0,6.0606060606060606,1,25
29b6bcd4,Axar Patel,2025,,,,,,,,,,,0,2,0,0,1,0,Batter,Yes,1,,2.0,16.5,8.25,13.750000000000002,10.0,1,41
29e95537,Ajinkya Rahane,2014,49.11226028873088,,27.694736842105264,,,,49.11226028873088,,,49.1,56,7,0,1,1,0,Batter,No,1,IPL/IPL,2.0,7.5,3.75,12.5,0.0,0,26
29e95537,Ajinkya Rahane,2016,60.63622170179548,,37.05034013605443,,,,53.69919771187164,,,53.7,83,13,0,1,1,0,Batter,No,1,IPL/IPL,2.0,8.0,4.0,12.4031007751938,12.5,1,11
29e95537,Ajinkya Rahane,2018,54.15064102564103,,30.808362369337978,,,,47.285264950257776,,,47.3,113,20,0,1,1,0,Batter,No,1,IPL/IPL,2.0,4.0,2.0,5.0,12.4031007751938,1,29
2a2e6343,Dan Christian,2011,,,,19.33492822966507,,,,19.33492822966507,,19.3,0,3,0,0,1,0,All-rounder,Yes,1,INTL_T20/ASSOCIATE_FRINGE,0.23,4.05,17.61,10.0,0.0,0,18
2a2e6343,Daniel Christian,2013,46.76649880731513,53.888888888888886,,42.72226720647773,23.548632218844986,22.509433962264154,46.76649880731513,50.60458839406208,,49.5,21,11,10,1,1,1,All-rounder,Yes,1,IPL/IPL,0.55,0.75,1.36,1.5290519877675843,10.0,1,12
2a2e6343,Dan Christian,2021,42.178814382896014,54.92668621700879,,31.53929539295393,55.25672325004767,33.90558155080214,44.79439615632634,45.92667281106408,,45.6,41,17,202,1,1,1,All-rounder,Yes,1,IPL/IPL,0.75,4.8,6.4,5.647058823529411,1.5290519877675843,1,11
2b6e6dec,Adam Gilchrist,2011,56.36576538215883,,61.051700680272106,,,,57.74398164630979,,91.12903225806451,64.4,46,13,0,1,1,0,Wicketkeeper,Yes,1,IPL/IPL,1.8,4.05,2.25,10.0,0.0,0,8
2c25d4f5,Devdutt Padikkal,2022,49.10703189496764,,,,39.51899677992904,,47.189424871959915,,,47.2,29,2,21,1,1,1,Batter,No,1,IPL/IPL,2.0,7.75,3.88,8.61111111111111,0.0,0,25
2c25d4f5,Devdutt Padikkal,2025,34.54643870163959,,,,34.471096718942356,,34.53137030510015,,,34.5,65,2,24,1,1,1,Batter,No,1,IPL/IPL,2.0,2.0,1.0,1.6666666666666667,8.61111111111111,1,41
2c47dd7c,R Vinay Kumar,2012,,,,,,,,,,,0,0,0,0,0,0,Bowler,Unknown,0,,0.49,4.9,10.0,11.111111111111112,0.0,0,6
2c47dd7c,R Vinay Kumar,2014,,,,,,,,,,,0,0,0,0,0,0,Bowler,Unknown,0,,1.0,2.8,2.8,4.666666666666666,11.111111111111112,1,15
2cdce1be,Chetan Sakariya,2021,,,,,,23.765108669987292,,23.765108669987292,,23.8,0,0,10,0,0,1,Bowler,No,0,OTHER_T20/FRINGE,0.2,1.2,6.0,1.4117647058823528,0.0,0,4
2cffab74,Mukesh Kumar,2023,,,,,,26.62128325508607,,26.62128325508607,,26.6,0,0,16,0,0,1,Bowler,No,0,OTHER_T20/SMAT,0.2,5.5,27.5,5.7894736842105265,0.0,0,5
2cffab74,Mukesh Kumar,2025,,48.17629179331307,,49.536302623550945,,27.921150278293133,,45.47802327361955,,45.5,20,14,17,1,1,1,Bowler,No,1,IPL/IPL,2.0,8.0,4.0,6.666666666666667,5.7894736842105265,1,47
2e11c706,Ben Cutting,2018,,,23.420466157461345,14.479166666666666,45.440821256038646,23.641509433962263,45.440821256038646,23.641509433962263,,38.9,9,7,44,1,1,1,All-rounder,Yes,1,OTHER_T20/FRANCHISE,1.0,2.2,2.2,2.7500000000000004,0.0,0,25
2e81a32d,Bhuvneshwar Kumar,2014,,43.43821510297482,,24.830994508846857,,,,43.43821510297482,,43.4,31,3,0,1,1,0,Bowler,No,1,IPL/IPL,0.5,4.25,8.5,7.083333333333333,0.0,0,15
2e81a32d,Bhuvneshwar Kumar,2018,57.1771978021978,79.20634920634922,,40.35396256471525,,,57.1771978021978,67.77917666469217,,67.8,90,23,0,1,1,0,Bowler,No,1,IPL/IPL,2.0,8.5,4.25,10.625,7.083333333333333,1,30
2e81a32d,Bhuvneshwar Kumar,2025,50.41454081632653,54.60732984293193,42.883597883597886,43.009020711553724,23.569094946575632,28.569756879508414,48.1995576008181,51.19606245135011,,51.2,176,86,10,1,1,1,Bowler,No,1,IPL/IPL,2.0,10.75,5.38,8.958333333333334,10.625,1,47
2e8994e7,Jean-Paul Duminy,2014,62.76909254267745,43.69369369369369,63.26468085106382,56.23626373626374,,,62.914853809849916,47.382684882684885,,58.3,40,47,0,1,1,0,All-rounder,Yes,1,IPL/IPL,1.0,2.2,2.2,3.6666666666666665,0.0,0,21
2e9fdf9b,Doug Bracewell,2012,,,,,,,,,,,0,2,0,0,1,0,All-rounder,Yes,1,,0.25,0.25,1.0,0.5668934240362812,0.0,0,8
2ed569a0,Rahul Chahar,2022,,65.75497287522604,,21.99402405777726,,44.12307692307692,,61.42859368479622,,61.4,43,6,17,1,1,1,Bowler,No,1,IPL/IPL,0.75,5.25,7.0,5.833333333333333,0.0,0,25
2ed569a0,Rahul Chahar,2025,60.49946294307197,57.033996299722475,,21.34254166919696,,43.80967308553515,60.49946294307197,54.38913165688501,,54.4,79,6,19,1,1,1,Bowler,No,1,IPL/IPL,1.0,3.2,3.2,2.666666666666667,5.833333333333333,1,47
2f49c897,Mohammed Siraj,2017,,,,,,18.991543441493224,,18.991543441493224,,19.0,0,0,4,0,0,1,Bowler,No,0,OTHER_T20/FRINGE,0.2,2.6,13.0,3.93939393939394,0.0,0,8
2f49c897,Mohammed Siraj,2018,,,,,,19.392961876832846,,19.392961876832846,,19.4,6,2,4,1,1,1,Bowler,No,1,OTHER_T20/FRINGE,1.0,2.6,2.6,3.25,3.93939393939394,1,30
2f49c897,Mohammed Siraj,2022,,39.386562804284324,,17.535101847311836,,36.01538461538462,,38.71232716650439,,38.7,50,5,24,1,1,1,Bowler,No,1,IPL/IPL,2.0,7.0,3.5,7.777777777777778,3.25,1,25
2f49c897,Mohammed Siraj,2025,51.93452380952381,42.94621749408984,,34.47427293064877,,36.680047225501774,51.93452380952381,39.88830581294136,,39.9,93,17,24,1,1,1,Bowler,No,1,IPL/IPL,2.0,12.25,6.12,10.208333333333334,7.777777777777778,1,47
2f9d0389,Lockie Ferguson,2022,,59.50033311125917,,66.36065573770492,,53.80457052797478,,60.36104938037794,,60.4,22,16,36,1,1,1,Bowler,Yes,1,IPL/IPL,2.0,10.0,5.0,11.11111111111111,0.0,0,25
2f9d0389,Lockie Ferguson,2025,,40.45343564701779,41.55555555555556,73.59259060402685,43.47852886788576,56.422321269388476,42.27667054767938,51.13355722962566,,51.1,45,43,62,1,1,1,Bowler,Yes,1,IPL/IPL,2.0,2.0,1.0,1.6666666666666667,11.11111111111111,1,47
3204c99f,Gerald Coetzee,2024,,,20.691111892080116,19.816776448447374,16.22685033701983,50.42686925229908,16.22685033701983,50.42686925229908,,40.2,0,4,33,0,1,1,All-rounder,Yes,1,OTHER_T20/FRANCHISE,2.0,5.0,2.5,5.0,0.0,0,7
3204c99f,Gerald Coetzee,2025,,,,38.991147600802776,15.204028282821955,50.53329664281784,15.204028282821955,43.31945349155842,,34.9,10,10,38,1,1,1,All-rounder,Yes,1,INTL_T20/FULL_MEMBER,1.25,2.4,1.92,2.0,5.0,1,24
32198ae0,Moises Henriques,2013,,,,,19.7677304964539,13.40880503144654,19.7677304964539,13.40880503144654,,17.9,5,1,14,1,1,1,All-rounder,Yes,1,OTHER_T20/FRINGE,0.55,2.25,4.09,4.587155963302752,0.0,0,12
32198ae0,Moises Henriques,2021,63.39797457444517,33.77880184331798,56.50909140984329,,44.313953488372086,22.90625,58.81315062038374,31.604291474654385,,50.7,59,14,90,1,1,1,All-rounder,Yes,1,IPL/IPL,1.0,4.2,4.2,4.9411764705882355,4.587155963302752,1,11
3241e3fd,Nicolas Pooran,2019,,,29.18002915451895,,42.93995859213251,,42.93995859213251,,66.9034090909091,47.7,0,8,63,0,1,1,Wicketkeeper,Yes,1,OTHER_T20/FRANCHISE,0.8,4.2,5.25,5.090909090909091,0.0,0,2
3241e3fd,Nicholas Pooran,2022,49.35947204968944,,64.45296620775969,,50.23561357532704,,53.26426681805264,,73.93715001473622,57.4,33,49,117,1,1,1,Wicketkeeper,Yes,1,IPL/IPL,1.5,10.75,7.17,11.944444444444445,5.090909090909091,1,10
3241e3fd,Nicholas Pooran,2023,66.1592505854801,,49.17592004703116,,40.761006106988255,,58.10368127909408,,78.13435303844564,62.1,47,72,126,1,1,1,Wicketkeeper,Yes,1,IPL/IPL,2.0,16.0,8.0,16.842105263157894,11.944444444444445,1,4
3241e3fd,Nicholas Pooran,2025,76.5873015873016,,60.76096293697674,,56.992761457593254,,69.69153590526413,,88.6466338021362,73.5,76,105,198,1,1,1,Wicketkeeper,Yes,1,IPL/IPL,2.0,21.0,10.5,17.5,16.842105263157894,1,14
3317dc7a,Parthiv Patel,2012,,,,,,,,,,,0,0,0,0,0,0,Batter,Yes,1,,0.98,3.19,3.26,7.233560090702948,0.0,0,9
3317dc7a,Parthiv Patel,2018,,,,,,,,,,,0,0,0,0,0,0,Batter,Yes,1,,1.0,1.7,1.7,2.125,7.233560090702948,1,29
3355b542,Francois du Plessis,2011,,,,,,,,,,,0,0,0,0,0,0,Batter,Yes,1,,0.09,0.54,6.0,1.3333333333333335,0.0,0,26
3355b542,Faf du Plessis,2014,,,48.73105841526895,,21.255411255411257,25.546666666666667,48.73105841526895,25.546666666666667,,48.7,13,15,6,1,1,1,Batter,Yes,1,INTL_T20/FULL_MEMBER,1.5,4.75,3.17,7.916666666666666,1.3333333333333335,1,26
3355b542,Faf du Plessis,2016,57.19930665726541,,64.60375956408592,,18.583333333333336,26.961904761904762,59.37708692397732,26.961904761904766,,59.4,45,26,12,1,1,1,Batter,Yes,1,IPL/IPL,2.0,4.0,2.0,6.2015503875969,7.916666666666666,1,11
3355b542,Faf du Plessis,2018,57.71927526025887,,61.82229965156795,,20.154639175257728,,53.11033594533597,,,53.1,53,38,20,1,1,1,Batter,Yes,1,IPL/IPL,1.5,1.6,1.07,2.0,6.2015503875969,1,29
3355b542,Faf du Plessis,2022,73.69926439475311,,66.51061120543294,,45.83892221932391,,67.72304977110869,,,67.7,100,49,55,1,1,1,Batter,Yes,1,IPL/IPL,2.0,7.0,3.5,7.777777777777778,2.0,1,25
350bb1b1,Adam Milne,2021,,,,57.91589571068125,34.964154949592896,49.464488636363626,34.964154949592896,54.746618057812135,,48.8,5,21,35,1,1,1,All-rounder,Yes,1,INTL_T20/FULL_MEMBER,0.5,3.2,6.4,3.7647058823529416,0.0,0,11
3576e47e,Subramaniam Badrinath,2011,47.59253903990746,,,,,,47.59253903990746,,,47.6,46,0,0,1,0,0,Batter,No,0,IPL/IPL,0.45,3.6,8.0,8.88888888888889,0.0,0,26
372455c4,Quinton de Kock,2013,,,,,26.781954887218046,,26.781954887218046,,90.05952380952381,39.4,0,3,12,0,1,1,Wicketkeeper,Yes,1,OTHER_T20/FRINGE,0.11,0.15,1.36,0.3058103975535168,0.0,0,1
372455c4,Quinton de Kock,2014,,,26.08248562582928,,52.357142857142854,,52.357142857142854,,75.51085568326947,57.0,3,10,20,1,1,1,Wicketkeeper,Yes,1,OTHER_T20/FRANCHISE,1.0,3.5,3.5,5.833333333333333,0.3058103975535168,1,9
372455c4,Quinton de Kock,2018,58.344030808729144,,56.342695229792,,49.26923076923076,,56.4824769080701,,72.20676268373636,59.6,26,30,44,1,1,1,Wicketkeeper,Yes,1,IPL/IPL,2.0,2.8,1.4,3.4999999999999996,5.833333333333333,1,14
372455c4,Quinton de Kock,2022,55.99078341013825,,64.7774625887192,,55.40488184495917,,58.099567970006625,,85.22417477158858,63.5,77,60,70,1,1,1,Wicketkeeper,Yes,1,IPL/IPL,2.0,6.75,3.38,7.5,3.4999999999999996,1,10
372455c4,Quinton de Kock,2025,57.52613240418118,,68.3783570949231,,53.03144827984427,,59.56498595821612,,94.25354018655453,66.5,107,90,148,1,1,1,Wicketkeeper,Yes,1,IPL/IPL,2.0,3.6,1.8,3.0000000000000004,7.5,1,14
39a2dfa8,Rahul Tewatia,2022,46.150121962189075,52.5,,,47.360248447204974,24.65984654731458,46.39214725919226,46.931969309462914,,46.8,50,0,31,1,0,1,All-rounder,Unknown,0,IPL/IPL,0.4,9.0,22.5,10.0,0.0,0,17
39a2dfa8,Rahul Tewatia,2025,61.634778911564624,44.657879433998836,,,46.909937888198755,22.59722222222222,58.68981070689145,40.24574799164351,,53.2,95,0,35,1,0,1,All-rounder,Unknown,0,IPL/IPL,2.0,4.0,2.0,3.3333333333333335,10.0,1,24
39f01cdb,Kevin Pietersen,2011,,,62.70580257677032,,,,62.70580257677032,,,62.7,13,28,0,1,1,0,Batter,Yes,1,INTL_T20/FULL_MEMBER,1.8,2.93,1.63,7.234567901234568,0.0,0,26
39f01cdb,Kevin Pietersen,2014,73.10457516339869,,67.37153372942846,,,,71.41838650634863,,,71.4,21,37,0,1,1,0,Batter,Yes,1,IPL/IPL,2.0,9.0,4.5,15.0,7.234567901234568,1,26
39f01cdb,Kevin Pietersen,2016,70.82621407756145,,65.203047977161,,49.70238095238096,,66.25184758368427,,,66.3,32,37,41,1,1,1,Batter,Yes,1,IPL/IPL,2.0,3.5,1.75,5.426356589147287,15.0,1,11
39f82db3,Daniel Harris,2012,,,,,,,,,,,0,0,2,0,0,1,Batter,Unknown,0,,0.25,0.34,1.36,0.7709750566893424,0.0,0,9
3c55c703,Jacob Bethell,2025,,,31.490977046024796,,40.997676107480025,,40.997676107480025,,,41.0,0,7,48,0,1,1,Batter,Yes,1,OTHER_T20/FRANCHISE,1.25,2.6,2.08,2.166666666666667,0.0,0,41
3c6ffae8,Yusuf Pathan,2011,73.30049261083744,44.99999999999999,56.71428571428572,37.413333333333334,,,68.42219646479282,42.76862745098039,,60.7,43,17,0,1,1,0,All-rounder,No,1,IPL/IPL,1.35,9.45,7.0,23.333333333333332,0.0,0,18
3c6ffae8,Yusuf Pathan,2014,76.86232909005186,42.59259259259259,54.61491699789572,32.85714285714286,,,70.31897259235888,39.729225023342664,,61.1,91,21,0,1,1,0,All-rounder,No,1,IPL/IPL,2.0,3.25,1.62,5.416666666666667,23.333333333333332,1,21
3d284ca3,Phil Salt,2023,,,64.10793650793651,,51.346854203997054,,59.32253064395921,,63.51281521289789,60.2,0,13,149,0,1,1,Wicketkeeper,Yes,1,INTL_T20/FULL_MEMBER,2.0,2.0,1.0,2.1052631578947367,0.0,0,4
3d284ca3,Phil Salt,2025,69.44444444444446,,81.85120827230105,,44.64273578952478,,68.82587910317065,,70.57355855202745,69.2,21,38,204,1,1,1,Wicketkeeper,Yes,1,IPL/IPL,2.0,11.5,5.75,9.583333333333334,2.1052631578947367,1,14
3d8feaf8,Mitchell Marsh,2016,,,26.142911010558073,18.419135551948052,39.575630252100844,19.929411764705883,39.575630252100844,19.929411764705883,,33.7,17,4,18,1,1,1,All-rounder,Yes,1,OTHER_T20/FRANCHISE,2.0,4.8,2.4,7.441860465116279,0.0,0,10
3d8feaf8,Mitchell Marsh,2020,,,42.400585871896226,,44.88425925925926,11.587837837837839,43.33196339215736,11.587837837837839,,33.8,20,11,35,1,1,1,All-rounder,Yes,1,INTL_T20/FULL_MEMBER,2.0,2.0,1.0,2.3529411764705883,7.441860465116279,1,8
3d8feaf8,Mitchell Marsh,2022,,,55.48096944294213,55.070422535211264,54.624498597540956,18.085568326947637,55.15979287591669,41.201102207112406,,51.0,21,36,65,1,1,1,All-rounder,Yes,1,INTL_T20/FULL_MEMBER,2.0,6.5,3.25,7.222222222222221,2.3529411764705883,1,17
3d8feaf8,Mitchell Marsh,2025,48.02703690171721,64.95891863238802,62.323930846223824,47.38203711996816,53.76035484427661,19.286248561565014,52.46125807922777,53.713797743659605,,53.3,42,63,68,1,1,1,All-rounder,Yes,1,IPL/IPL,2.0,3.4,1.7,2.833333333333333,7.222222222222221,1,24
3e6e9a5f,Shubman Gill,2018,,,,,,,,,,,0,0,0,0,0,0,Bowler,Yes,1,,0.2,1.8,9.0,2.25,0.0,0,30
3e6e9a5f,Shubman Gill,2022,,,,,,,,,,,0,0,0,0,0,0,Bowler,Yes,1,,2.0,8.0,4.0,8.88888888888889,2.25,1,25
3e6e9a5f,Shubman Gill,2025,,,30.73395466826423,24.145761372606074,,,30.73395466826423,24.145761372606074,,24.1,0,6,0,0,1,0,Bowler,Yes,1,INTL_T20/ASSOCIATE_FRINGE,2.0,16.5,8.25,13.750000000000002,8.88888888888889,1,47
3eac9d95,Jacob Oram,2013,,,58.997870346707565,22.787692307692303,,,58.997870346707565,22.787692307692303,,48.1,17,37,0,1,1,0,All-rounder,Yes,1,INTL_T20/FULL_MEMBER,0.27,0.38,1.41,0.7747196738022427,0.0,0,12
3fb19989,Mitchell Starc,2014,,,,65.64270152505446,21.39104797641383,23.42994726447173,21.39104797641383,65.64270152505446,,65.6,0,10,7,0,1,1,Bowler,Yes,1,INTL_T20/FULL_MEMBER,1.5,5.0,3.33,8.333333333333332,0.0,0,15
3fb19989,Mitchell Starc,2018,,73.13459801264679,,62.82502057613168,19.91566489609543,24.65634164222874,19.91566489609543,70.10236935484822,,70.1,27,22,10,1,1,1,Bowler,Yes,1,IPL/IPL,2.0,9.4,4.7,11.75,8.333333333333332,1,30
3fb19989,Mitchell Starc,2024,,74.49116904962153,56.47431638129312,54.72465663832571,20.65203983318539,25.468721901091847,56.47431638129312,68.67748892865218,,68.7,27,58,10,1,1,1,Bowler,Yes,1,IPL/IPL,2.0,24.75,12.38,24.75,11.75,1,10
3fb19989,Mitchell Starc,2025,,66.903073286052,57.56084656084656,44.02077778799302,20.581891915436238,25.414079615281857,57.56084656084656,60.17298637485818,,60.2,40,65,10,1,1,1,Bowler,Yes,1,IPL/IPL,2.0,11.75,5.88,9.791666666666666,24.75,1,47
43247512,Venkatesh Iyer,2022,,,,,,,,,,,0,0,0,0,0,0,Batter,Yes,1,,2.0,8.0,4.0,8.88888888888889,0.0,0,25
43247512,Venkatesh Iyer,2025,,,,,,,,,,,0,2,0,0,1,0,Batter,Yes,1,,2.0,23.75,11.88,19.791666666666664,8.88888888888889,1,41
43247512,Venkatesh Iyer,2026,,,,,,,,,,,0,2,0,0,1,0,Batter,Yes,1,,2.0,7.0,3.5,5.6000000000000005,19.791666666666664,1,3
4329fbb5,Shane Watson,2011,70.79689018464529,58.75,53.2255291005291,32.0,,,65.62884280696406,50.88235294117647,,61.2,21,20,0,1,1,0,All-rounder,Yes,1,IPL/IPL,2.0,5.85,2.92,14.444444444444443,0.0,0,18
4329fbb5,Shane Watson,2014,75.26708074534162,62.1763085399449,72.10424885209855,53.93379790940766,,,74.33683607085837,59.75204070743395,,70.0,55,39,1,1,1,1,All-rounder,Yes,1,IPL/IPL,2.0,12.5,6.25,20.833333333333336,14.444444444444443,1,21
4329fbb5,Shane Watson,2016,75.1512217790342,47.75401069518717,57.364124597207294,36.78413337165851,,,69.91972260790864,44.52757618826698,,62.3,78,49,2,1,1,1,All-rounder,Yes,1,IPL/IPL,2.0,9.5,4.75,14.728682170542637,20.833333333333336,1,10
4329fbb5,Shane Watson,2018,56.79550717423766,53.1045871559633,75.12052747252748,47.117543859649125,49.72202423378474,24.15168269230769,60.315739807742176,47.26489066233641,,56.4,102,58,51,1,1,1,All-rounder,Yes,1,IPL/IPL,1.0,4.0,4.0,5.0,14.728682170542637,1,25
44a89551,KS Bharat,2023,,,,,21.935064935064933,,21.935064935064933,,63.214285714285715,30.2,10,0,34,1,0,1,Wicketkeeper,Unknown,0,OTHER_T20/SMAT,0.2,1.2,6.0,1.263157894736842,0.0,0,4
456397e5,Thisara Perera,2012,,,,,,,,,,,0,0,0,0,0,0,Batter,Yes,1,,0.25,3.19,12.76,7.233560090702948,0.0,0,9
45a43fe2,Ruturaj Gaikwad,2022,70.89732052138069,,,,40.777917789601815,,64.87343997502491,,,64.9,22,3,34,1,1,1,Batter,No,1,IPL/IPL,2.0,6.0,3.0,6.666666666666667,0.0,0,25
45a43fe2,Ruturaj Gaikwad,2025,72.15921694764862,,72.28270538984825,,41.35176089833734,,67.56897065080183,,,67.6,66,23,34,1,1,1,Batter,No,1,IPL/IPL,2.0,18.0,9.0,15.0,6.666666666666667,1,41
45c2196c,Doug Bollinger,2011,,,,,,,,,,,8,0,0,1,0,0,Bowler,Yes,1,,0.9,3.15,3.5,7.777777777777778,0.0,0,11
45eda7c8,Chris Lynn,2018,,,26.686640823964765,,60.33178452156236,,60.331784521562355,,,60.3,12,5,62,1,1,1,Batter,Yes,1,OTHER_T20/FRANCHISE,2.0,9.6,4.8,12.0,0.0,0,29
45eda7c8,Chris Lynn,2020,64.69180994315535,,47.919653679653685,,55.55837391774892,,59.12875547346897,,,59.1,41,18,91,1,1,1,Batter,Yes,1,IPL/IPL,2.0,2.0,1.0,2.3529411764705883,12.0,1,6
462411b3,Jasprit Bumrah,2014,,,,,,,,,,,2,0,0,1,0,0,Bowler,No,0,,0.2,1.2,6.0,2.0,0.0,0,15
462411b3,Jasprit Bumrah,2018,,47.601410934744266,,60.62913580246912,,26.654846426917736,,51.43309471936922,,51.4,47,32,9,1,1,1,Bowler,No,1,IPL/IPL,2.0,7.0,3.5,8.75,2.0,1,30
462411b3,Jasprit Bumrah,2022,,78.85063291139241,,65.61852719229768,,27.132723112128144,,74.95883711165867,,75.0,106,53,9,1,1,1,Bowler,No,1,IPL/IPL,2.0,12.0,6.0,13.333333333333334,8.75,1,25
462411b3,Jasprit Bumrah,2025,43.604227405247805,81.83370660694288,,74.55023097707661,,26.962537789839278,43.604227405247805,79.69150789227633,,79.7,133,67,9,1,1,1,Bowler,No,1,IPL/IPL,2.0,18.0,9.0,15.0,13.333333333333334,1,47
46a9bea1,Tushar Deshpande,2025,,44.81852315394242,,,,37.21753246753247,,43.298325016660435,,43.3,36,2,30,1,1,1,Bowler,No,1,IPL/IPL,1.0,6.5,6.5,5.416666666666667,0.0,0,47
48a1d7b7,Shimron Hetmyer,2019,,,24.82211445721766,,27.96013920140976,,25.998873736289692,,,26.0,0,8,13,0,1,1,Batter,Yes,1,INTL_T20/ASSOCIATE_FRINGE,0.5,4.2,8.4,5.090909090909091,0.0,0,8
48a1d7b7,Shimron Hetmyer,2020,,,43.787012987012986,,40.07106875689465,,42.3935339007186,,,42.4,5,17,25,1,1,1,Batter,Yes,1,INTL_T20/FULL_MEMBER,0.5,7.75,15.5,9.117647058823529,5.090909090909091,1,6
48a1d7b7,Shimron Hetmyer,2022,72.13832678948958,,47.96537195523371,,40.80103479257676,,61.39449428138869,,,61.4,31,39,49,1,1,1,Batter,Yes,1,IPL/IPL,0.5,8.5,17.0,9.444444444444445,9.117647058823529,1,25
48a1d7b7,Shimron Hetmyer,2025,74.20003327417922,,36.844316989053844,,55.63578205475737,,62.0764665199846,,,62.1,72,59,118,1,1,1,Batter,Yes,1,IPL/IPL,2.0,11.0,5.5,9.166666666666666,9.444444444444445,1,41
48fd7349,Michael Hussey,2011,,,70.49246481504547,,,,70.49246481504547,,,70.5,7,27,0,1,1,0,Batter,Yes,1,INTL_T20/FULL_MEMBER,0.9,1.91,2.12,4.716049382716049,0.0,0,26
48fd7349,Michael Hussey,2014,69.82773109243698,,64.60247785455542,,20.991883116883116,,68.29089190482475,,,68.3,46,38,6,1,1,1,Batter,Yes,1,IPL/IPL,2.0,5.0,2.5,8.333333333333332,4.716049382716049,1,26
495d42a5,Ravichandran Ashwin,2011,,,,,,,,,,,14,2,0,1,1,0,All-rounder,No,1,,0.45,3.83,8.51,9.45679012345679,0.0,0,18
495d42a5,Ravichandran Ashwin,2014,,68.71212121212122,,32.92032967032967,,,,58.18512369982958,,58.2,66,18,0,1,1,0,All-rounder,No,1,IPL/IPL,2.0,7.5,3.75,12.5,9.45679012345679,1,21
495d42a5,Ravichandran Ashwin,2016,31.376550620248096,73.51959966638867,,48.99879275653923,,,31.376550620248096,66.30759763408001,,55.8,96,27,0,1,1,0,All-rounder,No,1,IPL/IPL,2.0,9.5,4.75,14.728682170542637,12.5,1,10
495d42a5,Ravichandran Ashwin,2018,29.84950077592012,76.34146341463415,43.22099302309829,56.10377358490567,,,33.78229261332546,70.38920170000813,,59.4,110,45,0,1,1,0,All-rounder,No,1,IPL/IPL,2.0,7.6,3.8,9.5,14.728682170542637,1,25
495d42a5,Ravichandran Ashwin,2022,25.587243971998966,66.51938378195362,42.85077155097045,66.16179886335559,20.540895274937828,22.766726084373143,30.664752083461167,66.41421174707185,,55.7,166,49,7,1,1,1,All-rounder,No,1,IPL/IPL,2.0,5.0,2.5,5.555555555555555,9.5,1,17
495d42a5,Ravichandran Ashwin,2025,28.16453289390291,68.53357404926912,45.813820256176946,55.128540839784186,19.912577934399565,21.04812834224599,33.355499765159976,64.59091722295003,,55.2,210,62,7,1,1,1,All-rounder,No,1,IPL/IPL,2.0,9.75,4.88,8.125,5.555555555555555,1,24
4a491652,Moeen Ali,2018,,,,,,22.013496932515338,,22.013496932515338,,22.0,0,1,22,0,1,1,Bowler,Yes,1,OTHER_T20/FRANCHISE,1.5,1.7,1.13,2.125,0.0,0,30
4a491652,Moeen Ali,2021,,,,,40.967385295743505,21.751909337275187,40.967385295743505,21.751909337275187,,21.8,0,1,31,0,1,1,Bowler,Yes,1,OTHER_T20/FRANCHISE,2.0,7.0,3.5,8.235294117647058,2.125,1,4
4a491652,Moeen Ali,2022,,,,,41.36784511784511,21.83419299376746,41.36784511784511,21.83419299376746,,21.8,0,1,31,0,1,1,Bowler,Yes,1,OTHER_T20/FRANCHISE,2.0,8.0,4.0,8.88888888888889,8.235294117647058,1,25
4a491652,Moeen Ali,2025,,,,,40.29856687898089,14.705638665132335,40.29856687898089,14.705638665132337,,14.7,0,1,44,0,1,1,Bowler,Yes,1,OTHER_T20/FRANCHISE,2.0,2.0,1.0,1.6666666666666667,8.88888888888889,1,47
4a8a2e3b,Mahendra Singh Dhoni,2011,64.99142367066895,,54.79081133919844,,,,61.99124357317763,,73.95161290322581,64.4,43,23,0,1,1,0,Wicketkeeper,No,1,IPL/IPL,2.0,8.1,4.05,20.0,0.0,0,8
4a8a2e3b,Mahendra Singh Dhoni,2014,79.29292929292929,,56.85714285714287,,,,72.69416857652152,,90.9587888982338,76.3,95,40,0,1,1,0,Wicketkeeper,No,1,IPL/IPL,2.0,12.5,6.25,20.833333333333336,20.0,1,9
4a8a2e3b,Mahendra Singh Dhoni,2016,67.28825881497636,,58.53530997304583,,,,64.7138620967615,,90.49019607843138,69.9,128,49,0,1,1,0,Wicketkeeper,No,1,IPL/IPL,2.0,12.5,6.25,19.379844961240313,20.833333333333336,1,7
4a8a2e3b,Mahendra Singh Dhoni,2018,67.3527172361283,,65.10218894009216,,,,66.69079714905884,,97.29729729729729,72.8,158,83,0,1,1,0,Wicketkeeper,No,1,IPL/IPL,2.0,15.0,7.5,18.75,19.379844961240313,1,14
4a8a2e3b,MS Dhoni,2022,56.62774725274724,,64.05182668812205,,,,58.81130002785748,,100.0,67.0,219,95,0,1,1,0,Wicketkeeper,No,1,IPL/IPL,2.0,12.0,6.0,13.333333333333334,18.75,1,10
4a8a2e3b,MS Dhoni,2025,71.44620811287477,,59.86016407138064,,,,68.03854810067061,,99.43181818181819,74.3,263,95,0,1,1,0,Wicketkeeper,No,1,IPL/IPL,2.0,4.0,2.0,3.3333333333333335,13.333333333333334,1,14
4ae1755b,Harry Brook,2023,,,62.582447855175126,,57.641430155677796,,60.72956621786362,,,60.7,0,19,77,0,1,1,Batter,Yes,1,INTL_T20/FULL_MEMBER,1.5,13.25,8.83,13.94736842105263,0.0,0,5
4ae1755b,Harry Brook,2024,,,67.708068427607,,61.77789905071817,,65.48425491127368,,,65.5,11,28,85,1,1,1,Batter,Yes,1,INTL_T20/FULL_MEMBER,2.0,4.0,2.0,4.0,13.94736842105263,1,8
4ae1755b,Harry Brook,2025,,,72.46879402648634,,61.838666895329546,,68.48249635230253,,,68.5,11,38,92,1,1,1,Batter,Yes,1,INTL_T20/FULL_MEMBER,2.0,6.25,3.12,5.208333333333334,4.0,1,41
4b57e452,Murali Vijay,2011,,,19.086987778576564,,,,19.086987778576564,,,19.1,19,5,0,1,1,0,Batter,No,1,INTL_T20/ASSOCIATE_FRINGE,2.0,4.05,2.02,10.0,0.0,0,26
4b57e452,Murali Vijay,2014,57.56571995886962,,20.08421052631579,,,,57.565719958869614,,,57.6,64,6,0,1,1,0,Batter,No,1,IPL/IPL,2.0,5.0,2.5,8.333333333333332,10.0,1,26
4b57e452,Murali Vijay,2015,52.05691990283185,,20.393406593406592,,,,52.05691990283185,,,52.1,75,6,0,1,1,0,Batter,No,1,IPL/IPL,0.5,3.0,6.0,4.878048780487805,8.333333333333332,1,4
4b57e452,Murali Vijay,2018,61.05561105561106,,23.01023976023976,,,,61.05561105561106,,,61.1,100,8,0,1,1,0,Batter,No,1,IPL/IPL,2.0,2.0,1.0,2.5,4.878048780487805,1,29
4ba44e19,Muttiah Muralitharan,2011,,70.05434782608697,,52.523636363636356,,,,64.89825621948386,,64.9,40,12,0,1,1,0,Bowler,Yes,1,IPL/IPL,1.35,4.95,3.67,12.222222222222223,0.0,0,11
4ba44e19,Muttiah Muralitharan,2012,,51.88524590163935,,54.126666666666665,,,,52.54448730311797,,52.5,45,12,0,1,1,0,Bowler,Yes,1,IPL/IPL,0.98,1.08,1.1,2.4489795918367347,12.222222222222223,1,6
4c4fa80b,Sachithra Senanayake,2013,,,,,,,,,,,0,2,0,0,1,0,Bowler,Yes,1,,0.11,4.69,42.64,9.561671763506627,0.0,0,15
4c5d73db,Chris Woakes,2017,,,30.55725890985325,18.219866071428573,22.157202530134864,20.649207918515625,27.407237767458852,19.130869264086215,,24.9,0,8,13,0,1,1,All-rounder,Yes,1,INTL_T20/ASSOCIATE_FRINGE,2.0,4.2,2.1,6.363636363636364,0.0,0,6
4c5d73db,Chris Woakes,2018,,,29.753694786940912,18.4375,,40.06625,29.753694786940912,40.06625,,37.0,13,8,14,1,1,1,All-rounder,Yes,1,OTHER_T20/FRANCHISE,2.0,7.4,3.7,9.25,6.363636363636364,1,25
4c5d73db,Chris Woakes,2024,,57.06572769953051,39.31880147438768,37.1623282956756,36.017709691438505,33.211301011510294,38.08089205578174,48.51171384536375,,45.4,21,32,36,1,1,1,All-rounder,Yes,1,IPL/IPL,2.0,4.2,2.1,4.2,9.25,1,7
4d5a1617,Ravi Bishnoi,2020,,,,,23.6077384540314,,23.6077384540314,,,23.6,3,0,18,1,0,1,Batter,Unknown,0,OTHER_T20/SMAT,0.2,2.0,10.0,2.3529411764705883,0.0,0,6
4d5a1617,Ravi Bishnoi,2022,,,,,23.8616695090533,,23.8616695090533,,,23.9,3,0,23,1,0,1,Batter,Unknown,0,OTHER_T20/SMAT,2.0,4.0,2.0,4.444444444444445,2.3529411764705883,1,25
4d5a1617,Ravi Bishnoi,2025,,,,,24.964562954959053,,24.964562954959053,,,25.0,3,0,23,1,0,1,Batter,Unknown,0,OTHER_T20/SMAT,2.0,11.0,5.5,9.166666666666666,4.444444444444445,1,41
4d5a1617,Ravi Bishnoi,2026,,,,,24.964562954959053,,24.964562954959053,,,25.0,3,0,23,1,0,1,Batter,Unknown,0,OTHER_T20/SMAT,2.0,7.2,3.6,5.76,9.166666666666666,1,3
5038c022,Azhar Mahmood,2012,,,,,,,,,,,0,0,0,0,0,0,Batter,Yes,1,,0.49,0.98,2.0,2.222222222222222,0.0,0,9
5056011d,George Bailey,2014,,,50.32504646230963,,18.426166426166425,,50.32504646230963,,,50.3,5,19,12,1,1,1,Batter,Yes,1,INTL_T20/FULL_MEMBER,2.0,3.25,1.62,5.416666666666667,0.0,0,26
508a1ea7,Shaun Marsh,2011,,,22.652384998179393,,,,22.652384998179393,,,22.7,15,3,0,1,1,0,Batter,Yes,1,INTL_T20/ASSOCIATE_FRINGE,1.8,1.8,1.0,4.444444444444445,0.0,0,26
508a1ea7,Shaun Marsh,2014,71.02573529411765,,30.967074829931974,,27.6741440377804,,59.24377633406304,,,59.2,50,13,12,1,1,1,Batter,Yes,1,IPL/IPL,1.0,2.2,2.2,3.6666666666666665,4.444444444444445,1,26
50c6bc2b,Liam Livingstone,2022,,,67.9567202688569,,57.44972902114163,42.91954022988506,64.01659855096366,42.91954022988506,,57.7,9,14,133,1,1,1,All-rounder,Yes,1,INTL_T20/FULL_MEMBER,1.0,11.5,11.5,12.777777777777777,0.0,0,17
50c6bc2b,Liam Livingstone,2025,77.12018140589569,36.795366795366796,75.3287691964866,48.923427987593506,50.714161039231314,33.81518395835798,72.71142529854376,39.38035466787215,,62.7,39,54,193,1,1,1,All-rounder,Yes,1,IPL/IPL,2.0,8.75,4.38,7.291666666666667,12.777777777777777,1,24
5318ee68,Nitish Rana,2018,,,,,,,,,,,0,0,0,0,0,0,Bowler,Yes,1,,0.2,3.4,17.0,4.25,0.0,0,30
5318ee68,Nitish Rana,2022,,,,,,,,,,,0,0,0,0,0,0,Bowler,Yes,1,,1.0,8.0,8.0,8.88888888888889,4.25,1,25
5318ee68,Nitish Rana,2025,,,,,16.053120964499495,20.806048938410527,16.053120964499495,20.806048938410527,,20.8,0,0,7,0,0,1,Bowler,Yes,1,OTHER_T20/FRINGE,1.5,4.2,2.8,3.5000000000000004,8.88888888888889,1,47
5473ec6f,Mohit Sharma,2014,,,,,,,,,,,0,0,0,0,0,0,Batter,Yes,1,,1.0,2.0,2.0,3.3333333333333335,0.0,0,26
5473ec6f,Mohit Sharma,2016,,,,,,,,,,,0,0,0,0,0,0,Batter,Yes,1,,1.5,6.5,4.33,10.077519379844961,3.3333333333333335,1,11
5473ec6f,Mohit Sharma,2018,,,,,,,,,,,0,0,0,0,0,0,Batter,Yes,1,,1.5,2.4,1.6,3.0,10.077519379844961,1,29
5473ec6f,Mohit Sharma,2019,,,,,,,,,,,0,0,0,0,0,0,Batter,Yes,1,,0.5,5.0,10.0,6.0606060606060606,3.0,1,8
5473ec6f,Mohit Sharma,2025,,,17.59174166326832,21.220635614385614,,,17.59174166326832,21.220635614385614,,17.6,0,7,0,0,1,0,Batter,Yes,1,INTL_T20/ASSOCIATE_FRINGE,0.5,2.2,4.4,1.8333333333333333,6.0606060606060606,1,41
557153ca,Kevon Cooper,2012,,,,,,,,,,,0,0,0,0,0,0,All-rounder,Unknown,0,,0.25,0.25,1.0,0.5668934240362812,0.0,0,8
5574750c,Jofra Archer,2018,,,,,42.71068169618894,38.863006756756754,42.71068169618894,38.863006756756754,,41.6,0,0,29,0,0,1,All-rounder,Yes,1,OTHER_T20/FRANCHISE,0.4,7.2,18.0,9.0,0.0,0,25
5574750c,Jofra Archer,2022,63.03690260133091,75.24242424242425,,45.53352112676056,39.56090977913827,44.0273875407975,58.341704036892374,63.132942958264316,,61.7,35,12,73,1,1,1,All-rounder,Yes,1,IPL/IPL,2.0,8.0,4.0,8.88888888888889,9.0,1,17
5673a3fc,Nathan McCullum,2013,,,22.042603087746727,62.295744680851065,17.088769386641726,21.731271631126493,22.042603087746727,62.295744680851065,,50.2,3,42,3,1,1,1,All-rounder,Yes,1,INTL_T20/FULL_MEMBER,0.55,0.75,1.36,1.5290519877675843,0.0,0,12
56ab442f,Nathan Coulter-Nile,2013,,,,,18.85189820609095,21.078028889349646,18.85189820609095,21.078028889349646,,20.4,0,0,11,0,0,1,All-rounder,Yes,1,OTHER_T20/FRINGE,0.55,3.38,6.15,6.89092762487258,0.0,0,12
56ab442f,Nathan Coulter-Nile,2014,,,26.562430198793834,18.13047927682074,,31.499999999999996,26.562430198793834,31.5,,30.0,1,3,16,1,1,1,All-rounder,Yes,1,OTHER_T20/FRANCHISE,1.0,4.25,4.25,7.083333333333333,6.89092762487258,1,21
56ab442f,Nathan Coulter-Nile,2018,,66.0,,42.2,32.30810520665593,44.775390625,32.30810520665593,56.866308593750006,,49.5,26,19,22,1,1,1,All-rounder,Yes,1,IPL/IPL,1.5,2.2,1.47,2.7500000000000004,7.083333333333333,1,25
56ab442f,Nathan Coulter-Nile,2020,,66.48706896551724,42.81332842415317,47.468374384236455,44.486607142857146,43.04985398414685,43.44080794366716,58.216813072991485,,53.8,26,28,37,1,1,1,All-rounder,Yes,1,IPL/IPL,1.0,8.0,8.0,9.411764705882353,2.7500000000000004,1,8
56ab442f,Nathan Coulter-Nile,2021,,64.27590940288263,42.646781789638936,48.769616724738675,39.44541041802508,46.875,41.44626752528373,57.78919982291425,,52.9,33,28,50,1,1,1,All-rounder,Yes,1,IPL/IPL,1.5,5.0,3.33,5.88235294117647,9.411764705882353,1,11
57ca01b3,Kumar Kushagra,2024,,,,,,,,,,,0,0,1,0,0,1,Batter,Unknown,0,,0.2,7.2,36.0,7.200000000000001,0.0,0,8
57ee1fde,Yuzvendra Singh Chahal,2018,,66.73280423280424,,62.33490460157126,15.688218174519543,16.7927314620863,15.688218174519543,65.43930434126513,,65.4,56,14,4,1,1,1,Bowler,No,1,IPL/IPL,2.0,6.0,3.0,7.5,0.0,0,30
57ee1fde,Yuzvendra Chahal,2022,,79.38983386075951,,41.96947427925382,,18.07601809954751,,60.83767160120128,,60.8,114,50,24,1,1,1,Bowler,No,1,IPL/IPL,2.0,6.5,3.25,7.222222222222221,7.5,1,25
57ee1fde,Yuzvendra Chahal,2025,,70.12289068231843,,42.07529121345368,,23.176553176553178,,56.069040189237455,,56.1,160,81,27,1,1,1,Bowler,No,1,IPL/IPL,2.0,18.0,9.0,15.0,7.222222222222221,1,47
5a74e559,Cameron White,2011,,,,,,,,,,,0,0,0,0,0,0,Bowler,Unknown,0,,1.35,4.95,3.67,12.222222222222223,0.0,0,11
5b16a806,Akila Dananjaya,2013,,,,28.695652173913047,,,,28.695652173913047,,28.7,0,4,0,0,1,0,All-rounder,Yes,1,INTL_T20/ASSOCIATE_FRINGE,0.11,0.15,1.36,0.3058103975535168,0.0,0,12
5b7ab5a9,Varun Chakravarthy,2019,,,,,,,,,,,0,0,0,0,0,0,Bowler,No,0,,0.2,8.4,42.0,10.181818181818182,0.0,0,5
5b7ab5a9,Varun Chakravarthy,2020,,,,,,,,,,,1,0,0,1,0,0,Bowler,No,0,,0.3,4.0,13.33,4.705882352941177,10.181818181818182,1,7
5b7ab5a9,Varun Chakravarthy,2022,,70.89983489268025,,19.868957664862016,,,,70.89983489268025,,70.9,31,6,0,1,1,0,Bowler,No,1,IPL/IPL,2.0,8.0,4.0,8.88888888888889,4.705882352941177,1,25
5b7ab5a9,Varun Chakravarthy,2025,,75.23153942428034,,66.98446788111218,,22.697872952588423,,72.80593014687794,,72.8,70,13,3,1,1,1,Bowler,No,1,IPL/IPL,2.0,12.0,6.0,10.0,8.88888888888889,1,47
5b8c830e,Krunal Pandya,2016,,,,,,,,,,,0,0,0,0,0,0,All-rounder,No,0,,0.1,2.0,20.0,3.10077519379845,0.0,0,10
5b8c830e,Krunal Pandya,2018,,56.400000000000006,,,,,,56.400000000000006,,56.4,25,0,0,1,0,0,All-rounder,No,0,IPL/IPL,0.4,8.8,22.0,11.000000000000002,3.10077519379845,1,25
5b8c830e,Krunal Pandya,2022,57.82667876588021,43.22443181818182,54.77941583610188,33.23422013562859,23.651286601597164,28.26086956521739,51.93855420879317,38.48234455959884,,47.9,84,19,20,1,1,1,All-rounder,No,1,IPL/IPL,2.0,8.25,4.12,9.166666666666666,11.000000000000002,1,17
5b8c830e,Krunal Pandya,2025,56.815873177496236,53.45336481700117,55.145732231321404,34.807612236209934,29.038901601830663,24.42307692307692,52.23179220460269,44.437383487714726,,49.9,127,19,30,1,1,1,All-rounder,No,1,IPL/IPL,2.0,5.75,2.88,4.791666666666667,9.166666666666666,1,24
5bb1a1c4,Ishant Sharma,2014,,30.487197724039827,,21.433868092691622,,,,27.824453714819768,,27.8,59,14,0,1,1,0,Bowler,No,1,IPL/IPL,1.5,2.6,1.73,4.333333333333334,0.0,0,15
5bb1a1c4,Ishant Sharma,2016,,24.106995884773664,,21.466666666666665,,,,23.330428467683372,,23.3,66,14,0,1,1,0,Bowler,No,1,IPL/IPL,1.5,3.8,2.53,5.891472868217054,4.333333333333334,1,8
5bb5a915,Morne Morkel,2014,,42.100563909774436,,45.11901504787962,,24.222024427631904,,42.988343656275966,,43.0,41,35,4,1,1,1,Bowler,Yes,1,IPL/IPL,1.5,2.8,1.87,4.666666666666666,0.0,0,15
5d096f3d,Ramesh Powar,2012,,36.16071428571429,,,,,,36.16071428571429,,36.2,26,0,0,1,0,0,Bowler,Unknown,0,IPL/IPL,0.49,0.78,1.59,1.7687074829931975,0.0,0,6
5db1c288,Christopher Morris,2013,,,,,,,,,,,0,0,0,0,0,0,Bowler,Unknown,0,,0.11,4.69,42.64,9.561671763506627,0.0,0,15
5db1c288,Christopher Morris,2016,,,,,,,,,,,0,0,2,0,0,1,Bowler,Unknown,0,,0.5,7.0,14.0,10.852713178294573,9.561671763506627,1,8
5db1c288,Christopher Morris,2018,,,,,,18.684835325964357,,18.684835325964357,,18.7,0,0,3,0,0,1,Bowler,Unknown,0,OTHER_T20/FRINGE,2.0,7.1,3.55,8.875,10.852713178294573,1,30
5db1c288,Christopher Morris,2020,,,,,,17.143300889132682,,17.143300889132682,,17.1,0,0,5,0,0,1,Bowler,Unknown,0,OTHER_T20/FRINGE,1.5,10.0,6.67,11.76470588235294,8.875,1,7
5db1c288,Christopher Morris,2021,,,,,18.513740283713943,17.077627260359247,18.513740283713943,17.077627260359247,,17.1,0,0,11,0,0,1,Bowler,Unknown,0,OTHER_T20/FRINGE,0.75,16.25,21.67,19.11764705882353,11.76470588235294,1,4
5fa06777,Irfan Pathan,2011,53.9047619047619,65.26315789473684,53.84680451127821,45.333333333333336,,,53.88771561256081,59.401444788441694,,57.7,42,15,0,1,1,0,All-rounder,No,1,IPL/IPL,0.9,8.55,9.5,21.111111111111114,0.0,0,18
5fa06777,Irfan Pathan,2014,45.259740259740255,42.24598930481283,48.85627442466348,48.04809523809524,,,46.31754442589415,43.95249104989589,,45.6,88,22,0,1,1,0,All-rounder,No,1,IPL/IPL,1.5,2.4,1.6,4.0,21.111111111111114,1,21
64775749,Riley Meredith,2021,,,,,,47.08503625576796,,47.08503625576796,,47.1,0,0,27,0,0,1,Bowler,Yes,1,OTHER_T20/FRANCHISE,0.4,8.0,20.0,9.411764705882353,0.0,0,4
64839cb3,Matheesha Pathirana,2025,,72.97872340425532,,61.83477730323368,,48.57338684779253,,66.53193639553048,,66.5,20,15,31,1,1,1,Bowler,Yes,1,IPL/IPL,2.0,13.0,6.5,10.833333333333334,0.0,0,47
64839cb3,Matheesha Pathirana,2026,,63.61702127659574,,56.42666666666667,,39.69828473413379,,58.23162214274418,,58.2,32,17,43,1,1,1,Bowler,Yes,1,IPL/IPL,2.0,18.0,9.0,14.399999999999999,10.833333333333334,1,2
650d5e49,Rovman Powell,2024,,,69.68563256704158,31.88359788359788,52.15466856635811,27.4613392526822,63.11152106678528,30.225250897004496,,63.1,18,66,110,1,1,1,Batter,Yes,1,INTL_T20/FULL_MEMBER,1.5,7.4,4.93,7.400000000000001,0.0,0,8
68c56d09,Kyle Jamieson,2021,,,,18.49881491057962,,45.84143518518518,,45.84143518518518,,45.8,0,4,17,0,1,1,All-rounder,Yes,1,OTHER_T20/FRANCHISE,0.75,15.0,20.0,17.647058823529413,0.0,0,11
69d03465,Alex Carey,2020,,,41.093333333333334,,48.89515508843886,,44.0190164914979,,73.08871493803001,49.8,0,25,39,0,1,1,Wicketkeeper,Yes,1,INTL_T20/FULL_MEMBER,0.5,2.4,4.8,2.8235294117647056,0.0,0,2
6a26221c,Aiden Markram,2025,61.86880244088483,,69.1768077039733,22.488835882810477,47.68566471988766,44.167194092826996,61.56833309850737,30.61822021156667,,52.3,44,57,50,1,1,1,All-rounder,Yes,1,IPL/IPL,2.0,2.0,1.0,1.6666666666666667,0.0,0,24
6b71e6cf,Kumar Sangakkara,2011,57.839915186853965,,57.61616161616162,,,,57.77410531312093,,85.16129032258064,63.3,37,29,0,1,1,0,Wicketkeeper,Yes,1,IPL/IPL,1.35,3.15,2.33,7.777777777777778,0.0,0,8
6b8eb6e5,Sreesanth,2011,,33.29625884732053,27.63846825111647,18.74321266968326,,,27.63846825111647,33.29625884732053,,33.3,28,9,0,1,1,0,Bowler,No,1,IPL/IPL,0.9,4.05,4.5,10.0,0.0,0,11
6b8eb6e5,S Sreesanth,2012,,29.670329670329664,27.607284020327498,18.435140253284413,,,27.607284020327498,29.670329670329668,,29.7,37,9,0,1,1,0,Bowler,No,1,IPL/IPL,1.96,1.96,1.0,4.444444444444444,10.0,1,6
6c18c062,Kedar Jadhav,2014,,,,,,,,,,,0,0,0,0,0,0,Batter,Yes,1,,0.3,2.0,6.67,3.3333333333333335,0.0,0,26
6c18c062,Kedar Jadhav,2018,,,,,,,,,,,0,0,0,0,0,0,Batter,Yes,1,,2.0,7.8,3.9,9.75,3.3333333333333335,1,29
6c19c6e5,Yashasvi Jaiswal,2020,,,,,,,,,,,0,0,0,0,0,0,Batter,No,0,,0.2,2.4,12.0,2.8235294117647056,0.0,0,6
6c19c6e5,Yashasvi Jaiswal,2022,,,,,21.286950441394985,,21.286950441394985,,,21.3,13,0,8,1,0,1,Batter,No,0,OTHER_T20/FRINGE,2.0,4.0,2.0,4.444444444444445,2.8235294117647056,1,25
6c19c6e5,Yashasvi Jaiswal,2025,74.82353096981817,,68.60433019361591,,31.353958143767063,,66.74829485185994,,,66.7,52,20,17,1,1,1,Batter,No,1,IPL/IPL,2.0,18.0,9.0,15.0,4.444444444444445,1,41
6c6591ab,Pragyan Ojha,2014,,68.28089244851257,,29.835605162234444,,,,68.28089244851257,,68.3,79,6,0,1,1,0,Bowler,No,1,IPL/IPL,1.0,3.25,3.25,5.416666666666667,0.0,0,15
709b0bac,Saurabh Tiwary,2011,54.23200859291085,,,,,,54.23200859291085,,,54.2,23,0,0,1,0,0,Batter,Unknown,0,IPL/IPL,0.45,7.2,16.0,17.77777777777778,0.0,0,26
70d205c9,Ambati Rayudu,2014,54.99807195605515,,,,,,54.998071956055156,,,55.0,66,0,0,1,0,0,Batter,No,0,IPL/IPL,2.0,4.0,2.0,6.666666666666667,0.0,0,26
70d205c9,Ambati Rayudu,2018,54.307850619326025,,17.82489449878399,,,,54.307850619326025,,,54.3,114,6,0,1,1,0,Batter,No,1,IPL/IPL,0.5,2.2,4.4,2.7500000000000004,6.666666666666667,1,29
70d205c9,Ambati Rayudu,2022,69.41145761450713,,19.17580317423507,,46.986922232205245,,64.92655053804675,,,64.9,175,6,20,1,1,1,Batter,No,1,IPL/IPL,2.0,6.75,3.38,7.5,2.7500000000000004,1,25
7210d461,Yash Dayal,2024,,,,,,28.43799954327472,,28.437999543274724,,28.4,14,0,19,1,0,1,Bowler,Unknown,0,OTHER_T20/SMAT,0.2,5.0,25.0,5.0,0.0,0,10
7210d461,Yash Dayal,2025,,36.49183572488867,,,,28.136587550380654,,34.82078608998706,,34.8,28,0,19,1,0,1,Bowler,Unknown,0,IPL/IPL,2.0,5.0,2.5,4.166666666666666,5.0,1,47
72861603,Graeme Smith,2011,43.0921052631579,,57.9177306587943,,,,47.45258332069801,,,47.5,25,29,0,1,1,0,Batter,Yes,1,IPL/IPL,1.8,2.25,1.25,5.555555555555555,0.0,0,26
73ad96ed,Deepak Hooda,2016,,,,,,,,,,,14,0,0,1,0,0,Batter,No,0,,0.1,4.2,42.0,6.511627906976744,0.0,0,11
73ad96ed,Deepak Hooda,2018,49.75579975579976,,,,23.041142470162608,,49.75579975579976,,,49.8,41,0,9,1,0,1,Batter,No,0,IPL/IPL,0.4,3.6,9.0,4.5,6.511627906976744,1,29
73ad96ed,Deepak Hooda,2022,36.97583053602973,44.13953488372093,,,39.69995777653892,26.357142857142858,37.52065598413157,40.58305647840531,,37.5,81,0,36,1,0,1,Batter,No,0,IPL/IPL,0.75,5.75,7.67,6.388888888888888,4.5,1,25
752f7486,Ishan Kishan,2016,,,,,,,,,,,0,0,0,0,0,0,Wicketkeeper,No,0,,0.1,3.5,35.0,5.426356589147287,0.0,0,7
752f7486,Ishan Kishan,2018,,,,,,,,,27.027027027027028,,16,0,0,1,0,0,Wicketkeeper,No,0,,0.4,6.2,15.5,7.75,5.426356589147287,1,14
752f7486,Ishan Kishan,2022,63.22718922229027,,27.060885997340037,,41.49579831932773,,58.880911041697765,,49.32539682539683,57.0,61,6,23,1,1,1,Wicketkeeper,No,1,IPL/IPL,2.0,15.25,7.62,16.944444444444446,7.75,1,10
752f7486,Ishan Kishan,2025,55.37593984962406,,45.990928140022184,,42.870893812070285,,51.15393001659052,,63.81578947368421,53.7,105,33,23,1,1,1,Wicketkeeper,No,1,IPL/IPL,2.0,11.25,5.62,9.375,16.944444444444446,1,14
77255a9e,Rahul Tripathi,2018,,,,,20.57533750113255,19.695662232504336,20.57533750113255,19.695662232504336,,20.6,14,0,4,1,0,1,Batter,No,0,OTHER_T20/FRINGE,0.2,3.4,17.0,4.25,0.0,0,29
77255a9e,Rahul Tripathi,2022,62.26638023630505,,,,34.12751806198594,,56.638607801441225,,,56.6,62,0,30,1,0,1,Batter,No,0,IPL/IPL,1.0,8.5,8.5,9.444444444444445,4.25,1,25
77255a9e,Rahul Tripathi,2025,58.451831122638566,,27.907918288374084,,39.13531969622734,,54.588528837356314,,,54.6,95,5,32,1,1,1,Batter,No,1,IPL/IPL,0.75,3.4,4.53,2.833333333333333,9.444444444444445,1,41
77b1aa15,Harshit Rana,2025,,,,,,18.44277317659631,,18.44277317659631,,18.4,20,0,3,1,0,1,Bowler,No,0,OTHER_T20/FRINGE,2.0,4.0,2.0,3.3333333333333335,0.0,0,47
79eb117d,Lasith Malinga,2011,,,,,,,,,,,0,0,0,0,0,0,Batter,Unknown,0,,2.0,2.25,1.12,5.555555555555555,0.0,0,26
79eb117d,Lasith Malinga,2014,,,,,,,,,,,0,0,0,0,0,0,Batter,Unknown,0,,2.0,9.5,4.75,15.833333333333332,5.555555555555555,1,26
79eb117d,Lasith Malinga,2019,,,,,,,,,,,0,0,0,0,0,0,Batter,Unknown,0,,2.0,2.0,1.0,2.4242424242424243,15.833333333333332,1,8
7c3c0337,Auqib Nabi Dar,2026,,,,,17.982849275113395,22.51087996879125,17.982849275113395,22.51087996879125,,22.5,0,0,11,0,0,1,Bowler,Unknown,0,OTHER_T20/FRINGE,0.3,8.4,28.0,6.720000000000001,0.0,0,2
7c503806,Johan Botha,2011,,,48.09090909090909,63.82500000000001,,,48.09090909090909,63.82500000000001,,59.1,3,26,0,1,1,0,All-rounder,Yes,1,INTL_T20/FULL_MEMBER,0.9,4.28,4.76,10.567901234567902,0.0,0,18
7c503806,Johan Botha,2013,,57.065527065527064,46.327479829140955,56.57021276595745,21.164693649016158,24.60746800369442,46.327479829140955,56.919846389183064,,53.7,24,41,12,1,1,1,All-rounder,Yes,1,IPL/IPL,1.64,3.38,2.06,6.89092762487258,10.567901234567902,1,12
7c7d63a2,Andrew Tye,2018,,,18.549424496291927,17.6875,,55.92324561403508,18.549424496291927,55.92324561403508,,44.7,6,7,47,1,1,1,All-rounder,Yes,1,OTHER_T20/FRANCHISE,1.0,7.2,7.2,9.0,0.0,0,25
7d415ea5,Ricky Ponting,2013,,,56.23509281678774,,19.96568460514039,,56.23509281678774,,,56.2,4,17,4,1,1,1,Batter,Yes,1,INTL_T20/FULL_MEMBER,2.18,2.18,1.0,4.4444444444444455,0.0,0,7
7d92277a,Mujeeb Zadran,2018,,,,,,,,,,,0,0,1,0,0,1,Bowler,Unknown,0,,0.5,4.0,8.0,5.0,0.0,0,30
7dc35884,Shakib Al Hasan,2011,,,37.609693877551024,64.35132275132275,,,37.609693877551024,64.35132275132275,,56.3,0,13,0,0,1,0,All-rounder,Yes,1,INTL_T20/FULL_MEMBER,0.9,1.91,2.12,4.716049382716049,0.0,0,18
7dc35884,Shakib Al Hasan,2021,45.71067136532032,60.64935064935066,57.64203593232166,73.01779828609097,27.835035861769178,54.55015756302521,46.01216718153799,62.82658359558692,,57.8,64,68,113,1,1,1,All-rounder,Yes,1,IPL/IPL,2.0,3.2,1.6,3.7647058823529416,4.716049382716049,1,11
7dc35884,Shakib Al Hasan,2023,40.556977999533146,55.3287197231834,57.358368250454575,64.5382474800569,40.00957237153932,59.01795131845842,44.67521471806443,58.18448640169302,,54.1,72,98,130,1,1,1,All-rounder,Yes,1,IPL/IPL,1.5,1.5,1.0,1.5789473684210527,3.7647058823529416,1,7
7ea2141b,Michael Clarke,2013,,,,,,,,,,,0,0,0,0,0,0,Bowler,Unknown,0,,2.18,2.18,1.0,4.4444444444444455,0.0,0,15
7fa2ab1f,Ross Taylor,2011,,,,,,,,,,,0,0,0,0,0,0,Bowler,Yes,1,,1.8,4.5,2.5,11.11111111111111,0.0,0,11
800d2d97,Jitesh Sharma,2025,53.69747899159663,,25.355180533751966,,46.25592055003819,,52.209167303284936,,58.69841269841269,53.5,40,6,45,1,1,1,Wicketkeeper,No,1,IPL/IPL,1.0,11.0,11.0,9.166666666666666,0.0,0,14
808f425a,James Faulkner,2012,,,,,20.439560439560438,20.395604395604394,20.439560439560438,20.395604395604394,,20.4,1,0,3,1,0,1,All-rounder,Yes,1,OTHER_T20/FRINGE,0.49,0.93,1.9,2.108843537414966,0.0,0,8
808f425a,James Faulkner,2013,,,,,19.26912829749709,25.960328979196902,19.26912829749709,25.960328979196902,,24.0,3,1,11,1,1,1,All-rounder,Yes,1,OTHER_T20/FRINGE,0.55,3.0,5.45,6.116207951070337,2.108843537414966,1,12
808f425a,James Faulkner,2014,,,24.52000702000702,24.105333690699545,,39.724999999999994,24.52000702000702,39.724999999999994,,35.2,19,6,15,1,1,1,All-rounder,Yes,1,OTHER_T20/FRANCHISE,2.0,9.5,4.75,15.833333333333332,6.116207951070337,1,21
808f425a,James Faulkner,2016,57.18487394957983,44.172876304023845,,57.17776130467013,42.177838577291375,54.12418300653596,54.18346687512213,48.91679355956223,,52.6,45,11,37,1,1,1,All-rounder,Yes,1,IPL/IPL,2.0,5.5,2.75,8.527131782945736,15.833333333333332,1,10
80ffea17,Umesh Yadav,2011,,,,,,,,,,,0,0,0,0,0,0,Wicketkeeper,Unknown,0,,0.23,3.38,14.7,8.345679012345679,0.0,0,8
80ffea17,Umesh Yadav,2014,,,,,,,,,,,0,0,0,0,0,0,Wicketkeeper,Unknown,0,,1.0,2.6,2.6,4.333333333333334,8.345679012345679,1,9
80ffea17,Umesh Yadav,2018,,,,,,,,,,,0,0,0,0,0,0,Wicketkeeper,Unknown,0,,1.0,4.2,4.2,5.250000000000001,4.333333333333334,1,14
80ffea17,Umesh Yadav,2024,,,,,30.41252864782276,,30.41252864782276,,78.57142857142857,40.0,0,0,25,0,0,1,Wicketkeeper,Unknown,0,OTHER_T20/SMAT,2.0,5.8,2.9,5.8,5.250000000000001,1,1
8108e2d2,Daryl Mitchell,2024,,,,,35.72955079019698,29.968938740293353,35.72955079019698,29.968938740293357,,34.0,0,0,91,0,0,1,All-rounder,Unknown,0,OTHER_T20/FRANCHISE,1.0,14.0,14.0,14.000000000000002,0.0,0,7
81c08fa3,Umran Malik,2022,,,,,,23.188458884111057,,23.188458884111057,,23.2,3,0,3,1,0,1,Bowler,No,0,OTHER_T20/FRINGE,2.0,4.0,2.0,4.444444444444445,0.0,0,25
81c36ee9,Marco Jansen,2025,,39.848484848484844,59.29584167424932,26.843454844006573,51.97101466349783,41.78306416412047,56.54903154521751,36.88741424471062,,50.7,21,16,49,1,1,1,All-rounder,Yes,1,INTL_T20/FULL_MEMBER,1.25,7.0,5.6,5.833333333333333,0.0,0,24
83c3e8e3,Spencer Johnson,2024,,,,,,29.556154768019177,,29.556154768019177,,29.6,0,2,23,0,1,1,Bowler,Yes,1,OTHER_T20/FRANCHISE,0.5,10.0,20.0,10.0,0.0,0,10
83c3e8e3,Spencer Johnson,2025,,,,23.894994430782972,32.37383635472807,40.84124132298897,32.37383635472807,40.84124132298897,,40.8,5,8,52,1,1,1,Bowler,Yes,1,OTHER_T20/FRANCHISE,2.0,2.8,1.4,2.333333333333333,10.0,1,47
85b3fab2,Tristan Stubbs,2025,,,61.743383493383504,,56.47165775401069,,59.76648634111869,,,59.8,18,35,48,1,1,1,Batter,Yes,1,INTL_T20/FULL_MEMBER,2.0,10.0,5.0,8.333333333333332,0.0,0,41
85e0cf10,Prasidh Krishna,2022,,30.68354430379747,,,,22.048351648351648,,28.9565057727083,,29.0,34,0,18,1,0,1,Bowler,No,0,IPL/IPL,1.0,10.0,10.0,11.11111111111111,0.0,0,25
85e0cf10,Prasidh Krishna,2025,,31.918069228326452,,19.735006678507375,,20.920821114369502,,29.718619605535057,,29.7,51,5,21,1,1,1,Bowler,No,1,IPL/IPL,2.0,9.5,4.75,7.916666666666666,11.11111111111111,1,47
85ec8e33,Shreyas Iyer,2015,,,,,,,,,,,0,0,0,0,0,0,Batter,No,0,,0.1,2.6,26.0,4.227642276422764,0.0,0,4
85ec8e33,Shreyas Iyer,2018,65.8060379336975,,20.770208935160184,,26.538518037760845,,65.8060379336975,,,65.8,32,6,8,1,1,1,Batter,No,1,IPL/IPL,2.0,7.0,3.5,8.75,4.227642276422764,1,29
85ec8e33,Shreyas Iyer,2022,57.59784775154081,,57.81202388789618,,42.99500923326171,,55.46096600788779,,,55.5,87,31,27,1,1,1,Batter,No,1,IPL/IPL,2.0,12.25,6.12,13.61111111111111,8.75,1,25
85ec8e33,Shreyas Iyer,2025,65.1227206859075,,56.11925111925113,,47.210496112168094,,60.18501960818249,,,60.2,115,50,34,1,1,1,Batter,No,1,IPL/IPL,2.0,26.75,13.38,22.291666666666668,13.61111111111111,1,41
86dc8f2e,Jacques Kallis,2011,44.385964912280706,32.74234693877551,53.5,28.520000000000003,,,47.066563467492266,31.50048019207683,,42.4,42,15,0,1,1,0,All-rounder,Yes,1,IPL/IPL,1.35,4.95,3.67,12.222222222222223,0.0,0,18
86dc8f2e,Jacques Kallis,2014,46.760302197802204,41.5625,53.68996960486322,40.450793650793656,,,48.79843967046721,41.23552754435108,,46.5,90,24,0,1,1,0,All-rounder,Yes,1,IPL/IPL,2.0,5.5,2.75,9.166666666666666,12.222222222222223,1,21
872b03f7,Ayush Badoni,2025,56.68060200668896,,,,25.968772601459612,17.833315525162945,56.680602006688964,17.833315525162945,,56.7,42,0,15,1,0,1,Batter,Unknown,0,IPL/IPL,2.0,4.0,2.0,3.3333333333333335,0.0,0,41
896d78ad,Angelo Mathews,2011,,,58.51098901098901,48.4328888888889,,,58.51098901098901,48.4328888888889,,55.5,15,21,0,1,1,0,All-rounder,Yes,1,INTL_T20/FULL_MEMBER,0.9,4.28,4.76,10.567901234567902,0.0,0,18
896d78ad,Angelo Mathews,2015,51.63030729533193,34.59126539753639,52.54995331465919,42.29304029304029,,,51.90079141866348,36.85649330797871,,47.4,35,54,0,1,1,0,All-rounder,Yes,1,IPL/IPL,1.5,7.5,5.0,12.195121951219512,10.567901234567902,1,6
896d78ad,Angelo Mathews,2017,55.33520533520533,38.55543113101904,57.86198547215497,42.538305084745765,,,56.07837596371993,39.72686464682102,,51.2,46,65,0,1,1,0,All-rounder,Yes,1,IPL/IPL,2.0,2.0,1.0,3.0303030303030303,12.195121951219512,1,6
8abdf100,Corey Anderson,2014,,,25.863381090653817,18.422138836772984,,,25.863381090653817,18.422138836772984,,23.6,0,6,0,0,1,0,All-rounder,Yes,1,INTL_T20/ASSOCIATE_FRINGE,1.0,4.5,4.5,7.5,0.0,0,21
8b3e9c7c,Prithvi Shaw,2022,66.30402160864345,,,,35.36917996912916,,60.117053280740585,,,60.1,53,1,16,1,1,1,Batter,No,1,IPL/IPL,2.0,7.5,3.75,8.333333333333332,0.0,0,25
8ba8195d,Virender Sehwag,2011,63.72222222222223,,60.97473800330944,,,,62.91413862842435,,,62.9,39,13,0,1,1,0,Batter,No,1,IPL/IPL,2.0,8.1,4.05,20.0,0.0,0,26
8ba8195d,Virender Sehwag,2014,79.29954109303296,,60.20318241758242,,,,73.68296501201809,,,73.7,79,17,0,1,1,0,Batter,No,1,IPL/IPL,2.0,3.2,1.6,5.333333333333334,20.0,1,26
8cf9814c,Mohammad Shami,2014,,,,,,,,,,,3,0,0,1,0,0,Bowler,No,0,,1.0,4.25,4.25,7.083333333333333,0.0,0,15
8cf9814c,Mohammad Shami,2018,,20.672302737520127,,19.61235859946133,,,,20.672302737520127,,20.7,31,7,2,1,1,1,Bowler,No,1,IPL/IPL,1.0,3.0,3.0,3.75,7.083333333333333,1,30
8cf9814c,Mohammad Shami,2019,,23.516666666666666,,19.18341812400636,,,,23.516666666666666,,23.5,35,7,2,1,1,1,Bowler,No,1,IPL/IPL,1.0,4.8,4.8,5.818181818181818,3.75,1,5
8cf9814c,Mohammad Shami,2022,52.85087719298245,41.914893617021285,,23.02513661202186,,,52.85087719298245,36.35908273319793,,36.4,77,16,2,1,1,1,Bowler,No,1,IPL/IPL,2.0,6.25,3.12,6.944444444444445,5.818181818181818,1,25
8cf9814c,Mohammed Shami,2025,43.82384532760472,57.97453509800637,,26.529753914988813,23.383096345852323,22.306438685546354,43.82384532760472,48.726070044177675,,48.7,110,22,4,1,1,1,Bowler,No,1,IPL/IPL,2.0,10.0,5.0,8.333333333333332,6.944444444444445,1,47
8d92a2c3,Mark Wood,2022,,,,38.8360655737705,22.64835380152368,27.40297383775645,22.64835380152368,38.8360655737705,,38.8,1,19,11,1,1,1,Bowler,Yes,1,INTL_T20/FULL_MEMBER,2.0,7.5,3.75,8.333333333333332,0.0,0,25
8dd02a98,Dinesh Chandimal,2012,,,25.821428571428573,,,,25.821428571428573,,21.73913043478261,25.0,0,8,0,0,1,0,Wicketkeeper,Yes,1,INTL_T20/ASSOCIATE_FRINGE,0.25,0.25,1.0,0.5668934240362812,0.0,0,2
8f6dd463,Azmatullah Omarzai,2025,,,,,55.76912467299314,31.285529344073645,55.76912467299314,31.285529344073645,,48.4,7,0,34,1,0,1,All-rounder,Unknown,0,OTHER_T20/FRANCHISE,1.5,2.4,1.6,2.0,0.0,0,24
8fd1a8f5,Dale Steyn,2011,,53.397371081900914,,54.16450216450215,,,,53.62299787090128,,53.6,28,20,0,1,1,0,Bowler,Yes,1,IPL/IPL,0.9,5.4,6.0,13.333333333333334,0.0,0,11
8fd1a8f5,Dale Steyn,2014,69.3452380952381,72.53869969040248,,74.71843137254902,,,69.3452380952381,73.17979724397499,,73.2,69,32,0,1,1,0,Bowler,Yes,1,IPL/IPL,2.0,9.5,4.75,15.833333333333332,13.333333333333334,1,15
8fd1a8f5,Dale Steyn,2016,67.94184076792773,52.47619047619048,,73.97643738977072,,,67.94184076792773,58.799792509596436,,58.8,89,37,2,1,1,1,Bowler,Yes,1,IPL/IPL,1.5,2.3,1.53,3.565891472868217,15.833333333333332,1,8
8fd1a8f5,Dale Steyn,2020,64.58966565349543,58.876068376068375,,68.02949019607844,,59.29223744292238,64.58966565349543,61.22684919109899,,61.2,92,43,41,1,1,1,Bowler,Yes,1,IPL/IPL,2.0,2.0,1.0,2.3529411764705883,3.565891472868217,1,7
9061a703,Joshua Little,2023,,,43.38425087108014,62.07775628626694,,56.29709605361133,43.38425087108014,59.91000869902108,,59.9,0,40,24,0,1,1,Bowler,Yes,1,INTL_T20/FULL_MEMBER,0.5,4.4,8.8,4.631578947368421,0.0,0,5
90de905a,Krishnappa Gowtham,2017,,,,,,,,,,,0,0,0,0,0,0,All-rounder,Unknown,0,,0.1,2.0,20.0,3.0303030303030303,0.0,0,6
90de905a,Krishnappa Gowtham,2018,,,,,,,,,,,0,0,0,0,0,0,All-rounder,Unknown,0,,0.2,6.2,31.0,7.75,3.0303030303030303,1,25
90de905a,Krishnappa Gowtham,2021,,31.240694789081886,,,23.741348713398402,17.320182648401826,23.741348713398402,31.240694789081882,,29.0,24,0,13,1,0,1,All-rounder,Unknown,0,IPL/IPL,0.2,9.25,46.25,10.882352941176471,7.75,1,11
919a3be2,Rishabh Pant,2018,64.5748987854251,,,,,,64.5748987854251,,38.17567567567568,59.3,24,2,0,1,1,0,Wicketkeeper,No,1,IPL/IPL,2.0,8.0,4.0,10.0,0.0,0,14
919a3be2,Rishabh Pant,2022,75.69419071976617,,50.51189270034256,,28.163265306122447,,68.28763247875922,,78.25854700854701,70.3,84,39,8,1,1,1,Wicketkeeper,No,1,IPL/IPL,2.0,16.0,8.0,17.77777777777778,10.0,1,10
919a3be2,Rishabh Pant,2025,81.52901785714288,,52.88750622804992,,28.336783988957905,,73.10504384858612,,84.62453482190324,75.4,111,72,8,1,1,1,Wicketkeeper,No,1,IPL/IPL,2.0,27.0,13.5,22.5,17.77777777777778,1,14
91ffa6c6,Jesse Ryder,2013,51.24590056408238,,39.81435925029145,,,,47.88368253061446,,,47.9,29,20,0,1,1,0,Batter,Yes,1,IPL/IPL,0.55,1.95,3.55,3.9755351681957185,0.0,0,7
92500ad5,Sushant Mishra,2024,,,,,,,,,,,0,0,0,0,0,0,Bowler,Unknown,0,,0.2,2.2,11.0,2.2,0.0,0,10
93b4fc78,Manish Pandey,2018,54.2926442926443,,52.41602787456446,,,,53.7406982873267,,,53.7,103,15,0,1,1,0,Batter,No,1,IPL/IPL,1.0,11.0,11.0,13.750000000000002,0.0,0,29
93b4fc78,Manish Pandey,2023,49.20258928971736,,60.89790592182936,,38.03880322237873,,50.45185053764456,,,50.5,160,41,35,1,1,1,Batter,No,1,IPL/IPL,1.0,2.4,2.4,2.526315789473684,13.750000000000002,1,5
94253925,Hanuma Vihari,2019,25.966183574879224,,,,21.933310352999477,21.29665071770335,25.966183574879224,21.29665071770335,,26.0,22,0,10,1,0,1,Batter,Unknown,0,IPL/IPL,0.5,2.0,4.0,2.4242424242424243,0.0,0,8
944533a5,Karun Nair,2016,56.756629145576795,,,,,,56.756629145576795,,,56.8,27,0,0,1,0,0,Batter,Unknown,0,IPL/IPL,0.1,4.0,40.0,6.2015503875969,0.0,0,11
944533a5,Karun Nair,2018,61.95727349573504,,,,16.1367457970905,,61.95727349573504,,,62.0,55,0,4,1,0,1,Batter,Unknown,0,IPL/IPL,0.5,5.6,11.2,6.999999999999999,6.2015503875969,1,29
94d7f855,Colin de Grandhomme,2018,,,28.278155259988715,17.89285714285714,52.39130434782608,16.073076923076922,52.39130434782608,16.073076923076922,,41.5,12,11,15,1,1,1,All-rounder,Yes,1,OTHER_T20/FRANCHISE,0.75,2.2,2.93,2.7500000000000004,0.0,0,25
94eac556,Clinton McKay,2013,,,22.891824085005904,20.76959247648903,23.050624589086127,24.13605442176871,22.951374274035985,22.03201570596891,,22.0,2,4,11,1,1,1,Bowler,Yes,1,INTL_T20/ASSOCIATE_FRINGE,0.55,0.75,1.36,1.5290519877675843,0.0,0,15
96fd40ae,Ashish Nehra,2011,,66.11531190926276,25.31697551460397,21.134265734265732,,,25.31697551460397,66.11531190926276,,66.1,31,6,0,1,1,0,Bowler,No,1,IPL/IPL,0.9,3.83,4.26,9.45679012345679,0.0,0,11
96fd40ae,Ashish Nehra,2014,,52.05949656750572,24.68112244897959,21.79001677852349,,,24.68112244897959,52.05949656750572,,52.1,54,7,0,1,1,0,Bowler,No,1,IPL/IPL,1.0,2.0,2.0,3.3333333333333335,9.45679012345679,1,15
96fd40ae,Ashish Nehra,2016,,57.57553058676654,24.96910507295431,21.196751624187907,,,24.96910507295431,57.57553058676654,,57.6,74,7,0,1,1,0,Bowler,No,1,IPL/IPL,2.0,5.5,2.75,8.527131782945736,3.3333333333333335,1,8
989889ff,Josh Inglis,2025,,,71.13699001602366,,49.91144428507422,,63.17741036691762,,69.42148760330579,64.4,0,29,109,0,1,1,Wicketkeeper,Yes,1,INTL_T20/FULL_MEMBER,2.0,2.6,1.3,2.166666666666667,0.0,0,14
98ae73b1,Piyush Chawla,2011,34.1890440386681,60.591133004926114,,22.047846889952154,,,34.1890440386681,60.591133004926114,,52.7,43,3,0,1,1,0,All-rounder,No,1,IPL/IPL,0.45,4.05,9.0,10.0,0.0,0,18
98ae73b1,Piyush Chawla,2014,27.333333333333332,60.59714795008912,,22.44090056285178,,,27.333333333333332,60.597147950089116,,50.6,87,7,0,1,1,0,All-rounder,No,1,IPL/IPL,1.0,4.25,4.25,7.083333333333333,10.0,1,21
98ae73b1,Piyush Chawla,2018,25.306142683129167,72.37762237762237,,22.179166666666667,20.344537309386922,27.450046494749493,25.306142683129167,72.37762237762237,,58.3,129,7,8,1,1,1,All-rounder,No,1,IPL/IPL,1.0,4.2,4.2,5.250000000000001,7.083333333333333,1,25
98ae73b1,Piyush Chawla,2020,23.18907613723203,61.324863883847556,,19.947413793103447,46.01562499999999,58.84803921568628,27.754385909785622,60.8294989502153,,50.9,157,7,25,1,1,1,All-rounder,No,1,IPL/IPL,1.0,6.75,6.75,7.941176470588235,5.250000000000001,1,8
99b75528,Jos Buttler,2016,,,56.68418118466899,,54.491379310344826,,55.86188048179743,,59.84781972490488,56.7,0,39,17,0,1,1,Wicketkeeper,Yes,1,INTL_T20/FULL_MEMBER,1.0,3.8,3.8,5.891472868217054,0.0,0,7
99b75528,Jos Buttler,2018,61.51315789473684,,73.68166108085462,,43.973544973544975,,61.9243417530875,,70.1573613086771,63.6,24,55,52,1,1,1,Wicketkeeper,Yes,1,IPL/IPL,1.5,4.4,2.93,5.500000000000001,5.891472868217054,1,14
99b75528,Jos Buttler,2022,77.50388198757764,,75.83547540738216,,43.716369122454104,,72.01865341276024,,78.40222516946655,73.3,65,86,71,1,1,1,Wicketkeeper,Yes,1,IPL/IPL,2.0,10.0,5.0,11.11111111111111,5.500000000000001,1,10
99b75528,Jos Buttler,2025,72.55269320843091,,76.62290539089295,,53.99866698031836,,70.78714231982954,,85.99270214102751,73.8,107,126,119,1,1,1,Wicketkeeper,Yes,1,IPL/IPL,2.0,15.75,7.88,13.125,11.11111111111111,1,14
9b6e1b3f,Jake Fraser-McGurk,2025,,,27.924495489989518,,27.167436974789915,,27.16743697478991,,,27.2,10,7,47,1,1,1,Batter,Yes,1,OTHER_T20/FRANCHISE,2.0,9.0,4.5,7.5,0.0,0,41
9ca68676,AM Ghazanfar,2025,,,,,,,,,,,0,0,0,0,0,0,Bowler,Unknown,0,,0.75,4.8,6.4,4.0,0.0,0,47
9caf69a1,Will Jacks,2023,,,,,58.82768518157096,37.159339080459766,58.82768518157096,37.159339080459766,,52.3,0,2,98,0,1,1,All-rounder,Yes,1,OTHER_T20/FRANCHISE,1.5,3.2,2.13,3.3684210526315788,0.0,0,7
9caf69a1,Will Jacks,2025,,,55.14844827586207,,54.86182143384842,51.105733432613555,55.040963210106945,51.105733432613555,,53.9,8,23,158,1,1,1,All-rounder,Yes,1,INTL_T20/FULL_MEMBER,2.0,5.25,2.62,4.375,3.3684210526315788,1,24
9d430b40,Sunil Narine,2012,,,,,,,,,,,0,0,0,0,0,0,All-rounder,Yes,1,,0.25,3.43,13.72,7.777777777777778,0.0,0,8
9d430b40,Sunil Narine,2014,,81.44927536231884,,72.3868131868132,21.049369792520043,23.184984556901874,21.049369792520043,78.78384531069955,,61.5,31,18,13,1,1,1,All-rounder,Yes,1,IPL/IPL,2.0,9.5,4.75,15.833333333333332,7.777777777777778,1,21
9d430b40,Sunil Narine,2018,50.693257154399404,78.0659793814433,43.43099495099495,58.64705882352941,40.809889173060526,49.2998786407767,47.395186406347456,68.89633413086483,,62.4,82,45,93,1,1,1,All-rounder,Yes,1,IPL/IPL,2.0,8.5,4.25,10.625,15.833333333333332,1,25
9d430b40,Sunil Narine,2022,46.31731401343342,80.25015253203173,25.36518895348837,63.716118935837244,36.64393681723591,56.127789046653135,39.62827616901753,72.49828961017631,,62.6,134,48,158,1,1,1,All-rounder,Yes,1,IPL/IPL,2.0,6.0,3.0,6.666666666666667,10.625,1,17
9d430b40,Sunil Narine,2025,59.69463501201116,81.35377711293941,25.23275038436196,62.17543854527763,35.27678540583031,56.83357358439569,47.41648641417173,72.8811619417424,,65.2,176,48,271,1,1,1,All-rounder,Yes,1,IPL/IPL,2.0,12.0,6.0,10.0,6.666666666666667,1,24
9d80c5e1,Shahbaz Nadeem,2018,,50.14433551198257,,,,25.426449025357947,,50.14433551198257,,50.1,55,0,7,1,0,1,Bowler,Unknown,0,IPL/IPL,0.3,3.2,10.67,4.0,0.0,0,30
9eb1455b,Nathan Ellis,2025,,,,62.518564391273756,22.95827903085148,42.65741118824009,22.95827903085148,55.070631940136124,,45.4,17,21,114,1,1,1,All-rounder,Yes,1,INTL_T20/FULL_MEMBER,1.25,2.0,1.6,1.6666666666666667,0.0,0,24
a1d053dd,Sheldon Cottrell,2020,,,,54.15733333333334,40.54187192118226,51.61775404380465,40.54187192118226,53.204991099760086,,53.2,0,19,49,0,1,1,Bowler,Yes,1,INTL_T20/FULL_MEMBER,0.5,8.5,17.0,10.0,0.0,0,7
a45a5e8d,Abhishek Nayar,2011,51.71197223828803,,,,,,51.71197223828803,,,51.7,30,0,0,1,0,0,Batter,Unknown,0,IPL/IPL,0.23,3.6,15.65,8.88888888888889,0.0,0,26
a45a5e8d,Abhishek Nayar,2013,39.20884670884671,,,,,,39.20884670884671,,,39.2,44,0,0,1,0,0,Batter,Unknown,0,IPL/IPL,0.55,5.06,9.2,10.316004077471968,8.88888888888889,1,7
a4cc73aa,Sanju Samson,2014,,,,,,,,,46.55172413793103,,11,0,0,1,0,0,Wicketkeeper,No,0,,2.0,4.0,2.0,6.666666666666667,0.0,0,9
a4cc73aa,Sanju Samson,2016,47.68707482993198,,,,,,47.68707482993198,,43.699186991869915,46.9,38,1,0,1,1,0,Wicketkeeper,No,1,IPL/IPL,2.0,4.2,2.1,6.511627906976744,6.666666666666667,1,7
a4cc73aa,Sanju Samson,2018,46.67024704618689,,,,21.81751496257273,,46.67024704618689,,53.811503811503805,48.1,66,1,9,1,1,1,Wicketkeeper,No,1,IPL/IPL,1.0,8.0,8.0,10.0,6.511627906976744,1,14
a4cc73aa,Sanju Samson,2022,66.79136081309994,,31.77911542867738,,40.603396603396604,,54.1101048355388,,51.007326007326014,53.5,121,11,29,1,1,1,Wicketkeeper,No,1,IPL/IPL,2.0,14.0,7.0,15.555555555555555,10.0,1,10
a4cc73aa,Sanju Samson,2025,65.69823434991974,,72.01053453305394,,44.90592334494774,,64.1574627449575,,64.37020581757425,64.2,167,37,31,1,1,1,Wicketkeeper,No,1,IPL/IPL,2.0,18.0,9.0,15.0,15.555555555555555,1,14
a4e37e47,Shivam Dube,2019,,,,,24.420720439104397,17.604845446950712,24.420720439104397,17.604845446950712,,22.4,0,0,9,0,0,1,All-rounder,No,0,OTHER_T20/FRINGE,0.2,5.0,25.0,6.0606060606060606,0.0,0,3
a4e37e47,Shivam Dube,2021,,,,23.871972614462987,28.02116402116402,27.107142857142854,28.02116402116402,25.085161455467933,,27.1,15,12,18,1,1,1,All-rounder,No,1,OTHER_T20/SMAT,0.5,4.4,8.8,5.176470588235295,6.0606060606060606,1,11
a4e37e47,Shivam Dube,2025,77.00127648313328,,54.59221261753109,17.633987958401754,35.07246376811594,21.30681818181818,65.10968860948013,19.011299292182912,,51.3,65,27,38,1,1,1,All-rounder,No,1,IPL/IPL,2.0,12.0,6.0,10.0,5.176470588235295,1,24
a6f2b2ef,Andre Russell,2012,,,,,,,,,,,0,0,0,0,0,0,Bowler,Unknown,0,,0.25,2.21,8.84,5.011337868480725,0.0,0,6
a6f2b2ef,Andre Russell,2018,,,,,,,,,,,0,0,0,0,0,0,Bowler,Unknown,0,,2.0,8.5,4.25,10.625,5.011337868480725,1,30
a6f2b2ef,Andre Russell,2022,,,,,,,,,,,0,0,0,0,0,0,Bowler,Unknown,0,,2.0,12.0,6.0,13.333333333333334,10.625,1,25
a6f2b2ef,Andre Russell,2025,,,,,,,,,,,0,0,2,0,0,1,Bowler,Unknown,0,,2.0,12.0,6.0,10.0,13.333333333333334,1,47
a757b0d8,Kieron Pollard,2011,,,40.972857142857144,34.70444444444445,,,40.972857142857144,34.70444444444445,,39.1,14,20,0,1,1,0,All-rounder,Yes,1,INTL_T20/FULL_MEMBER,2.0,4.05,2.02,10.0,0.0,0,18
a757b0d8,Kieron Pollard,2014,71.68197278911563,52.86811779769526,68.03525835866263,33.18571428571429,42.64550264550264,27.73076923076923,66.41482365996043,44.17691463466112,,59.7,62,37,18,1,1,1,All-rounder,Yes,1,IPL/IPL,2.0,7.5,3.75,12.5,10.0,1,21
a757b0d8,Kieron Pollard,2018,76.34375777750127,36.8375,46.92355212355213,33.89090909090909,56.67325428194992,38.20404411764705,66.03813083968127,36.30583389037433,,57.1,123,56,107,1,1,1,All-rounder,Yes,1,IPL/IPL,2.0,5.4,2.7,6.75,12.5,1,25
a757b0d8,Kieron Pollard,2022,83.54008551944125,40.369644723093,63.379829580410984,32.3442071785552,60.68443137742073,40.43848446147297,75.07167341338061,38.37361129771555,,64.1,178,90,188,1,1,1,All-rounder,Yes,1,IPL/IPL,2.0,6.0,3.0,6.666666666666667,6.75,1,17
a7b20d59,Nitish Kumar Reddy,2025,,,,,25.16219563940649,22.72049826342506,25.16219563940649,22.72049826342506,,22.7,0,0,6,0,0,1,Bowler,Unknown,0,OTHER_T20/FRINGE,2.0,6.0,3.0,5.0,0.0,0,47
a7c226e1,Fidel Edwards,2013,,,,28.675324675324674,,20.046176046176043,,28.675324675324674,,28.7,6,20,8,1,1,1,Bowler,Yes,1,INTL_T20/FULL_MEMBER,0.55,1.58,2.87,3.2212028542303774,0.0,0,15
a818c1be,Trent Boult,2015,,,19.124297989400628,24.69138199858257,,,19.124297989400628,24.69138199858257,,24.7,0,7,0,0,1,0,Bowler,Yes,1,INTL_T20/ASSOCIATE_FRINGE,1.5,3.8,2.53,6.178861788617886,0.0,0,4
a818c1be,Trent Boult,2017,,,,47.70715249662618,,,,47.70715249662618,,47.7,8,11,0,1,1,0,Bowler,Yes,1,INTL_T20/FULL_MEMBER,1.5,5.0,3.33,7.575757575757576,6.178861788617886,1,8
a818c1be,Trent Boult,2018,,,,49.630024691358024,,,,49.630024691358024,,49.6,14,17,0,1,1,0,Bowler,Yes,1,INTL_T20/FULL_MEMBER,1.5,2.2,1.47,2.7500000000000004,7.575757575757576,1,30
a818c1be,Trent Boult,2022,,43.86562804284323,,48.797557055609126,,21.99585921325052,,45.316195399539076,,45.3,62,43,6,1,1,1,Bowler,Yes,1,IPL/IPL,2.0,8.0,4.0,8.88888888888889,2.7500000000000004,1,25
a818c1be,Trent Boult,2025,63.04467733039162,50.929733595565885,54.914285714285725,53.44902333967745,50.620429346544,47.71701828410689,59.148442228788,51.07764873487493,,51.1,103,59,53,1,1,1,Bowler,Yes,1,IPL/IPL,2.0,12.5,6.25,10.416666666666668,8.88888888888889,1,47
a97c8ec2,Wanindu Hasaranga,2022,,,42.443569055529196,81.01914048392922,44.628517823639775,53.87690025954764,43.26292484357066,70.84080039978612,,62.6,2,32,21,1,1,1,All-rounder,Yes,1,INTL_T20/FULL_MEMBER,1.0,10.75,10.75,11.944444444444445,0.0,0,17
a97c8ec2,Wanindu Hasaranga,2024,,64.91583648230848,37.7953156561307,74.13988212749733,57.07239737895596,62.80874316939891,45.02422130219017,66.90578389666925,,60.3,26,54,50,1,1,1,All-rounder,Yes,1,IPL/IPL,1.5,1.5,1.0,1.5,11.944444444444445,1,7
a97c8ec2,Wanindu Hasaranga,2025,,66.47133354450428,32.90778889899909,80.63096389599052,57.8689553190479,63.63105896881753,42.26822630651739,69.58519994602283,,61.4,26,71,72,1,1,1,All-rounder,Yes,1,IPL/IPL,2.0,5.25,2.62,4.375,1.5,1,24
a9da7784,Kyle Abbott,2016,,,,32.89696969696969,,32.70666666666666,,32.82560606060605,,32.8,0,14,40,0,1,1,Bowler,Yes,1,INTL_T20/FULL_MEMBER,0.3,2.1,7.0,3.255813953488372,0.0,0,8
aa8d28ae,David Wiese,2015,,,21.097845336481697,27.083653846153844,30.648148148148145,22.5,30.648148148148145,22.5,,28.2,0,5,34,0,1,1,All-rounder,Yes,1,OTHER_T20/FRANCHISE,0.3,2.8,9.33,4.5528455284552845,0.0,0,6
abb83e27,Jonny Bairstow,2019,,,53.51361161524501,,44.8015873015873,,50.246602497623364,,68.81793478260869,54.0,0,26,26,0,1,1,Wicketkeeper,Yes,1,INTL_T20/FULL_MEMBER,1.5,2.2,1.47,2.666666666666667,0.0,0,2
abb83e27,Jonny Bairstow,2022,61.122345803842265,,56.89780357314776,,56.166748486336104,,59.32287064854271,,63.84744326554672,60.2,28,62,32,1,1,1,Wicketkeeper,Yes,1,IPL/IPL,1.5,6.75,4.5,7.5,2.666666666666667,1,10
acdc62f5,Anrich Nortje,2022,,67.76046738072054,,60.277595628415305,,41.79148936170212,,61.99440273979147,,62.0,24,16,15,1,1,1,Bowler,Yes,1,IPL/IPL,2.0,6.5,3.25,7.222222222222221,0.0,0,25
acdc62f5,Anrich Nortje,2025,,49.27799093128705,24.571428571428573,64.6778523489933,,40.87421718854097,24.571428571428573,51.8673902243017,,51.9,46,41,47,1,1,1,Bowler,Yes,1,IPL/IPL,2.0,6.5,3.25,5.416666666666667,7.222222222222221,1,47
ad3b6e95,Abishek Porel,2025,,,,,21.990419511204728,,21.990419511204728,,,22.0,18,0,3,1,0,1,Batter,Unknown,0,OTHER_T20/FRINGE,2.0,4.0,2.0,3.3333333333333335,0.0,0,41
ae78bc32,Manpreet Gony,2013,,23.060606060606062,,,,,,23.060606060606062,,23.1,35,0,0,1,0,0,Bowler,Unknown,0,IPL/IPL,1.09,3.75,3.44,7.645259938837921,0.0,0,15
b0482a1d,Tilak Varma,2025,75.35933537925803,,74.28825021132714,,43.53049038086572,,70.31723733751646,,,70.3,38,19,18,1,1,1,Batter,No,1,IPL/IPL,2.0,8.0,4.0,6.666666666666667,0.0,0,41
b0946605,Alzarri Joseph,2024,,,,53.92306349443862,19.79639843824905,36.7311475409836,19.79639843824905,47.47609501189299,,39.2,19,19,62,1,1,1,All-rounder,Yes,1,INTL_T20/FULL_MEMBER,1.0,11.5,11.5,11.5,0.0,0,7
b17e2f24,KL Rahul,2018,57.5187969924812,,70.01597744360903,,,,61.19443830163645,,44.21452702702703,57.8,39,12,0,1,1,0,Wicketkeeper,No,1,IPL/IPL,2.0,11.0,5.5,13.750000000000002,0.0,0,14
b17e2f24,KL Rahul,2022,74.63463646328097,,73.09023867656583,,28.04232804232804,,74.18040182012946,,64.15598290598291,72.2,94,55,8,1,1,1,Wicketkeeper,No,1,IPL/IPL,2.0,17.0,8.5,18.88888888888889,13.750000000000002,1,10
b17e2f24,KL Rahul,2025,61.904761904761905,,67.88188331051961,,27.84679089026915,,63.662738788808284,,67.57469431153642,64.4,132,70,8,1,1,1,Wicketkeeper,No,1,IPL/IPL,2.0,14.0,7.0,11.666666666666666,18.88888888888889,1,14
b1ad996b,Mayank Yadav,2025,,,,21.911217092824685,,20.351073799297147,,21.32616335775186,,21.3,4,3,4,1,1,1,Bowler,No,1,INTL_T20/ASSOCIATE_FRINGE,2.0,11.0,5.5,9.166666666666666,0.0,0,47
b2a79f17,Ben Laughlin,2013,,,,,17.026059654631084,23.782312925170068,17.026059654631084,23.782312925170068,,23.8,0,2,11,0,1,1,Bowler,Yes,1,OTHER_T20/FRINGE,0.11,0.15,1.36,0.3058103975535168,0.0,0,15
b4f5c2d9,Kamlesh Nagarkoti,2018,,,,,,,,,,,0,0,0,0,0,0,Bowler,Unknown,0,,0.2,3.2,16.0,4.0,0.0,0,30
b5797845,Priyansh Arya,2025,,,,,26.75550179014382,,26.75550179014382,,,26.8,0,0,8,0,0,1,Batter,Unknown,0,OTHER_T20/FRINGE,0.3,3.8,12.67,3.166666666666666,0.0,0,41
b57f8a9a,Brad Hodge,2011,,,26.728025426937407,,,,26.728025426937407,,,26.7,19,8,0,1,1,0,Batter,Yes,1,INTL_T20/ASSOCIATE_FRINGE,0.9,1.91,2.12,4.716049382716049,0.0,0,26
b57f8a9a,Brad Hodge,2012,52.88865546218488,,27.09589986583635,,,,52.88865546218488,,,52.9,33,8,1,1,1,1,Batter,Yes,1,IPL/IPL,0.98,2.33,2.38,5.28344671201814,4.716049382716049,1,9
b57f8a9a,Brad Hodge,2014,65.65561359679006,73.6734693877551,26.912571853495592,,45.67307692307693,,61.65910626204743,73.6734693877551,,61.7,62,8,31,1,1,1,Batter,Yes,1,IPL/IPL,1.0,2.4,2.4,4.0,5.28344671201814,1,26
b63ab531,Luke Pomersbach,2013,,,,,21.310936682365256,,21.310936682365256,,,21.3,15,1,5,1,1,1,Batter,Yes,1,OTHER_T20/FRINGE,0.27,2.25,8.33,4.587155963302752,0.0,0,7
b681e71e,Glenn Maxwell,2013,,,22.705936920222634,19.395652173913042,22.19885968571826,16.953737300435414,22.51578295728349,18.479934096358928,,21.3,2,7,8,1,1,1,All-rounder,Yes,1,INTL_T20/ASSOCIATE_FRINGE,1.09,5.45,5.0,11.111111111111112,0.0,0,12
b681e71e,Glenn Maxwell,2014,,,,41.89285714285714,25.13928514356339,22.962295081967213,25.13928514356339,41.89285714285714,,36.9,5,12,12,1,1,1,All-rounder,Yes,1,INTL_T20/FULL_MEMBER,1.0,6.0,6.0,10.0,11.111111111111112,1,21
b681e71e,Glenn Maxwell,2018,74.81556002682764,31.3,79.48491571711084,31.36,54.446744881527486,32.295108695652175,72.92757667760341,31.464266304347827,,60.5,57,38,55,1,1,1,All-rounder,Yes,1,IPL/IPL,2.0,9.0,4.5,11.25,10.0,1,25
b681e71e,Glenn Maxwell,2020,65.53670742173134,31.72116527942925,81.69567437883036,49.23850574712643,59.52792553191489,33.909210162938415,68.67513187753363,36.42870712887992,,59.0,69,61,89,1,1,1,All-rounder,Yes,1,IPL/IPL,1.07,10.75,10.05,12.647058823529411,11.25,1,8
b681e71e,Glenn Maxwell,2021,58.30067346087372,27.791563275434243,81.39417305383691,51.06316447779863,55.61152713836911,29.563202247191015,63.67067641073882,33.87520942178885,,54.7,82,67,107,1,1,1,All-rounder,Yes,1,IPL/IPL,2.0,14.25,7.12,16.76470588235294,12.647058823529411,1,11
b681e71e,Glenn Maxwell,2022,77.52415041435006,30.75970977379428,73.88495701649772,42.4536134841838,56.47090615845431,31.37142213207122,73.45636542650261,33.7749425551332,,61.6,97,79,122,1,1,1,All-rounder,Yes,1,IPL/IPL,2.0,11.0,5.5,12.222222222222221,16.76470588235294,1,17
b681e71e,Glenn Maxwell,2025,64.33571798284531,47.271345675601,79.41635014222594,36.646839575048965,61.61227066633506,38.70048265185319,67.69735892521393,43.32958969690082,,60.4,134,114,167,1,1,1,All-rounder,Yes,1,IPL/IPL,2.0,4.2,2.1,3.5000000000000004,12.222222222222221,1,24
b8527c3d,Rasikh Salam,2025,,,,,16.105068171663017,20.395955959897073,16.105068171663017,20.395955959897073,,20.4,11,0,9,1,0,1,Bowler,Unknown,0,OTHER_T20/FRINGE,0.3,6.0,20.0,5.0,0.0,0,47
b8a55852,Brendon McCullum,2012,60.5423987776929,,73.52923076923078,,,,64.36205524579228,,71.29629629629629,65.7,35,41,2,1,1,1,Wicketkeeper,Yes,1,IPL/IPL,1.96,4.41,2.25,10.0,0.0,0,2
b8a55852,Brendon McCullum,2014,57.29166666666667,,74.59959758551307,,18.4480135249366,,62.38223458397443,,70.49250748347305,64.0,49,61,3,1,1,1,Wicketkeeper,Yes,1,IPL/IPL,2.0,3.25,1.62,5.416666666666667,10.0,1,9
b8a55852,Brendon McCullum,2016,67.93478260869566,,79.35657142857144,,28.28571428571429,,71.2941322616003,,75.00363108206245,72.0,77,70,10,1,1,1,Wicketkeeper,Yes,1,IPL/IPL,2.0,7.5,3.75,11.627906976744185,5.416666666666667,1,7
b8a55852,Brendon McCullum,2018,68.74999999999999,,74.82021889400922,,46.782945736434115,,66.97249658396741,,84.20548838311997,70.4,104,70,76,1,1,1,Wicketkeeper,Yes,1,IPL/IPL,2.0,3.6,1.8,4.5,11.627906976744185,1,14
b8d490fd,Aaron Finch,2014,54.85566858322276,,33.69356163518039,,44.92877492877493,,52.870289852333194,,,52.9,23,9,17,1,1,1,Batter,Yes,1,IPL/IPL,1.0,4.0,4.0,6.666666666666667,0.0,0,26
b8d490fd,Aaron Finch,2015,45.549918080439724,,70.47413127413127,,42.33796678561428,,51.29917868463879,,,51.3,36,22,33,1,1,1,Batter,Yes,1,IPL/IPL,1.0,3.2,3.2,5.203252032520325,6.666666666666667,1,4
b8d490fd,Aaron Finch,2018,61.144480519480524,,71.97484490524346,,55.11908993956631,26.674897119341566,62.94826302893412,26.674897119341566,,62.9,65,33,77,1,1,1,Batter,Yes,1,IPL/IPL,1.5,6.2,4.13,7.75,5.203252032520325,1,29
b8d490fd,Aaron Finch,2020,53.579674135315194,,77.55190869736325,,58.86587146982812,28.349999999999998,60.36566237600414,28.349999999999998,,60.4,75,58,114,1,1,1,Batter,Yes,1,IPL/IPL,1.0,4.4,4.4,5.176470588235295,7.75,1,6
ba5e1069,Rachin Ravindra,2024,,,38.12886423920907,53.79547964629515,30.576415844926096,33.81177347242921,35.29669609135295,46.30158983109542,,43.0,0,18,34,0,1,1,All-rounder,Yes,1,INTL_T20/FULL_MEMBER,0.5,1.8,3.6,1.8000000000000003,0.0,0,7
ba5e1069,Rachin Ravindra,2025,,,36.62344433355837,58.33694581280788,32.27297199937478,50.476509250243424,34.992017208239524,55.389282101846206,,49.3,10,25,43,1,1,1,All-rounder,Yes,1,INTL_T20/FULL_MEMBER,1.5,4.0,2.67,3.3333333333333335,1.8000000000000003,1,24
ba607b88,Virat Kohli,2011,54.95956873315364,,,,,,54.95956873315364,,,55.0,45,2,0,1,1,0,Batter,No,1,IPL/IPL,2.0,8.1,4.05,20.0,0.0,0,26
ba607b88,Virat Kohli,2014,69.87275702360152,31.84210526315789,60.622093695777906,35.347368421052636,,,67.1519736918887,32.873065015479874,,67.2,92,20,0,1,1,0,Batter,No,1,IPL/IPL,2.0,12.5,6.25,20.833333333333336,20.0,1,26
ba607b88,Virat Kohli,2018,72.48647318711014,33.794037940379404,72.49885858464498,30.22857142857143,,,72.49011595109097,32.74537131925941,,72.5,148,54,0,1,1,0,Batter,No,1,IPL/IPL,2.0,17.0,8.5,21.25,20.833333333333336,1,29
ba607b88,Virat Kohli,2022,67.33263081947293,33.51219512195122,74.07958837185129,34.684,,,69.31703009958422,33.85684361549498,,69.3,206,92,0,1,1,0,Batter,No,1,IPL/IPL,2.0,15.0,7.5,16.666666666666664,21.25,1,25
ba607b88,Virat Kohli,2025,75.29696690116481,33.28159645232816,66.22703306794216,33.86666666666667,,,72.62933930315815,33.4536759271336,,72.6,251,118,0,1,1,0,Batter,No,1,IPL/IPL,2.0,21.0,10.5,17.5,16.666666666666664,1,41
bb18be76,Shane Warne,2011,,52.24256292906178,,,,,,52.24256292906178,,52.2,42,0,0,1,0,0,Bowler,Unknown,0,IPL/IPL,2.0,8.1,4.05,20.0,0.0,0,11
bcf325d2,Dhruv Jurel,2025,60.40063679815232,,,,21.7421869350634,,60.40063679815233,,,60.4,27,2,7,1,1,1,Batter,No,1,IPL/IPL,2.0,14.0,7.0,11.666666666666666,0.0,0,41
bd17b45f,Stuart Binny,2014,64.19642857142857,46.64335664335664,,,,,64.19642857142857,46.64335664335664,,58.9,32,0,0,1,0,0,All-rounder,No,0,IPL/IPL,2.0,5.5,2.75,9.166666666666666,0.0,0,21
bd17b45f,Stuart Binny,2016,43.24963883858628,45.980861244019145,,,,,43.24963883858628,45.980861244019145,,45.2,58,2,0,1,1,0,All-rounder,No,1,IPL/IPL,2.0,2.0,1.0,3.10077519379845,9.166666666666666,1,10
bd77eb62,Andrew Symonds,2011,62.288629737609334,47.244897959183675,69.06484962406016,29.593333333333337,,,64.28163558656546,42.05326130452181,,57.6,28,14,0,1,1,0,All-rounder,Yes,1,IPL/IPL,1.35,3.83,2.84,9.45679012345679,0.0,0,18
c03c6200,Darren Sammy,2013,,,34.564404366397724,55.40909090909091,,,34.564404366397724,55.40909090909091,,49.2,0,37,0,0,1,0,All-rounder,Yes,1,INTL_T20/FULL_MEMBER,0.55,3.19,5.8,6.503567787971458,0.0,0,12
c03c6200,Darren Sammy,2014,,,47.8893305276284,52.18586005830903,24.96503440805403,18.2,47.8893305276284,52.18586005830903,,50.9,10,42,6,1,1,1,All-rounder,Yes,1,INTL_T20/FULL_MEMBER,1.0,3.5,3.5,5.833333333333333,6.503567787971458,1,21
c03c6200,Darren Sammy,2015,,,66.37695078031213,51.55415657788539,36.15384615384615,20.984191508581752,55.04328654538739,40.09041967689652,,50.6,20,55,32,1,1,1,All-rounder,Yes,1,INTL_T20/FULL_MEMBER,1.0,2.8,2.8,4.5528455284552845,5.833333333333333,1,6
c03e2850,Manan Vohra,2014,,,,,,,,,,,12,0,0,1,0,0,Batter,Unknown,0,,2.0,4.0,2.0,6.666666666666667,0.0,0,26
c03f1114,Dinesh Karthik,2011,40.81818181818181,,23.839285714285715,,,,40.81818181818181,,94.86842105263158,51.6,42,9,0,1,1,0,Wicketkeeper,No,1,IPL/IPL,0.9,4.05,4.5,10.0,0.0,0,8
c03f1114,Dinesh Karthik,2014,39.95535714285714,,22.225093984962406,,,,39.95535714285714,,90.7183908045977,50.1,92,9,0,1,1,0,Wicketkeeper,No,1,IPL/IPL,2.0,12.5,6.25,20.833333333333336,10.0,1,9
c03f1114,Dinesh Karthik,2015,46.298701298701296,,24.142857142857142,,,,46.298701298701296,,94.35483870967741,55.9,106,9,0,1,1,0,Wicketkeeper,No,1,IPL/IPL,2.0,10.5,5.25,17.073170731707318,20.833333333333336,1,1
c03f1114,Dinesh Karthik,2016,42.49114521841794,,23.7435960591133,,,,42.49114521841794,,89.02439024390245,51.8,122,9,0,1,1,0,Wicketkeeper,No,1,IPL/IPL,2.0,2.3,1.15,3.565891472868217,17.073170731707318,1,7
c03f1114,Dinesh Karthik,2018,52.02856133622647,,51.599381518311915,,19.393776954752564,,51.902331978016306,,76.50240384615385,56.8,152,13,4,1,1,1,Wicketkeeper,No,1,IPL/IPL,2.0,7.4,3.7,9.25,3.565891472868217,1,14
c03f1114,Dinesh Karthik,2022,49.13551122790253,,72.8752246224086,,49.96928043319795,,55.19550495732336,,66.80113468906573,57.5,213,32,28,1,1,1,Wicketkeeper,No,1,IPL/IPL,2.0,5.5,2.75,6.111111111111111,9.25,1,10
c24a2c5d,Sudeep Tyagi,2013,,,,,,,,,,,14,1,0,1,1,0,Bowler,No,1,,0.27,0.75,2.78,1.5290519877675843,0.0,0,15
c38d3503,Shivam Mavi,2018,,,,,,,,,,,0,0,0,0,0,0,Bowler,No,0,,0.2,3.0,15.0,3.75,0.0,0,30
c38d3503,Shivam Mavi,2022,,49.277554800864465,,,,17.380645656007978,,49.277554800864465,,49.3,27,0,5,1,0,1,Bowler,No,0,IPL/IPL,1.0,7.25,7.25,8.055555555555555,3.75,1,25
c38d3503,Shivam Mavi,2023,,38.87389724961079,,,,21.768225166680736,,38.87389724961079,,38.9,33,0,7,1,0,1,Bowler,No,0,IPL/IPL,0.4,6.0,15.0,6.315789473684211,8.055555555555555,1,5
c38d3503,Shivam Mavi,2024,,39.591587185130834,,22.389832052500946,,21.86909970153765,,39.591587185130834,,39.6,34,6,7,1,1,1,Bowler,No,1,IPL/IPL,0.5,6.4,12.8,6.4,6.315789473684211,1,10
c3d35165,Albie Morkel,2011,62.829642495295985,44.841269841269835,62.32589285714286,28.50864197530864,,,62.681480837015656,40.03755576304595,,55.9,39,29,0,1,1,0,All-rounder,Yes,1,IPL/IPL,2.0,2.25,1.12,5.555555555555555,0.0,0,18
c3d35165,Albie Morkel,2014,60.04214929214929,53.787878787878796,63.670797287818566,26.143333333333338,32.802197802197796,29.166666666666668,56.86331856757388,43.18356060606061,,52.8,77,40,20,1,1,1,All-rounder,Yes,1,IPL/IPL,1.5,2.4,1.6,4.0,5.555555555555555,1,21
c3d35165,Albie Morkel,2015,52.793539938891314,48.88980263157895,58.96715049656227,21.37503890445067,31.69386169386169,27.549707602339183,51.17199084155461,38.81009744541092,,47.5,84,47,28,1,1,1,All-rounder,Yes,1,IPL/IPL,0.3,3.0,10.0,4.878048780487805,4.0,1,6
c404f58a,Dirk Nannes,2013,,46.08391608391609,,58.82424242424242,19.169944585329198,26.393606393606397,19.169944585329198,49.83107088989442,,49.8,24,17,17,1,1,1,Bowler,Yes,1,IPL/IPL,1.09,4.5,4.13,9.174311926605505,0.0,0,15
c4487b84,AB de Villiers,2011,47.85872663921444,,57.783900783900805,,,,50.777895505298666,,85.88709677419355,57.8,29,30,0,1,1,0,Wicketkeeper,Yes,1,IPL/IPL,1.8,4.95,2.75,12.222222222222223,0.0,0,8
c4487b84,AB de Villiers,2014,76.26306620209058,,57.835525321239615,,,,70.84320123713441,,64.40760736862096,69.6,74,49,2,1,1,1,Wicketkeeper,Yes,1,IPL/IPL,2.0,7.5,3.75,12.5,12.222222222222223,1,9
c4487b84,AB de Villiers,2018,76.37470542026709,,70.69452764976958,,27.283889165422273,,74.70406489953253,,91.64825883575884,78.1,129,75,12,1,1,1,Wicketkeeper,Yes,1,IPL/IPL,2.0,11.0,5.5,13.750000000000002,12.5,1,14
c5aef772,Romario Shepherd,2022,,,,16.497056514913655,46.32013176251352,50.874643874643866,46.32013176251352,50.874643874643866,,49.5,0,9,30,0,1,1,All-rounder,Yes,1,OTHER_T20/FRANCHISE,0.75,7.75,10.33,8.61111111111111,0.0,0,17
c654af19,Ryan McLaren,2013,,,21.256219429920726,28.467391304347828,17.890690082179447,17.31656184486373,19.994145924517746,24.28583025704129,,23.0,16,8,8,1,1,1,All-rounder,Yes,1,INTL_T20/ASSOCIATE_FRINGE,0.27,0.38,1.41,0.7747196738022427,0.0,0,12
c740ea83,Rajat Patidar,2025,75.65695174390827,,,,49.77218983431027,,70.47999936198866,,,70.5,27,0,34,1,0,1,Batter,Unknown,0,IPL/IPL,2.0,11.0,5.5,9.166666666666666,0.0,0,41
c7a995d3,R Sai Kishore,2025,,,,,,46.0940895838855,,46.0940895838855,,46.1,10,2,39,1,1,1,Bowler,No,1,OTHER_T20/SMAT,0.75,2.0,2.67,1.6666666666666667,0.0,0,47
c995d726,Colin Ingram,2019,,,30.394362334040792,,49.09122806405804,39.952775476387735,49.09122806405804,39.952775476387735,,49.1,3,9,143,1,1,1,Batter,Yes,1,OTHER_T20/FRANCHISE,2.0,6.4,3.2,7.757575757575758,0.0,0,8
cad00a4d,Rilee Rossouw,2023,,,73.71276331324178,,48.43891630620454,,64.2350706856028,,,64.2,6,26,205,1,1,1,Batter,Yes,1,INTL_T20/FULL_MEMBER,2.0,4.6,2.3,4.842105263157894,0.0,0,5
cad00a4d,Rilee Rossouw,2024,,,74.07351647219811,,60.857124667292105,,69.11736954535836,,,69.1,15,29,234,1,1,1,Batter,Yes,1,INTL_T20/FULL_MEMBER,2.0,8.0,4.0,8.0,4.842105263157894,1,8
ce794613,T Natarajan,2017,,,,,,,,,,,0,0,0,0,0,0,Bowler,No,0,,0.1,3.0,30.0,4.545454545454546,0.0,0,8
ce794613,T Natarajan,2025,,50.17077267637178,,23.96416168486303,,22.665223665223664,,44.669662874142155,,44.7,61,4,17,1,1,1,Bowler,No,1,IPL/IPL,2.0,10.75,5.38,8.958333333333334,4.545454545454546,1,47
cf0ccafa,M Siddharth,2024,,,,,,26.112813102119464,,26.112813102119464,,26.1,0,0,6,0,0,1,Bowler,Unknown,0,OTHER_T20/FRINGE,0.2,2.4,12.0,2.4,0.0,0,10
d014d5ac,Sherfane Rutherford,2019,,,,,24.341001963677982,,24.341001963677982,,,24.3,0,1,8,0,1,1,Batter,Yes,1,OTHER_T20/FRINGE,0.4,2.0,5.0,2.4242424242424243,0.0,0,8
d014d5ac,Sherfane Rutherford,2025,,,64.09850863422292,,32.78228829993535,,52.35492600886508,,,52.4,10,25,129,1,1,1,Batter,Yes,1,INTL_T20/FULL_MEMBER,1.5,2.6,1.73,2.166666666666667,2.4242424242424243,1,41
d027ba9f,Kane Williamson,2018,,,51.580720092915215,50.94586466165414,27.62886597938144,,42.598774800340045,50.94586466165414,,42.6,15,42,22,1,1,1,Batter,Yes,1,INTL_T20/FULL_MEMBER,1.5,3.0,2.0,3.75,0.0,0,29
d027ba9f,Kane Williamson,2022,67.70597823229402,,57.08928571428572,52.900000000000006,46.99358817283346,,61.94494659387286,52.900000000000006,,61.9,63,73,34,1,1,1,Batter,Yes,1,IPL/IPL,2.0,14.0,7.0,15.555555555555555,3.75,1,25
d027ba9f,Kane Williamson,2023,53.89231022142415,,58.475448246621056,52.348,47.39333825688508,,54.063248933042516,52.348,,54.1,76,86,34,1,1,1,Batter,Yes,1,IPL/IPL,2.0,2.0,1.0,2.1052631578947367,15.555555555555555,1,5
d18f9182,Mahela Jayawardene,2011,74.49358690844758,,65.67991032507162,,,,71.90132908980759,,,71.9,36,30,0,1,1,0,Batter,Yes,1,IPL/IPL,1.8,6.75,3.75,16.666666666666664,0.0,0,26
d18f9182,Mahela Jayawardene,2012,61.13051470588235,,65.86612873647535,,,,62.52334236193911,,,62.5,49,33,0,1,1,0,Batter,Yes,1,IPL/IPL,1.47,6.86,4.67,15.555555555555555,16.666666666666664,1,9
d1a60072,Nehal Wadhera,2025,,,,,24.84426072038309,,24.84426072038309,,,24.8,20,0,4,1,0,1,Batter,Unknown,0,OTHER_T20/FRINGE,0.3,4.2,14.0,3.5000000000000004,0.0,0,41
d2a6c0e6,Eoin Morgan,2011,,,60.41943409685346,,,,60.41943409685346,,,60.4,6,15,0,1,1,0,Batter,Yes,1,INTL_T20/FULL_MEMBER,0.9,1.58,1.76,3.901234567901235,0.0,0,26
d2a6c0e6,Eoin Morgan,2017,45.950418628990064,,56.54022277667598,,40.320574935400515,,47.75339311187311,,,47.8,48,63,38,1,1,1,Batter,Yes,1,IPL/IPL,2.0,2.0,1.0,3.0303030303030303,3.901234567901235,1,1
d2a6c0e6,Eoin Morgan,2020,41.772667971298105,,73.03712858570002,,50.280033282044414,,50.86488792151053,,,50.9,52,85,91,1,1,1,Batter,Yes,1,IPL/IPL,1.5,5.25,3.5,6.176470588235294,3.0303030303030303,1,6
d2a989fc,Dhawal Kulkarni,2016,,54.31177446102819,,,,,,54.311774461028186,,54.3,52,0,0,1,0,0,Bowler,No,0,IPL/IPL,1.5,2.0,1.33,3.10077519379845,0.0,0,8
d2c2b2d5,Sachin Tendulkar,2011,62.86842105263158,,,,,,62.86842105263158,,,62.9,35,1,0,1,1,0,Batter,No,1,IPL/IPL,2.0,8.1,4.05,20.0,0.0,0,26
d4eef961,Marchant de Lange,2012,,,,,,,,,,,0,0,0,0,0,0,All-rounder,Yes,1,,0.25,0.25,1.0,0.5668934240362812,0.0,0,8
d4f9dbd4,Cheteshwar Pujara,2011,,,,,,,,,,,10,0,0,1,0,0,Batter,Unknown,0,,0.45,3.15,7.0,7.777777777777778,0.0,0,26
d5130a30,Sai Sudharsan,2025,69.74107996041226,,,,23.25858060965544,,69.74107996041226,,,69.7,25,1,9,1,1,1,Batter,No,1,IPL/IPL,2.0,8.5,4.25,7.083333333333333,0.0,0,41
d67d5f00,David Miller,2014,,,57.84216952638006,,20.692640692640694,,57.84216952638006,,,57.8,19,19,12,1,1,1,Batter,Yes,1,INTL_T20/FULL_MEMBER,2.0,12.5,6.25,20.833333333333336,0.0,0,26
d67d5f00,David Miller,2018,66.15800865800864,,66.33847685415631,,55.967741935483865,,64.67458569866685,,,64.7,68,56,60,1,1,1,Batter,Yes,1,IPL/IPL,1.5,3.0,2.0,3.75,20.833333333333336,1,29
d67d5f00,David Miller,2025,70.54573919868952,,63.5686963309914,,55.59084764340518,,66.55824474847233,,,66.6,134,128,191,1,1,1,Batter,Yes,1,IPL/IPL,1.5,7.5,5.0,6.25,3.75,1,41
d68e7f48,Ravi Rampaul,2013,,,,43.645791245791244,,,,43.645791245791244,,43.6,0,19,0,0,1,0,Bowler,Yes,1,INTL_T20/FULL_MEMBER,0.27,2.18,8.07,4.4444444444444455,0.0,0,15
d7017798,Angkrish Raghuvanshi,2025,,,,,21.094392135962575,,21.094392135962575,,,21.1,10,0,3,1,0,1,Batter,Unknown,0,OTHER_T20/FRINGE,0.3,3.0,10.0,2.5,0.0,0,41
d7c6af50,Daniel Vettori,2011,,,36.31887755102041,69.23483483483484,,,36.31887755102041,69.23483483483484,,59.4,12,28,0,1,1,0,All-rounder,Yes,1,INTL_T20/FULL_MEMBER,1.8,2.48,1.38,6.123456790123457,0.0,0,18
d8b2f218,Barinder Singh Sran,2018,,,,,,,,,,,16,2,0,1,1,0,Bowler,No,1,,0.5,2.2,4.4,2.7500000000000004,0.0,0,30
d8b2f218,Barinder Singh Sran,2019,,28.1981981981982,,,21.387488555698084,21.997279676628402,21.387488555698084,28.1981981981982,,28.2,22,2,3,1,1,1,Bowler,No,1,IPL/IPL,0.5,3.4,6.8,4.121212121212121,2.7500000000000004,1,5
d9273ee7,Marcus Stoinis,2018,,,,,36.23737373737374,45.575,36.23737373737374,45.575,,42.8,12,2,26,1,1,1,All-rounder,Yes,1,OTHER_T20/FRANCHISE,2.0,6.2,3.1,7.75,0.0,0,25
d9273ee7,Marcus Stoinis,2020,62.54212369499142,28.9920424403183,40.92541393314588,32.3448275862069,43.24561403508772,43.969309462915604,54.24346980554448,32.076828780180044,,47.6,29,19,51,1,1,1,All-rounder,Yes,1,IPL/IPL,1.0,4.8,4.8,5.647058823529411,7.75,1,8
d9273ee7,Marcus Stoinis,2022,68.033972323049,36.25,65.54993177503562,23.933437663015127,40.106342630411945,39.05348959507174,63.22381773215009,33.591382855014544,,54.3,56,35,82,1,1,1,All-rounder,Yes,1,IPL/IPL,2.0,9.2,4.6,10.222222222222221,5.647058823529411,1,17
d9273ee7,Marcus Stoinis,2025,73.31130848286972,42.157193455894756,78.63955199914359,47.10876701331874,45.65606835580195,34.3716915995397,70.49508334287802,42.227261566797495,,62.0,96,72,135,1,1,1,All-rounder,Yes,1,IPL/IPL,2.0,11.0,5.5,9.166666666666666,10.222222222222221,1,24
db31895a,Ankit Singh Rajpoot,2018,,,,,,26.085043988269792,,26.085043988269792,,26.1,11,0,8,1,0,1,Bowler,Unknown,0,OTHER_T20/FRINGE,0.3,3.0,10.0,3.75,0.0,0,30
db584dad,Chris Gayle,2014,83.38227922748045,46.10942249240121,68.15763584786141,59.14285714285715,47.08791208791208,,74.13196331164043,49.94278562488825,,74.1,58,33,25,1,1,1,Batter,Yes,1,IPL/IPL,2.0,9.5,4.75,15.833333333333332,0.0,0,26
db584dad,Christopher Gayle,2018,77.67321661389458,57.11538461538461,74.8522116577098,62.3847619047619,57.766323024054984,41.8559670781893,73.98193133637244,56.143816307149635,,74.0,100,52,126,1,1,1,Batter,Yes,1,IPL/IPL,2.0,2.0,1.0,2.5,15.833333333333332,1,29
dbe50b21,Hardik Pandya,2018,62.71595528455285,22.234782608695653,42.34368082368083,45.235294117647065,26.075104496350903,24.82792406613595,56.72410985488462,28.99963893485783,,48.4,38,27,9,1,1,1,All-rounder,No,1,IPL/IPL,2.0,11.0,5.5,13.750000000000002,0.0,0,25
dbe50b21,Hardik Pandya,2022,68.1842285660586,41.515151515151516,61.98755521002345,38.383724569640066,27.334971859048007,26.072727272727274,66.36167757898943,40.594143590001096,,58.6,93,53,9,1,1,1,All-rounder,No,1,IPL/IPL,2.0,15.0,7.5,16.666666666666664,13.750000000000002,1,17
dbe50b21,Hardik Pandya,2025,69.55077325748643,42.84271284271284,73.97769500744933,42.31545331356513,27.65906362545018,26.539682539682545,70.85280906629905,42.687636510610574,,62.4,138,107,11,1,1,1,All-rounder,No,1,IPL/IPL,2.0,16.35,8.18,13.625000000000002,16.666666666666664,1,24
dcce6f09,David Warner,2011,,,52.57859011084818,,,,52.57859011084818,,,52.6,19,23,0,1,1,0,Batter,Yes,1,INTL_T20/FULL_MEMBER,0.9,3.38,3.76,8.345679012345679,0.0,0,26
dcce6f09,David Warner,2014,67.06489919911627,,59.50164422044122,,24.146853146853147,,64.84041244068243,,,64.8,56,46,3,1,1,1,Batter,Yes,1,IPL/IPL,1.5,5.5,3.67,9.166666666666666,8.345679012345679,1,26
dcce6f09,David Warner,2018,85.21670637055253,,54.027549361207896,,24.075641672814815,,76.04342489721589,,,76.0,115,65,3,1,1,1,Batter,Yes,1,IPL/IPL,2.0,12.0,6.0,15.0,9.166666666666666,1,29
dcce6f09,David Warner,2022,69.66203774742979,,64.69246348967499,,45.93229440984808,,64.86018268235384,,,64.9,151,88,19,1,1,1,Batter,Yes,1,IPL/IPL,2.0,6.25,3.12,6.944444444444445,15.0,1,25
dcf81436,Siddarth Kaul,2018,,52.808641975308646,,,,23.499541788856305,,52.808641975308646,,52.8,21,0,6,1,0,1,Bowler,No,0,IPL/IPL,0.3,3.8,12.67,4.75,0.0,0,30
dd09ff8e,Brett Lee,2011,,,,43.21955555555555,,,,43.21955555555555,,43.2,13,17,0,1,1,0,All-rounder,Yes,1,INTL_T20/FULL_MEMBER,1.8,1.8,1.0,4.444444444444445,0.0,0,18
ded9240e,Pat Cummins,2017,,,,59.13254901960784,22.577443609022556,15.740273475863113,22.577443609022556,59.13254901960784,,48.2,4,15,11,1,1,1,All-rounder,Yes,1,INTL_T20/FULL_MEMBER,1.0,4.5,4.5,6.8181818181818175,0.0,0,6
ded9240e,Pat Cummins,2018,,,,55.07777777777778,23.844775778694522,16.33544260733483,23.844775778694522,55.07777777777778,,45.7,16,18,14,1,1,1,All-rounder,Yes,1,INTL_T20/FULL_MEMBER,2.0,5.4,2.7,6.75,6.8181818181818175,1,25
ded9240e,Pat Cummins,2020,,,,62.31460446247465,,27.11470588235294,,49.114642494929,,49.1,16,25,15,1,1,1,All-rounder,Yes,1,INTL_T20/FULL_MEMBER,2.0,15.5,7.75,18.235294117647058,6.75,1,8
ded9240e,Pat Cummins,2022,56.919154650552116,52.37179487179487,44.4170910561287,54.40281690140845,,27.839080459770113,53.24207712278052,49.19964321739455,,52.0,37,37,15,1,1,1,All-rounder,Yes,1,IPL/IPL,2.0,7.25,3.62,8.055555555555555,18.235294117647058,1,17
ded9240e,Pat Cummins,2024,61.088002906184734,51.03780578206078,44.49795415312657,53.26971935998183,,26.985573770491804,56.20857680234409,47.987949374805694,,53.7,42,49,15,1,1,1,All-rounder,Yes,1,IPL/IPL,2.0,20.5,10.25,20.5,8.055555555555555,1,7
ded9240e,Pat Cummins,2025,58.1856124092149,48.55541718555418,45.21517819229604,55.625632183908046,34.53541848965223,22.349836668027766,51.395474767050786,46.39213385751368,,49.9,58,55,21,1,1,1,All-rounder,Yes,1,IPL/IPL,2.0,18.0,9.0,15.0,20.5,1,24
df5a6881,Devon Conway,2025,61.04247104247105,,56.198137209353774,,48.392930593558305,,57.93395651685481,,53.739850659707116,57.1,23,48,87,1,1,1,Wicketkeeper,Yes,1,IPL/IPL,2.0,6.25,3.12,5.208333333333334,0.0,0,14
dfc4d8b5,Kane Richardson,2013,,,,,21.565114250828536,20.516746411483254,21.565114250828536,20.516746411483254,,20.5,0,0,9,0,0,1,Bowler,Yes,1,OTHER_T20/FRINGE,0.55,3.82,6.95,7.787971457696228,0.0,0,15
dfc4d8b5,Kane Richardson,2016,,,,,37.051282051282044,26.249999999999996,37.051282051282044,26.249999999999996,,26.2,10,2,31,1,1,1,Bowler,Yes,1,OTHER_T20/FRANCHISE,2.0,2.0,1.0,3.10077519379845,7.787971457696228,1,8
dfc4d8b5,Kane Richardson,2020,,,,44.92,47.82051282051282,46.01209080969838,47.82051282051282,45.32953405363689,,45.3,14,15,62,1,1,1,Bowler,Yes,1,INTL_T20/FULL_MEMBER,1.5,4.0,2.67,4.705882352941177,3.10077519379845,1,7
e087956b,Benjamin Stokes,2017,,,57.99197860962566,24.090084033613444,42.757936507936506,,52.27921282149222,24.090084033613444,,43.8,0,17,17,0,1,1,All-rounder,Yes,1,INTL_T20/FULL_MEMBER,2.0,14.5,7.25,21.96969696969697,0.0,0,6
e087956b,Benjamin Stokes,2018,,,53.21573642213642,19.866666666666667,49.78260869565217,,51.928313524704826,19.866666666666667,,42.3,12,20,20,1,1,1,All-rounder,Yes,1,INTL_T20/FULL_MEMBER,2.0,12.5,6.25,15.625,21.96969696969697,1,25
e087956b,Ben Stokes,2023,64.56944570983156,31.269796380090497,56.40927258193445,27.40467091295117,42.48031724966032,42.4676724137931,59.21603315883159,31.983196418361057,,51.0,43,41,32,1,1,1,All-rounder,Yes,1,IPL/IPL,2.0,16.25,8.12,17.105263157894736,15.625,1,7
e148e6bd,Prashant Veer,2026,,,,,,,,,,,0,0,1,0,0,1,Batter,Unknown,0,,0.3,14.2,47.33,11.36,0.0,0,3
e1d1b294,Herschelle Gibbs,2012,44.38775510204081,,48.43778801843318,,22.466422466422465,,45.578941253920924,,,45.6,33,23,3,1,1,1,Batter,Yes,1,IPL/IPL,0.25,0.25,1.0,0.5668934240362812,0.0,0,9
e2db2409,Murugan Ashwin,2016,,,,,,,,,,,0,0,0,0,0,0,Bowler,Unknown,0,,0.1,4.5,45.0,6.976744186046512,0.0,0,8
e2db2409,Murugan Ashwin,2018,,,,,,25.11698785085882,,25.11698785085882,,25.1,10,0,4,1,0,1,Bowler,Unknown,0,OTHER_T20/FRINGE,0.2,2.2,11.0,2.7500000000000004,6.976744186046512,1,30
e342e5fb,Carlos Brathwaite,2016,,,,,45.53393665158371,20.26470588235294,45.53393665158371,20.26470588235294,,38.0,0,2,18,0,1,1,All-rounder,Yes,1,OTHER_T20/FRANCHISE,0.3,4.2,14.0,6.511627906976744,0.0,0,10
e342e5fb,Carlos Brathwaite,2018,,,60.24029417172274,36.93076923076923,54.16806020066889,22.0984375,57.96320643257754,31.368644831730766,,50.0,11,19,48,1,1,1,All-rounder,Yes,1,INTL_T20/FULL_MEMBER,1.0,2.0,2.0,2.5,6.511627906976744,1,25
e342e5fb,Carlos Brathwaite,2019,,,44.0802906567599,29.797570850202426,47.51518714481677,33.21770244821092,45.36837683978122,31.08012019945561,,41.1,15,31,67,1,1,1,All-rounder,Yes,1,INTL_T20/FULL_MEMBER,0.75,5.0,6.67,6.0606060606060606,2.5,1,3
e4a0deae,Mitchell Santner,2025,,,40.62211130164952,70.20111470795213,40.405166015300765,47.430150983681564,40.54075681926873,61.66200331135067,,55.3,19,106,77,1,1,1,All-rounder,Yes,1,INTL_T20/FULL_MEMBER,2.0,2.0,1.0,1.6666666666666667,0.0,0,24
e62dd25d,Kagiso Rabada,2017,,,,46.53846153846154,17.810442748368963,23.00958699820434,17.810442748368963,46.53846153846154,,46.5,0,15,10,0,1,1,Bowler,Yes,1,INTL_T20/FULL_MEMBER,1.0,5.0,5.0,7.575757575757576,0.0,0,8
e62dd25d,Kagiso Rabada,2018,,,,45.70370370370371,,46.17885795186408,,45.881886546763845,,45.9,6,15,17,1,1,1,Bowler,Yes,1,INTL_T20/FULL_MEMBER,1.5,4.2,2.8,5.250000000000001,7.575757575757576,1,30
e62dd25d,Kagiso Rabada,2022,,65.1294162100888,67.35714285714286,40.93149633763517,35.715909090909086,50.144484683869024,55.49168019480519,56.832196513042426,,56.8,50,39,38,1,1,1,Bowler,Yes,1,IPL/IPL,2.0,9.25,4.62,10.277777777777777,5.250000000000001,1,25
e62dd25d,Kagiso Rabada,2025,63.787105751391465,62.14082035534108,67.82758620689654,36.90522733717743,21.89717925386715,40.513924050632895,58.51373689063909,52.58788765509394,,52.6,80,63,61,1,1,1,Bowler,Yes,1,IPL/IPL,2.0,10.75,5.38,8.958333333333334,10.277777777777777,1,47
e86754b2,Tom Curran,2021,,,35.43476364904936,32.844571975131515,44.034020737179894,41.26395631067961,38.65948505709831,36.00184110096205,,37.9,10,27,94,1,1,1,All-rounder,Yes,1,INTL_T20/FULL_MEMBER,1.5,5.25,3.5,6.176470588235294,0.0,0,11
e94915e6,Sam Curran,2019,,,,,32.946859903381636,30.3728813559322,32.946859903381636,30.3728813559322,,32.2,0,0,46,0,0,1,All-rounder,Yes,1,OTHER_T20/FRANCHISE,2.0,7.2,3.6,8.727272727272728,0.0,0,3
e94915e6,Sam Curran,2020,,,23.388967468876643,21.007695797850065,39.20138888888888,23.27995642701525,39.20138888888888,23.27995642701525,,34.4,9,5,54,1,1,1,All-rounder,Yes,1,OTHER_T20/FRANCHISE,1.0,5.5,5.5,6.470588235294119,8.727272727272728,1,8
e94915e6,Sam Curran,2023,60.73428549051199,44.251918158567776,34.85537087571322,59.14006672732787,42.65254589692546,34.366379310344826,51.55229589777432,46.49112447352436,,50.0,32,34,75,1,1,1,All-rounder,Yes,1,IPL/IPL,2.0,18.5,9.25,19.473684210526315,6.470588235294119,1,7
e94915e6,Sam Curran,2025,59.77789045224715,44.11848425547055,44.2145451492699,31.024356321839083,52.96131383319271,36.04788112272977,54.86456763364467,39.63436180215156,,50.3,59,57,135,1,1,1,All-rounder,Yes,1,IPL/IPL,2.0,2.4,1.2,2.0,19.473684210526315,1,24
e9c7f0d0,Fazalhaq Farooqi,2025,,,,,,45.33958969882147,,45.33958969882147,,45.3,7,0,49,1,0,1,Bowler,Unknown,0,OTHER_T20/FRANCHISE,2.0,2.0,1.0,1.6666666666666667,0.0,0,47
ea0cdc12,Ajantha Mendis,2013,,,,80.21487603305786,,,,80.21487603305786,,80.2,7,25,0,1,1,0,Bowler,Yes,1,INTL_T20/FULL_MEMBER,0.27,5.44,20.15,11.090723751274211,0.0,0,15
edb3d4f8,KC Cariappa,2015,,,,,,,,,,,0,0,0,0,0,0,Bowler,Unknown,0,,0.1,2.4,24.0,3.902439024390244,0.0,0,4
efc04be7,Noor Ahmad,2025,,52.38241881298992,,,39.19513607411696,54.144836775483014,39.19513607411696,52.73490240548853,,52.7,23,0,67,1,0,1,Bowler,Unknown,0,IPL/IPL,2.0,10.0,5.0,8.333333333333332,0.0,0,47
f10e94c4,Akshdeep Nath,2019,,,,,27.259979902466952,17.363636363636363,27.25997990246695,17.363636363636363,,27.3,6,0,17,1,0,1,Batter,Yes,1,OTHER_T20/FRINGE,0.2,3.6,18.0,4.363636363636364,0.0,0,8
f19ccfad,Washington Sundar,2018,,,,,,,,,,,11,1,0,1,1,0,All-rounder,No,1,,1.5,3.2,2.13,4.0,0.0,0,25
f19ccfad,Washington Sundar,2022,28.86148561057817,50.55465367965368,48.390526947213,42.31727205337287,27.792207792207794,32.57800511508952,33.58335427198132,45.798810988398856,,42.1,42,30,24,1,1,1,All-rounder,No,1,IPL/IPL,1.5,8.75,5.83,9.722222222222223,4.0,1,17
f19ccfad,Washington Sundar,2025,29.561478405964518,44.11848425547056,45.8228756911878,67.89948828183311,24.01064773735581,28.35810810810811,32.794203126979035,47.69967883995683,,43.2,60,47,27,1,1,1,All-rounder,No,1,IPL/IPL,2.0,3.2,1.6,2.666666666666667,9.722222222222223,1,24
f1f99156,Tim David,2022,,,72.32907415165481,31.885263157894737,55.23528053157091,,65.91890154412334,31.885263157894737,,65.9,1,14,55,1,1,1,Batter,Yes,1,INTL_T20/FULL_MEMBER,0.4,8.25,20.62,9.166666666666666,0.0,0,25
f1f99156,Tim David,2025,74.55088389870998,,72.01407481407482,32.33684210526316,50.00113394755492,19.521551724137932,70.23421913487793,27.531108212341195,,70.2,38,53,172,1,1,1,Batter,Yes,1,IPL/IPL,2.0,3.0,1.5,2.5,9.166666666666666,1,41
f24c6701,Maheesh Theekshana,2025,,45.212765957446805,27.133640552995395,58.37214765100672,18.62147406733394,52.12878081279146,23.941578120872347,49.540013609138484,,49.5,27,54,65,1,1,1,Bowler,Yes,1,IPL/IPL,2.0,4.4,2.2,3.6666666666666665,0.0,0,47
f5180fe6,Mitchell Johnson,2012,,,28.85170068027211,64.17897897897899,,,28.85170068027211,64.17897897897899,,53.6,0,28,0,0,1,0,All-rounder,Yes,1,INTL_T20/FULL_MEMBER,1.47,1.47,1.0,3.3333333333333335,0.0,0,8
f5180fe6,Mitchell Johnson,2014,,,24.037446808510637,54.689849624060145,,,24.037446808510637,54.689849624060145,,45.5,17,30,0,1,1,0,All-rounder,Yes,1,INTL_T20/FULL_MEMBER,2.0,6.5,3.25,10.833333333333334,3.3333333333333335,1,21
f5180fe6,Mitchell Johnson,2018,24.55838968543991,57.809375,23.803679794079795,57.13157894736842,,27.8312085954462,24.33641618798105,57.610023219814245,,47.6,48,30,12,1,1,1,All-rounder,Yes,1,IPL/IPL,2.0,2.0,1.0,2.5,10.833333333333334,1,25
f62772e5,Pawan Negi,2016,,,,,,,,,,,21,0,0,1,0,0,All-rounder,No,0,,0.3,8.5,28.33,13.178294573643413,0.0,0,10
f708a0bc,Brad Hogg,2012,,,,,,20.468131868131866,,20.468131868131866,,20.5,0,2,3,0,1,1,Bowler,Yes,1,OTHER_T20/FRINGE,0.49,0.88,1.8,1.9954648526077097,0.0,0,6
f89d3b11,Sameer Rizvi,2024,,,,,25.503069821067367,,25.503069821067367,,,25.5,0,0,6,0,0,1,Batter,Unknown,0,OTHER_T20/FRINGE,0.2,8.4,42.0,8.4,0.0,0,8
fcc21ace,Anshul Kamboj,2025,,,,,,22.949788176023816,,22.949788176023816,,22.9,3,0,4,1,0,1,Bowler,Unknown,0,OTHER_T20/FRINGE,0.3,3.4,11.33,2.833333333333333,0.0,0,47
fd835ab3,David Hussey,2011,55.14679556032939,,63.40401785714286,66.1037037037037,,,57.57539035350982,66.1037037037037,,63.5,23,26,0,1,1,0,All-rounder,Yes,1,INTL_T20/FULL_MEMBER,0.9,6.3,7.0,15.555555555555555,0.0,0,18
fe11caa6,Wriddhiman Saha,2014,56.277056277056275,,,,,,56.27705627705627,,65.51724137931035,58.1,47,0,0,1,0,0,Wicketkeeper,Unknown,0,IPL/IPL,1.0,2.2,2.2,3.6666666666666665,0.0,0,9
fe11caa6,Wriddhiman Saha,2018,48.42347804996361,,,,18.8105796642382,,48.42347804996361,,56.79573804573805,50.1,104,0,6,1,0,1,Wicketkeeper,Unknown,0,IPL/IPL,1.0,5.0,5.0,6.25,3.6666666666666665,1,14
fe93fd9d,Ravindra Jadeja,2011,42.43610957896672,,22.061688311688307,17.88157894736842,,,42.43610957896672,17.88157894736842,,35.1,28,8,0,1,1,0,All-rounder,No,1,IPL/IPL,0.45,4.28,9.51,10.567901234567902,0.0,0,18
fe93fd9d,Ravindra Jadeja,2012,50.12957563977973,47.78048780487805,21.924148606811144,21.165882352941175,,,50.12957563977973,47.78048780487805,,49.4,42,9,0,1,1,0,All-rounder,No,1,IPL/IPL,0.49,9.8,20.0,22.222222222222225,10.567901234567902,1,8
fe93fd9d,Ravindra Jadeja,2014,43.922696351267774,62.14285714285714,,33.14090909090909,,,43.922696351267774,53.612872421695954,,50.7,78,14,0,1,1,0,All-rounder,No,1,IPL/IPL,2.0,5.5,2.75,9.166666666666666,22.222222222222225,1,21
fe93fd9d,Ravindra Jadeja,2016,44.723154567949635,57.934293429342944,25.24205249967023,34.740165128703254,,,38.99341866551452,51.112490987978326,,47.5,111,21,0,1,1,0,All-rounder,No,1,IPL/IPL,2.0,9.5,4.75,14.728682170542637,9.166666666666666,1,10
fe93fd9d,Ravindra Jadeja,2018,54.254027607473674,47.00157480314961,25.192449592449595,38.365957446808515,,,45.70650466187836,44.461687345402225,,45.3,138,39,0,1,1,0,All-rounder,No,1,IPL/IPL,2.0,7.0,3.5,8.75,14.728682170542637,1,25
fe93fd9d,Ravindra Jadeja,2022,65.38812708655419,59.19354838709677,48.981260382059794,54.64713615023474,,,60.562578055820545,57.85636831743146,,59.8,200,54,0,1,1,0,All-rounder,No,1,IPL/IPL,2.0,16.0,8.0,17.77777777777778,8.75,1,17
fe93fd9d,Ravindra Jadeja,2025,62.60118763224353,61.64004137455466,52.467823020928115,37.66731725866391,,,59.62078627597429,54.58924016399856,,58.1,240,72,0,1,1,0,All-rounder,No,1,IPL/IPL,2.0,18.0,9.0,15.0,17.77777777777778,1,24
ffe699c0,Chris Jordan,2020,,,52.44195712649321,48.751458885941645,18.58270202020202,41.42352941176471,39.74473646163401,46.00348533312529,,44.1,13,42,94,1,1,1,All-rounder,Yes,1,INTL_T20/FULL_MEMBER,0.75,3.0,4.0,3.5294117647058822,0.0,0,8
fffa744b,Naman Dhir,2025,,,,,21.108183689180063,,21.108183689180063,,,21.1,8,0,5,1,0,1,Batter,Unknown,0,OTHER_T20/FRINGE,0.3,5.25,17.5,4.375,0.0,0,41
